Interval=	0.001 s
ExcelDateTime=	4.3161461872426349e+004	3/2/2018 11:05:05.777636
TimeFormat=	StartOfBlock
DateFormat=	
ChannelTitle=	Channel 1	Channel 2	Channel 3
Range=	179.80 V/s	0.1625 V	10.000 V
0	-7.66	NaN	0.031
0.001	-7.66	NaN	0.023
0.002	-7.19	NaN	0.015
0.003	-6.41	NaN	0.009
0.004	-4.69	NaN	0.003
0.005	-2.19	NaN	-0.001
0.006	1.56	NaN	-0.002
0.007	3.44	NaN	0.003
0.008	4.22	NaN	0.005
0.009	6.25	NaN	0.011
0.01	5.00	NaN	0.018
0.011	3.59	NaN	0.021
0.012	2.03	NaN	0.025
0.013	-0.63	0.0438	0.025
0.014	-3.44	0.0438	0.023
0.015	-6.25	0.0438	0.018
0.016	-7.50	0.0438	0.011
0.017	-7.97	0.0438	0.003
0.018	-6.41	0.0438	-0.005
0.019	-5.94	0.0438	-0.010
0.02	-4.53	0.0438	-0.017
0.021	-0.94	0.0438	-0.019
0.022	0.78	0.0438	-0.019
0.023	4.06	0.0438	-0.017
0.024	6.09	0.0438	-0.011
0.025	5.78	0.0438	-0.005
0.026	5.63	0.0438	0.001
0.027	5.00	0.0438	0.006
0.028	3.28	0.0438	0.011
0.029	1.09	0.0438	0.013
0.03	-0.47	0.0420	0.013
0.031	-3.75	0.0384	0.012
0.032	-6.25	0.0384	0.006
0.033	-6.09	0.0384	-0.001
0.034	-6.41	0.0384	-0.007
0.035	-6.41	0.0384	-0.013
0.036	-4.84	0.0384	-0.019
0.037	-2.97	0.0384	-0.023
0.038	-0.78	0.0384	-0.025
0.039	3.44	0.0384	-0.025
0.04	5.78	0.0384	-0.018
0.041	5.94	0.0384	-0.013
0.042	7.34	0.0384	-0.007
0.043	6.41	0.0384	0.002
0.044	4.53	0.0384	0.006
0.045	3.12	0.0384	0.011
0.046	0.62	0.0383	0.013
0.047	-2.19	0.0381	0.012
0.048	-4.84	0.0381	0.008
0.049	-5.94	0.0381	0.002
0.05	-6.72	0.0381	-0.004
0.051	-6.72	0.0381	-0.011
0.052	-5.47	0.0381	-0.017
0.053	-4.22	0.0381	-0.022
0.054	-1.09	0.0381	-0.026
0.055	1.72	0.0381	-0.024
0.056	4.06	0.0381	-0.022
0.057	6.72	0.0381	-0.016
0.058	6.56	0.0381	-0.009
0.059	6.09	0.0381	-0.003
0.06	5.63	0.0381	0.003
0.061	3.75	0.0381	0.008
0.062	1.88	0.0381	0.011
0.063	0.16	0.0378	0.012
0.064	-2.97	0.0372	0.011
0.065	-5.94	0.0372	0.006
0.066	-5.47	0.0372	-0.001
0.067	-6.09	0.0372	-0.005
0.068	-6.41	0.0372	-0.013
0.069	-4.84	0.0372	-0.018
0.07	-3.12	0.0372	-0.022
0.071	-0.78	0.0372	-0.024
0.072	1.41	0.0372	-0.024
0.073	4.22	0.0372	-0.021
0.074	5.63	0.0372	-0.016
0.075	6.56	0.0372	-0.010
0.076	7.34	0.0372	-0.003
0.077	5.16	0.0372	0.005
0.078	4.22	0.0372	0.008
0.079	3.28	0.0372	0.013
0.08	-0.47	0.0373	0.014
0.081	-4.22	0.0375	0.012
0.082	-6.41	0.0375	0.006
0.083	-6.41	0.0375	-0.001
0.084	-6.72	0.0375	-0.007
0.085	-5.31	0.0375	-0.014
0.086	-4.53	0.0375	-0.018
0.087	-2.81	0.0375	-0.023
0.088	0.63	0.0375	-0.023
0.089	2.34	0.0375	-0.022
0.09	4.69	0.0375	-0.018
0.091	5.94	0.0375	-0.013
0.092	6.09	0.0375	-0.007
0.093	6.25	0.0375	-0.000
0.094	6.09	0.0375	0.006
0.095	4.38	0.0375	0.012
0.096	1.41	0.0368	0.015
0.097	-1.88	0.0353	0.015
0.098	-4.69	0.0353	0.011
0.099	-5.63	0.0353	0.005
0.1	-6.09	0.0353	-0.000
0.101	-6.25	0.0353	-0.007
0.102	-5.31	0.0353	-0.013
0.103	-3.28	0.0353	-0.018
0.104	-1.56	0.0353	-0.019
0.105	-0.31	0.0353	-0.021
0.106	3.13	0.0353	-0.020
0.107	5.94	0.0353	-0.014
0.108	6.25	0.0353	-0.008
0.109	6.25	0.0353	-0.002
0.11	4.84	0.0353	0.004
0.111	3.12	0.0353	0.008
0.112	2.50	0.0353	0.011
0.113	0.94	0.0365	0.013
0.114	-2.66	0.0387	0.013
0.115	-5.63	0.0387	0.007
0.116	-5.78	0.0387	0.001
0.117	-5.94	0.0387	-0.004
0.118	-5.78	0.0387	-0.011
0.119	-4.84	0.0387	-0.016
0.12	-3.44	0.0387	-0.020
0.121	-1.72	0.0387	-0.022
0.122	1.56	0.0387	-0.024
0.123	4.69	0.0387	-0.019
0.124	5.63	0.0387	-0.014
0.125	6.87	0.0387	-0.008
0.126	6.09	0.0387	-0.001
0.127	5.63	0.0387	0.004
0.128	5.47	0.0387	0.011
0.129	2.50	0.0387	0.015
0.13	-0.78	0.0384	0.016
0.131	-4.06	0.0378	0.013
0.132	-5.78	0.0378	0.007
0.133	-6.09	0.0378	0.002
0.134	-6.09	0.0378	-0.005
0.135	-5.78	0.0378	-0.010
0.136	-5.16	0.0378	-0.016
0.137	-2.97	0.0378	-0.021
0.138	-0.78	0.0378	-0.022
0.139	2.97	0.0378	-0.022
0.14	5.94	0.0378	-0.016
0.141	5.31	0.0378	-0.010
0.142	6.41	0.0378	-0.006
0.143	6.87	0.0378	0.003
0.144	5.31	0.0378	0.008
0.145	3.59	0.0378	0.013
0.146	0.94	0.0381	0.015
0.147	-2.50	0.0387	0.015
0.148	-5.47	0.0387	0.010
0.149	-4.53	0.0387	0.004
0.15	-3.12	0.0387	0.001
0.151	-2.66	0.0387	-0.002
0.152	-1.09	0.0387	-0.004
0.153	-0.16	0.0387	-0.004
0.154	0.31	0.0387	-0.004
0.155	1.25	0.0387	-0.004
0.156	2.34	0.0387	-0.002
0.157	2.19	0.0387	0.001
0.158	3.91	0.0387	0.003
0.159	6.72	0.0387	0.009
0.16	8.12	0.0387	0.016
0.161	9.22	0.0387	0.025
0.162	5.94	0.0387	0.034
0.163	-0.63	0.0432	0.037
0.164	-3.44	0.0522	0.033
0.165	-3.91	0.0522	0.030
0.166	-6.41	0.0522	0.025
0.167	-8.75	0.0522	0.017
0.168	-8.59	0.0522	0.008
0.169	-8.12	0.0522	0.000
0.17	-6.56	0.0522	-0.008
0.171	-3.28	0.0522	-0.013
0.172	-1.09	0.0522	-0.015
0.173	2.03	0.0522	-0.015
0.174	3.91	0.0522	-0.011
0.175	4.84	0.0522	-0.007
0.176	5.78	0.0522	-0.001
0.177	5.16	0.0522	0.004
0.178	3.91	0.0522	0.009
0.179	1.41	0.0470	0.012
0.18	-0.78	0.0366	0.012
0.181	-3.91	0.0366	0.010
0.182	-5.78	0.0366	0.004
0.183	-5.47	0.0366	-0.001
0.184	-6.41	0.0366	-0.007
0.185	-5.78	0.0366	-0.014
0.186	-4.38	0.0366	-0.018
0.187	-2.97	0.0366	-0.023
0.188	0.16	0.0366	-0.024
0.189	2.97	0.0366	-0.022
0.19	4.53	0.0366	-0.018
0.191	6.09	0.0366	-0.013
0.192	7.66	0.0366	-0.006
0.193	6.56	0.0366	0.002
0.194	5.16	0.0366	0.007
0.195	4.38	0.0366	0.012
0.196	1.25	0.0366	0.016
0.197	-1.72	0.0366	0.015
0.198	-4.22	0.0366	0.012
0.199	-5.94	0.0366	0.006
0.2	-6.25	0.0366	0.000
0.201	-6.25	0.0366	-0.006
0.202	-5.31	0.0366	-0.012
0.203	-4.38	0.0366	-0.017
0.204	-2.03	0.0366	-0.021
0.205	0.00	0.0366	-0.021
0.206	2.97	0.0366	-0.021
0.207	6.25	0.0366	-0.015
0.208	6.41	0.0366	-0.008
0.209	5.94	0.0366	-0.002
0.21	5.31	0.0366	0.003
0.211	4.84	0.0366	0.008
0.212	2.81	0.0366	0.013
0.213	0.63	0.0366	0.014
0.214	-2.19	0.0369	0.014
0.215	-5.00	0.0375	0.010
0.216	-6.09	0.0375	0.004
0.217	-6.56	0.0375	-0.003
0.218	-5.94	0.0375	-0.009
0.219	-5.31	0.0375	-0.014
0.22	-4.22	0.0375	-0.019
0.221	-1.56	0.0375	-0.023
0.222	1.41	0.0375	-0.022
0.223	3.28	0.0375	-0.020
0.224	4.69	0.0375	-0.016
0.225	6.41	0.0375	-0.011
0.226	7.19	0.0375	-0.003
0.227	6.09	0.0375	0.004
0.228	5.47	0.0375	0.009
0.229	3.28	0.0375	0.015
0.23	-0.31	0.0377	0.016
0.231	-3.59	0.0381	0.014
0.232	-5.47	0.0381	0.008
0.233	-6.09	0.0381	0.003
0.234	-6.56	0.0381	-0.004
0.235	-5.47	0.0381	-0.010
0.236	-5.47	0.0381	-0.015
0.237	-3.91	0.0381	-0.021
0.238	0.00	0.0381	-0.022
0.239	2.19	0.0381	-0.021
0.24	5.00	0.0381	-0.018
0.241	6.25	0.0381	-0.011
0.242	5.78	0.0381	-0.006
0.243	6.09	0.0381	0.001
0.244	5.47	0.0381	0.007
0.245	3.12	0.0381	0.012
0.246	0.94	0.0381	0.013
0.247	-2.03	0.0551	0.013
0.248	-5.16	0.0891	0.009
0.249	-6.41	0.0891	0.003
0.25	-7.81	0.0891	-0.004
0.251	-7.19	0.0891	-0.013
0.252	-5.00	0.0891	-0.018
0.253	-1.72	0.0891	-0.022
0.254	2.66	0.0891	-0.022
0.255	7.50	0.0891	-0.017
0.256	14.22	0.0891	-0.007
0.257	18.59	0.0891	0.011
0.258	20.00	0.0891	0.030
0.259	18.13	0.0891	0.051
0.26	10.94	0.0891	0.067
0.261	1.09	0.0936	0.073
0.262	-7.81	0.1028	0.069
0.263	-12.19	0.1028	0.058
0.264	-13.75	0.1028	0.044
0.265	-13.75	0.1028	0.030
0.266	-12.81	0.1028	0.017
0.267	-12.66	0.1028	0.004
0.268	-10.62	0.1028	-0.008
0.269	-7.97	0.1028	-0.017
0.27	-5.78	0.1028	-0.024
0.271	-2.66	0.1028	-0.028
0.272	-0.16	0.1028	-0.030
0.273	3.59	0.1028	-0.029
0.274	6.25	0.1028	-0.022
0.275	6.72	0.1028	-0.016
0.276	5.94	0.1028	-0.009
0.277	5.63	0.1028	-0.004
0.278	5.16	0.1028	0.002
0.279	2.50	0.1028	0.006
0.28	0.31	0.0817	0.007
0.281	-2.66	0.0394	0.007
0.282	-5.31	0.0394	0.002
0.283	-5.00	0.0394	-0.004
0.284	-5.47	0.0394	-0.008
0.285	-5.94	0.0394	-0.015
0.286	-3.75	0.0394	-0.020
0.287	-2.50	0.0394	-0.022
0.288	-1.25	0.0394	-0.025
0.289	2.03	0.0394	-0.025
0.29	4.69	0.0394	-0.021
0.291	5.63	0.0394	-0.016
0.292	7.19	0.0394	-0.010
0.293	7.19	0.0394	-0.001
0.294	5.63	0.0394	0.005
0.295	4.84	0.0394	0.010
0.296	2.81	0.0394	0.014
0.297	-1.09	0.0385	0.016
0.298	-3.91	0.0369	0.012
0.299	-5.31	0.0369	0.008
0.3	-6.87	0.0369	0.002
0.301	-6.72	0.0369	-0.006
0.302	-5.31	0.0369	-0.012
0.303	-4.69	0.0369	-0.017
0.304	-2.34	0.0369	-0.021
0.305	0.63	0.0369	-0.021
0.306	3.13	0.0369	-0.020
0.307	5.31	0.0369	-0.015
0.308	6.25	0.0369	-0.009
0.309	6.25	0.0369	-0.003
0.31	4.69	0.0369	0.003
0.311	4.84	0.0369	0.007
0.312	3.12	0.0369	0.013
0.313	-0.31	0.0373	0.013
0.314	-2.50	0.0381	0.012
0.315	-5.16	0.0381	0.008
0.316	-5.94	0.0381	0.002
0.317	-6.09	0.0381	-0.004
0.318	-5.63	0.0381	-0.010
0.319	-4.84	0.0381	-0.015
0.32	-4.22	0.0381	-0.020
0.321	-2.50	0.0381	-0.023
0.322	1.41	0.0381	-0.025
0.323	5.47	0.0381	-0.021
0.324	5.63	0.0381	-0.014
0.325	5.62	0.0381	-0.009
0.326	6.41	0.0381	-0.003
0.327	5.47	0.0381	0.003
0.328	4.22	0.0381	0.008
0.329	2.66	0.0381	0.012
0.33	0.16	0.0366	0.013
0.331	-2.81	0.0334	0.012
0.332	-4.69	0.0334	0.008
0.333	-5.47	0.0334	0.003
0.334	-6.56	0.0334	-0.003
0.335	-5.94	0.0334	-0.010
0.336	-4.38	0.0334	-0.015
0.337	-2.19	0.0334	-0.019
0.338	-0.47	0.0334	-0.019
0.339	1.56	0.0334	-0.020
0.34	4.06	0.0334	-0.016
0.341	4.53	0.0334	-0.012
0.342	6.09	0.0334	-0.007
0.343	6.87	0.0334	0.000
0.344	5.31	0.0334	0.007
0.345	3.91	0.0334	0.011
0.346	1.25	0.0350	0.014
0.347	-1.41	0.0381	0.013
0.348	-3.44	0.0381	0.012
0.349	-5.78	0.0381	0.007
0.35	-6.87	0.0381	0.000
0.351	-5.94	0.0381	-0.007
0.352	-5.16	0.0381	-0.012
0.353	-4.06	0.0381	-0.018
0.354	-2.34	0.0381	-0.020
0.355	-0.94	0.0381	-0.022
0.356	2.97	0.0381	-0.022
0.357	5.62	0.0381	-0.016
0.358	6.41	0.0381	-0.011
0.359	6.87	0.0381	-0.003
0.36	6.41	0.0381	0.003
0.361	5.00	0.0381	0.009
0.362	3.28	0.0381	0.013
0.363	1.72	0.0381	0.016
0.364	-2.03	0.0375	0.017
0.365	-5.16	0.0363	0.012
0.366	-5.94	0.0363	0.006
0.367	-6.72	0.0363	0.000
0.368	-6.09	0.0363	-0.007
0.369	-4.69	0.0363	-0.012
0.37	-2.97	0.0363	-0.017
0.371	-1.56	0.0363	-0.018
0.372	0.62	0.0363	-0.020
0.373	4.06	0.0363	-0.017
0.374	5.94	0.0363	-0.012
0.375	6.56	0.0363	-0.005
0.376	5.63	0.0363	0.002
0.377	4.84	0.0363	0.006
0.378	3.91	0.0363	0.011
0.379	2.34	0.0363	0.014
0.38	0.16	0.0360	0.016
0.381	-3.12	0.0356	0.014
0.382	-5.47	0.0356	0.010
0.383	-6.56	0.0356	0.003
0.384	-6.25	0.0356	-0.003
0.385	-5.47	0.0356	-0.009
0.386	-4.84	0.0356	-0.014
0.387	-2.50	0.0356	-0.019
0.388	-0.47	0.0356	-0.019
0.389	1.56	0.0356	-0.020
0.39	5.00	0.0356	-0.016
0.391	6.41	0.0356	-0.010
0.392	6.56	0.0356	-0.003
0.393	6.41	0.0356	0.003
0.394	5.31	0.0356	0.009
0.395	3.12	0.0356	0.014
0.396	1.09	0.0356	0.016
0.397	-0.62	0.0356	0.016
0.398	-3.91	0.0356	0.014
0.399	-5.16	0.0356	0.008
0.4	-5.47	0.0356	0.004
0.401	-6.56	0.0356	-0.003
0.402	-5.78	0.0356	-0.009
0.403	-4.53	0.0356	-0.014
0.404	-2.66	0.0356	-0.018
0.405	-0.31	0.0356	-0.019
0.406	2.50	0.0356	-0.019
0.407	4.53	0.0356	-0.014
0.408	5.31	0.0356	-0.010
0.409	6.72	0.0356	-0.004
0.41	5.94	0.0356	0.004
0.411	5.16	0.0356	0.008
0.412	3.91	0.0356	0.014
0.413	0.78	0.0371	0.016
0.414	-1.56	0.0400	0.016
0.415	-4.06	0.0400	0.013
0.416	-5.63	0.0400	0.007
0.417	-6.41	0.0400	0.002
0.418	-6.09	0.0400	-0.005
0.419	-5.94	0.0400	-0.011
0.42	-4.84	0.0400	-0.017
0.421	-2.66	0.0400	-0.020
0.422	-1.88	0.0400	-0.022
0.423	-0.62	0.0400	-0.024
0.424	1.56	0.0400	-0.024
0.425	4.38	0.0400	-0.021
0.426	7.34	0.0400	-0.015
0.427	9.53	0.0400	-0.006
0.428	10.00	0.0400	0.004
0.429	4.38	0.0477	0.014
0.43	-7.19	0.0631	0.013
0.431	-16.56	0.0631	-0.001
0.432	-13.75	0.0631	-0.020
0.433	-2.34	0.0631	-0.028
0.434	6.87	0.0631	-0.025
0.435	12.66	0.0631	-0.014
0.436	12.81	0.0631	0.000
0.437	10.47	0.0631	0.011
0.438	6.87	0.0631	0.021
0.439	2.97	0.0631	0.025
0.44	2.34	0.0631	0.027
0.441	1.88	0.0631	0.030
0.442	2.03	0.0631	0.031
0.443	1.56	0.0631	0.034
0.444	0.62	0.0631	0.034
0.445	0.62	0.0631	0.035
0.446	-1.25	0.0571	0.035
0.447	-3.44	0.0450	0.033
0.448	-5.31	0.0450	0.028
0.449	-6.88	0.0450	0.022
0.45	-7.66	0.0450	0.015
0.451	-7.19	0.0450	0.007
0.452	-5.63	0.0450	0.000
0.453	-5.00	0.0450	-0.005
0.454	-2.19	0.0450	-0.010
0.455	0.16	0.0450	-0.009
0.456	1.41	0.0450	-0.009
0.457	4.06	0.0450	-0.006
0.458	6.25	0.0450	-0.001
0.459	6.72	0.0450	0.006
0.46	5.31	0.0450	0.012
0.461	5.00	0.0450	0.017
0.462	3.12	0.0450	0.022
0.463	0.00	0.0432	0.023
0.464	-2.19	0.0397	0.022
0.465	-5.16	0.0397	0.019
0.466	-7.03	0.0397	0.012
0.467	-6.72	0.0397	0.005
0.468	-6.72	0.0397	-0.002
0.469	-5.94	0.0397	-0.009
0.47	-2.81	0.0397	-0.013
0.471	-1.56	0.0397	-0.014
0.472	-0.47	0.0397	-0.017
0.473	3.28	0.0397	-0.015
0.474	4.84	0.0397	-0.010
0.475	5.47	0.0397	-0.006
0.476	6.41	0.0397	0.001
0.477	5.63	0.0397	0.007
0.478	4.22	0.0397	0.012
0.479	1.88	0.0397	0.016
0.48	-0.62	0.0385	0.016
0.481	-3.59	0.0363	0.014
0.482	-5.31	0.0363	0.009
0.483	-6.72	0.0363	0.004
0.484	-7.03	0.0363	-0.005
0.485	-4.69	0.0363	-0.010
0.486	-4.22	0.0363	-0.014
0.487	-3.12	0.0363	-0.019
0.488	-0.31	0.0363	-0.020
0.489	1.88	0.0363	-0.019
0.49	4.22	0.0363	-0.017
0.491	6.09	0.0363	-0.011
0.492	6.56	0.0363	-0.004
0.493	5.63	0.0363	0.002
0.494	4.22	0.0363	0.007
0.495	2.97	0.0363	0.011
0.496	-0.31	0.0420	0.013
0.497	-3.91	0.0534	0.010
0.498	-5.94	0.0534	0.005
0.499	-7.03	0.0534	-0.002
0.5	-7.81	0.0534	-0.009
0.501	-8.91	0.0534	-0.018
0.502	-7.03	0.0534	-0.027
0.503	-3.44	0.0534	-0.032
0.504	0.00	0.0534	-0.034
0.505	3.91	0.0534	-0.032
0.506	7.50	0.0534	-0.026
0.507	9.22	0.0534	-0.017
0.508	8.91	0.0534	-0.007
0.509	8.91	0.0534	0.001
0.51	7.50	0.0534	0.010
0.511	4.69	0.0534	0.016
0.512	2.34	0.0534	0.020
0.513	0.63	0.0534	0.021
0.514	-2.34	0.0534	0.021
0.515	-5.47	0.0534	0.016
0.516	-6.72	0.0534	0.010
0.517	-8.12	0.0534	0.003
0.518	-8.59	0.0534	-0.006
0.519	-8.28	0.0534	-0.014
0.52	-7.50	0.0534	-0.023
0.521	-3.75	0.0534	-0.029
0.522	0.78	0.0534	-0.030
0.523	4.84	0.0534	-0.028
0.524	8.12	0.0534	-0.021
0.525	9.84	0.0534	-0.012
0.526	9.69	0.0534	-0.001
0.527	9.22	0.0534	0.008
0.528	7.66	0.0534	0.018
0.529	3.75	0.0534	0.023
0.53	0.47	0.0555	0.025
0.531	-4.06	0.0597	0.024
0.532	-7.66	0.0597	0.017
0.533	-9.53	0.0597	0.009
0.534	-10.94	0.0597	-0.002
0.535	-10.47	0.0597	-0.013
0.536	-8.75	0.0597	-0.023
0.537	-5.31	0.0597	-0.031
0.538	-2.03	0.0597	-0.034
0.539	2.19	0.0597	-0.035
0.54	6.87	0.0597	-0.029
0.541	8.91	0.0597	-0.021
0.542	10.62	0.0597	-0.012
0.543	11.25	0.0597	0.000
0.544	9.53	0.0597	0.011
0.545	6.41	0.0597	0.019
0.546	3.12	0.0597	0.024
0.547	-1.56	0.0595	0.026
0.548	-6.25	0.0591	0.021
0.549	-7.81	0.0591	0.013
0.55	-10.31	0.0591	0.005
0.551	-10.94	0.0591	-0.007
0.552	-8.12	0.0591	-0.017
0.553	-6.72	0.0591	-0.024
0.554	-4.84	0.0591	-0.030
0.555	-0.78	0.0591	-0.033
0.556	4.69	0.0591	-0.032
0.557	8.12	0.0591	-0.024
0.558	9.84	0.0591	-0.016
0.559	11.41	0.0591	-0.004
0.56	10.00	0.0591	0.007
0.561	8.12	0.0591	0.016
0.562	5.47	0.0591	0.023
0.563	1.09	0.0594	0.027
0.564	-2.81	0.0600	0.026
0.565	-7.03	0.0600	0.021
0.566	-9.84	0.0600	0.012
0.567	-10.78	0.0600	0.001
0.568	-10.00	0.0600	-0.010
0.569	-8.91	0.0600	-0.019
0.57	-6.72	0.0600	-0.028
0.571	-2.81	0.0600	-0.032
0.572	0.78	0.0600	-0.033
0.573	5.78	0.0600	-0.031
0.574	9.22	0.0600	-0.022
0.575	10.31	0.0600	-0.012
0.576	10.47	0.0600	-0.001
0.577	10.00	0.0600	0.009
0.578	8.28	0.0600	0.019
0.579	4.69	0.0600	0.025
0.58	0.63	0.0578	0.028
0.581	-4.53	0.0534	0.027
0.582	-8.12	0.0534	0.019
0.583	-9.06	0.0534	0.010
0.584	-10.16	0.0534	0.001
0.585	-8.91	0.0534	-0.010
0.586	-5.78	0.0534	-0.017
0.587	-4.06	0.0534	-0.022
0.588	-1.88	0.0534	-0.025
0.589	2.81	0.0534	-0.025
0.59	6.09	0.0534	-0.019
0.591	6.09	0.0534	-0.013
0.592	6.41	0.0534	-0.007
0.593	5.78	0.0534	-0.000
0.594	5.16	0.0534	0.004
0.595	4.53	0.0534	0.010
0.596	1.72	0.0472	0.013
0.597	-1.09	0.0347	0.013
0.598	-3.44	0.0347	0.011
0.599	-5.63	0.0347	0.007
0.6	-6.72	0.0347	0.000
0.601	-6.09	0.0347	-0.007
0.602	-4.69	0.0347	-0.012
0.603	-3.91	0.0347	-0.016
0.604	-1.72	0.0347	-0.020
0.605	0.31	0.0347	-0.020
0.606	2.97	0.0347	-0.019
0.607	5.94	0.0347	-0.014
0.608	6.41	0.0347	-0.007
0.609	6.25	0.0347	-0.001
0.61	5.31	0.0347	0.005
0.611	4.84	0.0347	0.010
0.612	3.44	0.0347	0.015
0.613	0.62	0.0455	0.017
0.614	-2.97	0.0672	0.016
0.615	-5.47	0.0672	0.011
0.616	-5.47	0.0672	0.005
0.617	-6.72	0.0672	-0.000
0.618	-6.72	0.0672	-0.008
0.619	-5.47	0.0672	-0.014
0.62	-4.22	0.0672	-0.019
0.621	-2.34	0.0672	-0.022
0.622	0.78	0.0672	-0.024
0.623	4.22	0.0672	-0.021
0.624	4.69	0.0672	-0.016
0.625	7.97	0.0672	-0.011
0.626	11.72	0.0672	0.000
0.627	12.66	0.0672	0.012
0.628	12.66	0.0672	0.026
0.629	8.75	0.0672	0.037
0.63	2.97	0.0672	0.043
0.631	-2.66	0.0597	0.043
0.632	-5.47	0.0447	0.038
0.633	-5.47	0.0447	0.033
0.634	-4.53	0.0447	0.027
0.635	-2.19	0.0447	0.023
0.636	-2.97	0.0447	0.022
0.637	-6.88	0.0447	0.018
0.638	-7.97	0.0447	0.009
0.639	-5.00	0.0447	0.002
0.64	0.31	0.0447	-0.001
0.641	3.12	0.0447	0.002
0.642	3.13	0.0447	0.005
0.643	3.59	0.0447	0.008
0.644	3.28	0.0447	0.012
0.645	0.63	0.0446	0.015
0.646	-2.03	0.0444	0.013
0.647	-2.81	0.0444	0.011
0.648	-5.16	0.0444	0.008
0.649	-6.87	0.0444	0.001
0.65	-7.03	0.0444	-0.006
0.651	-7.03	0.0444	-0.013
0.652	-6.25	0.0444	-0.020
0.653	-4.06	0.0444	-0.026
0.654	-1.72	0.0444	-0.028
0.655	-0.31	0.0444	-0.029
0.656	3.28	0.0444	-0.029
0.657	5.63	0.0444	-0.023
0.658	5.94	0.0444	-0.018
0.659	7.03	0.0444	-0.011
0.66	6.72	0.0444	-0.003
0.661	5.63	0.0444	0.003
0.662	4.06	0.0444	0.008
0.663	0.62	0.0420	0.011
0.664	-2.19	0.0372	0.009
0.665	-4.22	0.0372	0.006
0.666	-5.63	0.0372	0.001
0.667	-5.94	0.0372	-0.005
0.668	-6.09	0.0372	-0.011
0.669	-5.47	0.0372	-0.017
0.67	-3.91	0.0372	-0.022
0.671	-0.78	0.0372	-0.025
0.672	1.25	0.0372	-0.024
0.673	3.44	0.0372	-0.022
0.674	6.25	0.0372	-0.017
0.675	6.88	0.0372	-0.010
0.676	5.94	0.0372	-0.003
0.677	5.16	0.0372	0.002
0.678	5.16	0.0372	0.007
0.679	2.97	0.0372	0.012
0.68	-0.16	0.0372	0.013
0.681	-3.44	0.0372	0.012
0.682	-5.94	0.0372	0.006
0.683	-6.09	0.0372	0.000
0.684	-6.56	0.0372	-0.006
0.685	-6.09	0.0372	-0.013
0.686	-4.84	0.0372	-0.018
0.687	-2.97	0.0372	-0.023
0.688	-0.47	0.0372	-0.024
0.689	2.50	0.0372	-0.024
0.69	5.31	0.0372	-0.019
0.691	5.78	0.0372	-0.013
0.692	5.94	0.0372	-0.007
0.693	6.41	0.0372	-0.001
0.694	5.16	0.0372	0.005
0.695	3.44	0.0372	0.009
0.696	1.72	0.0372	0.012
0.697	-1.41	0.0373	0.013
0.698	-4.69	0.0375	0.009
0.699	-6.25	0.0375	0.003
0.7	-6.87	0.0375	-0.003
0.701	-6.41	0.0375	-0.011
0.702	-4.53	0.0375	-0.016
0.703	-4.06	0.0375	-0.020
0.704	-2.66	0.0375	-0.024
0.705	0.00	0.0375	-0.025
0.706	2.34	0.0375	-0.024
0.707	4.69	0.0375	-0.020
0.708	6.87	0.0375	-0.015
0.709	6.72	0.0375	-0.007
0.71	5.47	0.0375	-0.001
0.711	5.78	0.0375	0.004
0.712	3.28	0.0375	0.010
0.713	-0.16	0.0371	0.011
0.714	-2.03	0.0363	0.010
0.715	-5.16	0.0363	0.007
0.716	-6.41	0.0363	-0.000
0.717	-6.25	0.0363	-0.006
0.718	-5.94	0.0363	-0.013
0.719	-4.84	0.0363	-0.018
0.72	-3.12	0.0363	-0.022
0.721	-1.41	0.0363	-0.024
0.722	0.62	0.0363	-0.025
0.723	4.84	0.0363	-0.023
0.724	5.47	0.0363	-0.016
0.725	5.63	0.0363	-0.012
0.726	6.25	0.0363	-0.004
0.727	4.84	0.0363	0.001
0.728	4.06	0.0363	0.005
0.729	2.03	0.0363	0.009
0.73	-0.31	0.0381	0.009
0.731	-3.44	0.0419	0.008
0.732	-5.78	0.0419	0.003
0.733	-5.78	0.0419	-0.003
0.734	-6.25	0.0419	-0.009
0.735	-5.31	0.0419	-0.016
0.736	-6.09	0.0419	-0.020
0.737	-6.41	0.0419	-0.028
0.738	-2.19	0.0419	-0.033
0.739	2.19	0.0419	-0.033
0.74	4.84	0.0419	-0.028
0.741	5.78	0.0419	-0.023
0.742	6.72	0.0419	-0.017
0.743	7.19	0.0419	-0.009
0.744	7.19	0.0419	-0.002
0.745	6.09	0.0419	0.005
0.746	2.03	0.0400	0.010
0.747	-1.72	0.0363	0.009
0.748	-4.22	0.0363	0.007
0.749	-5.47	0.0363	0.001
0.75	-5.94	0.0363	-0.004
0.751	-6.72	0.0363	-0.011
0.752	-5.94	0.0363	-0.018
0.753	-3.91	0.0363	-0.023
0.754	-1.56	0.0363	-0.026
0.755	-0.16	0.0363	-0.026
0.756	3.59	0.0363	-0.026
0.757	5.78	0.0363	-0.019
0.758	4.84	0.0363	-0.014
0.759	6.25	0.0363	-0.009
0.76	7.03	0.0363	-0.002
0.761	5.31	0.0363	0.005
0.762	3.12	0.0363	0.009
0.763	0.78	0.0535	0.011
0.764	-2.66	0.0881	0.010
0.765	-5.16	0.0881	0.006
0.766	-5.31	0.0881	0.000
0.767	-6.09	0.0881	-0.005
0.768	-6.25	0.0881	-0.012
0.769	-5.63	0.0881	-0.018
0.77	-4.06	0.0881	-0.023
0.771	-0.94	0.0881	-0.026
0.772	1.09	0.0881	-0.025
0.773	3.91	0.0881	-0.023
0.774	5.63	0.0881	-0.018
0.775	6.56	0.0881	-0.012
0.776	6.87	0.0881	-0.004
0.777	5.63	0.0881	0.002
0.778	5.47	0.0881	0.007
0.779	5.16	0.0881	0.013
0.78	4.06	0.0881	0.017
0.781	3.75	0.0881	0.021
0.782	5.31	0.0881	0.025
0.783	8.28	0.0881	0.031
0.784	9.69	0.0881	0.041
0.785	7.50	0.0881	0.051
0.786	5.94	0.0881	0.056
0.787	4.69	0.0881	0.063
0.788	1.56	0.0961	0.066
0.789	-1.41	0.1122	0.066
0.79	-3.28	0.1122	0.063
0.791	-5.16	0.1122	0.059
0.792	-7.19	0.1122	0.052
0.793	-9.84	0.1122	0.045
0.794	-13.91	0.1122	0.033
0.795	-15.47	0.1122	0.017
0.796	-12.19	0.1122	0.002
0.797	-7.66	0.1122	-0.007
0.798	-7.03	0.1122	-0.013
0.799	-7.34	0.1122	-0.022
0.8	-6.72	0.1122	-0.028
0.801	-6.09	0.1122	-0.035
0.802	-4.06	0.1122	-0.040
0.803	-2.81	0.1122	-0.043
0.804	-1.72	0.1122	-0.046
0.805	1.25	0.1122	-0.047
0.806	4.53	0.1122	-0.043
0.807	5.94	0.1122	-0.037
0.808	7.03	0.1122	-0.032
0.809	7.97	0.1122	-0.023
0.81	7.34	0.1122	-0.016
0.811	6.72	0.1122	-0.009
0.812	4.38	0.1122	-0.002
0.813	1.56	0.1122	0.000
0.814	-0.47	0.0892	0.001
0.815	-3.28	0.0431	-0.001
0.816	-5.31	0.0431	-0.006
0.817	-5.47	0.0431	-0.012
0.818	-4.53	0.0431	-0.017
0.819	-4.53	0.0431	-0.021
0.82	-3.44	0.0431	-0.026
0.821	-1.09	0.0431	-0.028
0.822	0.94	0.0431	-0.028
0.823	3.75	0.0431	-0.026
0.824	5.62	0.0431	-0.020
0.825	7.03	0.0431	-0.014
0.826	7.81	0.0431	-0.006
0.827	7.19	0.0431	0.001
0.828	6.09	0.0431	0.008
0.829	3.59	0.0431	0.013
0.83	1.09	0.0431	0.015
0.831	-2.34	0.0405	0.016
0.832	-6.09	0.0353	0.011
0.833	-6.72	0.0353	0.003
0.834	-6.56	0.0353	-0.003
0.835	-5.62	0.0353	-0.010
0.836	-3.75	0.0353	-0.014
0.837	-2.81	0.0353	-0.017
0.838	-1.25	0.0353	-0.020
0.839	1.56	0.0353	-0.020
0.84	4.53	0.0353	-0.017
0.841	6.09	0.0353	-0.011
0.842	7.03	0.0353	-0.004
0.843	5.78	0.0353	0.003
0.844	4.22	0.0353	0.007
0.845	3.91	0.0353	0.012
0.846	1.56	0.0357	0.015
0.847	-1.56	0.0366	0.015
0.848	-4.22	0.0366	0.012
0.849	-5.47	0.0366	0.007
0.85	-6.09	0.0366	0.001
0.851	-6.41	0.0366	-0.006
0.852	-5.16	0.0366	-0.012
0.853	-4.22	0.0366	-0.016
0.854	-2.81	0.0366	-0.020
0.855	-0.16	0.0366	-0.022
0.856	2.34	0.0366	-0.021
0.857	4.53	0.0366	-0.017
0.858	6.56	0.0366	-0.012
0.859	7.50	0.0366	-0.004
0.86	6.56	0.0366	0.003
0.861	5.00	0.0366	0.009
0.862	2.66	0.0366	0.013
0.863	0.31	0.0369	0.015
0.864	-2.34	0.0375	0.014
0.865	-5.62	0.0375	0.010
0.866	-5.94	0.0375	0.003
0.867	-5.78	0.0375	-0.002
0.868	-6.87	0.0375	-0.009
0.869	-5.62	0.0375	-0.016
0.87	-2.81	0.0375	-0.020
0.871	-1.41	0.0375	-0.021
0.872	0.78	0.0375	-0.023
0.873	4.84	0.0375	-0.020
0.874	5.62	0.0375	-0.013
0.875	5.94	0.0375	-0.008
0.876	6.72	0.0375	-0.001
0.877	5.78	0.0375	0.005
0.878	4.69	0.0375	0.010
0.879	2.03	0.0374	0.014
0.88	-0.94	0.0372	0.014
0.881	-3.59	0.0372	0.013
0.882	-5.94	0.0372	0.007
0.883	-6.72	0.0372	0.001
0.884	-6.41	0.0372	-0.006
0.885	-5.00	0.0372	-0.012
0.886	-4.38	0.0372	-0.016
0.887	-3.28	0.0372	-0.021
0.888	-0.94	0.0372	-0.023
0.889	1.09	0.0372	-0.023
0.89	3.75	0.0372	-0.021
0.891	5.94	0.0372	-0.015
0.892	7.19	0.0372	-0.009
0.893	6.87	0.0372	-0.001
0.894	6.56	0.0372	0.005
0.895	5.31	0.0372	0.012
0.896	1.72	0.0367	0.016
0.897	-1.25	0.0356	0.016
0.898	-4.69	0.0356	0.013
0.899	-6.87	0.0356	0.006
0.9	-6.41	0.0356	-0.001
0.901	-5.31	0.0356	-0.007
0.902	-4.84	0.0356	-0.011
0.903	-4.06	0.0356	-0.016
0.904	-1.88	0.0356	-0.019
0.905	-0.31	0.0356	-0.020
0.906	3.12	0.0356	-0.020
0.907	5.31	0.0356	-0.014
0.908	5.94	0.0356	-0.009
0.909	7.03	0.0356	-0.002
0.91	6.09	0.0356	0.005
0.911	5.00	0.0356	0.010
0.912	3.12	0.0356	0.015
0.913	0.94	0.0364	0.017
0.914	-2.66	0.0378	0.017
0.915	-5.47	0.0378	0.011
0.916	-6.25	0.0378	0.006
0.917	-7.03	0.0378	-0.001
0.918	-5.94	0.0378	-0.008
0.919	-4.53	0.0378	-0.013
0.92	-3.75	0.0378	-0.018
0.921	-1.88	0.0378	-0.021
0.922	0.94	0.0378	-0.021
0.923	4.22	0.0378	-0.019
0.924	6.09	0.0378	-0.013
0.925	7.03	0.0378	-0.007
0.926	6.41	0.0378	0.001
0.927	5.63	0.0378	0.006
0.928	4.84	0.0378	0.013
0.929	2.66	0.0378	0.016
0.93	0.47	0.0373	0.018
0.931	-2.97	0.0363	0.017
0.932	-5.47	0.0363	0.012
0.933	-6.41	0.0363	0.006
0.934	-6.56	0.0363	-0.001
0.935	-5.78	0.0363	-0.007
0.936	-4.84	0.0363	-0.013
0.937	-2.97	0.0363	-0.017
0.938	-0.16	0.0363	-0.018
0.939	2.19	0.0363	-0.017
0.94	3.91	0.0363	-0.014
0.941	5.47	0.0363	-0.009
0.942	6.25	0.0363	-0.003
0.943	5.94	0.0363	0.003
0.944	4.38	0.0363	0.009
0.945	3.59	0.0363	0.012
0.946	2.19	0.0363	0.016
0.947	-1.09	0.0368	0.016
0.948	-4.69	0.0378	0.014
0.949	-5.63	0.0378	0.007
0.95	-6.56	0.0378	0.003
0.951	-7.19	0.0378	-0.006
0.952	-4.84	0.0378	-0.012
0.953	-3.75	0.0378	-0.016
0.954	-2.81	0.0378	-0.019
0.955	-0.16	0.0378	-0.022
0.956	3.59	0.0378	-0.020
0.957	5.00	0.0378	-0.014
0.958	5.47	0.0378	-0.010
0.959	7.03	0.0378	-0.003
0.96	7.19	0.0378	0.004
0.961	5.47	0.0378	0.011
0.962	3.13	0.0378	0.015
0.963	0.47	0.0380	0.017
0.964	-2.19	0.0384	0.016
0.965	-4.69	0.0384	0.013
0.966	-5.00	0.0384	0.007
0.967	-3.59	0.0384	0.003
0.968	-1.09	0.0384	-0.000
0.969	1.56	0.0384	0.001
0.97	3.91	0.0384	0.003
0.971	4.06	0.0384	0.008
0.972	1.25	0.0384	0.011
0.973	2.50	0.0384	0.011
0.974	5.47	0.0384	0.016
0.975	6.25	0.0384	0.022
0.976	8.13	0.0384	0.028
0.977	8.12	0.0384	0.038
0.978	2.34	0.0481	0.045
0.979	-4.37	0.0675	0.043
0.98	-7.66	0.0675	0.036
0.981	-9.22	0.0675	0.028
0.982	-8.75	0.0675	0.018
0.983	-8.28	0.0675	0.010
0.984	-8.44	0.0675	0.001
0.985	-6.87	0.0675	-0.007
0.986	-6.25	0.0675	-0.013
0.987	-5.00	0.0675	-0.019
0.988	-1.72	0.0675	-0.023
0.989	1.25	0.0675	-0.023
0.99	3.28	0.0675	-0.020
0.991	4.53	0.0675	-0.016
0.992	6.25	0.0675	-0.011
0.993	6.25	0.0675	-0.004
0.994	5.00	0.0675	0.001
0.995	3.75	0.0675	0.006
0.996	2.03	0.0675	0.009
0.997	-0.47	0.0573	0.010
0.998	-3.75	0.0369	0.008
0.999	-4.53	0.0369	0.003
1	-5.63	0.0369	-0.001
1.001	-6.56	0.0369	-0.008
1.002	-5.47	0.0369	-0.014
1.003	-4.38	0.0369	-0.019
1.004	-1.56	0.0369	-0.023
1.005	1.09	0.0369	-0.022
1.006	3.59	0.0369	-0.021
1.007	5.00	0.0369	-0.015
1.008	4.69	0.0369	-0.011
1.009	6.41	0.0369	-0.006
1.01	6.72	0.0369	0.002
1.011	4.84	0.0369	0.007
1.012	3.12	0.0369	0.012
1.013	1.41	0.0369	0.014
1.014	-1.88	0.0364	0.014
1.015	-5.00	0.0353	0.010
1.016	-5.47	0.0353	0.004
1.017	-6.41	0.0353	-0.001
1.018	-6.09	0.0353	-0.008
1.019	-4.69	0.0353	-0.013
1.02	-3.59	0.0353	-0.018
1.021	-1.56	0.0353	-0.020
1.022	1.25	0.0353	-0.021
1.023	4.38	0.0353	-0.018
1.024	5.31	0.0353	-0.012
1.025	5.78	0.0353	-0.007
1.026	6.09	0.0353	-0.001
1.027	5.16	0.0353	0.005
1.028	4.38	0.0353	0.010
1.029	2.66	0.0353	0.014
1.03	-0.78	0.0338	0.015
1.031	-4.69	0.0306	0.012
1.032	-6.56	0.0306	0.006
1.033	-7.03	0.0306	-0.001
1.034	-5.78	0.0306	-0.008
1.035	-3.12	0.0306	-0.013
1.036	-1.56	0.0306	-0.015
1.037	0.31	0.0306	-0.016
1.038	1.72	0.0306	-0.014
1.039	3.28	0.0306	-0.012
1.04	5.31	0.0306	-0.007
1.041	5.78	0.0306	-0.002
1.042	4.22	0.0306	0.004
1.043	2.66	0.0306	0.007
1.044	1.72	0.0306	0.009
1.045	-0.47	0.0367	0.010
1.046	-2.03	0.0488	0.008
1.047	-3.13	0.0488	0.006
1.048	-6.41	0.0488	0.002
1.049	-7.50	0.0488	-0.007
1.05	-6.41	0.0488	-0.013
1.051	-5.94	0.0488	-0.019
1.052	-5.31	0.0488	-0.025
1.053	-5.16	0.0488	-0.030
1.054	-3.91	0.0488	-0.035
1.055	-1.72	0.0488	-0.038
1.056	2.19	0.0488	-0.038
1.057	6.09	0.0488	-0.033
1.058	7.03	0.0488	-0.026
1.059	7.50	0.0488	-0.019
1.06	6.72	0.0488	-0.011
1.061	6.09	0.0488	-0.006
1.062	5.00	0.0488	0.001
1.063	1.72	0.0488	0.004
1.064	-1.25	0.0447	0.004
1.065	-3.91	0.0366	0.002
1.066	-5.31	0.0366	-0.003
1.067	-6.09	0.0366	-0.009
1.068	-5.47	0.0366	-0.016
1.069	-4.53	0.0366	-0.020
1.07	-3.28	0.0366	-0.025
1.071	-0.78	0.0366	-0.027
1.072	1.56	0.0366	-0.026
1.073	4.37	0.0366	-0.023
1.074	5.78	0.0366	-0.018
1.075	6.56	0.0366	-0.012
1.076	7.50	0.0366	-0.004
1.077	7.19	0.0366	0.003
1.078	5.31	0.0366	0.010
1.079	1.88	0.0354	0.014
1.08	-0.31	0.0331	0.014
1.081	-2.81	0.0331	0.013
1.082	-5.00	0.0331	0.008
1.083	-5.47	0.0331	0.003
1.084	-5.78	0.0331	-0.003
1.085	-5.62	0.0331	-0.008
1.086	-4.53	0.0331	-0.014
1.087	-2.34	0.0331	-0.018
1.088	-0.94	0.0331	-0.019
1.089	1.72	0.0331	-0.019
1.09	5.00	0.0331	-0.015
1.091	5.31	0.0331	-0.009
1.092	6.09	0.0331	-0.005
1.093	7.19	0.0331	0.003
1.094	5.31	0.0331	0.010
1.095	3.28	0.0331	0.013
1.096	1.41	0.0341	0.016
1.097	-1.09	0.0359	0.016
1.098	-4.38	0.0359	0.014
1.099	-5.62	0.0359	0.007
1.1	-5.78	0.0359	0.003
1.101	-5.78	0.0359	-0.004
1.102	-4.84	0.0359	-0.009
1.103	-5.00	0.0359	-0.014
1.104	-2.81	0.0359	-0.019
1.105	-0.16	0.0359	-0.019
1.106	2.66	0.0359	-0.019
1.107	5.63	0.0359	-0.014
1.108	6.72	0.0359	-0.008
1.109	7.03	0.0359	-0.001
1.11	5.78	0.0359	0.006
1.111	4.84	0.0359	0.011
1.112	2.81	0.0359	0.016
1.113	0.47	0.0359	0.017
1.114	-1.56	0.0356	0.017
1.115	-5.00	0.0350	0.013
1.116	-5.94	0.0350	0.007
1.117	-6.25	0.0350	0.002
1.118	-6.25	0.0350	-0.006
1.119	-5.31	0.0350	-0.011
1.12	-3.59	0.0350	-0.016
1.121	-0.94	0.0350	-0.018
1.122	1.41	0.0350	-0.018
1.123	4.37	0.0350	-0.015
1.124	5.31	0.0350	-0.009
1.125	5.47	0.0350	-0.005
1.126	6.41	0.0350	0.002
1.127	5.78	0.0350	0.008
1.128	4.38	0.0350	0.013
1.129	2.66	0.0350	0.017
1.13	0.00	0.0429	0.018
1.131	-4.22	0.0588	0.017
1.132	-6.25	0.0588	0.010
1.133	-6.41	0.0588	0.004
1.134	-6.87	0.0588	-0.003
1.135	-5.47	0.0588	-0.009
1.136	-3.91	0.0588	-0.014
1.137	-2.66	0.0588	-0.017
1.138	-1.25	0.0588	-0.019
1.139	1.88	0.0588	-0.020
1.14	4.38	0.0588	-0.015
1.141	5.31	0.0588	-0.011
1.142	6.87	0.0588	-0.005
1.143	6.56	0.0588	0.003
1.144	5.78	0.0588	0.008
1.145	4.38	0.0588	0.014
1.146	0.78	0.0588	0.017
1.147	0.00	0.0588	0.016
1.148	1.25	0.0588	0.017
1.149	2.03	0.0588	0.018
1.15	3.13	0.0588	0.021
1.151	4.06	0.0588	0.025
1.152	2.66	0.0588	0.029
1.153	0.78	0.0588	0.030
1.154	0.63	0.0588	0.031
1.155	0.62	0.0588	0.031
1.156	3.91	0.0588	0.032
1.157	5.00	0.0588	0.039
1.158	0.62	0.0633	0.042
1.159	-0.63	0.0725	0.040
1.16	-1.72	0.0725	0.041
1.161	-4.22	0.0725	0.037
1.162	-7.19	0.0725	0.033
1.163	-9.22	0.0725	0.022
1.164	-8.44	0.0725	0.014
1.165	-7.81	0.0725	0.006
1.166	-6.25	0.0725	-0.002
1.167	-6.41	0.0725	-0.007
1.168	-7.19	0.0725	-0.014
1.169	-5.78	0.0725	-0.021
1.17	-3.91	0.0725	-0.026
1.171	-2.19	0.0725	-0.029
1.172	0.78	0.0725	-0.030
1.173	3.28	0.0725	-0.028
1.174	4.69	0.0725	-0.024
1.175	7.19	0.0725	-0.018
1.176	7.50	0.0725	-0.009
1.177	6.09	0.0725	-0.003
1.178	5.78	0.0725	0.003
1.179	3.44	0.0725	0.008
1.18	0.31	0.0611	0.010
1.181	-2.50	0.0384	0.009
1.182	-4.69	0.0384	0.005
1.183	-5.63	0.0384	-0.000
1.184	-6.25	0.0384	-0.007
1.185	-5.63	0.0384	-0.013
1.186	-4.69	0.0384	-0.018
1.187	-2.50	0.0384	-0.022
1.188	-0.47	0.0384	-0.023
1.189	1.72	0.0384	-0.023
1.19	5.31	0.0384	-0.019
1.191	6.09	0.0384	-0.013
1.192	6.72	0.0384	-0.007
1.193	7.19	0.0384	0.001
1.194	5.63	0.0384	0.007
1.195	4.06	0.0384	0.012
1.196	2.19	0.0384	0.015
1.197	-0.16	0.0378	0.017
1.198	-4.06	0.0366	0.015
1.199	-5.63	0.0366	0.008
1.2	-5.94	0.0366	0.004
1.201	-6.87	0.0366	-0.003
1.202	-5.63	0.0366	-0.010
1.203	-4.38	0.0366	-0.015
1.204	-2.66	0.0366	-0.019
1.205	-0.62	0.0366	-0.020
1.206	2.81	0.0366	-0.020
1.207	5.47	0.0366	-0.014
1.208	6.25	0.0366	-0.009
1.209	6.41	0.0366	-0.002
1.21	5.31	0.0366	0.004
1.211	4.84	0.0366	0.009
1.212	3.75	0.0366	0.013
1.213	1.25	0.0370	0.016
1.214	-2.50	0.0378	0.016
1.215	-5.00	0.0378	0.011
1.216	-5.78	0.0378	0.006
1.217	-6.41	0.0378	-0.000
1.218	-6.56	0.0378	-0.007
1.219	-6.09	0.0378	-0.013
1.22	-3.75	0.0378	-0.019
1.221	-1.25	0.0378	-0.021
1.222	0.94	0.0378	-0.022
1.223	4.06	0.0378	-0.019
1.224	6.09	0.0378	-0.013
1.225	6.09	0.0378	-0.007
1.226	5.78	0.0378	-0.001
1.227	5.94	0.0378	0.005
1.228	4.06	0.0378	0.011
1.229	1.56	0.0378	0.013
1.23	0.00	0.0515	0.014
1.231	-3.12	0.0788	0.013
1.232	-5.63	0.0788	0.007
1.233	-5.47	0.0788	0.002
1.234	-5.94	0.0788	-0.003
1.235	-6.25	0.0788	-0.010
1.236	-4.84	0.0788	-0.016
1.237	-4.06	0.0788	-0.020
1.238	-1.72	0.0788	-0.024
1.239	1.09	0.0788	-0.023
1.24	1.72	0.0788	-0.022
1.241	2.66	0.0788	-0.020
1.242	5.62	0.0788	-0.017
1.243	7.81	0.0788	-0.009
1.244	8.12	0.0788	-0.001
1.245	10.78	0.0788	0.007
1.246	12.97	0.0788	0.021
1.247	11.87	0.0788	0.033
1.248	10.62	0.0788	0.044
1.249	7.50	0.0788	0.055
1.25	1.25	0.0778	0.059
1.251	-6.87	0.0759	0.057
1.252	-14.53	0.0759	0.046
1.253	-17.66	0.0759	0.028
1.254	-15.63	0.0759	0.010
1.255	-11.72	0.0759	-0.003
1.256	-6.72	0.0759	-0.013
1.257	-1.25	0.0759	-0.017
1.258	2.50	0.0759	-0.016
1.259	4.53	0.0759	-0.012
1.26	4.22	0.0759	-0.007
1.261	4.38	0.0759	-0.003
1.262	3.12	0.0759	0.002
1.263	0.31	0.0633	0.003
1.264	-1.88	0.0381	0.003
1.265	-4.53	0.0381	-0.001
1.266	-5.00	0.0381	-0.006
1.267	-5.16	0.0381	-0.011
1.268	-4.69	0.0381	-0.017
1.269	-4.38	0.0381	-0.020
1.27	-3.59	0.0381	-0.025
1.271	-0.94	0.0381	-0.027
1.272	1.09	0.0381	-0.027
1.273	4.22	0.0381	-0.025
1.274	5.78	0.0381	-0.019
1.275	6.25	0.0381	-0.013
1.276	7.66	0.0381	-0.006
1.277	6.56	0.0381	0.002
1.278	4.53	0.0381	0.007
1.279	3.12	0.0381	0.011
1.28	0.16	0.0381	0.013
1.281	-3.75	0.0381	0.011
1.282	-5.00	0.0381	0.006
1.283	-5.16	0.0381	0.001
1.284	-6.41	0.0381	-0.005
1.285	-5.78	0.0381	-0.012
1.286	-5.47	0.0381	-0.016
1.287	-4.38	0.0381	-0.022
1.288	-0.78	0.0381	-0.025
1.289	2.19	0.0381	-0.024
1.29	4.22	0.0381	-0.021
1.291	6.25	0.0381	-0.016
1.292	7.50	0.0381	-0.008
1.293	6.72	0.0381	-0.001
1.294	5.94	0.0381	0.005
1.295	4.53	0.0381	0.011
1.296	1.41	0.0383	0.014
1.297	-1.56	0.0387	0.014
1.298	-4.84	0.0387	0.011
1.299	-6.41	0.0387	0.004
1.3	-5.78	0.0387	-0.002
1.301	-6.41	0.0387	-0.007
1.302	-5.94	0.0387	-0.014
1.303	-4.22	0.0387	-0.019
1.304	-2.50	0.0387	-0.023
1.305	-0.78	0.0387	-0.024
1.306	2.19	0.0387	-0.024
1.307	5.31	0.0387	-0.020
1.308	6.09	0.0387	-0.014
1.309	7.19	0.0387	-0.007
1.31	6.72	0.0387	0.001
1.311	4.84	0.0387	0.006
1.312	3.44	0.0387	0.010
1.313	0.78	0.0382	0.013
1.314	-2.81	0.0372	0.012
1.315	-5.00	0.0372	0.007
1.316	-5.47	0.0372	0.002
1.317	-5.94	0.0372	-0.004
1.318	-6.09	0.0372	-0.010
1.319	-5.31	0.0372	-0.016
1.32	-4.06	0.0372	-0.021
1.321	-1.87	0.0372	-0.024
1.322	1.72	0.0372	-0.024
1.323	4.06	0.0372	-0.021
1.324	5.16	0.0372	-0.016
1.325	6.41	0.0372	-0.010
1.326	6.25	0.0372	-0.003
1.327	5.00	0.0372	0.002
1.328	4.38	0.0372	0.007
1.329	1.88	0.0366	0.011
1.33	-0.94	0.0353	0.010
1.331	-3.44	0.0353	0.009
1.332	-5.47	0.0353	0.003
1.333	-5.47	0.0353	-0.002
1.334	-5.94	0.0353	-0.007
1.335	-5.63	0.0353	-0.014
1.336	-4.69	0.0353	-0.019
1.337	-2.81	0.0353	-0.023
1.338	-0.62	0.0353	-0.024
1.339	1.72	0.0353	-0.024
1.34	4.84	0.0353	-0.021
1.341	5.63	0.0353	-0.015
1.342	5.78	0.0353	-0.010
1.343	6.41	0.0353	-0.003
1.344	5.47	0.0353	0.003
1.345	3.91	0.0353	0.008
1.346	2.03	0.0353	0.011
1.347	-1.25	0.0489	0.012
1.348	-4.53	0.0759	0.008
1.349	-5.78	0.0759	0.003
1.35	-6.87	0.0759	-0.003
1.351	-6.25	0.0759	-0.011
1.352	-4.38	0.0759	-0.016
1.353	-4.22	0.0759	-0.020
1.354	-3.75	0.0759	-0.024
1.355	-1.25	0.0759	-0.027
1.356	1.88	0.0759	-0.027
1.357	3.75	0.0759	-0.023
1.358	6.09	0.0759	-0.019
1.359	9.84	0.0759	-0.011
1.36	12.97	0.0759	0.001
1.361	13.59	0.0759	0.015
1.362	11.87	0.0759	0.028
1.363	10.47	0.0759	0.038
1.364	8.28	0.0759	0.049
1.365	1.56	0.0702	0.055
1.366	-5.00	0.0588	0.052
1.367	-6.72	0.0588	0.045
1.368	-7.03	0.0588	0.038
1.369	-6.41	0.0588	0.031
1.37	-5.78	0.0588	0.026
1.371	-7.97	0.0588	0.019
1.372	-9.84	0.0588	0.010
1.373	-6.72	0.0588	-0.000
1.374	-1.41	0.0588	-0.004
1.375	1.41	0.0588	-0.003
1.376	3.12	0.0588	-0.001
1.377	3.59	0.0588	0.003
1.378	2.50	0.0588	0.006
1.379	0.62	0.0528	0.008
1.38	-1.41	0.0409	0.007
1.381	-4.53	0.0409	0.005
1.382	-6.41	0.0409	-0.002
1.383	-6.41	0.0409	-0.007
1.384	-6.72	0.0409	-0.014
1.385	-5.47	0.0409	-0.021
1.386	-4.06	0.0409	-0.025
1.387	-3.75	0.0409	-0.029
1.388	-1.25	0.0409	-0.033
1.389	2.97	0.0409	-0.032
1.39	5.16	0.0409	-0.027
1.391	5.78	0.0409	-0.021
1.392	6.41	0.0409	-0.015
1.393	5.94	0.0409	-0.008
1.394	5.78	0.0409	-0.003
1.395	5.16	0.0409	0.003
1.396	2.66	0.0409	0.007
1.397	-0.31	0.0392	0.008
1.398	-2.97	0.0356	0.006
1.399	-4.84	0.0356	0.003
1.4	-6.25	0.0356	-0.003
1.401	-6.25	0.0356	-0.010
1.402	-5.63	0.0356	-0.016
1.403	-4.22	0.0356	-0.021
1.404	-1.56	0.0356	-0.024
1.405	0.47	0.0356	-0.024
1.406	2.81	0.0356	-0.023
1.407	5.00	0.0356	-0.019
1.408	5.63	0.0356	-0.013
1.409	6.56	0.0356	-0.007
1.41	6.56	0.0356	-0.000
1.411	5.78	0.0356	0.006
1.412	3.91	0.0356	0.011
1.413	1.09	0.0357	0.013
1.414	-1.56	0.0359	0.013
1.415	-4.22	0.0359	0.010
1.416	-5.94	0.0359	0.005
1.417	-6.72	0.0359	-0.002
1.418	-6.72	0.0359	-0.008
1.419	-4.84	0.0359	-0.015
1.42	-3.44	0.0359	-0.018
1.421	-2.19	0.0359	-0.022
1.422	0.94	0.0359	-0.022
1.423	4.06	0.0359	-0.020
1.424	5.31	0.0359	-0.014
1.425	6.25	0.0359	-0.009
1.426	6.56	0.0359	-0.002
1.427	4.84	0.0359	0.004
1.428	4.38	0.0359	0.008
1.429	3.12	0.0359	0.013
1.43	-0.62	0.0373	0.014
1.431	-3.75	0.0400	0.011
1.432	-5.47	0.0400	0.007
1.433	-6.87	0.0400	0.000
1.434	-6.87	0.0400	-0.007
1.435	-5.78	0.0400	-0.013
1.436	-5.47	0.0400	-0.019
1.437	-3.59	0.0400	-0.024
1.438	-0.47	0.0400	-0.026
1.439	1.72	0.0400	-0.025
1.44	3.91	0.0400	-0.022
1.441	5.94	0.0400	-0.018
1.442	7.03	0.0400	-0.011
1.443	7.66	0.0400	-0.003
1.444	6.56	0.0400	0.005
1.445	4.22	0.0400	0.010
1.446	2.50	0.0400	0.013
1.447	-0.47	0.0396	0.015
1.448	-4.53	0.0387	0.012
1.449	-6.25	0.0387	0.006
1.45	-6.25	0.0387	-0.000
1.451	-6.41	0.0387	-0.007
1.452	-5.78	0.0387	-0.013
1.453	-4.69	0.0387	-0.018
1.454	-2.81	0.0387	-0.022
1.455	-0.47	0.0387	-0.024
1.456	2.66	0.0387	-0.023
1.457	5.47	0.0387	-0.019
1.458	6.25	0.0387	-0.013
1.459	6.09	0.0387	-0.006
1.46	5.47	0.0387	-0.000
1.461	5.16	0.0387	0.005
1.462	3.91	0.0387	0.010
1.463	0.47	0.0383	0.013
1.464	-2.34	0.0375	0.011
1.465	-4.38	0.0375	0.008
1.466	-5.78	0.0375	0.002
1.467	-6.87	0.0375	-0.004
1.468	-6.25	0.0375	-0.012
1.469	-4.84	0.0375	-0.016
1.47	-4.38	0.0375	-0.021
1.471	-1.88	0.0375	-0.025
1.472	0.78	0.0375	-0.025
1.473	3.44	0.0375	-0.023
1.474	5.47	0.0375	-0.018
1.475	7.03	0.0375	-0.013
1.476	7.03	0.0375	-0.004
1.477	5.78	0.0375	0.002
1.478	5.47	0.0375	0.007
1.479	2.81	0.0375	0.013
1.48	0.31	0.0372	0.013
1.481	-2.50	0.0366	0.013
1.482	-5.78	0.0366	0.008
1.483	-6.56	0.0366	0.002
1.484	-5.78	0.0366	-0.005
1.485	-5.62	0.0366	-0.010
1.486	-5.63	0.0366	-0.016
1.487	-3.28	0.0366	-0.021
1.488	-1.09	0.0366	-0.023
1.489	1.88	0.0366	-0.023
1.49	5.16	0.0366	-0.019
1.491	5.31	0.0366	-0.013
1.492	5.63	0.0366	-0.008
1.493	6.09	0.0366	-0.002
1.494	4.84	0.0366	0.004
1.495	3.59	0.0366	0.008
1.496	1.25	0.0475	0.011
1.497	-1.41	0.0694	0.010
1.498	-3.75	0.0694	0.008
1.499	-5.00	0.0694	0.003
1.5	-6.09	0.0694	-0.002
1.501	-7.03	0.0694	-0.009
1.502	-5.78	0.0694	-0.016
1.503	-4.69	0.0694	-0.021
1.504	-3.28	0.0694	-0.025
1.505	0.94	0.0694	-0.028
1.506	6.09	0.0694	-0.023
1.507	11.25	0.0694	-0.015
1.508	16.09	0.0694	-0.001
1.509	16.87	0.0694	0.017
1.51	12.50	0.0694	0.033
1.511	6.25	0.0694	0.042
1.512	0.94	0.0690	0.045
1.513	-0.63	0.0681	0.044
1.514	-1.09	0.0681	0.044
1.515	-2.97	0.0681	0.042
1.516	-3.59	0.0681	0.038
1.517	-8.28	0.0681	0.034
1.518	-15.00	0.0681	0.022
1.519	-16.25	0.0681	0.004
1.52	-12.03	0.0681	-0.011
1.521	-5.31	0.0681	-0.020
1.522	-1.56	0.0681	-0.022
1.523	1.88	0.0681	-0.023
1.524	5.31	0.0681	-0.018
1.525	7.03	0.0681	-0.012
1.526	8.75	0.0681	-0.004
1.527	7.81	0.0681	0.005
1.528	5.78	0.0681	0.012
1.529	3.28	0.0681	0.017
1.53	-0.63	0.0669	0.018
1.531	-4.69	0.0644	0.016
1.532	-7.66	0.0644	0.009
1.533	-9.22	0.0644	0.000
1.534	-10.47	0.0644	-0.009
1.535	-9.37	0.0644	-0.021
1.536	-7.81	0.0644	-0.028
1.537	-6.41	0.0644	-0.036
1.538	-2.50	0.0644	-0.041
1.539	2.19	0.0644	-0.041
1.54	6.56	0.0644	-0.037
1.541	9.84	0.0644	-0.028
1.542	12.34	0.0644	-0.017
1.543	12.50	0.0644	-0.003
1.544	10.78	0.0644	0.008
1.545	7.50	0.0644	0.018
1.546	2.81	0.0644	0.023
1.547	-0.94	0.0627	0.024
1.548	-5.00	0.0594	0.021
1.549	-8.44	0.0594	0.014
1.55	-10.47	0.0594	0.004
1.551	-10.78	0.0594	-0.007
1.552	-9.53	0.0594	-0.017
1.553	-7.19	0.0594	-0.026
1.554	-3.75	0.0594	-0.032
1.555	-0.62	0.0594	-0.034
1.556	4.38	0.0594	-0.033
1.557	7.97	0.0594	-0.025
1.558	8.75	0.0594	-0.017
1.559	10.31	0.0594	-0.007
1.56	10.31	0.0594	0.004
1.561	8.28	0.0594	0.013
1.562	6.25	0.0594	0.020
1.563	2.97	0.0594	0.026
1.564	-2.34	0.0601	0.026
1.565	-6.87	0.0616	0.021
1.566	-8.91	0.0616	0.013
1.567	-11.09	0.0616	0.003
1.568	-11.56	0.0616	-0.010
1.569	-8.44	0.0616	-0.020
1.57	-6.25	0.0616	-0.027
1.571	-4.37	0.0616	-0.033
1.572	0.16	0.0616	-0.035
1.573	5.16	0.0616	-0.032
1.574	8.12	0.0616	-0.025
1.575	10.62	0.0616	-0.016
1.576	11.25	0.0616	-0.004
1.577	10.16	0.0616	0.007
1.578	8.44	0.0616	0.017
1.579	4.69	0.0616	0.023
1.58	0.63	0.0585	0.026
1.581	-4.22	0.0525	0.025
1.582	-8.12	0.0525	0.018
1.583	-9.84	0.0525	0.008
1.584	-9.84	0.0525	-0.002
1.585	-7.97	0.0525	-0.011
1.586	-6.56	0.0525	-0.018
1.587	-4.22	0.0525	-0.024
1.588	-1.09	0.0525	-0.027
1.589	1.09	0.0525	-0.027
1.59	4.53	0.0525	-0.024
1.591	6.72	0.0525	-0.018
1.592	6.72	0.0525	-0.011
1.593	7.03	0.0525	-0.004
1.594	6.72	0.0525	0.003
1.595	4.84	0.0525	0.009
1.596	1.87	0.0525	0.013
1.597	-1.56	0.0474	0.013
1.598	-4.84	0.0372	0.010
1.599	-6.09	0.0372	0.003
1.6	-6.09	0.0372	-0.003
1.601	-6.09	0.0372	-0.009
1.602	-5.62	0.0372	-0.015
1.603	-4.06	0.0372	-0.020
1.604	-2.03	0.0372	-0.023
1.605	0.16	0.0372	-0.024
1.606	3.44	0.0372	-0.022
1.607	5.16	0.0372	-0.017
1.608	6.25	0.0372	-0.012
1.609	7.03	0.0372	-0.005
1.61	5.31	0.0372	0.002
1.611	4.69	0.0372	0.006
1.612	3.91	0.0372	0.011
1.613	0.62	0.1349	0.014
1.614	-2.34	0.3303	0.013
1.615	-4.53	0.3303	0.009
1.616	-5.78	0.3303	0.003
1.617	-5.47	0.3303	-0.003
1.618	-4.69	0.3303	-0.007
1.619	-4.53	0.3303	-0.012
1.62	-5.16	0.3303	-0.017
1.621	-4.38	0.3303	-0.022
1.622	-1.72	0.3303	-0.025
1.623	1.41	0.3303	-0.026
1.624	4.06	0.3303	-0.022
1.625	10.16	0.3303	-0.018
1.626	43.13	0.3303	-0.002
1.627	83.12	0.3303	0.069
1.628	94.37	0.3303	0.164
1.629	70.31	0.3303	0.258
1.63	27.19	0.3303	0.305
1.631	-22.34	0.4793	0.312
1.632	-77.81	0.7772	0.260
1.633	-114.22	0.7772	0.156
1.634	-138.44	0.7772	0.032
1.635	-140.78	0.7772	-0.121
1.636	-119.06	0.7772	-0.250
1.637	-84.84	0.7772	-0.359
1.638	-33.75	0.7772	-0.420
1.639	16.41	0.7772	-0.426
1.64	71.72	0.7772	-0.387
1.641	114.22	0.7772	-0.283
1.642	138.12	0.7772	-0.158
1.643	149.84	0.7772	-0.007
1.644	134.37	0.7772	0.141
1.645	104.84	0.7772	0.262
1.646	59.53	0.7772	0.351
1.647	9.53	0.7757	0.381
1.648	-42.81	0.7728	0.370
1.649	-89.69	0.7728	0.296
1.65	-118.28	0.7728	0.191
1.651	-140.31	0.7728	0.059
1.652	-137.66	0.7728	-0.090
1.653	-116.72	0.7728	-0.216
1.654	-80.31	0.7728	-0.323
1.655	-30.31	0.7728	-0.377
1.656	24.06	0.7728	-0.384
1.657	82.03	0.7728	-0.329
1.658	120.63	0.7728	-0.220
1.659	144.53	0.7728	-0.088
1.66	146.56	0.7728	0.069
1.661	126.09	0.7728	0.206
1.662	91.56	0.7728	0.321
1.663	40.78	0.7728	0.389
1.664	-10.47	0.7823	0.403
1.665	-68.59	0.8012	0.368
1.666	-111.88	0.8012	0.266
1.667	-137.03	0.8012	0.144
1.668	-149.69	0.8012	-0.008
1.669	-134.22	0.8012	-0.155
1.67	-105.31	0.8012	-0.277
1.671	-60.78	0.8012	-0.366
1.672	-10.47	0.8012	-0.398
1.673	45.94	0.8012	-0.387
1.674	96.88	0.8012	-0.307
1.675	126.41	0.8012	-0.193
1.676	145.94	0.8012	-0.054
1.677	139.37	0.8012	0.099
1.678	114.84	0.8012	0.225
1.679	77.03	0.8012	0.328
1.68	26.41	0.8012	0.379
1.681	-26.88	0.7933	0.381
1.682	-82.03	0.7775	0.325
1.683	-117.66	0.7775	0.217
1.684	-140.47	0.7775	0.090
1.685	-143.59	0.7775	-0.064
1.686	-123.75	0.7775	-0.197
1.687	-91.41	0.7775	-0.311
1.688	-42.50	0.7775	-0.380
1.689	7.66	0.7775	-0.396
1.69	64.53	0.7775	-0.365
1.691	108.44	0.7775	-0.267
1.692	133.75	0.7775	-0.148
1.693	146.41	0.7775	0.000
1.694	132.97	0.7775	0.145
1.695	105.00	0.7775	0.266
1.696	59.53	0.7775	0.355
1.697	10.00	0.7780	0.385
1.698	-44.69	0.7791	0.375
1.699	-95.78	0.7791	0.296
1.7	-125.47	0.7791	0.183
1.701	-145.31	0.7791	0.045
1.702	-139.53	0.7791	-0.107
1.703	-114.84	0.7791	-0.234
1.704	-77.03	0.7791	-0.337
1.705	-28.44	0.7791	-0.388
1.706	24.84	0.7791	-0.394
1.707	80.78	0.7791	-0.338
1.708	116.88	0.7791	-0.232
1.709	140.94	0.7791	-0.105
1.71	144.84	0.7791	0.050
1.711	124.38	0.7791	0.185
1.712	92.50	0.7791	0.298
1.713	44.69	0.7791	0.370
1.714	-7.03	0.7799	0.388
1.715	-63.28	0.7816	0.356
1.716	-106.56	0.7816	0.261
1.717	-133.91	0.7816	0.143
1.718	-146.87	0.7816	-0.007
1.719	-132.34	0.7816	-0.151
1.72	-104.84	0.7816	-0.271
1.721	-61.25	0.7816	-0.361
1.722	-12.34	0.7816	-0.394
1.723	43.44	0.7816	-0.385
1.724	95.31	0.7816	-0.307
1.725	124.22	0.7816	-0.195
1.726	143.44	0.7816	-0.058
1.727	138.75	0.7816	0.092
1.728	116.09	0.7816	0.219
1.729	78.91	0.7816	0.324
1.73	29.69	0.7816	0.377
1.731	-22.34	0.6819	0.384
1.732	-77.97	0.4825	0.332
1.733	-114.69	0.4825	0.228
1.734	-118.12	0.4825	0.103
1.735	-84.22	0.4825	-0.008
1.736	-40.94	0.4825	-0.066
1.737	-16.56	0.4825	-0.090
1.738	-4.06	0.4825	-0.099
1.739	3.91	0.4825	-0.098
1.74	10.16	0.4825	-0.091
1.741	12.03	0.4825	-0.078
1.742	12.19	0.4825	-0.067
1.743	12.50	0.4825	-0.054
1.744	10.16	0.4825	-0.042
1.745	7.81	0.4825	-0.033
1.746	5.94	0.4825	-0.026
1.747	3.59	0.4825	-0.022
1.748	0.31	0.3362	-0.019
1.749	-2.03	0.0437	-0.021
1.75	-3.44	0.0437	-0.023
1.751	-4.84	0.0437	-0.028
1.752	-3.91	0.0437	-0.033
1.753	-2.81	0.0437	-0.036
1.754	-1.25	0.0437	-0.038
1.755	0.78	0.0437	-0.038
1.756	2.81	0.0437	-0.037
1.757	5.62	0.0437	-0.033
1.758	7.50	0.0437	-0.026
1.759	8.12	0.0437	-0.018
1.76	6.56	0.0437	-0.009
1.761	5.78	0.0437	-0.004
1.762	4.84	0.0437	0.002
1.763	1.88	0.0437	0.005
1.764	-0.16	0.0420	0.006
1.765	-3.59	0.0384	0.005
1.766	-5.94	0.0384	-0.001
1.767	-5.63	0.0384	-0.007
1.768	-5.78	0.0384	-0.013
1.769	-5.78	0.0384	-0.018
1.77	-3.75	0.0384	-0.024
1.771	-1.88	0.0384	-0.026
1.772	0.00	0.0384	-0.028
1.773	3.44	0.0384	-0.026
1.774	5.62	0.0384	-0.021
1.775	6.72	0.0384	-0.015
1.776	7.34	0.0384	-0.007
1.777	6.41	0.0384	0.000
1.778	5.31	0.0384	0.005
1.779	3.91	0.0384	0.011
1.78	1.25	0.0378	0.013
1.781	-2.50	0.0366	0.013
1.782	-4.84	0.0366	0.008
1.783	-5.47	0.0366	0.003
1.784	-6.56	0.0366	-0.003
1.785	-5.94	0.0366	-0.010
1.786	-5.00	0.0366	-0.015
1.787	-4.22	0.0366	-0.020
1.788	-1.88	0.0366	-0.023
1.789	1.56	0.0366	-0.023
1.79	4.53	0.0366	-0.020
1.791	5.47	0.0366	-0.014
1.792	6.41	0.0366	-0.009
1.793	6.72	0.0366	-0.002
1.794	6.25	0.0366	0.004
1.795	5.16	0.0366	0.011
1.796	1.09	0.0360	0.015
1.797	-0.78	0.0350	0.013
1.798	-2.66	0.0350	0.013
1.799	-5.31	0.0350	0.008
1.8	-5.63	0.0350	0.003
1.801	-6.09	0.0350	-0.003
1.802	-6.25	0.0350	-0.010
1.803	-4.69	0.0350	-0.016
1.804	-2.19	0.0350	-0.019
1.805	-0.31	0.0350	-0.020
1.806	2.50	0.0350	-0.020
1.807	4.84	0.0350	-0.015
1.808	5.63	0.0350	-0.010
1.809	7.03	0.0350	-0.004
1.81	6.56	0.0350	0.004
1.811	4.38	0.0350	0.009
1.812	2.03	0.0350	0.013
1.813	0.47	0.0350	0.013
1.814	-1.09	0.0531	0.014
1.815	-4.22	0.0894	0.011
1.816	-5.78	0.0894	0.005
1.817	-6.56	0.0894	-0.001
1.818	-6.09	0.0894	-0.008
1.819	-4.69	0.0894	-0.013
1.82	-1.41	0.0894	-0.017
1.821	4.84	0.0894	-0.016
1.822	10.94	0.0894	-0.007
1.823	15.78	0.0894	0.006
1.824	16.56	0.0894	0.024
1.825	14.69	0.0894	0.039
1.826	11.87	0.0894	0.053
1.827	7.66	0.0894	0.063
1.828	4.53	0.0894	0.069
1.829	1.87	0.0894	0.072
1.83	-2.66	0.0958	0.072
1.831	-8.28	0.1088	0.067
1.832	-10.16	0.1088	0.056
1.833	-11.87	0.1088	0.047
1.834	-16.56	0.1088	0.032
1.835	-20.47	0.1088	0.013
1.836	-20.00	0.1088	-0.009
1.837	-12.66	0.1088	-0.027
1.838	-4.84	0.1088	-0.034
1.839	-0.47	0.1088	-0.036
1.84	3.44	0.1088	-0.035
1.841	6.09	0.1088	-0.029
1.842	6.25	0.1088	-0.023
1.843	6.72	0.1088	-0.017
1.844	6.41	0.1088	-0.009
1.845	4.53	0.1088	-0.004
1.846	1.87	0.1088	-0.000
1.847	0.16	0.1088	-0.000
1.848	-2.34	0.0859	0.000
1.849	-4.22	0.0403	-0.005
1.85	-4.06	0.0403	-0.008
1.851	-5.31	0.0403	-0.013
1.852	-5.62	0.0403	-0.019
1.853	-3.44	0.0403	-0.024
1.854	-2.03	0.0403	-0.026
1.855	-0.63	0.0403	-0.028
1.856	2.97	0.0403	-0.027
1.857	5.31	0.0403	-0.022
1.858	5.47	0.0403	-0.017
1.859	7.34	0.0403	-0.012
1.86	7.66	0.0403	-0.002
1.861	5.94	0.0403	0.004
1.862	4.06	0.0403	0.010
1.863	1.72	0.0403	0.012
1.864	-0.47	0.0391	0.013
1.865	-3.91	0.0366	0.011
1.866	-5.47	0.0366	0.006
1.867	-5.94	0.0366	0.000
1.868	-5.47	0.0366	-0.006
1.869	-4.84	0.0366	-0.011
1.87	-4.53	0.0366	-0.016
1.871	-2.34	0.0366	-0.020
1.872	0.31	0.0366	-0.021
1.873	2.97	0.0366	-0.019
1.874	5.47	0.0366	-0.015
1.875	6.41	0.0366	-0.008
1.876	6.87	0.0366	-0.002
1.877	6.87	0.0366	0.005
1.878	5.31	0.0366	0.012
1.879	2.34	0.0366	0.016
1.88	0.16	0.0369	0.017
1.881	-2.19	0.0375	0.016
1.882	-5.00	0.0375	0.012
1.883	-6.25	0.0375	0.006
1.884	-6.41	0.0375	-0.000
1.885	-6.09	0.0375	-0.007
1.886	-5.47	0.0375	-0.013
1.887	-4.06	0.0375	-0.018
1.888	-1.72	0.0375	-0.021
1.889	1.09	0.0375	-0.021
1.89	4.06	0.0375	-0.018
1.891	5.47	0.0375	-0.013
1.892	6.41	0.0375	-0.007
1.893	6.72	0.0375	0.000
1.894	4.53	0.0375	0.006
1.895	3.28	0.0375	0.009
1.896	3.13	0.0375	0.013
1.897	0.00	0.0375	0.015
1.898	-4.06	0.0375	0.013
1.899	-5.31	0.0375	0.007
1.9	-5.63	0.0375	0.002
1.901	-6.09	0.0375	-0.004
1.902	-5.47	0.0375	-0.010
1.903	-5.16	0.0375	-0.015
1.904	-3.59	0.0375	-0.021
1.905	-0.62	0.0375	-0.022
1.906	1.72	0.0375	-0.022
1.907	4.06	0.0375	-0.019
1.908	5.31	0.0375	-0.014
1.909	6.87	0.0375	-0.008
1.91	6.25	0.0375	0.000
1.911	4.84	0.0375	0.004
1.912	4.06	0.0375	0.010
1.913	1.56	0.0375	0.013
1.914	-0.78	0.0363	0.013
1.915	-3.59	0.0338	0.011
1.916	-5.78	0.0338	0.006
1.917	-6.09	0.0338	-0.001
1.918	-6.09	0.0338	-0.007
1.919	-5.00	0.0338	-0.013
1.92	-3.44	0.0338	-0.017
1.921	-2.19	0.0338	-0.020
1.922	0.00	0.0338	-0.021
1.923	2.97	0.0338	-0.020
1.924	4.53	0.0338	-0.015
1.925	5.47	0.0338	-0.011
1.926	7.03	0.0338	-0.004
1.927	6.25	0.0338	0.003
1.928	4.38	0.0338	0.008
1.929	2.97	0.0338	0.012
1.93	0.63	0.0338	0.014
1.931	-2.50	0.0338	0.013
1.932	-4.69	0.0338	0.009
1.933	-5.31	0.0338	0.004
1.934	-6.09	0.0338	-0.001
1.935	-5.63	0.0338	-0.008
1.936	-3.91	0.0338	-0.013
1.937	-2.97	0.0338	-0.016
1.938	-1.72	0.0338	-0.018
1.939	0.78	0.0338	-0.019
1.94	3.13	0.0338	-0.017
1.941	4.69	0.0338	-0.013
1.942	6.25	0.0338	-0.007
1.943	6.25	0.0338	-0.001
1.944	5.63	0.0338	0.005
1.945	4.22	0.0338	0.011
1.946	1.25	0.0352	0.013
1.947	-0.31	0.0381	0.013
1.948	-2.66	0.0381	0.013
1.949	-4.84	0.0381	0.008
1.95	-5.47	0.0381	0.003
1.951	-6.72	0.0381	-0.003
1.952	-6.09	0.0381	-0.010
1.953	-4.69	0.0381	-0.015
1.954	-2.50	0.0381	-0.020
1.955	-0.94	0.0381	-0.020
1.956	1.72	0.0381	-0.022
1.957	5.16	0.0381	-0.017
1.958	6.09	0.0381	-0.011
1.959	7.03	0.0381	-0.005
1.96	6.87	0.0381	0.003
1.961	5.31	0.0381	0.009
1.962	3.75	0.0381	0.013
1.963	1.72	0.0381	0.017
1.964	-1.09	0.0373	0.017
1.965	-4.38	0.0356	0.014
1.966	-5.78	0.0356	0.008
1.967	-6.72	0.0356	0.003
1.968	-7.03	0.0356	-0.005
1.969	-4.69	0.0356	-0.011
1.97	-3.44	0.0356	-0.015
1.971	-2.03	0.0356	-0.018
1.972	0.00	0.0356	-0.019
1.973	1.88	0.0356	-0.018
1.974	4.37	0.0356	-0.015
1.975	6.56	0.0356	-0.009
1.976	7.50	0.0356	-0.002
1.977	5.94	0.0356	0.006
1.978	5.16	0.0356	0.010
1.979	3.12	0.0356	0.016
1.98	-0.31	0.0538	0.016
1.981	-2.19	0.0900	0.015
1.982	-4.53	0.0900	0.012
1.983	-6.25	0.0900	0.006
1.984	-6.41	0.0900	-0.001
1.985	-5.47	0.0900	-0.007
1.986	-4.69	0.0900	-0.012
1.987	-3.12	0.0900	-0.016
1.988	-1.09	0.0900	-0.018
1.989	1.09	0.0900	-0.018
1.99	6.56	0.0900	-0.016
1.991	12.81	0.0900	-0.005
1.992	16.56	0.0900	0.010
1.993	18.75	0.0900	0.028
1.994	16.72	0.0900	0.048
1.995	12.19	0.0900	0.062
1.996	5.47	0.0900	0.072
1.997	-0.62	0.0907	0.072
1.998	-4.22	0.0922	0.071
1.999	-6.56	0.0922	0.064
2	-8.91	0.0922	0.058
2.001	-11.25	0.0922	0.046
2.002	-10.16	0.0922	0.035
2.003	-10.31	0.0922	0.026
2.004	-13.13	0.0922	0.014
2.005	-14.69	0.0922	-0.000
2.006	-9.69	0.0922	-0.015
2.007	-1.56	0.0922	-0.020
2.008	2.97	0.0922	-0.018
2.009	5.62	0.0922	-0.014
2.01	5.31	0.0922	-0.007
2.011	4.22	0.0922	-0.003
2.012	3.91	0.0922	0.002
2.013	1.56	0.0753	0.005
2.014	-1.41	0.0416	0.005
2.015	-3.91	0.0416	0.002
2.016	-5.31	0.0416	-0.003
2.017	-6.56	0.0416	-0.009
2.018	-6.09	0.0416	-0.016
2.019	-4.69	0.0416	-0.021
2.02	-3.59	0.0416	-0.026
2.021	-1.25	0.0416	-0.028
2.022	0.94	0.0416	-0.028
2.023	3.59	0.0416	-0.026
2.024	5.94	0.0416	-0.021
2.025	6.56	0.0416	-0.014
2.026	7.03	0.0416	-0.008
2.027	6.72	0.0416	-0.000
2.028	5.78	0.0416	0.006
2.029	3.91	0.0416	0.011
2.03	1.87	0.0416	0.013
2.031	-1.09	0.0389	0.015
2.032	-3.91	0.0334	0.011
2.033	-5.00	0.0334	0.007
2.034	-6.87	0.0334	0.001
2.035	-6.41	0.0334	-0.007
2.036	-4.38	0.0334	-0.012
2.037	-3.44	0.0334	-0.015
2.038	-1.41	0.0334	-0.018
2.039	1.56	0.0334	-0.018
2.04	3.59	0.0334	-0.015
2.041	4.53	0.0334	-0.011
2.042	6.09	0.0334	-0.006
2.043	6.72	0.0334	0.001
2.044	5.16	0.0334	0.007
2.045	3.91	0.0334	0.012
2.046	2.34	0.0334	0.015
2.047	-0.16	0.0345	0.016
2.048	-2.81	0.0366	0.015
2.049	-4.84	0.0366	0.011
2.05	-6.56	0.0366	0.005
2.051	-6.87	0.0366	-0.003
2.052	-5.31	0.0366	-0.009
2.053	-5.47	0.0366	-0.013
2.054	-3.59	0.0366	-0.020
2.055	0.16	0.0366	-0.020
2.056	2.19	0.0366	-0.019
2.057	3.75	0.0366	-0.016
2.058	5.16	0.0366	-0.012
2.059	6.56	0.0366	-0.006
2.06	6.25	0.0366	0.001
2.061	5.47	0.0366	0.007
2.062	4.06	0.0366	0.012
2.063	1.72	0.0366	0.015
2.064	-0.94	0.0359	0.016
2.065	-4.22	0.0347	0.013
2.066	-5.16	0.0347	0.007
2.067	-5.78	0.0347	0.003
2.068	-6.56	0.0347	-0.004
2.069	-5.16	0.0347	-0.010
2.07	-3.75	0.0347	-0.015
2.071	-2.19	0.0347	-0.018
2.072	0.31	0.0347	-0.019
2.073	3.75	0.0347	-0.017
2.074	5.47	0.0347	-0.012
2.075	5.94	0.0347	-0.006
2.076	6.56	0.0347	0.000
2.077	5.31	0.0347	0.007
2.078	3.44	0.0347	0.011
2.079	2.34	0.0347	0.014
2.08	0.62	0.0447	0.016
2.081	-1.88	0.0647	0.015
2.082	-4.84	0.0647	0.012
2.083	-6.25	0.0647	0.005
2.084	-6.87	0.0647	-0.001
2.085	-6.56	0.0647	-0.008
2.086	-4.69	0.0647	-0.014
2.087	-3.75	0.0647	-0.018
2.088	-1.41	0.0647	-0.021
2.089	1.88	0.0647	-0.021
2.09	5.31	0.0647	-0.018
2.091	9.69	0.0647	-0.010
2.092	13.59	0.0647	0.002
2.093	15.00	0.0647	0.017
2.094	13.13	0.0647	0.032
2.095	10.00	0.0647	0.043
2.096	4.06	0.0617	0.052
2.097	-2.50	0.0556	0.052
2.098	-7.19	0.0556	0.047
2.099	-7.66	0.0556	0.037
2.1	-5.47	0.0556	0.032
2.101	-2.97	0.0556	0.026
2.102	-3.44	0.0556	0.026
2.103	-9.06	0.0556	0.019
2.104	-10.16	0.0556	0.007
2.105	-5.63	0.0556	-0.001
2.106	-0.47	0.0556	-0.004
2.107	2.34	0.0556	-0.002
2.108	3.12	0.0556	0.001
2.109	3.75	0.0556	0.004
2.11	3.28	0.0556	0.008
2.111	2.66	0.0556	0.011
2.112	1.56	0.0556	0.014
2.113	-0.62	0.0508	0.014
2.114	-3.12	0.0412	0.013
2.115	-5.31	0.0412	0.008
2.116	-5.78	0.0412	0.002
2.117	-6.56	0.0412	-0.004
2.118	-6.56	0.0412	-0.011
2.119	-5.78	0.0412	-0.017
2.12	-4.69	0.0412	-0.023
2.121	-2.03	0.0412	-0.026
2.122	0.62	0.0412	-0.027
2.123	4.38	0.0412	-0.025
2.124	7.50	0.0412	-0.018
2.125	7.19	0.0412	-0.010
2.126	6.25	0.0412	-0.004
2.127	6.41	0.0412	0.003
2.128	5.47	0.0412	0.009
2.129	2.66	0.0412	0.013
2.13	0.62	0.0412	0.014
2.131	-2.03	0.0399	0.015
2.132	-5.31	0.0372	0.010
2.133	-5.47	0.0372	0.004
2.134	-5.16	0.0372	-0.001
2.135	-5.47	0.0372	-0.006
2.136	-4.53	0.0372	-0.012
2.137	-2.81	0.0372	-0.015
2.138	-1.72	0.0372	-0.017
2.139	0.16	0.0372	-0.019
2.14	3.75	0.0372	-0.017
2.141	5.63	0.0372	-0.011
2.142	7.03	0.0372	-0.006
2.143	7.81	0.0372	0.003
2.144	6.09	0.0372	0.010
2.145	4.22	0.0372	0.015
2.146	2.34	0.0372	0.018
2.147	0.00	0.0364	0.020
2.148	-2.81	0.0347	0.018
2.149	-4.69	0.0347	0.014
2.15	-5.62	0.0347	0.009
2.151	-6.56	0.0347	0.003
2.152	-5.94	0.0347	-0.004
2.153	-4.22	0.0347	-0.009
2.154	-2.97	0.0347	-0.013
2.155	-1.09	0.0347	-0.015
2.156	2.19	0.0347	-0.015
2.157	4.69	0.0347	-0.011
2.158	5.78	0.0347	-0.005
2.159	6.25	0.0347	0.001
2.16	5.47	0.0347	0.007
2.161	4.84	0.0347	0.012
2.162	3.59	0.0347	0.017
2.163	0.78	0.0390	0.019
2.164	-1.72	0.0475	0.018
2.165	-3.75	0.0475	0.016
2.166	-5.16	0.0475	0.011
2.167	-5.31	0.0475	0.005
2.168	-5.63	0.0475	0.000
2.169	-7.19	0.0475	-0.006
2.17	-7.34	0.0475	-0.014
2.171	-5.16	0.0475	-0.021
2.172	-3.12	0.0475	-0.024
2.173	-1.09	0.0475	-0.027
2.174	1.41	0.0475	-0.027
2.175	4.53	0.0475	-0.024
2.176	8.28	0.0475	-0.018
2.177	11.25	0.0475	-0.007
2.178	11.09	0.0475	0.005
2.179	7.81	0.0475	0.015
2.18	5.00	0.0475	0.021
2.181	0.62	0.0434	0.025
2.182	-3.28	0.0353	0.022
2.183	-4.53	0.0353	0.018
2.184	-6.09	0.0353	0.013
2.185	-6.41	0.0353	0.006
2.186	-5.94	0.0353	0.000
2.187	-5.00	0.0353	-0.006
2.188	-2.34	0.0353	-0.010
2.189	0.62	0.0353	-0.011
2.19	3.28	0.0353	-0.009
2.191	5.16	0.0353	-0.004
2.192	6.41	0.0353	0.002
2.193	6.25	0.0353	0.009
2.194	5.31	0.0353	0.014
2.195	3.59	0.0353	0.019
2.196	1.09	0.0353	0.021
2.197	-1.25	0.0358	0.022
2.198	-3.75	0.0369	0.019
2.199	-5.78	0.0369	0.014
2.2	-6.56	0.0369	0.007
2.201	-5.94	0.0369	0.001
2.202	-5.63	0.0369	-0.005
2.203	-4.84	0.0369	-0.010
2.204	-2.19	0.0369	-0.014
2.205	-0.47	0.0369	-0.015
2.206	2.03	0.0369	-0.015
2.207	5.63	0.0369	-0.011
2.208	5.78	0.0369	-0.004
2.209	5.47	0.0369	0.001
2.21	6.56	0.0369	0.007
2.211	6.09	0.0369	0.014
2.212	2.97	0.0369	0.019
2.213	-1.09	0.0591	0.020
2.214	-6.72	0.1034	0.017
2.215	-13.44	0.1034	0.007
2.216	-15.16	0.1034	-0.010
2.217	-12.50	0.1034	-0.024
2.218	-10.16	0.1034	-0.035
2.219	-6.87	0.1034	-0.044
2.22	-1.41	0.1034	-0.049
2.221	3.44	0.1034	-0.047
2.222	2.66	0.1034	-0.042
2.223	3.28	0.1034	-0.042
2.224	5.63	0.1034	-0.035
2.225	9.37	0.1034	-0.030
2.226	15.31	0.1034	-0.017
2.227	18.28	0.1034	0.000
2.228	20.00	0.1034	0.020
2.229	17.34	0.1034	0.040
2.23	10.78	0.1034	0.055
2.231	2.97	0.0868	0.062
2.232	-2.97	0.0534	0.061
2.233	-7.03	0.0534	0.056
2.234	-9.53	0.0534	0.047
2.235	-8.75	0.0534	0.037
2.236	-8.59	0.0534	0.029
2.237	-7.66	0.0534	0.020
2.238	-5.16	0.0534	0.014
2.239	-2.66	0.0534	0.009
2.24	1.56	0.0534	0.008
2.241	4.22	0.0534	0.013
2.242	4.22	0.0534	0.017
2.243	3.91	0.0534	0.021
2.244	4.22	0.0534	0.025
2.245	3.44	0.0534	0.029
2.246	1.56	0.0534	0.032
2.247	0.00	0.0491	0.033
2.248	-4.37	0.0403	0.032
2.249	-6.72	0.0403	0.024
2.25	-5.94	0.0403	0.018
2.251	-6.56	0.0403	0.012
2.252	-6.09	0.0403	0.005
2.253	-5.16	0.0403	-0.000
2.254	-3.59	0.0403	-0.005
2.255	-1.25	0.0403	-0.007
2.256	1.09	0.0403	-0.008
2.257	3.28	0.0403	-0.005
2.258	5.47	0.0403	-0.001
2.259	7.19	0.0403	0.006
2.26	6.41	0.0403	0.013
2.261	5.78	0.0403	0.018
2.262	3.91	0.0403	0.025
2.263	0.78	0.0401	0.026
2.264	-1.87	0.0397	0.026
2.265	-4.22	0.0397	0.022
2.266	-5.94	0.0397	0.018
2.267	-7.66	0.0397	0.011
2.268	-7.03	0.0397	0.003
2.269	-5.63	0.0397	-0.003
2.27	-5.00	0.0397	-0.009
2.271	-2.19	0.0397	-0.013
2.272	0.16	0.0397	-0.013
2.273	2.34	0.0397	-0.013
2.274	4.69	0.0397	-0.008
2.275	5.16	0.0397	-0.004
2.276	5.94	0.0397	0.002
2.277	5.63	0.0397	0.008
2.278	4.22	0.0397	0.013
2.279	2.66	0.0397	0.017
2.28	0.16	0.0401	0.018
2.281	-3.12	0.0409	0.017
2.282	-5.78	0.0409	0.012
2.283	-5.94	0.0409	0.005
2.284	-6.41	0.0409	0.000
2.285	-7.03	0.0409	-0.007
2.286	-5.94	0.0409	-0.014
2.287	-4.38	0.0409	-0.019
2.288	-1.56	0.0409	-0.022
2.289	1.09	0.0409	-0.022
2.29	3.59	0.0409	-0.020
2.291	5.16	0.0409	-0.015
2.292	6.56	0.0409	-0.010
2.293	7.34	0.0409	-0.002
2.294	6.09	0.0409	0.005
2.295	4.53	0.0409	0.010
2.296	1.88	0.0393	0.014
2.297	-0.62	0.0359	0.014
2.298	-4.06	0.0359	0.013
2.299	-5.47	0.0359	0.006
2.3	-5.94	0.0359	0.002
2.301	-6.72	0.0359	-0.006
2.302	-5.00	0.0359	-0.012
2.303	-4.53	0.0359	-0.016
2.304	-2.81	0.0359	-0.021
2.305	-0.47	0.0359	-0.022
2.306	2.03	0.0359	-0.022
2.307	3.91	0.0359	-0.018
2.308	5.47	0.0359	-0.014
2.309	7.19	0.0359	-0.007
2.31	6.56	0.0359	0.000
2.311	6.25	0.0359	0.006
2.312	3.91	0.0359	0.013
2.313	1.25	0.0359	0.014
2.314	-0.78	0.0518	0.015
2.315	-4.06	0.0834	0.013
2.316	-5.94	0.0834	0.007
2.317	-6.56	0.0834	0.001
2.318	-7.34	0.0834	-0.006
2.319	-6.56	0.0834	-0.014
2.32	-3.91	0.0834	-0.019
2.321	-0.47	0.0834	-0.022
2.322	4.38	0.0834	-0.020
2.323	10.94	0.0834	-0.013
2.324	14.53	0.0834	0.002
2.325	14.53	0.0834	0.016
2.326	12.97	0.0834	0.031
2.327	6.87	0.0834	0.042
2.328	2.50	0.0834	0.045
2.329	4.53	0.0834	0.047
2.33	7.34	0.0834	0.054
2.331	4.69	0.0834	0.062
2.332	-1.88	0.0806	0.063
2.333	-8.59	0.0750	0.058
2.334	-15.00	0.0750	0.046
2.335	-17.03	0.0750	0.028
2.336	-14.06	0.0750	0.012
2.337	-9.53	0.0750	-0.000
2.338	-5.31	0.0750	-0.007
2.339	-2.34	0.0750	-0.011
2.34	0.16	0.0750	-0.012
2.341	2.19	0.0750	-0.011
2.342	3.28	0.0750	-0.007
2.343	3.59	0.0750	-0.004
2.344	4.06	0.0750	-0.000
2.345	3.44	0.0750	0.004
2.346	0.78	0.0644	0.007
2.347	-1.25	0.0431	0.006
2.348	-4.84	0.0431	0.004
2.349	-8.28	0.0431	-0.004
2.35	-7.19	0.0431	-0.013
2.351	-5.47	0.0431	-0.018
2.352	-4.84	0.0431	-0.023
2.353	-4.69	0.0431	-0.028
2.354	-2.19	0.0431	-0.033
2.355	0.62	0.0431	-0.033
2.356	2.34	0.0431	-0.032
2.357	5.78	0.0431	-0.028
2.358	7.34	0.0431	-0.020
2.359	7.81	0.0431	-0.013
2.36	7.81	0.0431	-0.004
2.361	5.78	0.0431	0.003
2.362	3.91	0.0431	0.007
2.363	2.50	0.0431	0.010
2.364	0.00	0.0412	0.012
2.365	-3.75	0.0375	0.010
2.366	-5.47	0.0375	0.005
2.367	-5.63	0.0375	-0.001
2.368	-5.47	0.0375	-0.007
2.369	-4.69	0.0375	-0.012
2.37	-4.06	0.0375	-0.016
2.371	-1.88	0.0375	-0.020
2.372	0.78	0.0375	-0.020
2.373	3.59	0.0375	-0.018
2.374	5.62	0.0375	-0.013
2.375	6.41	0.0375	-0.007
2.376	6.09	0.0375	0.000
2.377	5.47	0.0375	0.005
2.378	5.47	0.0375	0.011
2.379	3.28	0.0375	0.016
2.38	1.25	0.0375	0.018
2.381	-1.41	0.0369	0.019
2.382	-5.16	0.0356	0.015
2.383	-5.78	0.0356	0.008
2.384	-5.47	0.0356	0.003
2.385	-5.31	0.0356	-0.003
2.386	-5.31	0.0356	-0.007
2.387	-3.91	0.0356	-0.013
2.388	-1.09	0.0356	-0.015
2.389	0.31	0.0356	-0.015
2.39	3.59	0.0356	-0.014
2.391	5.00	0.0356	-0.008
2.392	5.78	0.0356	-0.004
2.393	7.66	0.0356	0.003
2.394	6.87	0.0356	0.011
2.395	4.69	0.0356	0.017
2.396	2.34	0.0356	0.020
2.397	0.00	0.0358	0.022
2.398	-3.44	0.0363	0.020
2.399	-5.00	0.0363	0.015
2.4	-5.94	0.0363	0.010
2.401	-7.50	0.0363	0.003
2.402	-6.56	0.0363	-0.005
2.403	-4.53	0.0363	-0.010
2.404	-2.19	0.0363	-0.014
2.405	-0.16	0.0363	-0.014
2.406	3.13	0.0363	-0.014
2.407	6.41	0.0363	-0.008
2.408	5.94	0.0363	-0.001
2.409	5.94	0.0363	0.004
2.41	6.41	0.0363	0.011
2.411	5.62	0.0363	0.017
2.412	3.28	0.0363	0.022
2.413	0.31	0.0427	0.023
2.414	-2.34	0.0556	0.022
2.415	-4.38	0.0556	0.018
2.416	-5.62	0.0556	0.014
2.417	-5.94	0.0556	0.007
2.418	-2.03	0.0556	0.002
2.419	1.41	0.0556	0.003
2.42	3.91	0.0556	0.005
2.421	5.94	0.0556	0.011
2.422	5.00	0.0556	0.017
2.423	4.06	0.0556	0.021
2.424	2.81	0.0556	0.025
2.425	2.03	0.0556	0.027
2.426	5.31	0.0556	0.029
2.427	9.06	0.0556	0.037
2.428	10.16	0.0556	0.047
2.429	5.63	0.0556	0.058
2.43	-3.28	0.0621	0.058
2.431	-8.75	0.0750	0.051
2.432	-9.69	0.0750	0.041
2.433	-8.44	0.0750	0.032
2.434	-9.53	0.0750	0.024
2.435	-10.31	0.0750	0.013
2.436	-8.91	0.0750	0.003
2.437	-7.50	0.0750	-0.005
2.438	-5.62	0.0750	-0.012
2.439	-2.50	0.0750	-0.017
2.44	1.09	0.0750	-0.017
2.441	3.13	0.0750	-0.014
2.442	5.47	0.0750	-0.011
2.443	6.72	0.0750	-0.003
2.444	5.16	0.0750	0.003
2.445	3.91	0.0750	0.007
2.446	1.72	0.0630	0.011
2.447	-0.62	0.0391	0.010
2.448	-2.66	0.0391	0.009
2.449	-4.69	0.0391	0.005
2.45	-5.78	0.0391	0.000
2.451	-5.78	0.0391	-0.007
2.452	-5.00	0.0391	-0.012
2.453	-4.37	0.0391	-0.017
2.454	-2.81	0.0391	-0.020
2.455	-0.78	0.0391	-0.022
2.456	2.19	0.0391	-0.022
2.457	5.16	0.0391	-0.018
2.458	6.87	0.0391	-0.012
2.459	7.03	0.0391	-0.004
2.46	6.09	0.0391	0.003
2.461	6.09	0.0391	0.008
2.462	4.38	0.0391	0.015
2.463	1.41	0.0391	0.017
2.464	0.16	0.0433	0.018
2.465	-3.12	0.0519	0.017
2.466	-5.47	0.0519	0.011
2.467	-5.78	0.0519	0.006
2.468	-8.28	0.0519	-0.000
2.469	-8.59	0.0519	-0.010
2.47	-7.34	0.0519	-0.018
2.471	-5.78	0.0519	-0.025
2.472	-1.25	0.0519	-0.029
2.473	5.16	0.0519	-0.028
2.474	9.37	0.0519	-0.019
2.475	10.47	0.0519	-0.009
2.476	11.56	0.0519	0.002
2.477	10.31	0.0519	0.014
2.478	7.03	0.0519	0.023
2.479	2.81	0.0597	0.028
2.48	-2.19	0.0753	0.028
2.481	-6.88	0.0753	0.024
2.482	-10.47	0.0753	0.015
2.483	-12.81	0.0753	0.003
2.484	-13.59	0.0753	-0.011
2.485	-11.72	0.0753	-0.024
2.486	-9.53	0.0753	-0.034
2.487	-6.25	0.0753	-0.043
2.488	-1.25	0.0753	-0.047
2.489	3.28	0.0753	-0.046
2.49	7.34	0.0753	-0.040
2.491	10.31	0.0753	-0.031
2.492	13.28	0.0753	-0.020
2.493	13.75	0.0753	-0.004
2.494	11.41	0.0753	0.008
2.495	9.37	0.0753	0.018
2.496	5.31	0.0753	0.027
2.497	0.94	0.0733	0.029
2.498	-4.06	0.0694	0.028
2.499	-8.91	0.0694	0.021
2.5	-10.47	0.0694	0.011
2.501	-11.87	0.0694	0.000
2.502	-12.03	0.0694	-0.013
2.503	-9.53	0.0694	-0.024
2.504	-5.31	0.0694	-0.032
2.505	-1.56	0.0694	-0.035
2.506	3.12	0.0694	-0.035
2.507	8.59	0.0694	-0.028
2.508	10.31	0.0694	-0.018
2.509	12.19	0.0694	-0.008
2.51	12.97	0.0694	0.006
2.511	10.62	0.0694	0.018
2.512	7.97	0.0694	0.028
2.513	3.59	0.0694	0.034
2.514	-1.09	0.0751	0.035
2.515	-6.09	0.0866	0.032
2.516	-9.37	0.0866	0.022
2.517	-11.72	0.0866	0.013
2.518	-13.59	0.0866	-0.001
2.519	-12.34	0.0866	-0.014
2.52	-11.41	0.0866	-0.026
2.521	-6.56	0.0866	-0.037
2.522	0.16	0.0866	-0.039
2.523	5.16	0.0866	-0.037
2.524	10.47	0.0866	-0.028
2.525	14.84	0.0866	-0.016
2.526	16.41	0.0866	0.001
2.527	15.00	0.0866	0.017
2.528	13.44	0.0866	0.031
2.529	8.28	0.0866	0.044
2.53	2.66	0.0866	0.048
2.531	-2.50	0.0869	0.049
2.532	-9.69	0.0875	0.043
2.533	-13.91	0.0875	0.030
2.534	-15.63	0.0875	0.015
2.535	-15.94	0.0875	-0.001
2.536	-13.75	0.0875	-0.017
2.537	-9.69	0.0875	-0.029
2.538	-4.69	0.0875	-0.036
2.539	1.09	0.0875	-0.038
2.54	7.66	0.0875	-0.034
2.541	12.19	0.0875	-0.023
2.542	15.00	0.0875	-0.010
2.543	17.03	0.0875	0.007
2.544	15.47	0.0875	0.024
2.545	11.87	0.0875	0.038
2.546	7.34	0.0875	0.048
2.547	0.47	0.0899	0.053
2.548	-6.41	0.0947	0.049
2.549	-10.47	0.0947	0.040
2.55	-13.13	0.0947	0.028
2.551	-16.25	0.0947	0.014
2.552	-15.94	0.0947	-0.004
2.553	-12.97	0.0947	-0.018
2.554	-10.78	0.0947	-0.030
2.555	-5.78	0.0947	-0.040
2.556	1.41	0.0947	-0.042
2.557	7.97	0.0947	-0.037
2.558	12.50	0.0947	-0.026
2.559	15.31	0.0947	-0.012
2.56	15.47	0.0947	0.005
2.561	14.53	0.0947	0.019
2.562	12.50	0.0947	0.034
2.563	6.41	0.0947	0.044
2.564	0.16	0.0883	0.047
2.565	-6.72	0.0756	0.044
2.566	-10.47	0.0756	0.033
2.567	-11.09	0.0756	0.023
2.568	-9.53	0.0756	0.011
2.569	-4.53	0.0756	0.004
2.57	-2.81	0.0756	0.002
2.571	-1.88	0.0756	-0.001
2.572	1.56	0.0756	-0.002
2.573	7.81	0.0756	0.002
2.574	14.84	0.0756	0.014
2.575	18.91	0.0756	0.032
2.576	21.09	0.0756	0.052
2.577	16.09	0.0756	0.074
2.578	4.38	0.0830	0.084
2.579	-3.13	0.0978	0.083
2.58	-5.94	0.0978	0.077
2.581	-8.75	0.0978	0.071
2.582	-12.19	0.0978	0.060
2.583	-13.12	0.0978	0.046
2.584	-14.69	0.0978	0.034
2.585	-13.44	0.0978	0.017
2.586	-9.37	0.0978	0.007
2.587	-8.75	0.0978	-0.002
2.588	-6.09	0.0978	-0.011
2.589	-1.56	0.0978	-0.014
2.59	2.19	0.0978	-0.014
2.591	4.69	0.0978	-0.010
2.592	6.41	0.0978	-0.004
2.593	6.87	0.0978	0.003
2.594	5.31	0.0978	0.009
2.595	4.53	0.0978	0.014
2.596	2.66	0.0978	0.018
2.597	-0.31	0.0776	0.019
2.598	-2.66	0.0372	0.018
2.599	-5.00	0.0372	0.014
2.6	-5.63	0.0372	0.008
2.601	-5.16	0.0372	0.003
2.602	-5.00	0.0372	-0.003
2.603	-4.69	0.0372	-0.007
2.604	-2.81	0.0372	-0.012
2.605	-0.47	0.0372	-0.013
2.606	1.56	0.0372	-0.013
2.607	5.00	0.0372	-0.010
2.608	6.25	0.0372	-0.003
2.609	6.09	0.0372	0.003
2.61	7.03	0.0372	0.009
2.611	5.63	0.0372	0.017
2.612	3.75	0.0372	0.021
2.613	2.81	0.0372	0.024
2.614	-0.16	0.0370	0.026
2.615	-3.91	0.0366	0.024
2.616	-5.31	0.0366	0.018
2.617	-5.94	0.0366	0.013
2.618	-6.72	0.0366	0.007
2.619	-5.47	0.0366	-0.000
2.62	-4.06	0.0366	-0.004
2.621	-2.97	0.0366	-0.008
2.622	-0.16	0.0366	-0.010
2.623	3.28	0.0366	-0.009
2.624	5.16	0.0366	-0.004
2.625	6.09	0.0366	0.002
2.626	6.72	0.0366	0.008
2.627	6.09	0.0366	0.015
2.628	5.00	0.0366	0.021
2.629	2.66	0.0366	0.025
2.63	0.16	0.0370	0.026
2.631	-2.03	0.0378	0.025
2.632	-4.22	0.0378	0.022
2.633	-6.25	0.0378	0.017
2.634	-7.03	0.0378	0.009
2.635	-6.09	0.0378	0.003
2.636	-5.31	0.0378	-0.003
2.637	-4.22	0.0378	-0.008
2.638	-2.03	0.0378	-0.011
2.639	0.94	0.0378	-0.012
2.64	3.91	0.0378	-0.009
2.641	5.78	0.0378	-0.004
2.642	6.25	0.0378	0.002
2.643	6.41	0.0378	0.008
2.644	5.78	0.0378	0.015
2.645	4.22	0.0378	0.020
2.646	2.34	0.0378	0.023
2.647	0.16	0.0379	0.025
2.648	-3.91	0.0381	0.024
2.649	-6.25	0.0381	0.017
2.65	-6.25	0.0381	0.011
2.651	-6.87	0.0381	0.004
2.652	-5.94	0.0381	-0.003
2.653	-4.53	0.0381	-0.007
2.654	-2.66	0.0381	-0.012
2.655	-0.94	0.0381	-0.013
2.656	2.03	0.0381	-0.013
2.657	4.69	0.0381	-0.009
2.658	6.41	0.0381	-0.004
2.659	7.50	0.0381	0.004
2.66	5.94	0.0381	0.011
2.661	5.31	0.0381	0.016
2.662	4.38	0.0381	0.022
2.663	1.88	0.0381	0.025
2.664	-0.78	0.0380	0.025
2.665	-4.38	0.0378	0.023
2.666	-5.94	0.0378	0.017
2.667	-6.56	0.0378	0.011
2.668	-6.87	0.0378	0.003
2.669	-5.31	0.0378	-0.003
2.67	-4.38	0.0378	-0.007
2.671	-2.34	0.0378	-0.011
2.672	0.16	0.0378	-0.012
2.673	2.19	0.0378	-0.011
2.674	4.53	0.0378	-0.007
2.675	6.56	0.0378	-0.002
2.676	7.34	0.0378	0.006
2.677	6.72	0.0378	0.013
2.678	6.56	0.0378	0.019
2.679	3.28	0.0378	0.026
2.68	0.47	0.0378	0.026
2.681	-1.25	0.0370	0.027
2.682	-5.16	0.0353	0.023
2.683	-5.78	0.0353	0.017
2.684	-6.09	0.0353	0.012
2.685	-6.25	0.0353	0.004
2.686	-5.00	0.0353	-0.001
2.687	-3.75	0.0353	-0.006
2.688	-1.41	0.0353	-0.008
2.689	0.63	0.0353	-0.008
2.69	3.28	0.0353	-0.007
2.691	5.47	0.0353	-0.002
2.692	6.56	0.0353	0.004
2.693	7.03	0.0353	0.011
2.694	5.31	0.0353	0.018
2.695	4.38	0.0353	0.022
2.696	2.19	0.0351	0.027
2.697	-1.41	0.0347	0.026
2.698	-3.75	0.0347	0.024
2.699	-4.84	0.0347	0.019
2.7	-5.00	0.0347	0.014
2.701	-5.62	0.0347	0.009
2.702	-5.31	0.0347	0.003
2.703	-4.69	0.0347	-0.002
2.704	-2.81	0.0347	-0.007
2.705	-0.78	0.0347	-0.007
2.706	1.25	0.0347	-0.008
2.707	4.53	0.0347	-0.005
2.708	5.94	0.0347	0.001
2.709	5.94	0.0347	0.007
2.71	5.62	0.0347	0.013
2.711	5.16	0.0347	0.018
2.712	4.22	0.0347	0.023
2.713	1.72	0.0474	0.027
2.714	-1.25	0.0728	0.027
2.715	-3.59	0.0728	0.024
2.716	-5.62	0.0728	0.019
2.717	-6.56	0.0728	0.013
2.718	-5.94	0.0728	0.006
2.719	-5.47	0.0728	0.001
2.72	-5.16	0.0728	-0.005
2.721	-2.66	0.0728	-0.009
2.722	-0.47	0.0728	-0.010
2.723	1.56	0.0728	-0.010
2.724	4.53	0.0728	-0.007
2.725	6.72	0.0728	-0.001
2.726	10.31	0.0728	0.007
2.727	14.06	0.0728	0.019
2.728	15.16	0.0728	0.035
2.729	13.91	0.0728	0.050
2.73	8.75	0.0728	0.063
2.731	-0.78	0.0655	0.067
2.732	-7.66	0.0509	0.061
2.733	-8.13	0.0509	0.052
2.734	-6.87	0.0509	0.045
2.735	-3.28	0.0509	0.038
2.736	0.31	0.0509	0.038
2.737	-2.03	0.0509	0.039
2.738	-8.12	0.0509	0.034
2.739	-8.91	0.0509	0.022
2.74	-2.50	0.0509	0.016
2.741	1.72	0.0509	0.018
2.742	3.28	0.0509	0.020
2.743	3.59	0.0509	0.024
2.744	2.03	0.0509	0.027
2.745	0.62	0.0484	0.028
2.746	-0.62	0.0434	0.028
2.747	-1.72	0.0434	0.027
2.748	-4.22	0.0434	0.025
2.749	-7.34	0.0434	0.018
2.75	-7.81	0.0434	0.010
2.751	-6.87	0.0434	0.003
2.752	-6.09	0.0434	-0.004
2.753	-4.69	0.0434	-0.009
2.754	-2.50	0.0434	-0.013
2.755	-1.09	0.0434	-0.014
2.756	1.25	0.0434	-0.015
2.757	4.53	0.0434	-0.012
2.758	5.31	0.0434	-0.006
2.759	6.56	0.0434	-0.001
2.76	7.34	0.0434	0.007
2.761	6.88	0.0434	0.013
2.762	4.37	0.0434	0.021
2.763	1.25	0.0434	0.022
2.764	-0.62	0.0408	0.023
2.765	-4.38	0.0356	0.021
2.766	-5.47	0.0356	0.014
2.767	-5.47	0.0356	0.010
2.768	-5.94	0.0356	0.003
2.769	-5.00	0.0356	-0.002
2.77	-4.06	0.0356	-0.007
2.771	-2.50	0.0356	-0.010
2.772	-0.16	0.0356	-0.012
2.773	2.81	0.0356	-0.010
2.774	4.38	0.0356	-0.006
2.775	5.78	0.0356	-0.002
2.776	7.19	0.0356	0.006
2.777	6.25	0.0356	0.013
2.778	4.84	0.0356	0.018
2.779	2.97	0.0356	0.022
2.78	1.09	0.0356	0.024
2.781	-1.88	0.0361	0.025
2.782	-4.69	0.0372	0.020
2.783	-5.62	0.0372	0.015
2.784	-6.87	0.0372	0.009
2.785	-6.41	0.0372	0.002
2.786	-5.16	0.0372	-0.004
2.787	-4.22	0.0372	-0.009
2.788	-1.88	0.0372	-0.012
2.789	0.47	0.0372	-0.013
2.79	3.44	0.0372	-0.011
2.791	5.63	0.0372	-0.006
2.792	6.41	0.0372	0.000
2.793	6.09	0.0372	0.007
2.794	5.00	0.0372	0.012
2.795	4.38	0.0372	0.017
2.796	2.03	0.0372	0.021
2.797	-0.16	0.0394	0.021
2.798	-2.97	0.0438	0.021
2.799	-4.69	0.0438	0.015
2.8	-4.22	0.0438	0.011
2.801	-5.78	0.0438	0.007
2.802	-6.41	0.0438	-0.000
2.803	-5.47	0.0438	-0.006
2.804	-4.53	0.0438	-0.011
2.805	-3.91	0.0438	-0.015
2.806	-3.75	0.0438	-0.019
2.807	-1.25	0.0438	-0.022
2.808	3.91	0.0438	-0.022
2.809	6.72	0.0438	-0.015
2.81	2.81	0.0451	-0.008
2.811	-0.31	0.0478	-0.009
2.812	-1.41	0.0478	-0.009
2.813	-3.44	0.0478	-0.012
2.814	-2.66	0.0478	-0.016
2.815	0.62	0.0478	-0.017
2.816	5.00	0.0478	-0.014
2.817	6.87	0.0478	-0.007
2.818	6.09	0.0478	-0.001
2.819	5.31	0.0478	0.005
2.82	4.22	0.0478	0.010
2.821	2.81	0.0478	0.013
2.822	1.41	0.0478	0.016
2.823	1.41	0.0478	0.016
2.824	2.34	0.0478	0.018
2.825	2.34	0.0478	0.021
2.826	3.75	0.0478	0.023
2.827	3.75	0.0478	0.028
2.828	2.81	0.0478	0.031
2.829	1.72	0.0465	0.034
2.83	-0.78	0.0438	0.034
2.831	-3.13	0.0438	0.033
2.832	-5.78	0.0438	0.028
2.833	-7.50	0.0438	0.021
2.834	-7.50	0.0438	0.013
2.835	-6.56	0.0438	0.006
2.836	-4.84	0.0438	-0.000
2.837	-4.53	0.0438	-0.004
2.838	-2.97	0.0438	-0.009
2.839	1.56	0.0438	-0.010
2.84	3.75	0.0438	-0.006
2.841	3.75	0.0438	-0.002
2.842	5.78	0.0438	0.001
2.843	6.72	0.0438	0.009
2.844	5.00	0.0438	0.015
2.845	4.84	0.0438	0.019
2.846	3.44	0.0438	0.024
2.847	-0.31	0.0429	0.026
2.848	-3.28	0.0412	0.024
2.849	-5.47	0.0412	0.020
2.85	-6.87	0.0412	0.013
2.851	-6.87	0.0412	0.006
2.852	-6.09	0.0412	-0.001
2.853	-5.31	0.0412	-0.006
2.854	-3.44	0.0412	-0.012
2.855	-1.72	0.0412	-0.013
2.856	0.31	0.0412	-0.015
2.857	4.53	0.0412	-0.013
2.858	6.41	0.0412	-0.006
2.859	6.41	0.0412	0.000
2.86	5.94	0.0412	0.007
2.861	5.16	0.0412	0.012
2.862	3.59	0.0412	0.017
2.863	1.25	0.0412	0.019
2.864	-1.72	0.0417	0.020
2.865	-4.84	0.0425	0.016
2.866	-7.03	0.0425	0.010
2.867	-7.34	0.0425	0.002
2.868	-6.41	0.0425	-0.005
2.869	-5.78	0.0425	-0.011
2.87	-4.22	0.0425	-0.016
2.871	-2.97	0.0425	-0.019
2.872	-1.72	0.0425	-0.022
2.873	2.34	0.0425	-0.023
2.874	5.31	0.0425	-0.018
2.875	5.94	0.0425	-0.012
2.876	7.34	0.0425	-0.006
2.877	6.72	0.0425	0.003
2.878	4.38	0.0425	0.008
2.879	2.97	0.0425	0.011
2.88	0.94	0.0406	0.014
2.881	-2.50	0.0369	0.013
2.882	-5.00	0.0369	0.009
2.883	-5.63	0.0369	0.003
2.884	-5.94	0.0369	-0.003
2.885	-5.78	0.0369	-0.009
2.886	-5.16	0.0369	-0.014
2.887	-4.38	0.0369	-0.019
2.888	-2.03	0.0369	-0.023
2.889	1.25	0.0369	-0.023
2.89	4.06	0.0369	-0.020
2.891	5.31	0.0369	-0.015
2.892	6.09	0.0369	-0.010
2.893	6.56	0.0369	-0.003
2.894	5.78	0.0369	0.003
2.895	4.53	0.0369	0.009
2.896	1.88	0.0369	0.013
2.897	-0.31	0.0373	0.013
2.898	-2.81	0.0381	0.012
2.899	-5.31	0.0381	0.007
2.9	-6.25	0.0381	0.001
2.901	-5.94	0.0381	-0.006
2.902	-5.00	0.0381	-0.011
2.903	-5.00	0.0381	-0.016
2.904	-3.59	0.0381	-0.021
2.905	-1.41	0.0381	-0.023
2.906	1.09	0.0381	-0.023
2.907	4.38	0.0381	-0.021
2.908	5.78	0.0381	-0.015
2.909	6.87	0.0381	-0.009
2.91	7.03	0.0381	-0.001
2.911	5.63	0.0381	0.005
2.912	4.84	0.0381	0.010
2.913	3.12	0.0381	0.015
2.914	-0.62	0.0387	0.017
2.915	-4.69	0.0400	0.013
2.916	-6.25	0.0400	0.007
2.917	-6.87	0.0400	0.001
2.918	-6.41	0.0400	-0.007
2.919	-5.47	0.0400	-0.012
2.92	-5.31	0.0400	-0.018
2.921	-2.97	0.0400	-0.022
2.922	0.00	0.0400	-0.023
2.923	2.97	0.0400	-0.022
2.924	5.31	0.0400	-0.018
2.925	6.25	0.0400	-0.012
2.926	7.50	0.0400	-0.005
2.927	6.25	0.0400	0.003
2.928	5.16	0.0400	0.007
2.929	3.28	0.0400	0.013
2.93	0.31	0.0400	0.014
2.931	-1.41	0.0400	0.014
2.932	-4.84	0.0400	0.011
2.933	-6.56	0.0400	0.004
2.934	-6.72	0.0400	-0.002
2.935	-6.25	0.0400	-0.009
2.936	-6.25	0.0400	-0.014
2.937	-5.47	0.0400	-0.022
2.938	-2.19	0.0400	-0.025
2.939	3.28	0.0400	-0.026
2.94	8.12	0.0400	-0.019
2.941	5.16	0.0400	-0.010
2.942	-1.88	0.0481	-0.008
2.943	-8.44	0.0644	-0.013
2.944	-9.06	0.0644	-0.025
2.945	0.63	0.0644	-0.032
2.946	11.72	0.0644	-0.024
2.947	17.03	0.0644	-0.008
2.948	15.31	0.0644	0.010
2.949	11.41	0.0644	0.022
2.95	6.56	0.0644	0.033
2.951	0.00	0.0524	0.036
2.952	-4.22	0.0284	0.033
2.953	-7.66	0.0284	0.027
2.954	-8.28	0.0284	0.018
2.955	-5.16	0.0284	0.011
2.956	-1.72	0.0284	0.007
2.957	0.94	0.0284	0.007
2.958	2.50	0.0284	0.009
2.959	4.69	0.0284	0.012
2.96	4.53	0.0284	0.018
2.961	3.44	0.0284	0.021
2.962	3.75	0.0284	0.025
2.963	1.56	0.0321	0.029
2.964	-1.41	0.0394	0.028
2.965	-4.22	0.0394	0.026
2.966	-5.94	0.0394	0.020
2.967	-6.25	0.0394	0.014
2.968	-6.25	0.0394	0.007
2.969	-6.09	0.0394	0.002
2.97	-5.78	0.0394	-0.005
2.971	-2.97	0.0394	-0.010
2.972	-0.31	0.0394	-0.011
2.973	2.81	0.0394	-0.011
2.974	5.78	0.0394	-0.005
2.975	5.63	0.0394	0.001
2.976	6.72	0.0394	0.006
2.977	6.25	0.0394	0.014
2.978	4.69	0.0394	0.019
2.979	3.75	0.0394	0.024
2.98	1.09	0.0393	0.026
2.981	-2.19	0.0391	0.026
2.982	-5.47	0.0391	0.022
2.983	-6.09	0.0391	0.015
2.984	-6.56	0.0391	0.010
2.985	-6.87	0.0391	0.002
2.986	-5.63	0.0391	-0.004
2.987	-4.06	0.0391	-0.009
2.988	-1.72	0.0391	-0.012
2.989	0.62	0.0391	-0.013
2.99	3.59	0.0391	-0.011
2.991	5.00	0.0391	-0.006
2.992	5.94	0.0391	-0.001
2.993	6.25	0.0391	0.006
2.994	5.31	0.0391	0.012
2.995	4.53	0.0391	0.017
2.996	1.88	0.0390	0.021
2.997	-1.25	0.0387	0.021
2.998	-4.06	0.0387	0.018
2.999	-5.62	0.0387	0.013
3	-5.78	0.0387	0.007
3.001	-6.25	0.0387	0.001
3.002	-5.63	0.0387	-0.006
3.003	-5.31	0.0387	-0.010
3.004	-3.91	0.0387	-0.016
3.005	-0.94	0.0387	-0.018
3.006	1.41	0.0387	-0.018
3.007	4.06	0.0387	-0.015
3.008	5.78	0.0387	-0.010
3.009	6.41	0.0387	-0.004
3.01	5.78	0.0387	0.003
3.011	4.69	0.0387	0.008
3.012	2.97	0.0387	0.012
3.013	1.09	0.0387	0.014
3.014	-1.41	0.0383	0.014
3.015	-4.53	0.0375	0.011
3.016	-5.63	0.0375	0.005
3.017	-5.78	0.0375	-0.000
3.018	-6.09	0.0375	-0.006
3.019	-5.31	0.0375	-0.013
3.02	-4.22	0.0375	-0.017
3.021	-3.12	0.0375	-0.021
3.022	-0.62	0.0375	-0.023
3.023	3.44	0.0375	-0.022
3.024	5.78	0.0375	-0.016
3.025	5.78	0.0375	-0.011
3.026	5.94	0.0375	-0.005
3.027	5.16	0.0375	0.001
3.028	4.84	0.0375	0.006
3.029	4.38	0.0375	0.011
3.03	0.47	0.0800	0.014
3.031	-5.94	0.1650	0.012
3.032	-13.13	0.1650	0.003
3.033	-14.06	0.1650	-0.014
3.034	-12.19	0.1650	-0.026
3.035	-12.66	0.1650	-0.039
3.036	-14.06	0.1650	-0.051
3.037	-15.78	0.1650	-0.067
3.038	-14.69	0.1650	-0.083
3.039	-13.12	0.1650	-0.096
3.04	-7.50	0.1650	-0.109
3.041	5.78	0.1650	-0.111
3.042	20.00	0.1650	-0.097
3.043	27.97	0.1650	-0.071
3.044	29.53	0.1650	-0.041
3.045	26.41	0.1650	-0.012
3.046	21.72	0.1650	0.012
3.047	17.97	0.1650	0.031
3.048	11.25	0.1650	0.048
3.049	4.22	0.1650	0.054
3.05	-0.63	0.1220	0.056
3.051	-4.37	0.0359	0.052
3.052	-7.19	0.0359	0.047
3.053	-8.75	0.0359	0.038
3.054	-6.88	0.0359	0.030
3.055	-4.84	0.0359	0.024
3.056	-2.03	0.0359	0.020
3.057	1.72	0.0359	0.020
3.058	3.13	0.0359	0.023
3.059	4.06	0.0359	0.027
3.06	3.91	0.0359	0.032
3.061	3.28	0.0359	0.034
3.062	2.19	0.0359	0.038
3.063	0.16	0.0397	0.039
3.064	-2.19	0.0472	0.038
3.065	-4.84	0.0472	0.034
3.066	-6.41	0.0472	0.029
3.067	-7.19	0.0472	0.022
3.068	-7.34	0.0472	0.014
3.069	-6.41	0.0472	0.007
3.07	-5.31	0.0472	0.002
3.071	-4.38	0.0472	-0.004
3.072	-2.34	0.0472	-0.007
3.073	1.41	0.0472	-0.008
3.074	4.22	0.0472	-0.004
3.075	5.78	0.0472	0.000
3.076	7.03	0.0472	0.007
3.077	5.94	0.0472	0.014
3.078	4.84	0.0472	0.019
3.079	2.81	0.0472	0.024
3.08	0.00	0.0458	0.025
3.081	-2.34	0.0431	0.024
3.082	-5.94	0.0431	0.020
3.083	-7.66	0.0431	0.012
3.084	-6.72	0.0431	0.005
3.085	-6.09	0.0431	-0.002
3.086	-6.09	0.0431	-0.007
3.087	-4.69	0.0431	-0.014
3.088	-2.34	0.0431	-0.017
3.089	0.00	0.0431	-0.018
3.09	3.75	0.0431	-0.017
3.091	5.78	0.0431	-0.011
3.092	5.63	0.0431	-0.005
3.093	5.31	0.0431	0.000
3.094	4.38	0.0431	0.005
3.095	3.12	0.0431	0.009
3.096	2.03	0.0431	0.012
3.097	-0.16	0.0419	0.013
3.098	-3.91	0.0394	0.011
3.099	-5.63	0.0394	0.005
3.1	-6.25	0.0394	0.000
3.101	-7.03	0.0394	-0.007
3.102	-6.09	0.0394	-0.014
3.103	-5.00	0.0394	-0.019
3.104	-3.44	0.0394	-0.024
3.105	-0.94	0.0394	-0.026
3.106	0.94	0.0394	-0.026
3.107	3.28	0.0394	-0.024
3.108	5.78	0.0394	-0.019
3.109	6.87	0.0394	-0.013
3.11	6.87	0.0394	-0.006
3.111	6.09	0.0394	0.001
3.112	4.38	0.0394	0.007
3.113	1.56	0.0381	0.010
3.114	-1.41	0.0356	0.010
3.115	-3.75	0.0356	0.007
3.116	-5.00	0.0356	0.002
3.117	-5.94	0.0356	-0.003
3.118	-6.25	0.0356	-0.010
3.119	-5.47	0.0356	-0.016
3.12	-4.84	0.0356	-0.021
3.121	-2.34	0.0356	-0.025
3.122	-0.31	0.0356	-0.025
3.123	2.19	0.0356	-0.026
3.124	5.16	0.0356	-0.021
3.125	6.09	0.0356	-0.016
3.126	7.19	0.0356	-0.009
3.127	6.56	0.0356	-0.001
3.128	4.84	0.0356	0.004
3.129	2.97	0.0356	0.008
3.13	0.78	0.0358	0.010
3.131	-2.03	0.0363	0.010
3.132	-4.53	0.0363	0.006
3.133	-4.84	0.0363	0.001
3.134	-5.78	0.0363	-0.003
3.135	-5.63	0.0363	-0.011
3.136	-4.53	0.0363	-0.015
3.137	-4.06	0.0363	-0.020
3.138	-2.19	0.0363	-0.023
3.139	-0.16	0.0363	-0.024
3.14	2.66	0.0363	-0.023
3.141	5.47	0.0363	-0.019
3.142	6.56	0.0363	-0.012
3.143	6.87	0.0363	-0.006
3.144	6.56	0.0363	0.002
3.145	5.31	0.0363	0.007
3.146	3.44	0.0363	0.012
3.147	0.63	0.0366	0.014
3.148	-3.28	0.0372	0.013
3.149	-5.78	0.0372	0.008
3.15	-6.41	0.0372	0.002
3.151	-6.41	0.0372	-0.005
3.152	-5.94	0.0372	-0.011
3.153	-5.16	0.0372	-0.017
3.154	-2.66	0.0372	-0.021
3.155	-0.78	0.0372	-0.022
3.156	1.41	0.0372	-0.023
3.157	5.00	0.0372	-0.019
3.158	5.78	0.0372	-0.013
3.159	5.78	0.0372	-0.008
3.16	6.25	0.0372	-0.001
3.161	5.78	0.0372	0.005
3.162	4.69	0.0372	0.010
3.163	2.34	0.0372	0.014
3.164	-0.78	0.0374	0.015
3.165	-4.06	0.0378	0.013
3.166	-5.94	0.0378	0.007
3.167	-5.94	0.0378	0.001
3.168	-6.09	0.0378	-0.005
3.169	-6.25	0.0378	-0.012
3.17	-4.37	0.0378	-0.018
3.171	-2.66	0.0378	-0.020
3.172	-1.25	0.0378	-0.023
3.173	2.50	0.0378	-0.023
3.174	5.63	0.0378	-0.018
3.175	6.87	0.0378	-0.012
3.176	7.03	0.0378	-0.004
3.177	6.25	0.0378	0.003
3.178	5.47	0.0378	0.008
3.179	4.06	0.0378	0.013
3.18	1.09	0.0411	0.017
3.181	-2.34	0.0478	0.016
3.182	-4.38	0.0478	0.012
3.183	-5.47	0.0478	0.007
3.184	-6.72	0.0478	0.001
3.185	-6.25	0.0478	-0.007
3.186	-4.06	0.0478	-0.012
3.187	-1.72	0.0478	-0.015
3.188	2.19	0.0478	-0.015
3.189	5.94	0.0478	-0.010
3.19	8.59	0.0478	-0.003
3.191	9.84	0.0478	0.007
3.192	8.91	0.0478	0.017
3.193	8.12	0.0478	0.025
3.194	6.56	0.0478	0.033
3.195	1.88	0.0502	0.038
3.196	-2.34	0.0550	0.037
3.197	-2.97	0.0550	0.033
3.198	-5.31	0.0550	0.031
3.199	-6.72	0.0550	0.022
3.2	-5.00	0.0550	0.017
3.201	-6.09	0.0550	0.013
3.202	-6.56	0.0550	0.005
3.203	-5.94	0.0550	-0.001
3.204	-6.41	0.0550	-0.007
3.205	-5.00	0.0550	-0.013
3.206	-1.88	0.0550	-0.017
3.207	1.72	0.0550	-0.017
3.208	3.75	0.0550	-0.013
3.209	5.63	0.0550	-0.010
3.21	6.72	0.0550	-0.002
3.211	5.31	0.0550	0.004
3.212	3.44	0.0550	0.008
3.213	1.41	0.0550	0.011
3.214	-1.09	0.0494	0.011
3.215	-4.22	0.0381	0.008
3.216	-5.00	0.0381	0.003
3.217	-5.78	0.0381	-0.002
3.218	-6.41	0.0381	-0.009
3.219	-5.00	0.0381	-0.014
3.22	-4.38	0.0381	-0.019
3.221	-2.34	0.0381	-0.023
3.222	0.63	0.0381	-0.023
3.223	2.50	0.0381	-0.022
3.224	4.53	0.0381	-0.018
3.225	6.25	0.0381	-0.013
3.226	7.03	0.0381	-0.006
3.227	7.03	0.0381	0.001
3.228	5.94	0.0381	0.008
3.229	3.28	0.0381	0.013
3.23	1.41	0.0381	0.015
3.231	-1.09	0.0374	0.016
3.232	-4.38	0.0359	0.013
3.233	-5.47	0.0359	0.007
3.234	-6.09	0.0359	0.002
3.235	-6.41	0.0359	-0.005
3.236	-5.16	0.0359	-0.011
3.237	-3.44	0.0359	-0.015
3.238	-2.34	0.0359	-0.018
3.239	0.00	0.0359	-0.020
3.24	4.06	0.0359	-0.018
3.241	5.31	0.0359	-0.012
3.242	5.78	0.0359	-0.007
3.243	6.41	0.0359	-0.000
3.244	5.31	0.0359	0.005
3.245	4.38	0.0359	0.010
3.246	2.81	0.0359	0.014
3.247	0.31	0.0365	0.016
3.248	-3.44	0.0375	0.015
3.249	-5.16	0.0375	0.009
3.25	-5.94	0.0375	0.004
3.251	-7.19	0.0375	-0.003
3.252	-5.94	0.0375	-0.010
3.253	-5.00	0.0375	-0.015
3.254	-3.44	0.0375	-0.020
3.255	-0.63	0.0375	-0.022
3.256	2.03	0.0375	-0.021
3.257	4.84	0.0375	-0.018
3.258	5.63	0.0375	-0.012
3.259	6.09	0.0375	-0.006
3.26	5.78	0.0375	0.001
3.261	5.16	0.0375	0.005
3.262	3.91	0.0375	0.011
3.263	1.25	0.0375	0.013
3.264	-0.47	0.0371	0.013
3.265	-3.75	0.0363	0.012
3.266	-6.09	0.0363	0.006
3.267	-6.41	0.0363	0.000
3.268	-7.03	0.0363	-0.007
3.269	-5.62	0.0363	-0.014
3.27	-4.22	0.0363	-0.018
3.271	-2.34	0.0363	-0.022
3.272	0.47	0.0363	-0.023
3.273	3.13	0.0363	-0.022
3.274	5.31	0.0363	-0.017
3.275	5.00	0.0363	-0.011
3.276	5.63	0.0363	-0.007
3.277	6.41	0.0363	0.000
3.278	5.31	0.0363	0.006
3.279	3.59	0.0363	0.011
3.28	1.41	0.0363	0.013
3.281	-2.19	0.0368	0.014
3.282	-5.78	0.0378	0.009
3.283	-6.41	0.0378	0.002
3.284	-6.41	0.0378	-0.004
3.285	-6.25	0.0378	-0.011
3.286	-4.38	0.0378	-0.016
3.287	-3.44	0.0378	-0.019
3.288	-2.34	0.0378	-0.023
3.289	-0.16	0.0378	-0.024
3.29	3.28	0.0378	-0.023
3.291	5.78	0.0378	-0.018
3.292	6.87	0.0378	-0.012
3.293	7.03	0.0378	-0.004
3.294	5.78	0.0378	0.002
3.295	5.47	0.0378	0.008
3.296	2.50	0.0372	0.013
3.297	-1.09	0.0359	0.013
3.298	-2.97	0.0359	0.011
3.299	-4.38	0.0359	0.007
3.3	-5.47	0.0359	0.002
3.301	-6.41	0.0359	-0.004
3.302	-5.94	0.0359	-0.011
3.303	-4.84	0.0359	-0.016
3.304	-2.97	0.0359	-0.020
3.305	-1.25	0.0359	-0.022
3.306	1.56	0.0359	-0.023
3.307	4.69	0.0359	-0.019
3.308	5.47	0.0359	-0.013
3.309	6.25	0.0359	-0.008
3.31	5.63	0.0359	-0.001
3.311	4.69	0.0359	0.003
3.312	3.59	0.0359	0.008
3.313	2.19	0.0359	0.011
3.314	0.78	0.0363	0.013
3.315	-2.97	0.0369	0.012
3.316	-5.63	0.0369	0.007
3.317	-6.09	0.0369	0.001
3.318	-6.56	0.0369	-0.005
3.319	-6.25	0.0369	-0.012
3.32	-4.84	0.0369	-0.018
3.321	-3.12	0.0369	-0.022
3.322	-0.94	0.0369	-0.024
3.323	2.50	0.0369	-0.024
3.324	4.84	0.0369	-0.019
3.325	6.09	0.0369	-0.014
3.326	7.19	0.0369	-0.007
3.327	6.72	0.0369	0.000
3.328	5.94	0.0369	0.007
3.329	4.38	0.0369	0.012
3.33	0.78	0.0366	0.015
3.331	-2.03	0.0359	0.014
3.332	-3.75	0.0359	0.011
3.333	-5.31	0.0359	0.006
3.334	-5.78	0.0359	0.001
3.335	-5.94	0.0359	-0.005
3.336	-5.78	0.0359	-0.011
3.337	-4.22	0.0359	-0.017
3.338	-1.88	0.0359	-0.020
3.339	0.31	0.0359	-0.021
3.34	3.44	0.0359	-0.019
3.341	5.47	0.0359	-0.014
3.342	6.09	0.0359	-0.008
3.343	6.72	0.0359	-0.002
3.344	5.94	0.0359	0.005
3.345	4.38	0.0359	0.010
3.346	2.50	0.0359	0.014
3.347	0.63	0.0361	0.015
3.348	-2.66	0.0366	0.015
3.349	-5.31	0.0366	0.010
3.35	-5.31	0.0366	0.005
3.351	-6.87	0.0366	-0.001
3.352	-6.87	0.0366	-0.009
3.353	-4.06	0.0366	-0.014
3.354	-3.13	0.0366	-0.017
3.355	-2.03	0.0366	-0.021
3.356	1.56	0.0366	-0.021
3.357	4.22	0.0366	-0.018
3.358	5.00	0.0366	-0.013
3.359	6.56	0.0366	-0.007
3.36	7.03	0.0366	0.000
3.361	5.31	0.0366	0.007
3.362	4.22	0.0366	0.011
3.363	2.66	0.0366	0.015
3.364	0.00	0.0456	0.016
3.365	-3.44	0.0638	0.015
3.366	-5.78	0.0638	0.009
3.367	-6.09	0.0638	0.003
3.368	-5.94	0.0638	-0.003
3.369	-5.00	0.0638	-0.008
3.37	-4.53	0.0638	-0.013
3.371	-3.28	0.0638	-0.018
3.372	-1.25	0.0638	-0.019
3.373	2.03	0.0638	-0.020
3.374	5.16	0.0638	-0.015
3.375	5.78	0.0638	-0.010
3.376	7.19	0.0638	-0.004
3.377	10.31	0.0638	0.005
3.378	12.34	0.0638	0.017
3.379	10.31	0.0638	0.029
3.38	7.19	0.0638	0.037
3.381	3.44	0.0638	0.044
3.382	-3.75	0.0596	0.044
3.383	-9.69	0.0512	0.036
3.384	-11.09	0.0512	0.025
3.385	-11.72	0.0512	0.014
3.386	-10.47	0.0512	0.002
3.387	-2.34	0.0512	-0.007
3.388	3.75	0.0512	-0.003
3.389	1.41	0.0512	0.001
3.39	0.16	0.0512	-0.000
3.391	1.56	0.0512	0.001
3.392	4.38	0.0512	0.003
3.393	6.25	0.0512	0.010
3.394	4.84	0.0512	0.015
3.395	3.59	0.0512	0.019
3.396	1.09	0.0535	0.022
3.397	-2.34	0.0581	0.022
3.398	-4.84	0.0581	0.018
3.399	-5.78	0.0581	0.012
3.4	-5.63	0.0581	0.006
3.401	-6.87	0.0581	0.001
3.402	-7.81	0.0581	-0.007
3.403	-8.59	0.0581	-0.015
3.404	-8.59	0.0581	-0.025
3.405	-5.47	0.0581	-0.032
3.406	-0.94	0.0581	-0.036
3.407	4.69	0.0581	-0.034
3.408	8.91	0.0581	-0.026
3.409	10.31	0.0581	-0.016
3.41	10.00	0.0581	-0.006
3.411	9.22	0.0581	0.004
3.412	6.87	0.0581	0.013
3.413	4.69	0.0581	0.018
3.414	2.19	0.0504	0.022
3.415	-2.50	0.0350	0.022
3.416	-5.31	0.0350	0.017
3.417	-5.47	0.0350	0.011
3.418	-5.94	0.0350	0.006
3.419	-6.72	0.0350	-0.001
3.42	-4.84	0.0350	-0.007
3.421	-2.66	0.0350	-0.010
3.422	-1.25	0.0350	-0.013
3.423	2.19	0.0350	-0.013
3.424	4.53	0.0350	-0.008
3.425	5.00	0.0350	-0.004
3.426	6.56	0.0350	0.002
3.427	6.09	0.0350	0.009
3.428	3.75	0.0350	0.014
3.429	2.81	0.0350	0.017
3.43	1.25	0.0357	0.020
3.431	-1.72	0.0372	0.019
3.432	-4.22	0.0372	0.016
3.433	-5.16	0.0372	0.011
3.434	-6.56	0.0372	0.006
3.435	-6.72	0.0372	-0.002
3.436	-5.31	0.0372	-0.007
3.437	-4.38	0.0372	-0.013
3.438	-2.03	0.0372	-0.016
3.439	-0.63	0.0372	-0.017
3.44	2.19	0.0372	-0.018
3.441	4.69	0.0372	-0.013
3.442	5.94	0.0372	-0.008
3.443	7.34	0.0372	-0.001
3.444	6.87	0.0372	0.007
3.445	5.78	0.0372	0.013
3.446	2.66	0.0372	0.018
3.447	0.00	0.0374	0.018
3.448	-2.03	0.0378	0.018
3.449	-5.16	0.0378	0.014
3.45	-6.41	0.0378	0.008
3.451	-6.72	0.0378	0.002
3.452	-6.41	0.0378	-0.006
3.453	-5.47	0.0378	-0.011
3.454	-3.91	0.0378	-0.017
3.455	-1.41	0.0378	-0.019
3.456	0.47	0.0378	-0.019
3.457	3.28	0.0378	-0.018
3.458	5.31	0.0378	-0.013
3.459	6.25	0.0378	-0.007
3.46	7.03	0.0378	-0.000
3.461	5.47	0.0378	0.007
3.462	4.06	0.0378	0.011
3.463	2.03	0.0378	0.015
3.464	-0.31	0.0369	0.015
3.465	-2.97	0.0350	0.014
3.466	-4.38	0.0350	0.009
3.467	-5.16	0.0350	0.005
3.468	-7.03	0.0350	-0.002
3.469	-5.63	0.0350	-0.009
3.47	-4.84	0.0350	-0.013
3.471	-3.75	0.0350	-0.018
3.472	-0.63	0.0350	-0.020
3.473	1.88	0.0350	-0.020
3.474	4.06	0.0350	-0.017
3.475	4.84	0.0350	-0.012
3.476	5.94	0.0350	-0.007
3.477	5.94	0.0350	0.000
3.478	5.00	0.0350	0.005
3.479	3.75	0.0350	0.010
3.48	1.25	0.0350	0.013
3.481	-1.25	0.0347	0.013
3.482	-3.44	0.0341	0.010
3.483	-5.00	0.0341	0.006
3.484	-5.63	0.0341	0.000
3.485	-5.00	0.0341	-0.005
3.486	-5.62	0.0341	-0.010
3.487	-5.00	0.0341	-0.017
3.488	-1.88	0.0341	-0.020
3.489	0.16	0.0341	-0.020
3.49	1.88	0.0341	-0.020
3.491	4.38	0.0341	-0.017
3.492	6.41	0.0341	-0.011
3.493	7.34	0.0341	-0.004
3.494	6.25	0.0341	0.004
3.495	4.22	0.0341	0.009
3.496	2.50	0.0341	0.012
3.497	0.94	0.0341	0.014
3.498	-1.72	0.0346	0.014
3.499	-4.69	0.0356	0.010
3.5	-5.31	0.0356	0.005
3.501	-6.09	0.0356	-0.000
3.502	-6.25	0.0356	-0.007
3.503	-4.38	0.0356	-0.013
3.504	-3.91	0.0356	-0.016
3.505	-2.03	0.0356	-0.021
3.506	1.25	0.0356	-0.020
3.507	3.44	0.0356	-0.018
3.508	5.78	0.0356	-0.013
3.509	6.87	0.0356	-0.007
3.51	5.78	0.0356	0.000
3.511	5.63	0.0356	0.005
3.512	5.00	0.0356	0.012
3.513	2.19	0.0356	0.015
3.514	0.16	0.0414	0.016
3.515	-2.81	0.0528	0.015
3.516	-5.47	0.0528	0.010
3.517	-5.94	0.0528	0.004
3.518	-6.72	0.0528	-0.002
3.519	-7.03	0.0528	-0.009
3.52	-6.88	0.0528	-0.016
3.521	-5.31	0.0528	-0.023
3.522	-2.03	0.0528	-0.026
3.523	2.34	0.0528	-0.027
3.524	6.25	0.0528	-0.022
3.525	7.81	0.0528	-0.014
3.526	8.91	0.0528	-0.006
3.527	9.53	0.0528	0.003
3.528	8.44	0.0528	0.013
3.529	6.41	0.0528	0.020
3.53	3.28	0.0528	0.026
3.531	-0.47	0.0640	0.027
3.532	-5.00	0.0862	0.025
3.533	-8.59	0.0862	0.017
3.534	-10.62	0.0862	0.008
3.535	-11.56	0.0862	-0.004
3.536	-10.31	0.0862	-0.015
3.537	-8.28	0.0862	-0.025
3.538	-4.06	0.0862	-0.032
3.539	2.66	0.0862	-0.033
3.54	10.16	0.0862	-0.027
3.541	16.41	0.0862	-0.013
3.542	20.47	0.0862	0.006
3.543	17.97	0.0862	0.028
3.544	10.16	0.0862	0.042
3.545	5.16	0.0862	0.048
3.546	2.34	0.0862	0.052
3.547	0.78	0.0862	0.053
3.548	-1.41	0.0845	0.054
3.549	-4.69	0.0809	0.050
3.55	-9.69	0.0809	0.045
3.551	-16.87	0.0809	0.031
3.552	-18.44	0.0809	0.011
3.553	-14.53	0.0809	-0.006
3.554	-9.06	0.0809	-0.018
3.555	-4.38	0.0809	-0.024
3.556	-0.94	0.0809	-0.027
3.557	2.97	0.0809	-0.026
3.558	6.56	0.0809	-0.021
3.559	7.97	0.0809	-0.013
3.56	8.59	0.0809	-0.005
3.561	8.91	0.0809	0.004
3.562	6.87	0.0809	0.013
3.563	3.59	0.0809	0.018
3.564	0.78	0.0731	0.020
3.565	-2.81	0.0575	0.020
3.566	-6.41	0.0575	0.014
3.567	-8.59	0.0575	0.007
3.568	-10.16	0.0575	-0.003
3.569	-9.53	0.0575	-0.013
3.57	-7.50	0.0575	-0.022
3.571	-5.62	0.0575	-0.028
3.572	-2.19	0.0575	-0.033
3.573	2.97	0.0575	-0.033
3.574	6.09	0.0575	-0.027
3.575	8.28	0.0575	-0.021
3.576	10.78	0.0575	-0.011
3.577	10.94	0.0575	0.001
3.578	9.37	0.0575	0.011
3.579	6.56	0.0575	0.020
3.58	3.12	0.0575	0.024
3.581	-0.62	0.0540	0.026
3.582	-4.84	0.0469	0.023
3.583	-7.50	0.0469	0.016
3.584	-9.06	0.0469	0.008
3.585	-8.12	0.0469	-0.002
3.586	-6.09	0.0469	-0.008
3.587	-5.16	0.0469	-0.014
3.588	-3.44	0.0469	-0.018
3.589	-0.16	0.0469	-0.021
3.59	3.75	0.0469	-0.019
3.591	5.47	0.0469	-0.013
3.592	6.25	0.0469	-0.008
3.593	6.87	0.0469	-0.001
3.594	5.78	0.0469	0.006
3.595	5.00	0.0469	0.011
3.596	2.97	0.0469	0.016
3.597	-0.31	0.0428	0.017
3.598	-2.19	0.0347	0.015
3.599	-4.69	0.0347	0.012
3.6	-6.09	0.0347	0.006
3.601	-6.25	0.0347	0.000
3.602	-5.47	0.0347	-0.007
3.603	-4.22	0.0347	-0.011
3.604	-3.28	0.0347	-0.015
3.605	-1.56	0.0347	-0.018
3.606	0.00	0.0347	-0.018
3.607	2.81	0.0347	-0.018
3.608	4.38	0.0347	-0.013
3.609	5.63	0.0347	-0.009
3.61	7.66	0.0347	-0.001
3.611	6.56	0.0347	0.007
3.612	4.69	0.0347	0.012
3.613	2.81	0.0347	0.016
3.614	0.00	0.0356	0.018
3.615	-3.44	0.0375	0.016
3.616	-5.31	0.0375	0.011
3.617	-6.25	0.0375	0.005
3.618	-6.72	0.0375	-0.002
3.619	-5.63	0.0375	-0.008
3.62	-4.69	0.0375	-0.013
3.621	-3.44	0.0375	-0.018
3.622	-0.63	0.0375	-0.020
3.623	1.72	0.0375	-0.019
3.624	3.59	0.0375	-0.017
3.625	5.78	0.0375	-0.012
3.626	6.87	0.0375	-0.005
3.627	5.63	0.0375	0.002
3.628	4.84	0.0375	0.006
3.629	4.06	0.0375	0.012
3.63	1.41	0.0375	0.014
3.631	-1.56	0.0421	0.015
3.632	-4.38	0.0512	0.011
3.633	-6.09	0.0512	0.006
3.634	-6.56	0.0512	-0.001
3.635	-6.09	0.0512	-0.007
3.636	-5.94	0.0512	-0.013
3.637	-4.53	0.0512	-0.019
3.638	0.16	0.0512	-0.022
3.639	5.78	0.0512	-0.019
3.64	12.19	0.0512	-0.011
3.641	15.94	0.0512	0.006
3.642	11.72	0.0512	0.021
3.643	4.22	0.0512	0.029
3.644	-2.34	0.0371	0.030
3.645	-4.37	0.0088	0.024
3.646	0.78	0.0088	0.021
3.647	5.94	0.0088	0.026
3.648	0.63	0.0207	0.033
3.649	-6.41	0.0447	0.027
3.65	-6.09	0.0447	0.020
3.651	-5.31	0.0447	0.015
3.652	-5.47	0.0447	0.009
3.653	-6.41	0.0447	0.004
3.654	-7.03	0.0447	-0.003
3.655	-4.22	0.0447	-0.010
3.656	-0.63	0.0447	-0.012
3.657	2.03	0.0447	-0.011
3.658	3.28	0.0447	-0.008
3.659	5.00	0.0447	-0.005
3.66	5.16	0.0447	0.002
3.661	4.22	0.0447	0.006
3.662	4.22	0.0447	0.011
3.663	1.72	0.0447	0.014
3.664	-1.41	0.0418	0.014
3.665	-4.06	0.0359	0.011
3.666	-5.63	0.0359	0.006
3.667	-6.25	0.0359	0.000
3.668	-5.63	0.0359	-0.007
3.669	-5.16	0.0359	-0.011
3.67	-5.16	0.0359	-0.017
3.671	-2.50	0.0359	-0.022
3.672	0.16	0.0359	-0.022
3.673	2.81	0.0359	-0.021
3.674	5.63	0.0359	-0.016
3.675	6.56	0.0359	-0.010
3.676	6.56	0.0359	-0.003
3.677	5.94	0.0359	0.003
3.678	4.84	0.0359	0.009
3.679	3.59	0.0359	0.013
3.68	1.25	0.0358	0.016
3.681	-1.88	0.0356	0.015
3.682	-4.38	0.0356	0.012
3.683	-5.00	0.0356	0.007
3.684	-5.47	0.0356	0.002
3.685	-6.09	0.0356	-0.004
3.686	-5.47	0.0356	-0.010
3.687	-3.59	0.0356	-0.015
3.688	-2.19	0.0356	-0.017
3.689	-0.47	0.0356	-0.020
3.69	2.81	0.0356	-0.018
3.691	4.22	0.0356	-0.014
3.692	6.09	0.0356	-0.010
3.693	7.97	0.0356	-0.002
3.694	6.41	0.0356	0.006
3.695	4.84	0.0356	0.011
3.696	3.44	0.0356	0.016
3.697	0.16	0.0358	0.018
3.698	-2.97	0.0363	0.016
3.699	-5.00	0.0363	0.012
3.7	-5.78	0.0363	0.006
3.701	-5.94	0.0363	0.000
3.702	-5.47	0.0363	-0.006
3.703	-5.16	0.0363	-0.011
3.704	-3.75	0.0363	-0.016
3.705	-1.25	0.0363	-0.018
3.706	0.78	0.0363	-0.018
3.707	3.91	0.0363	-0.017
3.708	5.16	0.0363	-0.011
3.709	5.47	0.0363	-0.006
3.71	5.94	0.0363	0.000
3.711	5.47	0.0363	0.006
3.712	4.53	0.0363	0.011
3.713	2.34	0.0363	0.015
3.714	0.00	0.0365	0.016
3.715	-3.44	0.0369	0.015
3.716	-5.47	0.0369	0.009
3.717	-6.41	0.0369	0.004
3.718	-6.56	0.0369	-0.004
3.719	-5.16	0.0369	-0.009
3.72	-5.00	0.0369	-0.014
3.721	-3.12	0.0369	-0.019
3.722	-0.78	0.0369	-0.020
3.723	1.72	0.0369	-0.021
3.724	4.69	0.0369	-0.017
3.725	6.25	0.0369	-0.012
3.726	7.66	0.0369	-0.004
3.727	6.56	0.0369	0.004
3.728	4.69	0.0369	0.009
3.729	3.91	0.0369	0.013
3.73	1.56	0.0365	0.017
3.731	-1.56	0.0356	0.016
3.732	-4.38	0.0356	0.013
3.733	-5.31	0.0356	0.007
3.734	-5.94	0.0356	0.003
3.735	-5.94	0.0356	-0.004
3.736	-4.69	0.0356	-0.009
3.737	-4.53	0.0356	-0.014
3.738	-2.66	0.0356	-0.018
3.739	0.62	0.0356	-0.019
3.74	2.97	0.0356	-0.017
3.741	4.84	0.0356	-0.013
3.742	6.25	0.0356	-0.007
3.743	5.78	0.0356	-0.001
3.744	5.31	0.0356	0.004
3.745	5.16	0.0356	0.010
3.746	2.66	0.0356	0.015
3.747	0.31	0.0356	0.015
3.748	-2.19	0.0359	0.015
3.749	-5.31	0.0366	0.011
3.75	-6.09	0.0366	0.005
3.751	-5.78	0.0366	-0.001
3.752	-5.78	0.0366	-0.007
3.753	-5.47	0.0366	-0.013
3.754	-3.28	0.0366	-0.018
3.755	-1.41	0.0366	-0.019
3.756	0.63	0.0366	-0.021
3.757	4.06	0.0366	-0.018
3.758	5.31	0.0366	-0.013
3.759	6.41	0.0366	-0.007
3.76	7.19	0.0366	0.000
3.761	5.94	0.0366	0.007
3.762	4.53	0.0366	0.012
3.763	2.50	0.0366	0.016
3.764	-0.47	0.0441	0.017
3.765	-3.75	0.0591	0.015
3.766	-5.47	0.0591	0.010
3.767	-6.09	0.0591	0.004
3.768	-6.41	0.0591	-0.003
3.769	-5.63	0.0591	-0.009
3.77	-5.62	0.0591	-0.014
3.771	-5.00	0.0591	-0.020
3.772	-3.28	0.0591	-0.024
3.773	0.62	0.0591	-0.027
3.774	5.16	0.0591	-0.022
3.775	6.25	0.0591	-0.016
3.776	6.87	0.0591	-0.010
3.777	7.34	0.0591	-0.003
3.778	8.44	0.0591	0.005
3.779	9.37	0.0591	0.014
3.78	9.06	0.0591	0.023
3.781	5.00	0.0591	0.033
3.782	-1.87	0.0510	0.033
3.783	-4.69	0.0350	0.029
3.784	-5.00	0.0350	0.024
3.785	-1.56	0.0350	0.019
3.786	0.78	0.0350	0.021
3.787	-3.13	0.0350	0.020
3.788	-6.56	0.0350	0.015
3.789	-7.03	0.0350	0.007
3.79	-4.38	0.0350	0.001
3.791	-0.94	0.0350	-0.002
3.792	1.25	0.0350	-0.001
3.793	2.81	0.0350	0.001
3.794	3.91	0.0350	0.004
3.795	3.44	0.0350	0.009
3.796	2.97	0.0350	0.011
3.797	1.25	0.0349	0.015
3.798	-2.81	0.0347	0.014
3.799	-5.16	0.0347	0.009
3.8	-5.63	0.0347	0.003
3.801	-6.09	0.0347	-0.002
3.802	-5.63	0.0347	-0.009
3.803	-3.91	0.0347	-0.013
3.804	-2.34	0.0347	-0.017
3.805	-0.78	0.0347	-0.018
3.806	1.72	0.0347	-0.018
3.807	4.84	0.0347	-0.015
3.808	5.78	0.0347	-0.008
3.809	6.41	0.0347	-0.003
3.81	6.56	0.0347	0.004
3.811	6.09	0.0347	0.010
3.812	4.69	0.0347	0.017
3.813	1.41	0.0358	0.019
3.814	-0.63	0.0381	0.019
3.815	-3.13	0.0381	0.018
3.816	-5.31	0.0381	0.013
3.817	-6.56	0.0381	0.007
3.818	-6.09	0.0381	0.000
3.819	-5.16	0.0381	-0.005
3.82	-5.47	0.0381	-0.010
3.821	-3.28	0.0381	-0.016
3.822	-1.25	0.0381	-0.017
3.823	0.94	0.0381	-0.018
3.824	4.37	0.0381	-0.015
3.825	6.41	0.0381	-0.009
3.826	8.12	0.0381	-0.002
3.827	8.12	0.0381	0.007
3.828	5.94	0.0381	0.014
3.829	2.97	0.0381	0.019
3.83	0.78	0.0381	0.020
3.831	-1.88	0.0389	0.020
3.832	-5.31	0.0403	0.016
3.833	-6.25	0.0403	0.010
3.834	-6.41	0.0403	0.004
3.835	-6.72	0.0403	-0.003
3.836	-5.47	0.0403	-0.010
3.837	-4.37	0.0403	-0.014
3.838	-2.97	0.0403	-0.018
3.839	-0.31	0.0403	-0.020
3.84	2.81	0.0403	-0.019
3.841	5.78	0.0403	-0.014
3.842	6.56	0.0403	-0.007
3.843	6.25	0.0403	-0.001
3.844	5.00	0.0403	0.005
3.845	4.06	0.0403	0.009
3.846	2.97	0.0403	0.013
3.847	0.16	0.0390	0.015
3.848	-2.81	0.0363	0.013
3.849	-4.84	0.0363	0.009
3.85	-5.78	0.0363	0.004
3.851	-7.03	0.0363	-0.003
3.852	-6.87	0.0363	-0.010
3.853	-5.00	0.0363	-0.016
3.854	-2.66	0.0363	-0.020
3.855	-0.31	0.0363	-0.022
3.856	1.72	0.0363	-0.021
3.857	3.59	0.0363	-0.018
3.858	5.47	0.0363	-0.014
3.859	6.41	0.0363	-0.007
3.86	5.63	0.0363	-0.001
3.861	4.53	0.0363	0.004
3.862	2.50	0.0363	0.008
3.863	0.94	0.0363	0.009
3.864	0.16	0.0376	0.010
3.865	-1.56	0.0403	0.009
3.866	-1.88	0.0403	0.007
3.867	-1.88	0.0403	0.006
3.868	-2.66	0.0403	0.003
3.869	-2.03	0.0403	0.000
3.87	-2.81	0.0403	-0.001
3.871	-6.87	0.0403	-0.005
3.872	-5.47	0.0403	-0.015
3.873	5.63	0.0403	-0.016
3.874	10.31	0.0403	-0.003
3.875	6.09	0.0403	0.004
3.876	6.25	0.0403	0.009
3.877	7.66	0.0403	0.017
3.878	5.94	0.0403	0.024
3.879	2.34	0.0453	0.029
3.88	-1.72	0.0553	0.029
3.881	-4.22	0.0553	0.025
3.882	-6.72	0.0553	0.020
3.883	-8.12	0.0553	0.012
3.884	-9.06	0.0553	0.004
3.885	-8.12	0.0553	-0.006
3.886	-6.56	0.0553	-0.012
3.887	-6.72	0.0553	-0.019
3.888	-3.59	0.0553	-0.026
3.889	-0.16	0.0553	-0.027
3.89	2.19	0.0553	-0.026
3.891	5.00	0.0553	-0.022
3.892	6.72	0.0553	-0.016
3.893	7.03	0.0553	-0.009
3.894	6.87	0.0553	-0.002
3.895	5.47	0.0553	0.005
3.896	2.81	0.0553	0.009
3.897	1.25	0.0553	0.011
3.898	-1.88	0.0503	0.012
3.899	-5.00	0.0403	0.007
3.9	-4.84	0.0403	0.002
3.901	-6.09	0.0403	-0.003
3.902	-6.72	0.0403	-0.011
3.903	-5.00	0.0403	-0.016
3.904	-3.75	0.0403	-0.021
3.905	-2.03	0.0403	-0.024
3.906	1.09	0.0403	-0.025
3.907	5.00	0.0403	-0.022
3.908	6.41	0.0403	-0.015
3.909	7.03	0.0403	-0.009
3.91	7.34	0.0403	-0.001
3.911	5.94	0.0403	0.006
3.912	4.84	0.0403	0.011
3.913	2.66	0.0403	0.016
3.914	-0.94	0.0393	0.017
3.915	-3.91	0.0372	0.014
3.916	-5.16	0.0372	0.009
3.917	-6.09	0.0372	0.003
3.918	-6.41	0.0372	-0.003
3.919	-5.31	0.0372	-0.009
3.92	-5.00	0.0372	-0.014
3.921	-3.28	0.0372	-0.019
3.922	-0.47	0.0372	-0.021
3.923	2.34	0.0372	-0.020
3.924	4.84	0.0372	-0.016
3.925	5.62	0.0372	-0.011
3.926	6.56	0.0372	-0.005
3.927	5.94	0.0372	0.003
3.928	5.16	0.0372	0.007
3.929	3.28	0.0372	0.013
3.93	0.16	0.0373	0.014
3.931	-1.25	0.0375	0.013
3.932	-4.38	0.0375	0.011
3.933	-6.09	0.0375	0.004
3.934	-6.09	0.0375	-0.001
3.935	-6.72	0.0375	-0.008
3.936	-5.63	0.0375	-0.014
3.937	-4.38	0.0375	-0.019
3.938	-2.34	0.0375	-0.023
3.939	0.00	0.0375	-0.024
3.94	2.97	0.0375	-0.023
3.941	5.47	0.0375	-0.018
3.942	5.94	0.0375	-0.012
3.943	6.56	0.0375	-0.006
3.944	6.41	0.0375	0.001
3.945	5.00	0.0375	0.007
3.946	2.97	0.0375	0.011
3.947	0.47	0.0370	0.013
3.948	-2.81	0.0359	0.012
3.949	-4.69	0.0359	0.007
3.95	-5.31	0.0359	0.003
3.951	-6.87	0.0359	-0.003
3.952	-6.25	0.0359	-0.011
3.953	-4.69	0.0359	-0.016
3.954	-3.28	0.0359	-0.021
3.955	-1.09	0.0359	-0.022
3.956	1.25	0.0359	-0.023
3.957	4.06	0.0359	-0.020
3.958	6.09	0.0359	-0.015
3.959	7.34	0.0359	-0.008
3.96	6.41	0.0359	0.000
3.961	5.47	0.0359	0.005
3.962	4.06	0.0359	0.011
3.963	1.56	0.0359	0.013
3.964	0.31	0.0361	0.014
3.965	-3.12	0.0366	0.014
3.966	-5.47	0.0366	0.008
3.967	-5.16	0.0366	0.003
3.968	-5.16	0.0366	-0.003
3.969	-5.31	0.0366	-0.007
3.97	-4.69	0.0366	-0.013
3.971	-2.66	0.0366	-0.017
3.972	-1.41	0.0366	-0.018
3.973	2.19	0.0366	-0.020
3.974	5.78	0.0366	-0.014
3.975	5.78	0.0366	-0.008
3.976	6.87	0.0366	-0.003
3.977	7.19	0.0366	0.006
3.978	5.63	0.0366	0.012
3.979	4.06	0.0366	0.017
3.98	1.41	0.0372	0.020
3.981	-2.19	0.0384	0.020
3.982	-5.62	0.0384	0.016
3.983	-6.41	0.0384	0.008
3.984	-6.09	0.0384	0.003
3.985	-6.25	0.0384	-0.004
3.986	-4.84	0.0384	-0.010
3.987	-3.44	0.0384	-0.013
3.988	-2.50	0.0384	-0.017
3.989	-0.47	0.0384	-0.018
3.99	2.97	0.0384	-0.018
3.991	5.31	0.0384	-0.013
3.992	6.72	0.0384	-0.007
3.993	6.72	0.0384	0.001
3.994	5.16	0.0384	0.007
3.995	5.00	0.0384	0.011
3.996	3.28	0.0384	0.017
3.997	0.00	0.0387	0.018
3.998	-2.34	0.0394	0.017
3.999	-4.69	0.0394	0.013
4	-6.41	0.0394	0.007
4.001	-6.72	0.0394	0.000
4.002	-6.25	0.0394	-0.006
4.003	-5.94	0.0394	-0.012
4.004	-4.69	0.0394	-0.018
4.005	-1.41	0.0394	-0.022
4.006	1.41	0.0394	-0.021
4.007	3.44	0.0394	-0.019
4.008	5.47	0.0394	-0.014
4.009	6.25	0.0394	-0.008
4.01	6.87	0.0394	-0.002
4.011	6.87	0.0394	0.006
4.012	4.22	0.0394	0.012
4.013	1.09	0.0394	0.014
4.014	-0.78	0.0555	0.014
4.015	-3.91	0.0878	0.013
4.016	-6.87	0.0878	0.007
4.017	-8.28	0.0878	-0.001
4.018	-8.75	0.0878	-0.010
4.019	-7.34	0.0878	-0.018
4.02	-6.09	0.0878	-0.025
4.021	-5.47	0.0878	-0.031
4.022	-0.31	0.0878	-0.036
4.023	9.22	0.0878	-0.031
4.024	17.97	0.0878	-0.017
4.025	21.41	0.0878	0.005
4.026	19.37	0.0878	0.026
4.027	13.28	0.0878	0.043
4.028	7.81	0.0878	0.052
4.029	0.16	0.0834	0.059
4.03	-8.12	0.0747	0.052
4.031	-7.97	0.0747	0.043
4.032	-7.34	0.0747	0.037
4.033	-8.75	0.0747	0.028
4.034	-10.00	0.0747	0.019
4.035	-9.37	0.0747	0.008
4.036	-7.97	0.0747	0.000
4.037	-6.56	0.0747	-0.008
4.038	-3.91	0.0747	-0.013
4.039	-1.09	0.0747	-0.016
4.04	2.34	0.0747	-0.015
4.041	4.53	0.0747	-0.011
4.042	5.00	0.0747	-0.006
4.043	5.94	0.0747	-0.001
4.044	5.63	0.0747	0.006
4.045	3.59	0.0747	0.010
4.046	2.03	0.0747	0.013
4.047	0.78	0.0747	0.014
4.048	-2.03	0.0621	0.015
4.049	-5.63	0.0369	0.010
4.05	-5.47	0.0369	0.003
4.051	-5.47	0.0369	-0.001
4.052	-6.25	0.0369	-0.007
4.053	-4.69	0.0369	-0.013
4.054	-3.13	0.0369	-0.017
4.055	-0.47	0.0369	-0.019
4.056	2.50	0.0369	-0.018
4.057	4.53	0.0369	-0.014
4.058	5.78	0.0369	-0.009
4.059	6.56	0.0369	-0.003
4.06	6.25	0.0369	0.004
4.061	4.84	0.0369	0.010
4.062	3.91	0.0369	0.014
4.063	2.34	0.0369	0.018
4.064	-0.16	0.0369	0.019
4.065	-3.28	0.0369	0.017
4.066	-4.84	0.0369	0.012
4.067	-5.78	0.0369	0.007
4.068	-6.25	0.0369	0.001
4.069	-5.78	0.0369	-0.005
4.07	-5.47	0.0369	-0.011
4.071	-3.28	0.0369	-0.016
4.072	-0.16	0.0369	-0.018
4.073	2.03	0.0369	-0.016
4.074	3.75	0.0369	-0.013
4.075	5.78	0.0369	-0.009
4.076	7.03	0.0369	-0.002
4.077	6.87	0.0369	0.005
4.078	6.56	0.0369	0.012
4.079	3.75	0.0369	0.018
4.08	0.78	0.0369	0.019
4.081	-1.41	0.0395	0.020
4.082	-4.84	0.0447	0.017
4.083	-6.09	0.0447	0.010
4.084	-6.41	0.0447	0.004
4.085	-6.72	0.0447	-0.003
4.086	-6.72	0.0447	-0.009
4.087	-4.22	0.0447	-0.016
4.088	-1.56	0.0447	-0.018
4.089	-0.63	0.0447	-0.019
4.09	2.50	0.0447	-0.019
4.091	4.38	0.0447	-0.014
4.092	5.16	0.0447	-0.010
4.093	6.72	0.0447	-0.004
4.094	6.72	0.0447	0.003
4.095	7.34	0.0447	0.010
4.096	7.97	0.0447	0.018
4.097	5.31	0.0447	0.026
4.098	0.00	0.0456	0.029
4.099	-5.78	0.0475	0.026
4.1	-10.47	0.0475	0.017
4.101	-10.94	0.0475	0.005
4.102	-5.94	0.0475	-0.005
4.103	-4.53	0.0475	-0.007
4.104	-5.78	0.0475	-0.014
4.105	0.16	0.0475	-0.019
4.106	7.34	0.0475	-0.013
4.107	9.84	0.0475	-0.004
4.108	9.69	0.0475	0.006
4.109	7.66	0.0475	0.015
4.11	4.84	0.0475	0.022
4.111	3.28	0.0475	0.025
4.112	2.34	0.0475	0.028
4.113	-0.16	0.0482	0.030
4.114	-2.66	0.0497	0.028
4.115	-5.63	0.0497	0.024
4.116	-7.81	0.0497	0.017
4.117	-7.66	0.0497	0.009
4.118	-7.19	0.0497	0.001
4.119	-7.50	0.0497	-0.006
4.12	-6.09	0.0497	-0.014
4.121	-2.50	0.0497	-0.018
4.122	-1.09	0.0497	-0.019
4.123	1.41	0.0497	-0.020
4.124	5.00	0.0497	-0.016
4.125	6.09	0.0497	-0.010
4.126	6.56	0.0497	-0.004
4.127	6.41	0.0497	0.003
4.128	5.47	0.0497	0.009
4.129	4.22	0.0497	0.014
4.13	1.41	0.0453	0.018
4.131	-1.41	0.0366	0.017
4.132	-4.22	0.0366	0.015
4.133	-5.78	0.0366	0.008
4.134	-5.78	0.0366	0.003
4.135	-5.78	0.0366	-0.003
4.136	-5.31	0.0366	-0.008
4.137	-4.84	0.0366	-0.014
4.138	-2.50	0.0366	-0.018
4.139	1.09	0.0366	-0.019
4.14	3.28	0.0366	-0.016
4.141	4.53	0.0366	-0.012
4.142	6.25	0.0366	-0.007
4.143	7.34	0.0366	0.000
4.144	5.94	0.0366	0.008
4.145	5.00	0.0366	0.012
4.146	3.28	0.0366	0.018
4.147	0.16	0.0372	0.019
4.148	-2.50	0.0384	0.018
4.149	-5.31	0.0384	0.014
4.15	-6.41	0.0384	0.007
4.151	-6.41	0.0384	0.001
4.152	-6.25	0.0384	-0.005
4.153	-5.94	0.0384	-0.012
4.154	-3.91	0.0384	-0.017
4.155	-1.25	0.0384	-0.019
4.156	0.31	0.0384	-0.020
4.157	4.06	0.0384	-0.019
4.158	5.94	0.0384	-0.012
4.159	5.78	0.0384	-0.007
4.16	6.72	0.0384	0.000
4.161	5.78	0.0384	0.007
4.162	4.22	0.0384	0.012
4.163	1.56	0.0378	0.015
4.164	-0.16	0.0366	0.015
4.165	-3.44	0.0366	0.015
4.166	-6.09	0.0366	0.008
4.167	-6.09	0.0366	0.003
4.168	-5.78	0.0366	-0.004
4.169	-5.47	0.0366	-0.009
4.17	-5.31	0.0366	-0.015
4.171	-3.12	0.0366	-0.020
4.172	-0.94	0.0366	-0.022
4.173	2.34	0.0366	-0.022
4.174	5.47	0.0366	-0.017
4.175	5.47	0.0366	-0.011
4.176	5.94	0.0366	-0.006
4.177	5.94	0.0366	0.001
4.178	4.69	0.0366	0.006
4.179	4.22	0.0366	0.011
4.18	1.09	0.1328	0.014
4.181	-1.88	0.3253	0.013
4.182	-3.91	0.3253	0.011
4.183	-6.25	0.3253	0.005
4.184	-6.09	0.3253	-0.002
4.185	-5.63	0.3253	-0.007
4.186	-6.25	0.3253	-0.013
4.187	-4.53	0.3253	-0.020
4.188	-1.72	0.3253	-0.022
4.189	0.16	0.3253	-0.023
4.19	2.97	0.3253	-0.022
4.191	5.31	0.3253	-0.017
4.192	8.28	0.3253	-0.011
4.193	37.19	0.3253	-0.001
4.194	76.87	0.3253	0.063
4.195	91.72	0.3253	0.153
4.196	74.53	0.3253	0.247
4.197	34.38	0.3253	0.302
4.198	-13.75	0.4667	0.315
4.199	-68.75	0.7494	0.275
4.2	-107.03	0.7494	0.178
4.201	-131.72	0.7494	0.061
4.202	-138.91	0.7494	-0.086
4.203	-122.19	0.7494	-0.217
4.204	-92.66	0.7494	-0.330
4.205	-46.56	0.7494	-0.403
4.206	2.03	0.7494	-0.423
4.207	57.97	0.7494	-0.398
4.208	103.91	0.7494	-0.307
4.209	131.41	0.7494	-0.191
4.21	146.87	0.7494	-0.044
4.211	136.41	0.7494	0.103
4.212	111.56	0.7494	0.228
4.213	69.69	0.7494	0.326
4.214	19.53	0.7552	0.368
4.215	-34.53	0.7669	0.365
4.216	-87.81	0.7669	0.299
4.217	-120.00	0.7669	0.190
4.218	-141.72	0.7669	0.059
4.219	-140.16	0.7669	-0.094
4.22	-119.38	0.7669	-0.222
4.221	-83.91	0.7669	-0.333
4.222	-33.28	0.7669	-0.389
4.223	17.03	0.7669	-0.399
4.224	73.59	0.7669	-0.355
4.225	112.97	0.7669	-0.252
4.226	136.88	0.7669	-0.129
4.227	145.16	0.7669	0.022
4.228	128.13	0.7669	0.161
4.229	97.97	0.7669	0.278
4.23	51.41	0.7669	0.357
4.231	1.41	0.7682	0.381
4.232	-54.53	0.7709	0.360
4.233	-101.56	0.7709	0.272
4.234	-128.59	0.7709	0.157
4.235	-145.00	0.7709	0.015
4.236	-135.16	0.7709	-0.133
4.237	-108.59	0.7709	-0.256
4.238	-67.19	0.7709	-0.351
4.239	-17.50	0.7709	-0.390
4.24	36.25	0.7709	-0.386
4.241	88.44	0.7709	-0.318
4.242	120.47	0.7709	-0.209
4.243	142.97	0.7709	-0.077
4.244	141.72	0.7709	0.077
4.245	119.37	0.7709	0.207
4.246	83.75	0.7709	0.316
4.247	34.38	0.7709	0.374
4.248	-16.72	0.7669	0.385
4.249	-72.50	0.7587	0.341
4.25	-112.34	0.7587	0.240
4.251	-137.81	0.7587	0.116
4.252	-145.00	0.7587	-0.036
4.253	-125.47	0.7587	-0.174
4.254	-89.69	0.7587	-0.287
4.255	-36.09	0.7587	-0.353
4.256	17.50	0.7587	-0.359
4.257	75.00	0.7587	-0.318
4.258	119.06	0.7587	-0.209
4.259	138.28	0.7587	-0.080
4.26	144.06	0.7587	0.068
4.261	125.31	0.7587	0.208
4.262	95.78	0.7587	0.318
4.263	53.59	0.7587	0.400
4.264	5.94	0.7801	0.425
4.265	-46.25	0.8228	0.412
4.266	-97.81	0.8228	0.333
4.267	-129.84	0.8228	0.216
4.268	-151.25	0.8228	0.073
4.269	-146.87	0.8228	-0.087
4.27	-121.87	0.8228	-0.221
4.271	-83.59	0.8228	-0.330
4.272	-33.59	0.8228	-0.388
4.273	16.41	0.8228	-0.398
4.274	72.34	0.8228	-0.355
4.275	111.87	0.8228	-0.253
4.276	136.09	0.8228	-0.131
4.277	144.38	0.8228	0.019
4.278	126.56	0.8228	0.158
4.279	96.88	0.8228	0.273
4.28	50.94	0.8228	0.351
4.281	1.25	0.8053	0.374
4.282	-54.69	0.7703	0.354
4.283	-101.56	0.7703	0.265
4.284	-128.44	0.7703	0.151
4.285	-144.84	0.7703	0.008
4.286	-134.22	0.7703	-0.139
4.287	-108.13	0.7703	-0.260
4.288	-67.34	0.7703	-0.355
4.289	-17.66	0.7703	-0.395
4.29	36.41	0.7703	-0.391
4.291	90.47	0.7703	-0.322
4.292	122.81	0.7703	-0.210
4.293	142.97	0.7703	-0.077
4.294	141.72	0.7703	0.076
4.295	120.47	0.7703	0.207
4.296	84.22	0.7703	0.317
4.297	34.38	0.7703	0.375
4.298	-16.09	0.6755	0.386
4.299	-72.81	0.4859	0.343
4.3	-111.87	0.4859	0.240
4.301	-118.28	0.4859	0.119
4.302	-87.03	0.4859	0.004
4.303	-42.81	0.4859	-0.055
4.304	-19.37	0.4859	-0.082
4.305	-9.06	0.4859	-0.093
4.306	-2.81	0.4859	-0.100
4.307	5.94	0.4859	-0.099
4.308	12.03	0.4859	-0.088
4.309	14.37	0.4859	-0.075
4.31	15.47	0.4859	-0.059
4.311	14.53	0.4859	-0.044
4.312	12.66	0.4859	-0.030
4.313	9.84	0.4859	-0.019
4.314	5.31	0.4859	-0.011
4.315	0.31	0.3367	-0.008
4.316	-2.50	0.0381	-0.010
4.317	-3.44	0.0381	-0.013
4.318	-4.69	0.0381	-0.017
4.319	-4.37	0.0381	-0.022
4.32	-3.28	0.0381	-0.026
4.321	-1.72	0.0381	-0.029
4.322	2.81	0.0381	-0.029
4.323	7.66	0.0381	-0.023
4.324	9.06	0.0381	-0.014
4.325	7.97	0.0381	-0.005
4.326	6.09	0.0381	0.002
4.327	1.72	0.0381	0.007
4.328	1.09	0.0381	0.006
4.329	3.91	0.0381	0.009
4.33	0.47	0.0309	0.013
4.331	-6.25	0.0166	0.010
4.332	-6.56	0.0166	0.001
4.333	-1.25	0.0166	-0.003
4.334	2.50	0.0166	-0.002
4.335	2.81	0.0166	0.002
4.336	0.47	0.0180	0.004
4.337	-1.72	0.0209	0.003
4.338	-1.72	0.0209	0.001
4.339	-1.09	0.0209	-0.001
4.34	1.41	0.0209	-0.002
4.341	3.59	0.0209	0.002
4.342	3.91	0.0209	0.006
4.343	5.16	0.0209	0.010
4.344	4.69	0.0209	0.016
4.345	3.12	0.0209	0.019
4.346	1.25	0.0276	0.022
4.347	-0.78	0.0409	0.022
4.348	-3.91	0.0409	0.021
4.349	-5.94	0.0409	0.014
4.35	-5.94	0.0409	0.009
4.351	-6.87	0.0409	0.002
4.352	-6.72	0.0409	-0.005
4.353	-5.16	0.0409	-0.011
4.354	-3.75	0.0409	-0.015
4.355	-1.72	0.0409	-0.019
4.356	1.88	0.0409	-0.019
4.357	5.16	0.0409	-0.015
4.358	6.25	0.0409	-0.008
4.359	6.72	0.0409	-0.003
4.36	6.56	0.0409	0.005
4.361	5.00	0.0409	0.011
4.362	3.75	0.0409	0.015
4.363	1.88	0.0409	0.018
4.364	-0.78	0.0402	0.019
4.365	-3.75	0.0387	0.017
4.366	-5.78	0.0387	0.011
4.367	-6.87	0.0387	0.005
4.368	-6.72	0.0387	-0.003
4.369	-5.63	0.0387	-0.008
4.37	-4.53	0.0387	-0.014
4.371	-2.97	0.0387	-0.018
4.372	-1.25	0.0387	-0.020
4.373	1.88	0.0387	-0.020
4.374	4.69	0.0387	-0.016
4.375	5.47	0.0387	-0.011
4.376	6.25	0.0387	-0.005
4.377	6.09	0.0387	0.002
4.378	5.31	0.0387	0.007
4.379	3.91	0.0387	0.013
4.38	1.56	0.0387	0.015
4.381	-0.62	0.0386	0.016
4.382	-4.53	0.0384	0.014
4.383	-6.72	0.0384	0.007
4.384	-6.09	0.0384	0.000
4.385	-6.72	0.0384	-0.006
4.386	-6.25	0.0384	-0.013
4.387	-4.06	0.0384	-0.018
4.388	-2.34	0.0384	-0.021
4.389	-0.47	0.0384	-0.023
4.39	2.66	0.0384	-0.022
4.391	5.00	0.0384	-0.018
4.392	6.41	0.0384	-0.012
4.393	6.72	0.0384	-0.005
4.394	5.00	0.0384	0.001
4.395	4.53	0.0384	0.005
4.396	3.12	0.0384	0.010
4.397	0.31	0.0384	0.012
4.398	-2.97	0.0384	0.011
4.399	-5.31	0.0384	0.006
4.4	-6.09	0.0384	0.000
4.401	-7.03	0.0384	-0.007
4.402	-6.09	0.0384	-0.014
4.403	-5.16	0.0384	-0.019
4.404	-4.06	0.0384	-0.024
4.405	-1.41	0.0384	-0.027
4.406	0.16	0.0384	-0.027
4.407	3.44	0.0384	-0.027
4.408	6.41	0.0384	-0.020
4.409	7.34	0.0384	-0.014
4.41	7.19	0.0384	-0.005
4.411	5.78	0.0384	0.001
4.412	5.16	0.0384	0.006
4.413	2.81	0.0384	0.011
4.414	-0.62	0.0380	0.012
4.415	-3.75	0.0372	0.010
4.416	-5.94	0.0372	0.004
4.417	-6.09	0.0372	-0.002
4.418	-6.25	0.0372	-0.008
4.419	-5.78	0.0372	-0.015
4.42	-4.38	0.0372	-0.019
4.421	-2.97	0.0372	-0.023
4.422	-0.94	0.0372	-0.025
4.423	2.34	0.0372	-0.025
4.424	5.47	0.0372	-0.021
4.425	5.94	0.0372	-0.014
4.426	6.41	0.0372	-0.009
4.427	6.56	0.0372	-0.002
4.428	5.31	0.0372	0.004
4.429	3.59	0.0372	0.009
4.43	1.09	0.0378	0.012
4.431	-1.56	0.0391	0.011
4.432	-3.91	0.0391	0.008
4.433	-5.16	0.0391	0.003
4.434	-6.09	0.0391	-0.002
4.435	-6.25	0.0391	-0.009
4.436	-5.31	0.0391	-0.014
4.437	-4.69	0.0391	-0.019
4.438	-2.97	0.0391	-0.024
4.439	-0.31	0.0391	-0.025
4.44	2.34	0.0391	-0.024
4.441	5.16	0.0391	-0.021
4.442	7.50	0.0391	-0.014
4.443	7.81	0.0391	-0.006
4.444	6.72	0.0391	0.002
4.445	5.31	0.0391	0.008
4.446	2.97	0.0391	0.012
4.447	1.09	0.0391	0.014
4.448	-1.25	0.0384	0.014
4.449	-4.53	0.0372	0.011
4.45	-6.09	0.0372	0.005
4.451	-6.87	0.0372	-0.001
4.452	-6.72	0.0372	-0.008
4.453	-5.47	0.0372	-0.014
4.454	-3.59	0.0372	-0.019
4.455	-1.72	0.0372	-0.022
4.456	0.94	0.0372	-0.023
4.457	4.84	0.0372	-0.020
4.458	6.25	0.0372	-0.013
4.459	5.94	0.0372	-0.007
4.46	5.78	0.0372	-0.001
4.461	5.63	0.0372	0.004
4.462	4.84	0.0372	0.010
4.463	3.12	0.0372	0.014
4.464	0.00	0.0429	0.016
4.465	-4.06	0.0544	0.014
4.466	-5.62	0.0544	0.008
4.467	-5.47	0.0544	0.003
4.468	-6.56	0.0544	-0.003
4.469	-6.41	0.0544	-0.010
4.47	-4.69	0.0544	-0.016
4.471	-2.81	0.0544	-0.020
4.472	-0.31	0.0544	-0.021
4.473	2.50	0.0544	-0.020
4.474	4.84	0.0544	-0.016
4.475	5.94	0.0544	-0.011
4.476	6.25	0.0544	-0.004
4.477	5.63	0.0544	0.002
4.478	5.16	0.0544	0.007
4.479	4.38	0.0544	0.012
4.48	4.69	0.0544	0.016
4.481	5.78	0.0544	0.022
4.482	5.78	0.0544	0.027
4.483	4.84	0.0544	0.033
4.484	-0.16	0.0459	0.037
4.485	-6.41	0.0291	0.033
4.486	-9.06	0.0291	0.024
4.487	-8.12	0.0291	0.015
4.488	-3.28	0.0291	0.008
4.489	2.03	0.0291	0.008
4.49	5.63	0.0291	0.012
4.491	4.38	0.0291	0.019
4.492	-0.94	0.0210	0.021
4.493	-1.72	0.0050	0.018
4.494	1.09	0.0050	0.017
4.495	2.50	0.0050	0.020
4.496	1.56	0.0050	0.022
4.497	-0.47	0.0193	0.023
4.498	-4.53	0.0478	0.021
4.499	-7.97	0.0478	0.014
4.5	-7.81	0.0478	0.005
4.501	-8.12	0.0478	-0.002
4.502	-7.50	0.0478	-0.011
4.503	-5.94	0.0478	-0.017
4.504	-4.06	0.0478	-0.023
4.505	-1.09	0.0478	-0.025
4.506	0.94	0.0478	-0.025
4.507	3.59	0.0478	-0.023
4.508	5.94	0.0478	-0.018
4.509	6.72	0.0478	-0.011
4.51	6.72	0.0478	-0.004
4.511	5.63	0.0478	0.002
4.512	5.00	0.0478	0.007
4.513	3.59	0.0478	0.012
4.514	0.16	0.0500	0.014
4.515	-3.28	0.0544	0.013
4.516	-5.47	0.0544	0.007
4.517	-5.94	0.0544	0.002
4.518	-6.72	0.0544	-0.004
4.519	-7.34	0.0544	-0.012
4.52	-7.03	0.0544	-0.019
4.521	-4.84	0.0544	-0.026
4.522	-0.94	0.0544	-0.029
4.523	2.81	0.0544	-0.028
4.524	7.19	0.0544	-0.023
4.525	9.53	0.0544	-0.013
4.526	10.78	0.0544	-0.004
4.527	11.09	0.0544	0.008
4.528	8.75	0.0544	0.018
4.529	5.78	0.0544	0.026
4.53	2.03	0.0558	0.030
4.531	-1.88	0.0588	0.030
4.532	-6.41	0.0588	0.026
4.533	-8.59	0.0588	0.017
4.534	-9.22	0.0588	0.009
4.535	-10.31	0.0588	-0.002
4.536	-9.06	0.0588	-0.012
4.537	-7.19	0.0588	-0.020
4.538	-4.69	0.0588	-0.026
4.539	-0.94	0.0588	-0.029
4.54	3.91	0.0588	-0.028
4.541	7.50	0.0588	-0.021
4.542	8.75	0.0588	-0.013
4.543	10.31	0.0588	-0.004
4.544	9.53	0.0588	0.007
4.545	8.28	0.0588	0.015
4.546	6.41	0.0588	0.024
4.547	1.72	0.0599	0.028
4.548	-3.44	0.0622	0.028
4.549	-7.66	0.0622	0.021
4.55	-9.53	0.0622	0.012
4.551	-10.78	0.0622	0.002
4.552	-10.47	0.0622	-0.009
4.553	-9.22	0.0622	-0.019
4.554	-6.56	0.0622	-0.028
4.555	-3.13	0.0622	-0.032
4.556	0.47	0.0622	-0.034
4.557	5.63	0.0622	-0.031
4.558	8.28	0.0622	-0.023
4.559	10.62	0.0622	-0.014
4.56	11.87	0.0622	-0.002
4.561	10.31	0.0622	0.009
4.562	8.12	0.0622	0.019
4.563	4.22	0.0622	0.026
4.564	0.31	0.0625	0.028
4.565	-5.00	0.0631	0.026
4.566	-8.91	0.0631	0.018
4.567	-9.84	0.0631	0.008
4.568	-10.94	0.0631	-0.002
4.569	-10.78	0.0631	-0.013
4.57	-8.91	0.0631	-0.024
4.571	-5.94	0.0631	-0.031
4.572	-2.19	0.0631	-0.036
4.573	2.97	0.0631	-0.036
4.574	7.19	0.0631	-0.030
4.575	9.84	0.0631	-0.021
4.576	11.25	0.0631	-0.010
4.577	10.94	0.0631	0.001
4.578	9.69	0.0631	0.012
4.579	7.34	0.0631	0.021
4.58	2.97	0.0596	0.027
4.581	-1.88	0.0525	0.027
4.582	-6.09	0.0525	0.023
4.583	-8.91	0.0525	0.014
4.584	-9.69	0.0525	0.005
4.585	-9.53	0.0525	-0.005
4.586	-7.34	0.0525	-0.014
4.587	-5.47	0.0525	-0.020
4.588	-3.12	0.0525	-0.025
4.589	0.47	0.0525	-0.026
4.59	3.75	0.0525	-0.024
4.591	5.62	0.0525	-0.018
4.592	6.72	0.0525	-0.013
4.593	7.34	0.0525	-0.005
4.594	6.41	0.0525	0.002
4.595	5.16	0.0525	0.008
4.596	2.66	0.0525	0.012
4.597	0.94	0.0525	0.013
4.598	-1.87	0.0471	0.014
4.599	-5.62	0.0363	0.009
4.6	-6.09	0.0363	0.003
4.601	-6.09	0.0363	-0.003
4.602	-5.94	0.0363	-0.009
4.603	-5.00	0.0363	-0.015
4.604	-3.28	0.0363	-0.019
4.605	-1.41	0.0363	-0.021
4.606	0.94	0.0363	-0.022
4.607	4.53	0.0363	-0.019
4.608	5.16	0.0363	-0.013
4.609	5.31	0.0363	-0.009
4.61	6.72	0.0363	-0.003
4.611	6.09	0.0363	0.004
4.612	4.69	0.0363	0.010
4.613	2.34	0.0363	0.014
4.614	-0.47	0.0364	0.014
4.615	-3.75	0.0366	0.013
4.616	-5.47	0.0366	0.007
4.617	-6.09	0.0366	0.002
4.618	-6.56	0.0366	-0.005
4.619	-4.84	0.0366	-0.011
4.62	-3.75	0.0366	-0.015
4.621	-3.13	0.0366	-0.019
4.622	-0.47	0.0366	-0.021
4.623	2.50	0.0366	-0.020
4.624	4.69	0.0366	-0.016
4.625	5.94	0.0366	-0.010
4.626	6.09	0.0366	-0.004
4.627	5.78	0.0366	0.002
4.628	5.94	0.0366	0.007
4.629	4.06	0.0366	0.014
4.63	1.09	0.0366	0.015
4.631	-1.56	0.0376	0.016
4.632	-5.00	0.0397	0.012
4.633	-6.09	0.0397	0.006
4.634	-6.25	0.0397	0.000
4.635	-6.56	0.0397	-0.007
4.636	-6.09	0.0397	-0.013
4.637	-4.84	0.0397	-0.019
4.638	-2.50	0.0397	-0.023
4.639	-0.31	0.0397	-0.024
4.64	2.81	0.0397	-0.023
4.641	5.16	0.0397	-0.018
4.642	5.47	0.0397	-0.013
4.643	7.03	0.0397	-0.007
4.644	7.34	0.0397	0.001
4.645	6.09	0.0397	0.007
4.646	4.06	0.0397	0.013
4.647	1.56	0.0397	0.016
4.648	-1.25	0.0302	0.016
4.649	-1.87	0.0112	0.013
4.65	1.88	0.0112	0.013
4.651	5.62	0.0112	0.017
4.652	5.31	0.0112	0.024
4.653	-1.56	0.0140	0.028
4.654	-7.03	0.0194	0.021
4.655	-6.25	0.0194	0.013
4.656	-1.88	0.0194	0.008
4.657	4.22	0.0194	0.010
4.658	7.03	0.0194	0.017
4.659	7.81	0.0194	0.024
4.66	3.28	0.0332	0.032
4.661	-4.22	0.0609	0.030
4.662	-4.84	0.0609	0.024
4.663	-2.66	0.0609	0.021
4.664	-1.56	0.0609	0.018
4.665	-3.91	0.0609	0.018
4.666	-7.97	0.0609	0.011
4.667	-8.28	0.0609	0.002
4.668	-7.19	0.0609	-0.006
4.669	-7.03	0.0609	-0.013
4.67	-6.56	0.0609	-0.020
4.671	-4.06	0.0609	-0.026
4.672	-1.41	0.0609	-0.028
4.673	1.88	0.0609	-0.029
4.674	5.31	0.0609	-0.024
4.675	5.78	0.0609	-0.018
4.676	6.72	0.0609	-0.013
4.677	7.50	0.0609	-0.005
4.678	6.56	0.0609	0.002
4.679	4.69	0.0609	0.008
4.68	1.56	0.0609	0.012
4.681	-1.09	0.0530	0.012
4.682	-3.91	0.0372	0.009
4.683	-4.69	0.0372	0.004
4.684	-5.47	0.0372	0.000
4.685	-6.41	0.0372	-0.007
4.686	-4.53	0.0372	-0.013
4.687	-3.28	0.0372	-0.016
4.688	-1.88	0.0372	-0.019
4.689	0.16	0.0372	-0.020
4.69	2.81	0.0372	-0.019
4.691	5.16	0.0372	-0.014
4.692	7.03	0.0372	-0.009
4.693	7.97	0.0372	-0.000
4.694	6.72	0.0372	0.007
4.695	5.00	0.0372	0.013
4.696	3.75	0.0372	0.017
4.697	1.25	0.0378	0.021
4.698	-2.66	0.0391	0.020
4.699	-5.94	0.0391	0.015
4.7	-6.87	0.0391	0.008
4.701	-5.94	0.0391	0.002
4.702	-6.09	0.0391	-0.004
4.703	-5.63	0.0391	-0.011
4.704	-3.91	0.0391	-0.015
4.705	-1.41	0.0391	-0.018
4.706	1.09	0.0391	-0.018
4.707	3.59	0.0391	-0.016
4.708	5.31	0.0391	-0.011
4.709	6.25	0.0391	-0.006
4.71	6.56	0.0391	0.002
4.711	5.78	0.0391	0.007
4.712	4.84	0.0391	0.013
4.713	2.34	0.0391	0.017
4.714	-0.47	0.0387	0.018
4.715	-3.59	0.0381	0.016
4.716	-5.78	0.0381	0.011
4.717	-6.25	0.0381	0.005
4.718	-6.87	0.0381	-0.002
4.719	-5.94	0.0381	-0.009
4.72	-4.06	0.0381	-0.014
4.721	-3.28	0.0381	-0.017
4.722	-1.41	0.0381	-0.020
4.723	2.03	0.0381	-0.020
4.724	5.00	0.0381	-0.016
4.725	5.94	0.0381	-0.010
4.726	6.87	0.0381	-0.004
4.727	6.41	0.0381	0.004
4.728	4.22	0.0381	0.008
4.729	2.81	0.0381	0.012
4.73	1.09	0.0381	0.014
4.731	-2.03	0.0386	0.014
4.732	-5.00	0.0397	0.010
4.733	-5.31	0.0397	0.004
4.734	-6.41	0.0397	-0.001
4.735	-6.41	0.0397	-0.008
4.736	-5.47	0.0397	-0.013
4.737	-4.84	0.0397	-0.019
4.738	-2.97	0.0397	-0.023
4.739	-1.09	0.0397	-0.025
4.74	2.34	0.0397	-0.025
4.741	5.63	0.0397	-0.021
4.742	6.72	0.0397	-0.014
4.743	6.87	0.0397	-0.007
4.744	6.87	0.0397	-0.000
4.745	5.47	0.0397	0.007
4.746	2.81	0.0397	0.011
4.747	0.31	0.0389	0.012
4.748	-2.66	0.0372	0.011
4.749	-5.31	0.0372	0.007
4.75	-5.47	0.0372	0.001
4.751	-5.00	0.0372	-0.004
4.752	-5.94	0.0372	-0.009
4.753	-5.94	0.0372	-0.016
4.754	-3.91	0.0372	-0.021
4.755	-1.56	0.0372	-0.024
4.756	1.41	0.0372	-0.024
4.757	5.00	0.0372	-0.021
4.758	5.94	0.0372	-0.014
4.759	6.41	0.0372	-0.009
4.76	7.03	0.0372	-0.002
4.761	5.47	0.0372	0.005
4.762	3.91	0.0372	0.009
4.763	2.34	0.0372	0.013
4.764	0.16	0.0373	0.014
4.765	-3.59	0.0375	0.013
4.766	-5.63	0.0375	0.007
4.767	-5.78	0.0375	0.002
4.768	-6.41	0.0375	-0.005
4.769	-5.62	0.0375	-0.011
4.77	-5.31	0.0375	-0.016
4.771	-3.75	0.0375	-0.022
4.772	-0.78	0.0375	-0.023
4.773	1.41	0.0375	-0.023
4.774	3.75	0.0375	-0.021
4.775	5.47	0.0375	-0.016
4.776	7.03	0.0375	-0.010
4.777	6.87	0.0375	-0.002
4.778	5.94	0.0375	0.004
4.779	4.53	0.0375	0.010
4.78	1.41	0.0373	0.013
4.781	-1.25	0.0369	0.013
4.782	-4.22	0.0369	0.011
4.783	-5.94	0.0369	0.005
4.784	-6.09	0.0369	-0.001
4.785	-6.25	0.0369	-0.007
4.786	-5.31	0.0369	-0.014
4.787	-4.38	0.0369	-0.018
4.788	-2.81	0.0369	-0.022
4.789	0.16	0.0369	-0.024
4.79	3.59	0.0369	-0.022
4.791	5.31	0.0369	-0.017
4.792	5.47	0.0369	-0.012
4.793	7.19	0.0369	-0.006
4.794	6.56	0.0369	0.003
4.795	4.53	0.0369	0.007
4.796	3.91	0.0369	0.012
4.797	1.41	0.0441	0.015
4.798	-2.66	0.0584	0.015
4.799	-5.47	0.0584	0.010
4.8	-6.72	0.0584	0.004
4.801	-6.87	0.0584	-0.003
4.802	-5.47	0.0584	-0.010
4.803	-4.22	0.0584	-0.014
4.804	-2.97	0.0584	-0.018
4.805	-1.09	0.0584	-0.020
4.806	0.62	0.0584	-0.021
4.807	2.81	0.0584	-0.019
4.808	4.06	0.0584	-0.015
4.809	5.94	0.0584	-0.011
4.81	7.03	0.0584	-0.003
4.811	5.78	0.0584	0.003
4.812	7.97	0.0584	0.008
4.813	9.37	0.0584	0.019
4.814	9.37	0.0584	0.027
4.815	8.28	0.0584	0.038
4.816	1.09	0.0519	0.044
4.817	-6.72	0.0387	0.040
4.818	-10.62	0.0387	0.030
4.819	-10.00	0.0387	0.019
4.82	-6.88	0.0387	0.010
4.821	-1.88	0.0387	0.005
4.822	3.44	0.0387	0.007
4.823	3.28	0.0387	0.012
4.824	-0.62	0.0292	0.013
4.825	-2.97	0.0100	0.011
4.826	-0.31	0.0100	0.007
4.827	3.59	0.0100	0.010
4.828	3.44	0.0100	0.014
4.829	1.41	0.0100	0.017
4.83	0.16	0.0100	0.017
4.831	-2.19	0.0210	0.017
4.832	-6.25	0.0431	0.013
4.833	-7.03	0.0431	0.005
4.834	-7.19	0.0431	-0.001
4.835	-7.03	0.0431	-0.010
4.836	-5.47	0.0431	-0.015
4.837	-4.69	0.0431	-0.021
4.838	-2.66	0.0431	-0.025
4.839	0.00	0.0431	-0.026
4.84	3.59	0.0431	-0.025
4.841	5.78	0.0431	-0.019
4.842	6.41	0.0431	-0.013
4.843	6.87	0.0431	-0.006
4.844	5.63	0.0431	0.001
4.845	4.69	0.0431	0.005
4.846	3.91	0.0431	0.010
4.847	1.72	0.0431	0.013
4.848	-1.72	0.0416	0.013
4.849	-4.53	0.0384	0.010
4.85	-6.25	0.0384	0.004
4.851	-6.56	0.0384	-0.003
4.852	-5.47	0.0384	-0.009
4.853	-5.31	0.0384	-0.014
4.854	-3.91	0.0384	-0.019
4.855	-0.63	0.0384	-0.022
4.856	1.09	0.0384	-0.021
4.857	3.75	0.0384	-0.019
4.858	6.09	0.0384	-0.013
4.859	6.09	0.0384	-0.007
4.86	7.03	0.0384	-0.001
4.861	6.72	0.0384	0.007
4.862	5.00	0.0384	0.013
4.863	2.81	0.0384	0.017
4.864	-0.31	0.0380	0.018
4.865	-3.75	0.0372	0.016
4.866	-5.78	0.0372	0.011
4.867	-5.78	0.0372	0.005
4.868	-7.03	0.0372	-0.001
4.869	-5.78	0.0372	-0.009
4.87	-3.59	0.0372	-0.013
4.871	-3.28	0.0372	-0.017
4.872	-1.25	0.0372	-0.019
4.873	1.88	0.0372	-0.019
4.874	4.53	0.0372	-0.015
4.875	5.78	0.0372	-0.010
4.876	6.25	0.0372	-0.004
4.877	5.16	0.0372	0.003
4.878	3.91	0.0372	0.007
4.879	3.59	0.0372	0.010
4.88	1.72	0.0371	0.014
4.881	-1.25	0.0369	0.014
4.882	-3.91	0.0369	0.011
4.883	-5.94	0.0369	0.006
4.884	-6.72	0.0369	-0.001
4.885	-6.25	0.0369	-0.007
4.886	-5.31	0.0369	-0.013
4.887	-5.00	0.0369	-0.018
4.888	-2.34	0.0369	-0.023
4.889	0.00	0.0369	-0.023
4.89	2.34	0.0369	-0.023
4.891	5.78	0.0369	-0.018
4.892	6.56	0.0369	-0.012
4.893	6.56	0.0369	-0.005
4.894	5.94	0.0369	0.002
4.895	5.00	0.0369	0.007
4.896	3.44	0.0369	0.012
4.897	0.78	0.0372	0.014
4.898	-1.88	0.0378	0.013
4.899	-4.38	0.0378	0.010
4.9	-5.31	0.0378	0.004
4.901	-6.09	0.0378	-0.001
4.902	-6.87	0.0378	-0.008
4.903	-6.09	0.0378	-0.014
4.904	-4.53	0.0378	-0.020
4.905	-2.03	0.0378	-0.023
4.906	0.63	0.0378	-0.024
4.907	3.75	0.0378	-0.022
4.908	5.94	0.0378	-0.017
4.909	7.03	0.0378	-0.010
4.91	6.56	0.0378	-0.003
4.911	5.00	0.0378	0.003
4.912	4.69	0.0378	0.007
4.913	2.81	0.0378	0.012
4.914	-0.62	0.0374	0.013
4.915	-2.97	0.0366	0.011
4.916	-4.69	0.0366	0.007
4.917	-5.47	0.0366	0.002
4.918	-5.78	0.0366	-0.004
4.919	-5.94	0.0366	-0.010
4.92	-5.16	0.0366	-0.016
4.921	-3.91	0.0366	-0.020
4.922	-1.09	0.0366	-0.023
4.923	2.03	0.0366	-0.022
4.924	5.47	0.0366	-0.019
4.925	7.19	0.0366	-0.012
4.926	6.25	0.0366	-0.005
4.927	5.63	0.0366	0.001
4.928	5.00	0.0366	0.006
4.929	2.34	0.0366	0.011
4.93	-0.78	0.0366	0.011
4.931	-1.56	0.0366	0.009
4.932	-3.91	0.0366	0.008
4.933	-5.94	0.0366	0.002
4.934	-5.94	0.0366	-0.004
4.935	-6.09	0.0366	-0.010
4.936	-4.84	0.0366	-0.016
4.937	-4.38	0.0366	-0.020
4.938	-2.50	0.0366	-0.025
4.939	0.78	0.0366	-0.025
4.94	3.28	0.0366	-0.023
4.941	4.84	0.0366	-0.018
4.942	5.62	0.0366	-0.014
4.943	7.03	0.0366	-0.007
4.944	6.41	0.0366	0.000
4.945	5.63	0.0366	0.006
4.946	4.22	0.0366	0.012
4.947	1.09	0.0358	0.014
4.948	-2.19	0.0344	0.014
4.949	-5.16	0.0344	0.010
4.95	-5.63	0.0344	0.003
4.951	-6.09	0.0344	-0.002
4.952	-6.09	0.0344	-0.009
4.953	-4.38	0.0344	-0.014
4.954	-3.28	0.0344	-0.018
4.955	-1.09	0.0344	-0.020
4.956	0.78	0.0344	-0.020
4.957	2.97	0.0344	-0.019
4.958	5.00	0.0344	-0.014
4.959	6.25	0.0344	-0.009
4.96	7.03	0.0344	-0.001
4.961	5.47	0.0344	0.005
4.962	5.00	0.0344	0.010
4.963	2.66	0.0355	0.015
4.964	-0.63	0.0378	0.015
4.965	-2.97	0.0378	0.014
4.966	-5.47	0.0378	0.009
4.967	-5.31	0.0378	0.003
4.968	-5.63	0.0378	-0.002
4.969	-6.25	0.0378	-0.008
4.97	-5.63	0.0378	-0.014
4.971	-3.44	0.0378	-0.019
4.972	-1.41	0.0378	-0.021
4.973	0.78	0.0378	-0.022
4.974	3.91	0.0378	-0.019
4.975	5.78	0.0378	-0.014
4.976	6.56	0.0378	-0.008
4.977	7.19	0.0378	-0.001
4.978	6.56	0.0378	0.007
4.979	4.53	0.0378	0.012
4.98	2.50	0.0378	0.016
4.981	-0.78	0.0448	0.017
4.982	-4.06	0.0588	0.014
4.983	-5.31	0.0588	0.009
4.984	-6.09	0.0588	0.003
4.985	-6.09	0.0588	-0.003
4.986	-5.31	0.0588	-0.009
4.987	-4.38	0.0588	-0.014
4.988	-2.66	0.0588	-0.018
4.989	-1.09	0.0588	-0.019
4.99	1.88	0.0588	-0.020
4.991	4.53	0.0588	-0.016
4.992	5.63	0.0588	-0.011
4.993	6.41	0.0588	-0.004
4.994	5.63	0.0588	0.002
4.995	5.47	0.0588	0.007
4.996	5.00	0.0588	0.013
4.997	5.31	0.0588	0.017
4.998	7.19	0.0588	0.024
4.999	7.66	0.0588	0.031
5	5.31	0.0588	0.039
5.001	-2.03	0.0493	0.042
5.002	-8.75	0.0303	0.035
5.003	-10.31	0.0303	0.024
5.004	-6.41	0.0303	0.014
5.005	-1.25	0.0303	0.012
5.006	2.66	0.0303	0.012
5.007	6.09	0.0303	0.017
5.008	2.34	0.0230	0.024
5.009	-3.75	0.0084	0.022
5.01	-2.97	0.0084	0.017
5.011	0.94	0.0084	0.016
5.012	2.03	0.0084	0.018
5.013	0.63	0.0084	0.020
5.014	-1.09	0.0199	0.020
5.015	-4.84	0.0428	0.018
5.016	-7.03	0.0428	0.010
5.017	-6.72	0.0428	0.003
5.018	-7.03	0.0428	-0.003
5.019	-5.94	0.0428	-0.011
5.02	-5.31	0.0428	-0.015
5.021	-3.75	0.0428	-0.021
5.022	-0.94	0.0428	-0.023
5.023	1.56	0.0428	-0.023
5.024	3.91	0.0428	-0.020
5.025	5.94	0.0428	-0.015
5.026	7.19	0.0428	-0.008
5.027	6.09	0.0428	-0.001
5.028	5.94	0.0428	0.004
5.029	5.63	0.0428	0.011
5.03	2.97	0.0428	0.016
5.031	-0.47	0.0496	0.017
5.032	-3.28	0.0631	0.015
5.033	-4.84	0.0631	0.010
5.034	-5.63	0.0631	0.005
5.035	-7.19	0.0631	-0.001
5.036	-8.12	0.0631	-0.009
5.037	-7.66	0.0631	-0.017
5.038	-5.16	0.0631	-0.025
5.039	-2.34	0.0631	-0.028
5.04	1.56	0.0631	-0.029
5.041	6.87	0.0631	-0.024
5.042	10.31	0.0631	-0.016
5.043	11.87	0.0631	-0.004
5.044	11.72	0.0631	0.008
5.045	10.31	0.0631	0.020
5.046	7.03	0.0631	0.029
5.047	3.75	0.0631	0.034
5.048	-0.63	0.0647	0.036
5.049	-7.03	0.0678	0.033
5.05	-9.69	0.0678	0.022
5.051	-10.94	0.0678	0.013
5.052	-12.19	0.0678	0.000
5.053	-10.94	0.0678	-0.011
5.054	-8.91	0.0678	-0.022
5.055	-5.00	0.0678	-0.029
5.056	0.00	0.0678	-0.032
5.057	5.16	0.0678	-0.029
5.058	7.81	0.0678	-0.021
5.059	10.00	0.0678	-0.013
5.06	12.03	0.0678	-0.001
5.061	9.84	0.0678	0.011
5.062	8.12	0.0678	0.018
5.063	6.25	0.0678	0.027
5.064	2.19	0.0678	0.031
5.065	-2.97	0.0675	0.031
5.066	-7.19	0.0669	0.025
5.067	-10.47	0.0669	0.017
5.068	-12.34	0.0669	0.004
5.069	-11.09	0.0669	-0.008
5.07	-10.16	0.0669	-0.018
5.071	-7.81	0.0669	-0.028
5.072	-3.75	0.0669	-0.034
5.073	0.16	0.0669	-0.036
5.074	4.53	0.0669	-0.033
5.075	8.59	0.0669	-0.027
5.076	11.72	0.0669	-0.016
5.077	12.97	0.0669	-0.003
5.078	12.19	0.0669	0.010
5.079	9.53	0.0669	0.021
5.08	5.31	0.0669	0.029
5.081	1.09	0.0667	0.032
5.082	-4.84	0.0663	0.031
5.083	-9.37	0.0663	0.022
5.084	-10.47	0.0663	0.012
5.085	-12.03	0.0663	0.001
5.086	-11.72	0.0663	-0.012
5.087	-9.37	0.0663	-0.022
5.088	-6.09	0.0663	-0.031
5.089	-1.72	0.0663	-0.034
5.09	3.28	0.0663	-0.034
5.091	6.88	0.0663	-0.028
5.092	8.91	0.0663	-0.020
5.093	10.94	0.0663	-0.010
5.094	11.56	0.0663	0.002
5.095	10.94	0.0663	0.013
5.096	8.59	0.0663	0.023
5.097	3.75	0.0663	0.030
5.098	-1.09	0.0656	0.031
5.099	-5.78	0.0644	0.028
5.1	-9.53	0.0644	0.019
5.101	-10.94	0.0644	0.009
5.102	-11.56	0.0644	-0.003
5.103	-11.09	0.0644	-0.014
5.104	-8.44	0.0644	-0.025
5.105	-4.38	0.0644	-0.031
5.106	-1.25	0.0644	-0.033
5.107	3.59	0.0644	-0.033
5.108	7.66	0.0644	-0.026
5.109	9.84	0.0644	-0.018
5.11	11.87	0.0644	-0.007
5.111	12.19	0.0644	0.006
5.112	10.94	0.0644	0.018
5.113	6.87	0.0644	0.028
5.114	2.03	0.0649	0.032
5.115	-3.12	0.0659	0.032
5.116	-7.34	0.0659	0.025
5.117	-9.22	0.0659	0.017
5.118	-11.09	0.0659	0.007
5.119	-11.87	0.0659	-0.005
5.12	-10.47	0.0659	-0.017
5.121	-7.34	0.0659	-0.026
5.122	-4.06	0.0659	-0.032
5.123	0.31	0.0659	-0.034
5.124	5.78	0.0659	-0.031
5.125	9.06	0.0659	-0.023
5.126	11.09	0.0659	-0.013
5.127	12.34	0.0659	-0.001
5.128	11.25	0.0659	0.012
5.129	8.91	0.0659	0.022
5.13	4.84	0.0659	0.030
5.131	0.00	0.0653	0.032
5.132	-4.53	0.0641	0.030
5.133	-8.28	0.0641	0.022
5.134	-10.31	0.0641	0.013
5.135	-12.03	0.0641	0.002
5.136	-10.94	0.0641	-0.011
5.137	-8.59	0.0641	-0.020
5.138	-6.25	0.0641	-0.028
5.139	-1.56	0.0641	-0.033
5.14	2.50	0.0641	-0.031
5.141	6.87	0.0641	-0.028
5.142	10.94	0.0641	-0.018
5.143	11.41	0.0641	-0.006
5.144	9.69	0.0641	0.005
5.145	7.34	0.0641	0.014
5.146	4.22	0.0641	0.020
5.147	1.56	0.0641	0.022
5.148	-0.78	0.0555	0.023
5.149	-4.06	0.0384	0.021
5.15	-6.25	0.0384	0.015
5.151	-7.19	0.0384	0.008
5.152	-6.41	0.0384	0.001
5.153	-5.31	0.0384	-0.005
5.154	-4.84	0.0384	-0.010
5.155	-2.66	0.0384	-0.014
5.156	-0.16	0.0384	-0.015
5.157	2.66	0.0384	-0.015
5.158	4.69	0.0384	-0.010
5.159	5.47	0.0384	-0.005
5.16	7.34	0.0384	0.001
5.161	7.66	0.0384	0.009
5.162	5.31	0.0384	0.016
5.163	2.81	0.0384	0.020
5.164	1.09	0.0384	0.022
5.165	-2.03	0.0516	0.022
5.166	-4.69	0.0778	0.018
5.167	-6.09	0.0778	0.013
5.168	-6.87	0.0778	0.006
5.169	-5.16	0.0778	-0.001
5.17	-3.44	0.0778	-0.005
5.171	-1.88	0.0778	-0.008
5.172	3.28	0.0778	-0.008
5.173	10.47	0.0778	-0.001
5.174	16.72	0.0778	0.013
5.175	18.59	0.0778	0.032
5.176	14.06	0.0778	0.050
5.177	6.09	0.0778	0.060
5.178	3.28	0.0778	0.062
5.179	3.13	0.0778	0.067
5.18	1.25	0.0778	0.068
5.181	0.94	0.0778	0.069
5.182	-1.56	0.0810	0.070
5.183	-9.69	0.0875	0.066
5.184	-21.09	0.0875	0.051
5.185	-24.06	0.0875	0.024
5.186	-17.34	0.0875	0.003
5.187	-9.53	0.0875	-0.011
5.188	-3.44	0.0875	-0.017
5.189	-0.31	0.0875	-0.018
5.19	2.81	0.0875	-0.017
5.191	6.09	0.0875	-0.012
5.192	6.25	0.0875	-0.005
5.193	6.41	0.0875	0.001
5.194	5.78	0.0875	0.008
5.195	3.75	0.0875	0.012
5.196	2.81	0.0875	0.015
5.197	-1.56	0.0716	0.018
5.198	-5.63	0.0397	0.012
5.199	-5.78	0.0397	0.007
5.2	-5.31	0.0397	0.001
5.201	-5.94	0.0397	-0.004
5.202	-5.63	0.0397	-0.011
5.203	-4.06	0.0397	-0.015
5.204	-3.28	0.0397	-0.019
5.205	-1.09	0.0397	-0.022
5.206	0.62	0.0397	-0.022
5.207	3.44	0.0397	-0.021
5.208	5.94	0.0397	-0.015
5.209	6.25	0.0397	-0.009
5.21	6.41	0.0397	-0.002
5.211	6.25	0.0397	0.004
5.212	5.94	0.0397	0.010
5.213	4.06	0.0397	0.016
5.214	0.63	0.0390	0.018
5.215	-2.97	0.0375	0.017
5.216	-4.53	0.0375	0.013
5.217	-5.00	0.0375	0.008
5.218	-5.47	0.0375	0.003
5.219	-4.53	0.0375	-0.003
5.22	-4.84	0.0375	-0.007
5.221	-3.44	0.0375	-0.013
5.222	-1.25	0.0375	-0.013
5.223	1.09	0.0375	-0.015
5.224	4.84	0.0375	-0.011
5.225	5.47	0.0375	-0.005
5.226	6.41	0.0375	-0.000
5.227	7.19	0.0375	0.007
5.228	5.78	0.0375	0.014
5.229	4.22	0.0375	0.019
5.23	2.19	0.0375	0.022
5.231	-0.94	0.0384	0.023
5.232	-4.38	0.0403	0.021
5.233	-6.25	0.0403	0.015
5.234	-6.87	0.0403	0.008
5.235	-6.72	0.0403	0.001
5.236	-5.47	0.0403	-0.005
5.237	-4.53	0.0403	-0.010
5.238	-3.28	0.0403	-0.014
5.239	-1.25	0.0403	-0.017
5.24	1.41	0.0403	-0.017
5.241	4.06	0.0403	-0.014
5.242	5.47	0.0403	-0.009
5.243	6.56	0.0403	-0.003
5.244	5.94	0.0403	0.004
5.245	3.75	0.0403	0.009
5.246	3.13	0.0403	0.012
5.247	1.41	0.0396	0.015
5.248	-2.34	0.0381	0.015
5.249	-4.84	0.0381	0.011
5.25	-6.09	0.0381	0.005
5.251	-6.41	0.0381	-0.002
5.252	-5.94	0.0381	-0.008
5.253	-5.47	0.0381	-0.013
5.254	-4.53	0.0381	-0.019
5.255	-1.72	0.0381	-0.022
5.256	-0.16	0.0381	-0.022
5.257	2.66	0.0381	-0.023
5.258	5.63	0.0381	-0.017
5.259	6.56	0.0381	-0.012
5.26	6.72	0.0381	-0.004
5.261	5.63	0.0381	0.002
5.262	4.84	0.0381	0.007
5.263	3.12	0.0381	0.012
5.264	1.41	0.0381	0.014
5.265	-2.03	0.0374	0.014
5.266	-5.63	0.0359	0.010
5.267	-6.56	0.0359	0.003
5.268	-7.19	0.0359	-0.003
5.269	-6.25	0.0359	-0.011
5.27	-4.69	0.0359	-0.016
5.271	-2.81	0.0359	-0.021
5.272	-0.47	0.0359	-0.022
5.273	1.56	0.0359	-0.022
5.274	5.00	0.0359	-0.018
5.275	6.41	0.0359	-0.012
5.276	6.72	0.0359	-0.006
5.277	6.56	0.0359	0.002
5.278	4.84	0.0359	0.007
5.279	2.97	0.0359	0.012
5.28	1.25	0.0359	0.013
5.281	-1.41	0.0365	0.014
5.282	-4.22	0.0375	0.011
5.283	-4.84	0.0375	0.006
5.284	-6.72	0.0375	0.001
5.285	-6.87	0.0375	-0.008
5.286	-4.69	0.0375	-0.013
5.287	-4.69	0.0375	-0.017
5.288	-2.81	0.0375	-0.022
5.289	-0.63	0.0375	-0.023
5.29	1.25	0.0375	-0.023
5.291	4.22	0.0375	-0.020
5.292	5.62	0.0375	-0.015
5.293	7.34	0.0375	-0.009
5.294	8.12	0.0375	-0.000
5.295	6.56	0.0375	0.007
5.296	3.28	0.0375	0.013
5.297	0.78	0.0375	0.014
5.298	-1.09	0.0385	0.014
5.299	-4.38	0.0406	0.012
5.3	-5.78	0.0406	0.006
5.301	-5.63	0.0406	0.000
5.302	-5.00	0.0406	-0.006
5.303	-4.84	0.0406	-0.010
5.304	-3.91	0.0406	-0.015
5.305	-0.62	0.0406	-0.018
5.306	4.53	0.0406	-0.017
5.307	11.41	0.0406	-0.009
5.308	11.41	0.0406	0.006
5.309	6.87	0.0406	0.014
5.31	4.22	0.0406	0.020
5.311	1.41	0.0406	0.022
5.312	0.00	0.0406	0.023
5.313	-0.63	0.0406	0.022
5.314	0.31	0.0406	0.022
5.315	-0.47	0.0360	0.023
5.316	-6.25	0.0269	0.021
5.317	-7.03	0.0269	0.011
5.318	-1.72	0.0269	0.007
5.319	-0.78	0.0269	0.007
5.32	-3.28	0.0269	0.005
5.321	-3.59	0.0269	0.001
5.322	-2.19	0.0269	-0.002
5.323	-0.78	0.0269	-0.004
5.324	1.56	0.0269	-0.004
5.325	3.91	0.0269	-0.001
5.326	5.31	0.0269	0.004
5.327	4.53	0.0269	0.010
5.328	3.75	0.0269	0.013
5.329	4.06	0.0269	0.018
5.33	1.25	0.0310	0.021
5.331	-1.56	0.0394	0.020
5.332	-3.75	0.0394	0.018
5.333	-6.25	0.0394	0.013
5.334	-7.03	0.0394	0.006
5.335	-6.56	0.0394	-0.002
5.336	-5.78	0.0394	-0.007
5.337	-4.38	0.0394	-0.013
5.338	-2.19	0.0394	-0.016
5.339	0.16	0.0394	-0.018
5.34	3.44	0.0394	-0.016
5.341	5.31	0.0394	-0.011
5.342	5.94	0.0394	-0.005
5.343	6.41	0.0394	0.001
5.344	6.41	0.0394	0.007
5.345	6.25	0.0394	0.014
5.346	3.91	0.0394	0.020
5.347	1.09	0.0394	0.022
5.348	-0.94	0.0382	0.022
5.349	-4.84	0.0359	0.020
5.35	-6.09	0.0359	0.013
5.351	-5.94	0.0359	0.008
5.352	-6.09	0.0359	0.001
5.353	-5.16	0.0359	-0.004
5.354	-4.06	0.0359	-0.010
5.355	-2.03	0.0359	-0.013
5.356	0.00	0.0359	-0.014
5.357	3.28	0.0359	-0.013
5.358	5.16	0.0359	-0.007
5.359	5.78	0.0359	-0.002
5.36	6.41	0.0359	0.004
5.361	5.16	0.0359	0.011
5.362	4.06	0.0359	0.015
5.363	2.19	0.0359	0.019
5.364	0.00	0.0371	0.019
5.365	-2.81	0.0394	0.019
5.366	-5.00	0.0394	0.013
5.367	-5.00	0.0394	0.009
5.368	-6.56	0.0394	0.003
5.369	-7.03	0.0394	-0.004
5.37	-6.25	0.0394	-0.011
5.371	-4.53	0.0394	-0.017
5.372	-1.72	0.0394	-0.020
5.373	0.47	0.0394	-0.020
5.374	3.59	0.0394	-0.019
5.375	5.47	0.0394	-0.013
5.376	6.25	0.0394	-0.008
5.377	6.41	0.0394	-0.001
5.378	5.47	0.0394	0.005
5.379	3.75	0.0394	0.010
5.38	1.25	0.0394	0.013
5.381	-0.78	0.0387	0.013
5.382	-3.59	0.0375	0.011
5.383	-5.94	0.0375	0.006
5.384	-6.25	0.0375	-0.001
5.385	-6.41	0.0375	-0.007
5.386	-5.94	0.0375	-0.014
5.387	-4.38	0.0375	-0.019
5.388	-2.97	0.0375	-0.022
5.389	-0.31	0.0375	-0.025
5.39	3.59	0.0375	-0.023
5.391	5.16	0.0375	-0.018
5.392	5.78	0.0375	-0.013
5.393	6.87	0.0375	-0.006
5.394	5.47	0.0375	0.001
5.395	4.69	0.0375	0.005
5.396	3.91	0.0375	0.010
5.397	0.16	0.0363	0.013
5.398	-2.50	0.0338	0.011
5.399	-4.38	0.0338	0.008
5.4	-6.56	0.0338	0.002
5.401	-6.56	0.0338	-0.005
5.402	-5.47	0.0338	-0.011
5.403	-4.53	0.0338	-0.016
5.404	-2.19	0.0338	-0.020
5.405	-0.31	0.0338	-0.021
5.406	0.16	0.0338	-0.021
5.407	1.25	0.0338	-0.020
5.408	3.28	0.0338	-0.018
5.409	5.62	0.0338	-0.014
5.41	6.09	0.0338	-0.007
5.411	6.25	0.0338	-0.002
5.412	7.34	0.0338	0.005
5.413	2.97	0.0242	0.013
5.414	-2.19	0.0050	0.011
5.415	-1.09	0.0050	0.009
5.416	2.50	0.0050	0.009
5.417	2.97	0.0050	0.014
5.418	-1.88	0.0101	0.015
5.419	-4.69	0.0203	0.010
5.42	-5.00	0.0203	0.006
5.421	-5.00	0.0203	0.000
5.422	-2.66	0.0203	-0.004
5.423	0.16	0.0203	-0.005
5.424	2.19	0.0203	-0.004
5.425	3.59	0.0203	-0.001
5.426	4.06	0.0203	0.003
5.427	3.75	0.0203	0.007
5.428	3.59	0.0203	0.011
5.429	3.13	0.0203	0.014
5.43	0.62	0.0258	0.017
5.431	-1.88	0.0369	0.016
5.432	-3.91	0.0369	0.013
5.433	-5.31	0.0369	0.008
5.434	-6.09	0.0369	0.003
5.435	-6.72	0.0369	-0.004
5.436	-5.16	0.0369	-0.011
5.437	-4.22	0.0369	-0.015
5.438	-2.66	0.0369	-0.019
5.439	0.31	0.0369	-0.020
5.44	2.66	0.0369	-0.019
5.441	5.00	0.0369	-0.015
5.442	6.41	0.0369	-0.009
5.443	6.41	0.0369	-0.002
5.444	6.25	0.0369	0.004
5.445	5.63	0.0369	0.011
5.446	2.97	0.0369	0.015
5.447	0.94	0.0369	0.017
5.448	-1.25	0.0370	0.017
5.449	-5.00	0.0372	0.014
5.45	-6.09	0.0372	0.007
5.451	-5.63	0.0372	0.002
5.452	-6.09	0.0372	-0.004
5.453	-5.31	0.0372	-0.010
5.454	-4.06	0.0372	-0.015
5.455	-2.66	0.0372	-0.018
5.456	-0.16	0.0372	-0.020
5.457	3.59	0.0372	-0.019
5.458	5.31	0.0372	-0.013
5.459	6.09	0.0372	-0.008
5.46	6.41	0.0372	-0.001
5.461	5.00	0.0372	0.005
5.462	4.38	0.0372	0.009
5.463	2.50	0.0372	0.013
5.464	-0.31	0.0383	0.014
5.465	-3.28	0.0406	0.013
5.466	-5.47	0.0406	0.008
5.467	-5.78	0.0406	0.002
5.468	-6.41	0.0406	-0.004
5.469	-6.09	0.0406	-0.011
5.47	-5.31	0.0406	-0.016
5.471	-4.38	0.0406	-0.022
5.472	-2.34	0.0406	-0.025
5.473	-0.62	0.0406	-0.026
5.474	2.19	0.0406	-0.026
5.475	4.22	0.0406	-0.022
5.476	5.16	0.0406	-0.018
5.477	5.63	0.0406	-0.012
5.478	4.84	0.0406	-0.006
5.479	3.28	0.0406	-0.002
5.48	-0.31	0.0372	0.000
5.481	-2.50	0.0303	-0.003
5.482	-3.12	0.0303	-0.005
5.483	-2.97	0.0303	-0.009
5.484	-1.72	0.0303	-0.011
5.485	-1.25	0.0303	-0.012
5.486	-1.72	0.0303	-0.013
5.487	-2.50	0.0303	-0.016
5.488	-1.09	0.0303	-0.018
5.489	0.16	0.0303	-0.018
5.49	2.34	0.0303	-0.018
5.491	5.00	0.0303	-0.013
5.492	5.00	0.0303	-0.008
5.493	5.47	0.0303	-0.003
5.494	5.63	0.0303	0.003
5.495	4.53	0.0303	0.008
5.496	3.13	0.0303	0.012
5.497	0.63	0.0341	0.014
5.498	-2.50	0.0416	0.013
5.499	-5.31	0.0416	0.009
5.5	-6.41	0.0416	0.003
5.501	-6.72	0.0416	-0.003
5.502	-6.25	0.0416	-0.011
5.503	-5.47	0.0416	-0.016
5.504	-4.84	0.0416	-0.022
5.505	-2.81	0.0416	-0.026
5.506	-0.31	0.0416	-0.027
5.507	2.66	0.0416	-0.026
5.508	4.84	0.0416	-0.022
5.509	6.87	0.0416	-0.017
5.51	7.34	0.0416	-0.008
5.511	6.72	0.0416	-0.002
5.512	6.56	0.0416	0.005
5.513	3.75	0.0416	0.011
5.514	0.94	0.0416	0.013
5.515	-2.19	0.0401	0.013
5.516	-5.78	0.0372	0.008
5.517	-5.94	0.0372	0.002
5.518	-5.47	0.0372	-0.003
5.519	-5.94	0.0372	-0.009
5.52	-5.31	0.0372	-0.015
5.521	-3.75	0.0372	-0.020
5.522	-2.03	0.0372	-0.023
5.523	0.63	0.0372	-0.024
5.524	4.69	0.0372	-0.022
5.525	6.09	0.0372	-0.015
5.526	6.09	0.0372	-0.009
5.527	6.56	0.0372	-0.003
5.528	4.69	0.0372	0.004
5.529	3.75	0.0372	0.007
5.53	2.50	0.0372	0.011
5.531	-0.16	0.0360	0.012
5.532	-3.44	0.0338	0.011
5.533	-4.84	0.0338	0.005
5.534	-5.00	0.0338	0.001
5.535	-5.63	0.0338	-0.005
5.536	-4.38	0.0338	-0.010
5.537	-3.91	0.0338	-0.014
5.538	-3.28	0.0338	-0.018
5.539	-1.25	0.0338	-0.020
5.54	2.34	0.0338	-0.020
5.541	4.84	0.0338	-0.016
5.542	6.25	0.0338	-0.011
5.543	7.50	0.0338	-0.003
5.544	5.78	0.0338	0.004
5.545	4.53	0.0338	0.008
5.546	3.91	0.0338	0.013
5.547	0.94	0.0544	0.016
5.548	-1.87	0.0956	0.015
5.549	-4.84	0.0956	0.013
5.55	-9.84	0.0956	0.006
5.551	-14.84	0.0956	-0.007
5.552	-15.78	0.0956	-0.024
5.553	-12.97	0.0956	-0.039
5.554	-8.44	0.0956	-0.050
5.555	-3.75	0.0956	-0.056
5.556	2.97	0.0956	-0.058
5.557	12.03	0.0956	-0.050
5.558	11.41	0.0956	-0.033
5.559	6.41	0.0956	-0.027
5.56	5.78	0.0956	-0.021
5.561	6.09	0.0956	-0.015
5.562	9.22	0.0956	-0.008
5.563	12.34	0.0956	0.003
5.564	13.75	0.0956	0.016
5.565	10.94	0.0956	0.031
5.566	5.31	0.0956	0.038
5.567	0.47	0.0742	0.041
5.568	-4.53	0.0313	0.039
5.569	-6.25	0.0313	0.032
5.57	-6.41	0.0313	0.027
5.571	-6.72	0.0313	0.019
5.572	-4.69	0.0313	0.013
5.573	-1.41	0.0313	0.010
5.574	1.25	0.0313	0.010
5.575	2.50	0.0313	0.013
5.576	4.53	0.0313	0.015
5.577	5.78	0.0313	0.022
5.578	4.22	0.0313	0.027
5.579	3.44	0.0313	0.030
5.58	1.09	0.0343	0.034
5.581	-2.19	0.0403	0.032
5.582	-3.75	0.0403	0.029
5.583	-5.47	0.0403	0.025
5.584	-6.72	0.0403	0.018
5.585	-6.56	0.0403	0.011
5.586	-5.47	0.0403	0.005
5.587	-5.00	0.0403	0.000
5.588	-3.12	0.0403	-0.005
5.589	-0.94	0.0403	-0.006
5.59	1.56	0.0403	-0.007
5.591	5.00	0.0403	-0.003
5.592	6.41	0.0403	0.003
5.593	6.72	0.0403	0.010
5.594	6.09	0.0403	0.017
5.595	4.84	0.0403	0.022
5.596	2.50	0.0403	0.027
5.597	0.31	0.0397	0.027
5.598	-1.41	0.0384	0.027
5.599	-4.69	0.0384	0.024
5.6	-5.94	0.0384	0.018
5.601	-6.87	0.0384	0.013
5.602	-7.34	0.0384	0.004
5.603	-5.31	0.0384	-0.002
5.604	-3.91	0.0384	-0.007
5.605	-2.34	0.0384	-0.010
5.606	-0.16	0.0384	-0.011
5.607	3.75	0.0384	-0.010
5.608	5.00	0.0384	-0.004
5.609	5.16	0.0384	-0.000
5.61	6.25	0.0384	0.007
5.611	4.53	0.0384	0.012
5.612	3.75	0.0384	0.016
5.613	2.66	0.0384	0.020
5.614	-0.63	0.0394	0.021
5.615	-3.28	0.0412	0.018
5.616	-5.31	0.0412	0.014
5.617	-7.34	0.0412	0.008
5.618	-7.66	0.0412	-0.000
5.619	-6.25	0.0412	-0.007
5.62	-5.00	0.0412	-0.013
5.621	-3.59	0.0412	-0.018
5.622	-1.41	0.0412	-0.020
5.623	1.09	0.0412	-0.020
5.624	3.59	0.0412	-0.018
5.625	5.63	0.0412	-0.013
5.626	6.25	0.0412	-0.007
5.627	6.25	0.0412	-0.001
5.628	5.94	0.0412	0.006
5.629	4.38	0.0412	0.011
5.63	1.56	0.0405	0.015
5.631	-0.62	0.0391	0.014
5.632	-3.28	0.0391	0.013
5.633	-5.78	0.0391	0.008
5.634	-6.56	0.0391	0.002
5.635	-6.72	0.0391	-0.005
5.636	-6.41	0.0391	-0.012
5.637	-5.00	0.0391	-0.018
5.638	-3.12	0.0391	-0.022
5.639	-1.09	0.0391	-0.024
5.64	2.97	0.0391	-0.024
5.641	4.69	0.0391	-0.018
5.642	5.00	0.0391	-0.014
5.643	6.72	0.0391	-0.008
5.644	7.19	0.0391	-0.001
5.645	6.09	0.0391	0.006
5.646	3.91	0.0391	0.011
5.647	1.72	0.0391	0.014
5.648	-0.94	0.0384	0.015
5.649	-4.38	0.0372	0.012
5.65	-5.63	0.0372	0.006
5.651	-5.78	0.0372	0.001
5.652	-6.09	0.0372	-0.006
5.653	-5.47	0.0372	-0.012
5.654	-4.69	0.0372	-0.017
5.655	-2.97	0.0372	-0.021
5.656	0.16	0.0372	-0.022
5.657	3.28	0.0372	-0.021
5.658	6.09	0.0372	-0.016
5.659	6.87	0.0372	-0.008
5.66	6.25	0.0372	-0.002
5.661	5.94	0.0372	0.004
5.662	4.84	0.0372	0.010
5.663	2.34	0.0372	0.014
5.664	0.78	0.0372	0.014
5.665	-1.41	0.0369	0.015
5.666	-5.16	0.0363	0.012
5.667	-5.94	0.0363	0.005
5.668	-6.56	0.0363	-0.000
5.669	-6.87	0.0363	-0.008
5.67	-5.31	0.0363	-0.014
5.671	-3.44	0.0363	-0.019
5.672	-0.78	0.0363	-0.021
5.673	1.41	0.0363	-0.020
5.674	4.69	0.0363	-0.018
5.675	6.09	0.0363	-0.011
5.676	5.94	0.0363	-0.006
5.677	6.87	0.0363	0.001
5.678	5.78	0.0363	0.008
5.679	3.75	0.0363	0.013
5.68	2.19	0.0363	0.015
5.681	-0.63	0.0367	0.017
5.682	-4.22	0.0375	0.014
5.683	-4.84	0.0375	0.008
5.684	-6.09	0.0375	0.004
5.685	-7.50	0.0375	-0.004
5.686	-5.94	0.0375	-0.011
5.687	-4.53	0.0375	-0.016
5.688	-2.50	0.0375	-0.020
5.689	0.00	0.0375	-0.021
5.69	2.81	0.0375	-0.020
5.691	4.84	0.0375	-0.015
5.692	6.09	0.0375	-0.010
5.693	6.56	0.0375	-0.003
5.694	5.47	0.0375	0.003
5.695	4.84	0.0375	0.008
5.696	3.28	0.0375	0.013
5.697	1.25	0.0375	0.015
5.698	-1.41	0.0371	0.015
5.699	-3.91	0.0363	0.012
5.7	-5.47	0.0363	0.007
5.701	-6.72	0.0363	0.001
5.702	-6.25	0.0363	-0.006
5.703	-5.63	0.0363	-0.012
5.704	-4.22	0.0363	-0.017
5.705	-1.72	0.0363	-0.020
5.706	0.31	0.0363	-0.021
5.707	3.44	0.0363	-0.019
5.708	5.78	0.0363	-0.014
5.709	6.41	0.0363	-0.008
5.71	6.87	0.0363	-0.001
5.711	6.41	0.0363	0.006
5.712	4.84	0.0363	0.012
5.713	3.28	0.0363	0.016
5.714	0.94	0.0372	0.018
5.715	-3.59	0.0391	0.018
5.716	-5.47	0.0391	0.011
5.717	-5.47	0.0391	0.007
5.718	-6.87	0.0391	0.000
5.719	-6.41	0.0391	-0.007
5.72	-5.00	0.0391	-0.013
5.721	-3.75	0.0391	-0.017
5.722	-1.72	0.0391	-0.020
5.723	1.25	0.0391	-0.021
5.724	4.69	0.0391	-0.018
5.725	6.09	0.0391	-0.011
5.726	7.19	0.0391	-0.005
5.727	6.72	0.0391	0.003
5.728	5.00	0.0391	0.008
5.729	4.84	0.0391	0.013
5.73	2.34	0.0391	0.018
5.731	-0.63	0.0380	0.018
5.732	-3.44	0.0359	0.017
5.733	-5.47	0.0359	0.011
5.734	-6.25	0.0359	0.006
5.735	-5.94	0.0359	-0.002
5.736	-5.31	0.0359	-0.006
5.737	-5.63	0.0359	-0.012
5.738	-2.97	0.0359	-0.018
5.739	-0.16	0.0359	-0.018
5.74	2.50	0.0359	-0.018
5.741	5.47	0.0359	-0.013
5.742	5.63	0.0359	-0.007
5.743	6.25	0.0359	-0.002
5.744	6.56	0.0359	0.006
5.745	5.00	0.0359	0.011
5.746	2.50	0.0359	0.016
5.747	0.94	0.0359	0.016
5.748	-0.94	0.0432	0.018
5.749	-4.69	0.0578	0.014
5.75	-6.56	0.0578	0.008
5.751	-7.50	0.0578	0.001
5.752	-7.81	0.0578	-0.007
5.753	-5.16	0.0578	-0.014
5.754	-1.87	0.0578	-0.017
5.755	-0.62	0.0578	-0.018
5.756	1.72	0.0578	-0.018
5.757	5.78	0.0578	-0.015
5.758	8.75	0.0578	-0.007
5.759	12.19	0.0578	0.003
5.76	12.19	0.0578	0.018
5.761	7.34	0.0578	0.027
5.762	4.06	0.0578	0.032
5.763	2.03	0.0578	0.035
5.764	2.03	0.0578	0.036
5.765	2.50	0.0578	0.039
5.766	-2.03	0.0573	0.041
5.767	-8.44	0.0563	0.035
5.768	-12.03	0.0563	0.024
5.769	-11.41	0.0563	0.011
5.77	-10.16	0.0563	0.002
5.771	-7.66	0.0563	-0.009
5.772	-2.97	0.0563	-0.014
5.773	-0.47	0.0563	-0.015
5.774	2.66	0.0563	-0.015
5.775	5.63	0.0563	-0.010
5.776	6.56	0.0563	-0.003
5.777	7.34	0.0563	0.003
5.778	7.03	0.0563	0.011
5.779	5.00	0.0563	0.018
5.78	2.34	0.0563	0.021
5.781	0.31	0.0490	0.022
5.782	-3.28	0.0344	0.022
5.783	-5.62	0.0344	0.016
5.784	-5.31	0.0344	0.011
5.785	-6.41	0.0344	0.005
5.786	-5.63	0.0344	-0.002
5.787	-3.59	0.0344	-0.006
5.788	-2.34	0.0344	-0.009
5.789	-0.47	0.0344	-0.011
5.79	3.28	0.0344	-0.010
5.791	6.09	0.0344	-0.004
5.792	5.78	0.0344	0.002
5.793	6.41	0.0344	0.007
5.794	5.78	0.0344	0.015
5.795	4.38	0.0344	0.019
5.796	3.12	0.0344	0.023
5.797	0.78	0.0354	0.025
5.798	-1.56	0.0375	0.025
5.799	-4.38	0.0375	0.022
5.8	-5.31	0.0375	0.016
5.801	-7.03	0.0375	0.011
5.802	-7.19	0.0375	0.002
5.803	-5.00	0.0375	-0.003
5.804	-4.53	0.0375	-0.008
5.805	-2.34	0.0375	-0.012
5.806	0.16	0.0375	-0.013
5.807	2.19	0.0375	-0.012
5.808	5.31	0.0375	-0.008
5.809	6.72	0.0375	-0.001
5.81	5.94	0.0375	0.005
5.811	5.78	0.0375	0.011
5.812	5.47	0.0375	0.017
5.813	2.50	0.0375	0.022
5.814	-0.63	0.0522	0.022
5.815	-2.50	0.0816	0.020
5.816	-5.78	0.0816	0.017
5.817	-7.81	0.0816	0.009
5.818	-7.66	0.0816	0.001
5.819	-7.19	0.0816	-0.007
5.82	-5.78	0.0816	-0.013
5.821	-4.84	0.0816	-0.018
5.822	-4.84	0.0816	-0.023
5.823	-2.66	0.0816	-0.028
5.824	0.47	0.0816	-0.028
5.825	-0.31	0.0816	-0.027
5.826	-1.88	0.0816	-0.029
5.827	-3.44	0.0816	-0.031
5.828	-4.69	0.0816	-0.036
5.829	-1.41	0.0816	-0.040
5.83	4.84	0.0816	-0.038
5.831	11.09	0.0816	-0.030
5.832	12.50	0.0816	-0.016
5.833	7.97	0.0816	-0.005
5.834	4.84	0.0816	-0.000
5.835	5.94	0.0816	0.004
5.836	6.25	0.0816	0.012
5.837	3.44	0.0816	0.017
5.838	2.19	0.0816	0.018
5.839	2.34	0.0816	0.021
5.84	2.19	0.0816	0.023
5.841	2.66	0.0816	0.026
5.842	3.44	0.0816	0.028
5.843	3.59	0.0816	0.033
5.844	2.97	0.0816	0.036
5.845	2.97	0.0816	0.038
5.846	1.72	0.0816	0.042
5.847	-1.25	0.0711	0.042
5.848	-3.75	0.0503	0.039
5.849	-6.09	0.0503	0.034
5.85	-7.97	0.0503	0.027
5.851	-7.50	0.0503	0.018
5.852	-7.19	0.0503	0.012
5.853	-6.87	0.0503	0.004
5.854	-4.53	0.0503	-0.002
5.855	-2.97	0.0503	-0.005
5.856	-1.72	0.0503	-0.008
5.857	2.34	0.0503	-0.008
5.858	5.00	0.0503	-0.003
5.859	5.94	0.0503	0.002
5.86	7.50	0.0503	0.009
5.861	6.72	0.0503	0.017
5.862	4.84	0.0503	0.022
5.863	2.50	0.0503	0.026
5.864	0.94	0.0503	0.027
5.865	-2.66	0.0475	0.028
5.866	-6.56	0.0419	0.022
5.867	-6.56	0.0419	0.015
5.868	-6.87	0.0419	0.009
5.869	-6.87	0.0419	0.001
5.87	-5.78	0.0419	-0.005
5.871	-4.22	0.0419	-0.010
5.872	-1.72	0.0419	-0.013
5.873	1.41	0.0419	-0.014
5.874	3.91	0.0419	-0.011
5.875	5.78	0.0419	-0.006
5.876	7.19	0.0419	0.001
5.877	5.16	0.0419	0.008
5.878	4.22	0.0419	0.011
5.879	3.75	0.0419	0.017
5.88	1.25	0.0419	0.019
5.881	-0.63	0.0414	0.019
5.882	-4.53	0.0403	0.018
5.883	-6.41	0.0403	0.010
5.884	-6.56	0.0403	0.005
5.885	-7.03	0.0403	-0.003
5.886	-5.94	0.0403	-0.009
5.887	-4.84	0.0403	-0.015
5.888	-2.97	0.0403	-0.019
5.889	-0.94	0.0403	-0.021
5.89	1.41	0.0403	-0.021
5.891	4.84	0.0403	-0.018
5.892	6.09	0.0403	-0.011
5.893	6.25	0.0403	-0.006
5.894	6.25	0.0403	0.001
5.895	5.63	0.0403	0.007
5.896	3.59	0.0403	0.013
5.897	1.09	0.0403	0.014
5.898	-1.87	0.0400	0.015
5.899	-5.31	0.0394	0.010
5.9	-5.63	0.0394	0.004
5.901	-6.41	0.0394	-0.001
5.902	-7.50	0.0394	-0.009
5.903	-5.78	0.0394	-0.016
5.904	-3.91	0.0394	-0.020
5.905	-2.19	0.0394	-0.024
5.906	1.09	0.0394	-0.025
5.907	3.44	0.0394	-0.022
5.908	4.69	0.0394	-0.018
5.909	6.56	0.0394	-0.012
5.91	6.87	0.0394	-0.005
5.911	5.78	0.0394	0.002
5.912	5.00	0.0394	0.007
5.913	2.66	0.0394	0.012
5.914	-0.16	0.0387	0.012
5.915	-2.50	0.0375	0.011
5.916	-5.16	0.0375	0.007
5.917	-6.09	0.0375	0.001
5.918	-6.41	0.0375	-0.005
5.919	-5.47	0.0375	-0.012
5.92	-5.16	0.0375	-0.016
5.921	-4.06	0.0375	-0.022
5.922	-1.25	0.0375	-0.024
5.923	0.94	0.0375	-0.025
5.924	3.44	0.0375	-0.022
5.925	5.47	0.0375	-0.018
5.926	7.03	0.0375	-0.011
5.927	7.50	0.0375	-0.004
5.928	6.87	0.0375	0.004
5.929	4.53	0.0375	0.010
5.93	2.03	0.0375	0.013
5.931	-0.16	0.0373	0.014
5.932	-3.91	0.0369	0.013
5.933	-5.63	0.0369	0.006
5.934	-5.16	0.0369	0.001
5.935	-6.41	0.0369	-0.004
5.936	-6.25	0.0369	-0.012
5.937	-4.53	0.0369	-0.017
5.938	-3.13	0.0369	-0.021
5.939	-0.62	0.0369	-0.023
5.94	2.81	0.0369	-0.022
5.941	5.31	0.0369	-0.017
5.942	5.78	0.0369	-0.011
5.943	7.34	0.0369	-0.006
5.944	6.56	0.0369	0.003
5.945	4.06	0.0369	0.007
5.946	3.59	0.0369	0.012
5.947	1.56	0.0366	0.015
5.948	-1.56	0.0359	0.015
5.949	-4.22	0.0359	0.012
5.95	-6.09	0.0359	0.006
5.951	-6.72	0.0359	-0.001
5.952	-5.78	0.0359	-0.007
5.953	-4.69	0.0359	-0.012
5.954	-4.53	0.0359	-0.017
5.955	-2.19	0.0359	-0.021
5.956	0.63	0.0359	-0.021
5.957	3.28	0.0359	-0.020
5.958	5.62	0.0359	-0.014
5.959	6.41	0.0359	-0.009
5.96	6.25	0.0359	-0.002
5.961	4.53	0.0359	0.004
5.962	3.44	0.0359	0.007
5.963	1.25	0.0346	0.011
5.964	-0.47	0.0319	0.010
5.965	-2.19	0.0319	0.010
5.966	-2.03	0.0319	0.006
5.967	1.09	0.0319	0.006
5.968	3.75	0.0319	0.008
5.969	5.63	0.0319	0.013
5.97	7.66	0.0319	0.019
5.971	7.50	0.0319	0.028
5.972	1.41	0.0319	0.034
5.973	-1.25	0.0319	0.031
5.974	2.50	0.0319	0.032
5.975	2.97	0.0319	0.036
5.976	1.72	0.0319	0.037
5.977	-0.47	0.0447	0.040
5.978	-4.37	0.0703	0.037
5.979	-4.84	0.0703	0.031
5.98	-4.53	0.0703	0.027
5.981	-5.47	0.0703	0.022
5.982	-6.87	0.0703	0.016
5.983	-7.50	0.0703	0.008
5.984	-8.91	0.0703	0.001
5.985	-9.37	0.0703	-0.010
5.986	-6.87	0.0703	-0.018
5.987	-5.94	0.0703	-0.023
5.988	-3.28	0.0703	-0.030
5.989	-0.47	0.0703	-0.030
5.99	1.72	0.0703	-0.031
5.991	5.31	0.0703	-0.027
5.992	6.72	0.0703	-0.020
5.993	7.03	0.0703	-0.013
5.994	7.03	0.0703	-0.006
5.995	6.09	0.0703	0.001
5.996	4.22	0.0703	0.006
5.997	1.87	0.0703	0.009
5.998	-0.94	0.0598	0.010
5.999	-4.06	0.0387	0.007
6	-5.47	0.0387	0.002
6.001	-5.31	0.0387	-0.003
6.002	-5.00	0.0387	-0.009
6.003	-4.69	0.0387	-0.013
6.004	-3.91	0.0387	-0.018
6.005	-1.88	0.0387	-0.021
6.006	0.00	0.0387	-0.022
6.007	3.12	0.0387	-0.021
6.008	5.47	0.0387	-0.016
6.009	6.72	0.0387	-0.010
6.01	7.97	0.0387	-0.002
6.011	6.41	0.0387	0.006
6.012	4.84	0.0387	0.011
6.013	3.13	0.0387	0.015
6.014	1.09	0.0387	0.017
6.015	-2.50	0.0378	0.018
6.016	-5.47	0.0359	0.012
6.017	-5.63	0.0359	0.007
6.018	-6.41	0.0359	0.001
6.019	-6.25	0.0359	-0.006
6.02	-5.00	0.0359	-0.012
6.021	-3.28	0.0359	-0.016
6.022	-0.94	0.0359	-0.018
6.023	1.87	0.0359	-0.018
6.024	5.00	0.0359	-0.015
6.025	6.25	0.0359	-0.008
6.026	5.94	0.0359	-0.002
6.027	5.78	0.0359	0.004
6.028	4.84	0.0359	0.009
6.029	3.28	0.0359	0.013
6.03	1.72	0.0359	0.016
6.031	-0.62	0.0393	0.017
6.032	-3.59	0.0459	0.015
6.033	-5.94	0.0459	0.010
6.034	-6.87	0.0459	0.003
6.035	-6.41	0.0459	-0.004
6.036	-5.94	0.0459	-0.010
6.037	-4.84	0.0459	-0.016
6.038	-3.12	0.0459	-0.020
6.039	-2.03	0.0459	-0.022
6.04	0.78	0.0459	-0.024
6.041	4.84	0.0459	-0.021
6.042	6.88	0.0459	-0.014
6.043	7.50	0.0459	-0.007
6.044	7.50	0.0459	0.001
6.045	5.78	0.0459	0.008
6.046	7.03	0.0459	0.013
6.047	6.25	0.0459	0.022
6.048	0.16	0.0443	0.025
6.049	-4.38	0.0409	0.022
6.05	-6.09	0.0409	0.016
6.051	-6.56	0.0409	0.010
6.052	-7.03	0.0409	0.003
6.053	-6.09	0.0409	-0.004
6.054	-5.16	0.0409	-0.009
6.055	-3.44	0.0409	-0.014
6.056	-0.63	0.0409	-0.016
6.057	2.97	0.0409	-0.015
6.058	4.84	0.0409	-0.010
6.059	5.47	0.0409	-0.006
6.06	6.41	0.0409	0.001
6.061	4.69	0.0409	0.007
6.062	4.22	0.0409	0.010
6.063	2.97	0.0409	0.016
6.064	-0.47	0.0400	0.016
6.065	-2.81	0.0381	0.015
6.066	-5.78	0.0381	0.011
6.067	-6.72	0.0381	0.003
6.068	-5.78	0.0381	-0.003
6.069	-5.47	0.0381	-0.008
6.07	-5.31	0.0381	-0.014
6.071	-4.06	0.0381	-0.019
6.072	-1.09	0.0381	-0.022
6.073	1.41	0.0381	-0.021
6.074	3.91	0.0381	-0.019
6.075	5.78	0.0381	-0.013
6.076	6.41	0.0381	-0.007
6.077	6.72	0.0381	-0.001
6.078	5.78	0.0381	0.006
6.079	4.22	0.0381	0.011
6.08	2.03	0.0381	0.014
6.081	-0.78	0.0372	0.015
6.082	-4.06	0.0353	0.013
6.083	-6.09	0.0353	0.007
6.084	-6.09	0.0353	0.001
6.085	-5.78	0.0353	-0.005
6.086	-5.16	0.0353	-0.011
6.087	-3.91	0.0353	-0.016
6.088	-2.34	0.0353	-0.019
6.089	-0.47	0.0353	-0.020
6.09	2.50	0.0353	-0.020
6.091	5.16	0.0353	-0.015
6.092	6.25	0.0353	-0.009
6.093	6.56	0.0353	-0.003
6.094	5.31	0.0353	0.004
6.095	4.53	0.0353	0.008
6.096	3.59	0.0353	0.013
6.097	0.47	0.0360	0.015
6.098	-1.56	0.0375	0.014
6.099	-4.06	0.0375	0.012
6.1	-5.78	0.0375	0.006
6.101	-6.41	0.0375	0.000
6.102	-6.56	0.0375	-0.007
6.103	-5.62	0.0375	-0.013
6.104	-4.38	0.0375	-0.018
6.105	-2.03	0.0375	-0.022
6.106	-0.47	0.0375	-0.022
6.107	2.34	0.0375	-0.022
6.108	5.00	0.0375	-0.018
6.109	6.09	0.0375	-0.013
6.11	7.50	0.0375	-0.006
6.111	7.19	0.0375	0.003
6.112	5.94	0.0375	0.009
6.113	3.12	0.0375	0.014
6.114	0.47	0.0375	0.015
6.115	-2.19	0.0426	0.015
6.116	-5.78	0.0528	0.011
6.117	-7.03	0.0528	0.004
6.118	-6.87	0.0528	-0.003
6.119	-5.47	0.0528	-0.010
6.12	-4.38	0.0528	-0.014
6.121	-2.34	0.0528	-0.019
6.122	0.63	0.0528	-0.019
6.123	2.66	0.0528	-0.018
6.124	5.94	0.0528	-0.014
6.125	9.37	0.0528	-0.006
6.126	13.59	0.0528	0.005
6.127	14.38	0.0528	0.022
6.128	7.81	0.0528	0.034
6.129	-0.63	0.0402	0.037
6.13	-6.41	0.0150	0.033
6.131	-5.16	0.0150	0.024
6.132	-0.16	0.0150	0.022
6.133	2.03	0.0150	0.024
6.134	-2.66	0.0196	0.026
6.135	-7.03	0.0287	0.019
6.136	-5.47	0.0287	0.012
6.137	-5.00	0.0287	0.008
6.138	-4.06	0.0287	0.002
6.139	-2.34	0.0287	-0.000
6.14	-1.09	0.0287	-0.003
6.141	1.88	0.0287	-0.003
6.142	3.91	0.0287	0.001
6.143	4.38	0.0287	0.005
6.144	4.22	0.0287	0.010
6.145	3.91	0.0287	0.014
6.146	2.81	0.0287	0.018
6.147	0.00	0.0319	0.019
6.148	-2.19	0.0381	0.018
6.149	-4.84	0.0381	0.015
6.15	-5.47	0.0381	0.008
6.151	-5.31	0.0381	0.004
6.152	-6.72	0.0381	-0.003
6.153	-5.94	0.0381	-0.009
6.154	-4.06	0.0381	-0.014
6.155	-2.03	0.0381	-0.018
6.156	0.31	0.0381	-0.018
6.157	3.91	0.0381	-0.017
6.158	6.09	0.0381	-0.011
6.159	6.25	0.0381	-0.005
6.16	7.03	0.0381	0.002
6.161	6.41	0.0381	0.009
6.162	5.16	0.0381	0.015
6.163	3.28	0.0381	0.020
6.164	0.78	0.0378	0.021
6.165	-2.19	0.0372	0.021
6.166	-4.84	0.0372	0.017
6.167	-6.25	0.0372	0.012
6.168	-6.72	0.0372	0.004
6.169	-5.00	0.0372	-0.002
6.17	-5.31	0.0372	-0.006
6.171	-5.16	0.0372	-0.013
6.172	-0.62	0.0372	-0.016
6.173	2.03	0.0372	-0.014
6.174	3.91	0.0372	-0.012
6.175	6.25	0.0372	-0.006
6.176	6.56	0.0372	0.001
6.177	5.78	0.0372	0.007
6.178	4.84	0.0372	0.012
6.179	3.12	0.0372	0.017
6.18	0.62	0.0380	0.018
6.181	-0.47	0.0397	0.018
6.182	-3.91	0.0397	0.018
6.183	-6.72	0.0397	0.010
6.184	-6.25	0.0397	0.004
6.185	-6.25	0.0397	-0.002
6.186	-5.63	0.0397	-0.008
6.187	-4.53	0.0397	-0.013
6.188	-3.44	0.0397	-0.018
6.189	-1.88	0.0397	-0.020
6.19	1.09	0.0397	-0.021
6.191	4.69	0.0397	-0.018
6.192	6.72	0.0397	-0.012
6.193	7.03	0.0397	-0.005
6.194	6.72	0.0397	0.002
6.195	5.47	0.0397	0.009
6.196	3.91	0.0397	0.013
6.197	1.72	0.0397	0.017
6.198	-1.87	0.0395	0.017
6.199	-4.69	0.0391	0.013
6.2	-5.63	0.0391	0.007
6.201	-6.72	0.0391	0.002
6.202	-6.72	0.0391	-0.006
6.203	-4.69	0.0391	-0.012
6.204	-4.69	0.0391	-0.016
6.205	-3.44	0.0391	-0.021
6.206	-0.47	0.0391	-0.022
6.207	2.50	0.0391	-0.022
6.208	5.94	0.0391	-0.018
6.209	6.56	0.0391	-0.010
6.21	6.25	0.0391	-0.004
6.211	5.94	0.0391	0.002
6.212	4.84	0.0391	0.007
6.213	2.34	0.0391	0.012
6.214	-0.78	0.0386	0.012
6.215	-2.50	0.0378	0.010
6.216	-4.38	0.0378	0.007
6.217	-6.09	0.0378	0.002
6.218	-6.72	0.0378	-0.005
6.219	-6.56	0.0378	-0.012
6.22	-5.00	0.0378	-0.018
6.221	-2.97	0.0378	-0.022
6.222	-1.88	0.0378	-0.024
6.223	0.31	0.0378	-0.026
6.224	4.22	0.0378	-0.023
6.225	5.63	0.0378	-0.017
6.226	6.72	0.0378	-0.012
6.227	7.97	0.0378	-0.004
6.228	6.41	0.0378	0.004
6.229	4.22	0.0378	0.009
6.23	2.50	0.0378	0.012
6.231	-0.16	0.0377	0.014
6.232	-3.91	0.0375	0.012
6.233	-5.78	0.0375	0.006
6.234	-7.19	0.0375	0.000
6.235	-7.03	0.0375	-0.008
6.236	-4.69	0.0375	-0.014
6.237	-3.91	0.0375	-0.018
6.238	-2.97	0.0375	-0.022
6.239	-0.63	0.0375	-0.023
6.24	2.19	0.0375	-0.023
6.241	4.84	0.0375	-0.019
6.242	5.94	0.0375	-0.013
6.243	7.03	0.0375	-0.007
6.244	6.41	0.0375	0.001
6.245	5.47	0.0375	0.006
6.246	3.91	0.0375	0.012
6.247	0.94	0.0375	0.013
6.248	-1.72	0.0371	0.014
6.249	-4.69	0.0363	0.010
6.25	-6.41	0.0363	0.004
6.251	-6.41	0.0363	-0.003
6.252	-5.31	0.0363	-0.008
6.253	-5.47	0.0363	-0.013
6.254	-4.53	0.0363	-0.019
6.255	-1.41	0.0363	-0.022
6.256	0.47	0.0363	-0.022
6.257	3.28	0.0363	-0.022
6.258	6.41	0.0363	-0.016
6.259	6.56	0.0363	-0.009
6.26	7.34	0.0363	-0.003
6.261	6.25	0.0363	0.006
6.262	3.75	0.0363	0.010
6.263	2.66	0.0363	0.013
6.264	0.94	0.0417	0.015
6.265	-2.50	0.0525	0.015
6.266	-4.84	0.0525	0.010
6.267	-5.16	0.0525	0.006
6.268	-6.25	0.0525	0.000
6.269	-5.63	0.0525	-0.007
6.27	-5.16	0.0525	-0.011
6.271	-4.37	0.0525	-0.017
6.272	-1.56	0.0525	-0.020
6.273	1.09	0.0525	-0.020
6.274	3.75	0.0525	-0.018
6.275	5.78	0.0525	-0.013
6.276	6.72	0.0525	-0.006
6.277	5.94	0.0525	0.001
6.278	4.38	0.0525	0.006
6.279	3.28	0.0525	0.009
6.28	1.56	0.0525	0.012
6.281	0.63	0.0525	0.013
6.282	1.72	0.0525	0.013
6.283	3.28	0.0525	0.016
6.284	4.53	0.0525	0.020
6.285	6.09	0.0525	0.025
6.286	7.03	0.0525	0.032
6.287	3.13	0.0567	0.039
6.288	-2.66	0.0650	0.038
6.289	-5.31	0.0650	0.034
6.29	-2.03	0.0650	0.028
6.291	1.41	0.0650	0.030
6.292	0.00	0.0650	0.031
6.293	-1.88	0.0650	0.030
6.294	-3.28	0.0650	0.027
6.295	-2.97	0.0650	0.023
6.296	-2.19	0.0650	0.021
6.297	-2.50	0.0650	0.019
6.298	-4.22	0.0650	0.016
6.299	-6.72	0.0650	0.010
6.3	-7.34	0.0650	0.003
6.301	-7.03	0.0650	-0.004
6.302	-6.09	0.0650	-0.012
6.303	-4.69	0.0650	-0.017
6.304	-4.38	0.0650	-0.021
6.305	-2.50	0.0650	-0.025
6.306	0.47	0.0650	-0.026
6.307	3.59	0.0650	-0.024
6.308	5.47	0.0650	-0.019
6.309	6.56	0.0650	-0.013
6.31	7.66	0.0650	-0.006
6.311	6.25	0.0650	0.002
6.312	5.16	0.0650	0.007
6.313	3.44	0.0650	0.012
6.314	0.31	0.0562	0.014
6.315	-1.56	0.0387	0.013
6.316	-3.59	0.0387	0.011
6.317	-5.63	0.0387	0.006
6.318	-5.78	0.0387	-0.001
6.319	-5.47	0.0387	-0.006
6.32	-5.16	0.0387	-0.012
6.321	-3.75	0.0387	-0.016
6.322	-1.56	0.0387	-0.019
6.323	1.56	0.0387	-0.019
6.324	5.00	0.0387	-0.016
6.325	6.25	0.0387	-0.009
6.326	6.72	0.0387	-0.003
6.327	6.72	0.0387	0.004
6.328	5.78	0.0387	0.010
6.329	4.69	0.0387	0.016
6.33	2.34	0.0387	0.019
6.331	0.16	0.0390	0.020
6.332	-3.75	0.0394	0.020
6.333	-6.56	0.0394	0.013
6.334	-6.09	0.0394	0.007
6.335	-6.09	0.0394	0.001
6.336	-5.63	0.0394	-0.006
6.337	-4.84	0.0394	-0.011
6.338	-3.59	0.0394	-0.015
6.339	-1.88	0.0394	-0.018
6.34	0.94	0.0394	-0.019
6.341	4.69	0.0394	-0.016
6.342	6.25	0.0394	-0.010
6.343	6.87	0.0394	-0.003
6.344	6.72	0.0394	0.004
6.345	5.63	0.0394	0.010
6.346	3.91	0.0394	0.015
6.347	1.09	0.0389	0.018
6.348	-1.41	0.0378	0.018
6.349	-4.38	0.0378	0.015
6.35	-5.94	0.0378	0.009
6.351	-6.41	0.0378	0.003
6.352	-6.72	0.0378	-0.004
6.353	-6.25	0.0378	-0.010
6.354	-4.84	0.0378	-0.017
6.355	-1.72	0.0378	-0.020
6.356	0.16	0.0378	-0.020
6.357	2.97	0.0378	-0.020
6.358	5.78	0.0378	-0.014
6.359	6.25	0.0378	-0.008
6.36	6.09	0.0378	-0.002
6.361	4.22	0.0378	0.004
6.362	2.03	0.0378	0.007
6.363	-0.31	0.0397	0.008
6.364	-2.19	0.0434	0.006
6.365	-4.06	0.0434	0.004
6.366	-7.34	0.0434	-0.002
6.367	-7.19	0.0434	-0.011
6.368	-5.94	0.0434	-0.016
6.369	-5.78	0.0434	-0.023
6.37	-4.06	0.0434	-0.028
6.371	-2.34	0.0434	-0.031
6.372	-0.62	0.0434	-0.033
6.373	2.50	0.0434	-0.032
6.374	5.31	0.0434	-0.028
6.375	6.56	0.0434	-0.022
6.376	7.03	0.0434	-0.014
6.377	7.03	0.0434	-0.007
6.378	6.25	0.0434	-0.000
6.379	5.63	0.0434	0.005
6.38	3.28	0.0434	0.011
6.381	-0.62	0.0424	0.012
6.382	-3.59	0.0403	0.010
6.383	-5.00	0.0403	0.004
6.384	-5.78	0.0403	-0.000
6.385	-6.72	0.0403	-0.007
6.386	-5.00	0.0403	-0.014
6.387	-5.00	0.0403	-0.017
6.388	-3.59	0.0403	-0.024
6.389	0.00	0.0403	-0.024
6.39	2.66	0.0403	-0.024
6.391	5.62	0.0403	-0.019
6.392	7.03	0.0403	-0.013
6.393	6.41	0.0403	-0.005
6.394	5.63	0.0403	0.000
6.395	6.09	0.0403	0.006
6.396	4.84	0.0403	0.013
6.397	1.87	0.0403	0.016
6.398	-1.56	0.0397	0.016
6.399	-5.00	0.0384	0.013
6.4	-6.25	0.0384	0.006
6.401	-6.25	0.0384	0.000
6.402	-6.41	0.0384	-0.006
6.403	-6.09	0.0384	-0.013
6.404	-4.38	0.0384	-0.018
6.405	-1.88	0.0384	-0.021
6.406	0.16	0.0384	-0.022
6.407	3.44	0.0384	-0.021
6.408	5.94	0.0384	-0.015
6.409	6.41	0.0384	-0.009
6.41	7.03	0.0384	-0.003
6.411	5.78	0.0384	0.005
6.412	4.69	0.0384	0.009
6.413	3.59	0.0384	0.014
6.414	1.25	0.0384	0.016
6.415	-0.94	0.0327	0.017
6.416	-4.53	0.0212	0.014
6.417	-6.25	0.0212	0.008
6.418	-5.78	0.0212	0.002
6.419	-3.12	0.0212	-0.004
6.42	1.88	0.0212	-0.004
6.421	5.63	0.0212	0.000
6.422	5.63	0.0212	0.007
6.423	-0.47	0.0216	0.011
6.424	-4.06	0.0222	0.006
6.425	-0.31	0.0222	0.003
6.426	4.84	0.0222	0.005
6.427	7.66	0.0222	0.013
6.428	5.16	0.0222	0.021
6.429	2.34	0.0222	0.023
6.43	2.19	0.0222	0.025
6.431	0.94	0.0295	0.028
6.432	-2.81	0.0441	0.027
6.433	-6.41	0.0441	0.022
6.434	-7.81	0.0441	0.014
6.435	-7.97	0.0441	0.006
6.436	-7.03	0.0441	-0.002
6.437	-6.09	0.0441	-0.008
6.438	-3.28	0.0441	-0.014
6.439	-1.41	0.0441	-0.014
6.44	0.63	0.0441	-0.017
6.441	4.69	0.0441	-0.013
6.442	5.16	0.0441	-0.007
6.443	5.31	0.0441	-0.003
6.444	5.31	0.0441	0.003
6.445	3.28	0.0441	0.008
6.446	1.88	0.0441	0.010
6.447	0.78	0.0441	0.012
6.448	-2.19	0.0433	0.012
6.449	-6.25	0.0419	0.007
6.45	-7.34	0.0419	-0.001
6.451	-6.87	0.0419	-0.007
6.452	-4.69	0.0419	-0.015
6.453	-1.09	0.0419	-0.017
6.454	0.63	0.0419	-0.017
6.455	2.50	0.0419	-0.016
6.456	4.38	0.0419	-0.012
6.457	6.41	0.0419	-0.007
6.458	7.66	0.0419	0.001
6.459	7.19	0.0419	0.008
6.46	5.94	0.0419	0.015
6.461	4.84	0.0419	0.020
6.462	4.06	0.0419	0.025
6.463	1.56	0.0412	0.028
6.464	-0.78	0.0400	0.028
6.465	-2.66	0.0400	0.027
6.466	-5.31	0.0400	0.023
6.467	-6.09	0.0400	0.016
6.468	-6.72	0.0400	0.011
6.469	-6.41	0.0400	0.003
6.47	-5.47	0.0400	-0.002
6.471	-4.69	0.0400	-0.008
6.472	-1.56	0.0400	-0.012
6.473	0.47	0.0400	-0.011
6.474	3.13	0.0400	-0.011
6.475	5.31	0.0400	-0.005
6.476	5.31	0.0400	0.000
6.477	5.94	0.0400	0.006
6.478	5.16	0.0400	0.012
6.479	3.75	0.0400	0.016
6.48	2.19	0.0400	0.019
6.481	-0.16	0.0397	0.020
6.482	-3.75	0.0391	0.019
6.483	-6.41	0.0391	0.013
6.484	-7.19	0.0391	0.006
6.485	-7.19	0.0391	-0.002
6.486	-5.78	0.0391	-0.008
6.487	-4.84	0.0391	-0.013
6.488	-2.81	0.0391	-0.018
6.489	-0.31	0.0391	-0.019
6.49	2.34	0.0391	-0.018
6.491	4.84	0.0391	-0.014
6.492	5.31	0.0391	-0.009
6.493	6.25	0.0391	-0.003
6.494	6.09	0.0391	0.004
6.495	4.69	0.0391	0.009
6.496	3.44	0.0391	0.013
6.497	1.09	0.0387	0.016
6.498	-1.25	0.0381	0.015
6.499	-3.75	0.0381	0.013
6.5	-6.09	0.0381	0.008
6.501	-6.87	0.0381	0.001
6.502	-6.09	0.0381	-0.006
6.503	-5.47	0.0381	-0.011
6.504	-5.00	0.0381	-0.017
6.505	-2.81	0.0381	-0.021
6.506	-0.31	0.0381	-0.022
6.507	2.97	0.0381	-0.022
6.508	6.25	0.0381	-0.017
6.509	6.09	0.0381	-0.009
6.51	6.25	0.0381	-0.004
6.511	7.03	0.0381	0.003
6.512	5.63	0.0381	0.010
6.513	3.12	0.0381	0.014
6.514	0.62	0.0443	0.016
6.515	-2.34	0.0566	0.016
6.516	-4.69	0.0566	0.011
6.517	-5.16	0.0566	0.006
6.518	-7.19	0.0566	0.001
6.519	-8.75	0.0566	-0.008
6.52	-8.12	0.0566	-0.017
6.521	-6.09	0.0566	-0.024
6.522	-3.44	0.0566	-0.029
6.523	0.63	0.0566	-0.031
6.524	5.47	0.0566	-0.028
6.525	7.81	0.0566	-0.020
6.526	9.69	0.0566	-0.012
6.527	10.47	0.0566	-0.001
6.528	9.84	0.0566	0.009
6.529	8.12	0.0566	0.019
6.53	4.22	0.0566	0.025
6.531	0.94	0.0573	0.027
6.532	-2.81	0.0588	0.027
6.533	-7.50	0.0588	0.022
6.534	-9.84	0.0588	0.012
6.535	-10.78	0.0588	0.002
6.536	-10.16	0.0588	-0.009
6.537	-8.44	0.0588	-0.018
6.538	-5.94	0.0588	-0.026
6.539	-2.66	0.0588	-0.030
6.54	1.41	0.0588	-0.032
6.541	6.72	0.0588	-0.028
6.542	9.69	0.0588	-0.018
6.543	10.94	0.0588	-0.008
6.544	10.62	0.0588	0.004
6.545	8.75	0.0588	0.013
6.546	6.72	0.0588	0.021
6.547	3.44	0.0588	0.027
6.548	-0.16	0.0627	0.028
6.549	-5.16	0.0706	0.026
6.55	-8.91	0.0706	0.018
6.551	-10.62	0.0706	0.008
6.552	-12.50	0.0706	-0.003
6.553	-11.09	0.0706	-0.017
6.554	-7.66	0.0706	-0.026
6.555	-4.22	0.0706	-0.032
6.556	0.16	0.0706	-0.034
6.557	5.00	0.0706	-0.032
6.558	9.84	0.0706	-0.024
6.559	13.44	0.0706	-0.012
6.56	17.19	0.0706	0.003
6.561	16.87	0.0706	0.022
6.562	11.56	0.0706	0.037
6.563	4.38	0.0707	0.046
6.564	-2.50	0.0709	0.045
6.565	-3.28	0.0709	0.041
6.566	-2.66	0.0709	0.039
6.567	-7.19	0.0709	0.035
6.568	-11.72	0.0709	0.024
6.569	-12.50	0.0709	0.012
6.57	-12.03	0.0709	-0.001
6.571	-10.62	0.0709	-0.012
6.572	-6.41	0.0709	-0.022
6.573	-1.72	0.0709	-0.025
6.574	3.59	0.0709	-0.025
6.575	7.81	0.0709	-0.018
6.576	9.37	0.0709	-0.010
6.577	10.00	0.0709	0.001
6.578	8.28	0.0709	0.010
6.579	5.94	0.0709	0.018
6.58	3.59	0.0709	0.022
6.581	0.78	0.0602	0.025
6.582	-2.97	0.0387	0.024
6.583	-5.00	0.0387	0.019
6.584	-5.78	0.0387	0.014
6.585	-6.25	0.0387	0.007
6.586	-5.16	0.0387	0.001
6.587	-4.38	0.0387	-0.003
6.588	-3.28	0.0387	-0.007
6.589	-1.72	0.0387	-0.010
6.59	1.09	0.0387	-0.011
6.591	4.84	0.0387	-0.007
6.592	5.94	0.0387	-0.001
6.593	6.72	0.0387	0.004
6.594	7.50	0.0387	0.012
6.595	6.09	0.0387	0.019
6.596	4.22	0.0387	0.024
6.597	2.03	0.0387	0.028
6.598	-0.94	0.0379	0.028
6.599	-4.06	0.0363	0.026
6.6	-5.47	0.0363	0.020
6.601	-6.41	0.0363	0.015
6.602	-6.72	0.0363	0.007
6.603	-5.63	0.0363	0.002
6.604	-4.06	0.0363	-0.004
6.605	-2.03	0.0363	-0.007
6.606	-0.31	0.0363	-0.008
6.607	1.72	0.0363	-0.007
6.608	4.06	0.0363	-0.004
6.609	5.63	0.0363	0.001
6.61	5.63	0.0363	0.007
6.611	4.69	0.0363	0.012
6.612	3.91	0.0363	0.016
6.613	1.56	0.0416	0.020
6.614	-1.41	0.0522	0.019
6.615	-4.38	0.0522	0.017
6.616	-8.44	0.0522	0.011
6.617	-9.22	0.0522	0.000
6.618	-8.75	0.0522	-0.008
6.619	-6.25	0.0522	-0.017
6.62	-2.97	0.0522	-0.020
6.621	-2.66	0.0522	-0.023
6.622	-0.62	0.0522	-0.026
6.623	2.19	0.0522	-0.024
6.624	5.62	0.0522	-0.021
6.625	5.63	0.0522	-0.013
6.626	3.59	0.0522	-0.010
6.627	1.87	0.0522	-0.006
6.628	2.19	0.0522	-0.006
6.629	5.94	0.0522	-0.002
6.63	7.34	0.0522	0.006
6.631	7.81	0.0522	0.013
6.632	6.72	0.0522	0.021
6.633	3.91	0.0522	0.027
6.634	0.00	0.0428	0.029
6.635	-3.44	0.0241	0.027
6.636	-4.84	0.0241	0.022
6.637	-5.94	0.0241	0.017
6.638	-5.31	0.0241	0.010
6.639	-2.66	0.0241	0.006
6.64	-0.47	0.0241	0.005
6.641	1.41	0.0241	0.005
6.642	3.28	0.0241	0.008
6.643	4.37	0.0241	0.012
6.644	4.53	0.0241	0.017
6.645	4.22	0.0241	0.021
6.646	2.66	0.0241	0.025
6.647	0.31	0.0291	0.026
6.648	-1.56	0.0391	0.026
6.649	-3.59	0.0391	0.023
6.65	-5.78	0.0391	0.018
6.651	-6.72	0.0391	0.012
6.652	-6.25	0.0391	0.005
6.653	-5.78	0.0391	-0.001
6.654	-5.00	0.0391	-0.007
6.655	-3.12	0.0391	-0.011
6.656	-0.47	0.0391	-0.013
6.657	2.81	0.0391	-0.012
6.658	5.16	0.0391	-0.007
6.659	5.16	0.0391	-0.002
6.66	5.78	0.0391	0.003
6.661	6.41	0.0391	0.010
6.662	5.16	0.0391	0.016
6.663	3.12	0.0391	0.020
6.664	1.09	0.0391	0.022
6.665	-2.03	0.0434	0.022
6.666	-5.00	0.0522	0.018
6.667	-5.78	0.0522	0.013
6.668	-7.34	0.0522	0.007
6.669	-7.34	0.0522	-0.002
6.67	-5.94	0.0522	-0.008
6.671	-5.31	0.0522	-0.014
6.672	-3.12	0.0522	-0.019
6.673	0.31	0.0522	-0.020
6.674	4.06	0.0522	-0.018
6.675	7.34	0.0522	-0.012
6.676	10.94	0.0522	-0.003
6.677	12.97	0.0522	0.010
6.678	11.09	0.0522	0.022
6.679	6.41	0.0522	0.032
6.68	0.62	0.0638	0.035
6.681	-3.12	0.0869	0.033
6.682	-7.03	0.0869	0.029
6.683	-11.56	0.0869	0.019
6.684	-15.94	0.0869	0.006
6.685	-19.37	0.0869	-0.013
6.686	-15.94	0.0869	-0.033
6.687	-8.13	0.0869	-0.045
6.688	-3.44	0.0869	-0.049
6.689	1.56	0.0869	-0.052
6.69	8.75	0.0869	-0.046
6.691	13.75	0.0869	-0.034
6.692	14.84	0.0869	-0.018
6.693	13.13	0.0869	-0.004
6.694	11.72	0.0869	0.008
6.695	10.47	0.0869	0.019
6.696	6.87	0.0869	0.029
6.697	2.97	0.0869	0.033
6.698	-0.78	0.0743	0.035
6.699	-5.31	0.0491	0.031
6.7	-6.72	0.0491	0.024
6.701	-7.50	0.0491	0.018
6.702	-8.75	0.0491	0.009
6.703	-7.66	0.0491	0.000
6.704	-5.63	0.0491	-0.006
6.705	-4.06	0.0491	-0.011
6.706	-1.72	0.0491	-0.014
6.707	2.19	0.0491	-0.014
6.708	4.06	0.0491	-0.010
6.709	5.00	0.0491	-0.006
6.71	6.09	0.0491	0.000
6.711	4.69	0.0491	0.006
6.712	4.53	0.0491	0.009
6.713	4.06	0.0491	0.015
6.714	1.25	0.0491	0.018
6.715	-1.25	0.0447	0.018
6.716	-4.22	0.0359	0.015
6.717	-6.25	0.0359	0.009
6.718	-6.56	0.0359	0.003
6.719	-5.47	0.0359	-0.004
6.72	-4.53	0.0359	-0.008
6.721	-4.06	0.0359	-0.013
6.722	-1.72	0.0359	-0.017
6.723	0.47	0.0359	-0.017
6.724	3.75	0.0359	-0.016
6.725	6.25	0.0359	-0.009
6.726	5.94	0.0359	-0.003
6.727	6.41	0.0359	0.003
6.728	6.25	0.0359	0.010
6.729	4.84	0.0359	0.015
6.73	2.03	0.0359	0.019
6.731	-0.16	0.0369	0.019
6.732	-2.34	0.0387	0.019
6.733	-5.63	0.0387	0.015
6.734	-6.41	0.0387	0.008
6.735	-6.09	0.0387	0.002
6.736	-5.78	0.0387	-0.004
6.737	-5.00	0.0387	-0.010
6.738	-3.91	0.0387	-0.014
6.739	-2.50	0.0387	-0.018
6.74	0.47	0.0387	-0.019
6.741	3.28	0.0387	-0.017
6.742	4.37	0.0387	-0.013
6.743	7.34	0.0387	-0.008
6.744	7.66	0.0387	0.002
6.745	4.84	0.0387	0.007
6.746	4.22	0.0387	0.012
6.747	1.56	0.1221	0.016
6.748	-1.72	0.2888	0.015
6.749	-4.06	0.2888	0.013
6.75	-5.78	0.2888	0.007
6.751	-6.09	0.2888	0.001
6.752	-5.94	0.2888	-0.006
6.753	-5.16	0.2888	-0.011
6.754	-4.22	0.2888	-0.016
6.755	-2.03	0.2888	-0.019
6.756	0.00	0.2888	-0.020
6.757	1.72	0.2888	-0.019
6.758	4.53	0.2888	-0.017
6.759	6.72	0.2888	-0.010
6.76	24.38	0.2888	-0.003
6.761	58.13	0.2888	0.038
6.762	81.72	0.2888	0.113
6.763	77.81	0.2888	0.202
6.764	48.13	0.2888	0.269
6.765	6.87	0.4422	0.298
6.766	-43.59	0.7491	0.283
6.767	-86.25	0.7491	0.211
6.768	-117.03	0.7491	0.110
6.769	-134.37	0.7491	-0.023
6.77	-127.03	0.7491	-0.159
6.771	-103.75	0.7491	-0.277
6.772	-65.47	0.7491	-0.366
6.773	-20.16	0.7491	-0.408
6.774	32.66	0.7491	-0.407
6.775	83.28	0.7491	-0.343
6.776	117.34	0.7491	-0.240
6.777	139.22	0.7491	-0.108
6.778	138.28	0.7491	0.038
6.779	120.16	0.7491	0.168
6.78	86.25	0.7491	0.279
6.781	38.75	0.7491	0.341
6.782	-12.34	0.7484	0.356
6.783	-65.78	0.7472	0.316
6.784	-105.78	0.7472	0.225
6.785	-131.88	0.7472	0.105
6.786	-138.91	0.7472	-0.039
6.787	-124.84	0.7472	-0.173
6.788	-95.47	0.7472	-0.289
6.789	-51.09	0.7472	-0.364
6.79	-1.41	0.7472	-0.391
6.791	54.69	0.7472	-0.367
6.792	100.47	0.7472	-0.282
6.793	129.69	0.7472	-0.166
6.794	142.81	0.7472	-0.022
6.795	132.81	0.7472	0.120
6.796	106.87	0.7472	0.243
6.797	63.75	0.7472	0.333
6.798	15.31	0.7510	0.371
6.799	-40.00	0.7587	0.364
6.8	-90.31	0.7587	0.291
6.801	-121.56	0.7587	0.183
6.802	-141.87	0.7587	0.048
6.803	-136.25	0.7587	-0.100
6.804	-114.69	0.7587	-0.225
6.805	-78.28	0.7587	-0.330
6.806	-29.06	0.7587	-0.381
6.807	23.91	0.7587	-0.388
6.808	78.75	0.7587	-0.333
6.809	114.53	0.7587	-0.230
6.81	138.59	0.7587	-0.104
6.811	142.81	0.7587	0.047
6.812	123.59	0.7587	0.181
6.813	89.06	0.7587	0.294
6.814	41.25	0.7587	0.359
6.815	-7.81	0.7607	0.377
6.816	-60.78	0.7647	0.344
6.817	-102.19	0.7647	0.255
6.818	-129.53	0.7647	0.139
6.819	-140.16	0.7647	-0.004
6.82	-129.22	0.7647	-0.141
6.821	-105.00	0.7647	-0.263
6.822	-56.56	0.7647	-0.351
6.823	-2.03	0.7647	-0.376
6.824	50.78	0.7647	-0.355
6.825	96.25	0.7647	-0.274
6.826	124.06	0.7647	-0.163
6.827	140.94	0.7647	-0.026
6.828	134.06	0.7647	0.119
6.829	111.09	0.7647	0.242
6.83	73.44	0.7647	0.342
6.831	25.00	0.7647	0.389
6.832	-26.88	0.7676	0.392
6.833	-80.00	0.7734	0.335
6.834	-115.47	0.7734	0.232
6.835	-138.75	0.7734	0.104
6.836	-142.19	0.7734	-0.046
6.837	-123.28	0.7734	-0.180
6.838	-91.09	0.7734	-0.292
6.839	-44.69	0.7734	-0.362
6.84	5.47	0.7734	-0.382
6.841	61.56	0.7734	-0.351
6.842	104.53	0.7734	-0.259
6.843	131.09	0.7734	-0.142
6.844	144.06	0.7734	0.003
6.845	131.41	0.7734	0.146
6.846	104.84	0.7734	0.266
6.847	61.25	0.7734	0.356
6.848	10.94	0.7695	0.389
6.849	-42.97	0.7616	0.378
6.85	-91.72	0.7616	0.303
6.851	-122.97	0.7616	0.194
6.852	-141.87	0.7616	0.057
6.853	-135.78	0.7616	-0.090
6.854	-114.53	0.7616	-0.215
6.855	-76.87	0.7616	-0.319
6.856	-27.03	0.7616	-0.368
6.857	24.69	0.7616	-0.373
6.858	77.97	0.7616	-0.319
6.859	114.22	0.7616	-0.217
6.86	138.28	0.7616	-0.091
6.861	141.25	0.7616	0.060
6.862	123.44	0.7616	0.192
6.863	91.25	0.7616	0.307
6.864	42.81	0.7616	0.374
6.865	-6.25	0.6661	0.392
6.866	-61.56	0.4753	0.362
6.867	-105.00	0.4753	0.269
6.868	-117.81	0.4753	0.152
6.869	-93.91	0.4753	0.033
6.87	-50.78	0.4753	-0.036
6.871	-22.19	0.4753	-0.068
6.872	-7.50	0.4753	-0.080
6.873	0.62	0.4753	-0.083
6.874	7.19	0.4753	-0.079
6.875	10.62	0.4753	-0.069
6.876	11.87	0.4753	-0.058
6.877	12.19	0.4753	-0.045
6.878	10.31	0.4753	-0.033
6.879	8.75	0.4753	-0.024
6.88	6.56	0.4753	-0.016
6.881	3.91	0.4753	-0.011
6.882	-0.16	0.3356	-0.008
6.883	-3.59	0.0562	-0.012
6.884	-3.75	0.0562	-0.015
6.885	-4.84	0.0562	-0.019
6.886	-4.37	0.0562	-0.025
6.887	-2.97	0.0562	-0.028
6.888	-1.88	0.0562	-0.031
6.889	3.28	0.0562	-0.032
6.89	9.37	0.0562	-0.024
6.891	11.72	0.0562	-0.013
6.892	13.44	0.0562	-0.001
6.893	12.81	0.0562	0.014
6.894	7.81	0.0562	0.025
6.895	1.72	0.0485	0.030
6.896	-3.12	0.0331	0.028
6.897	-4.84	0.0331	0.023
6.898	-6.09	0.0331	0.018
6.899	-7.50	0.0331	0.011
6.9	-4.69	0.0331	0.003
6.901	-0.16	0.0331	0.002
6.902	-1.25	0.0331	0.003
6.903	-3.12	0.0331	-0.001
6.904	-1.41	0.0331	-0.003
6.905	0.00	0.0331	-0.003
6.906	0.16	0.0331	-0.003
6.907	1.72	0.0331	-0.003
6.908	2.97	0.0331	0.000
6.909	3.12	0.0331	0.003
6.91	3.12	0.0331	0.007
6.911	2.81	0.0331	0.009
6.912	2.19	0.0331	0.012
6.913	0.63	0.0352	0.013
6.914	-0.78	0.0394	0.013
6.915	-3.12	0.0394	0.012
6.916	-5.63	0.0394	0.007
6.917	-6.25	0.0394	0.001
6.918	-6.56	0.0394	-0.005
6.919	-5.62	0.0394	-0.013
6.92	-4.53	0.0394	-0.017
6.921	-3.44	0.0394	-0.022
6.922	-1.72	0.0394	-0.023
6.923	0.31	0.0394	-0.025
6.924	3.44	0.0394	-0.023
6.925	6.09	0.0394	-0.018
6.926	7.34	0.0394	-0.011
6.927	7.19	0.0394	-0.003
6.928	5.78	0.0394	0.004
6.929	5.31	0.0394	0.008
6.93	4.53	0.0394	0.014
6.931	1.09	0.0380	0.017
6.932	-1.72	0.0353	0.017
6.933	-4.22	0.0353	0.014
6.934	-5.16	0.0353	0.008
6.935	-5.16	0.0353	0.003
6.936	-6.41	0.0353	-0.002
6.937	-7.19	0.0353	-0.009
6.938	-4.37	0.0353	-0.017
6.939	0.31	0.0353	-0.018
6.94	2.50	0.0353	-0.016
6.941	4.53	0.0353	-0.013
6.942	5.31	0.0353	-0.007
6.943	5.00	0.0353	-0.003
6.944	5.16	0.0353	0.003
6.945	4.06	0.0353	0.008
6.946	-0.47	0.0527	0.011
6.947	-4.38	0.0875	0.007
6.948	-4.69	0.0875	0.003
6.949	-7.03	0.0875	-0.003
6.95	-13.75	0.0875	-0.012
6.951	-17.81	0.0875	-0.030
6.952	-13.44	0.0875	-0.047
6.953	-6.25	0.0875	-0.057
6.954	-0.94	0.0875	-0.060
6.955	2.19	0.0875	-0.059
6.956	5.31	0.0875	-0.055
6.957	9.22	0.0875	-0.048
6.958	11.25	0.0875	-0.037
6.959	12.81	0.0875	-0.026
6.96	13.59	0.0875	-0.011
6.961	11.56	0.0875	0.002
6.962	9.53	0.0875	0.012
6.963	7.97	0.0875	0.021
6.964	5.16	0.0875	0.028
6.965	1.56	0.0657	0.031
6.966	-1.25	0.0222	0.031
6.967	-2.34	0.0222	0.028
6.968	-2.81	0.0222	0.026
6.969	-3.59	0.0222	0.023
6.97	-4.06	0.0222	0.019
6.971	-3.91	0.0222	0.015
6.972	-2.50	0.0222	0.011
6.973	-1.25	0.0222	0.010
6.974	1.72	0.0222	0.009
6.975	3.59	0.0222	0.013
6.976	4.06	0.0222	0.016
6.977	5.16	0.0222	0.021
6.978	4.69	0.0222	0.026
6.979	3.91	0.0222	0.031
6.98	1.25	0.0298	0.034
6.981	-2.03	0.0450	0.033
6.982	-5.31	0.0450	0.030
6.983	-7.50	0.0450	0.022
6.984	-6.56	0.0450	0.015
6.985	-5.47	0.0450	0.009
6.986	-5.63	0.0450	0.004
6.987	-5.00	0.0450	-0.002
6.988	-4.06	0.0450	-0.006
6.989	-2.50	0.0450	-0.010
6.99	-0.16	0.0450	-0.011
6.991	3.28	0.0450	-0.010
6.992	5.47	0.0450	-0.004
6.993	5.78	0.0450	0.001
6.994	1.88	0.0554	0.007
6.995	-6.09	0.0763	0.004
6.996	-8.75	0.0763	-0.005
6.997	-9.06	0.0763	-0.013
6.998	-10.31	0.0763	-0.023
6.999	-10.16	0.0763	-0.034
7	-9.37	0.0763	-0.043
7.001	-8.91	0.0763	-0.052
7.002	-6.41	0.0763	-0.061
7.003	-3.44	0.0763	-0.065
7.004	-1.88	0.0763	-0.068
7.005	0.94	0.0763	-0.069
7.006	3.75	0.0763	-0.066
7.007	6.09	0.0763	-0.062
7.008	8.59	0.0763	-0.054
7.009	10.94	0.0763	-0.044
7.01	12.19	0.0763	-0.032
7.011	11.09	0.0763	-0.020
7.012	10.00	0.0763	-0.010
7.013	7.19	0.0763	0.000
7.014	3.59	0.0763	0.004
7.015	0.94	0.0631	0.007
7.016	-3.28	0.0369	0.006
7.017	-5.78	0.0369	0.001
7.018	-5.16	0.0369	-0.005
7.019	-4.53	0.0369	-0.010
7.02	-4.22	0.0369	-0.014
7.021	-2.34	0.0369	-0.018
7.022	-0.47	0.0369	-0.019
7.023	1.41	0.0369	-0.019
7.024	4.38	0.0369	-0.016
7.025	5.78	0.0369	-0.010
7.026	6.72	0.0369	-0.005
7.027	6.41	0.0369	0.003
7.028	4.69	0.0369	0.008
7.029	4.22	0.0369	0.013
7.03	2.66	0.0369	0.017
7.031	0.94	0.0369	0.018
7.032	-2.03	0.0329	0.018
7.033	-6.25	0.0250	0.014
7.034	-7.19	0.0250	0.006
7.035	-5.63	0.0250	-0.001
7.036	-2.97	0.0250	-0.005
7.037	-0.47	0.0250	-0.007
7.038	1.09	0.0250	-0.006
7.039	0.31	0.0250	-0.004
7.04	-0.31	0.0250	-0.006
7.041	2.50	0.0250	-0.005
7.042	3.75	0.0250	-0.001
7.043	3.91	0.0250	0.003
7.044	3.91	0.0250	0.007
7.045	4.69	0.0250	0.010
7.046	5.00	0.0250	0.017
7.047	1.72	0.0318	0.020
7.048	-1.25	0.0453	0.020
7.049	-4.53	0.0453	0.018
7.05	-6.56	0.0453	0.011
7.051	-6.72	0.0453	0.005
7.052	-6.87	0.0453	-0.003
7.053	-5.94	0.0453	-0.009
7.054	-2.97	0.0453	-0.014
7.055	0.00	0.0453	-0.015
7.056	1.25	0.0453	-0.014
7.057	3.75	0.0453	-0.013
7.058	5.94	0.0453	-0.007
7.059	6.41	0.0453	-0.001
7.06	7.19	0.0453	0.006
7.061	7.50	0.0453	0.014
7.062	6.72	0.0453	0.021
7.063	4.69	0.0453	0.027
7.064	1.72	0.0453	0.030
7.065	-1.72	0.0424	0.031
7.066	-4.22	0.0366	0.027
7.067	-5.31	0.0366	0.022
7.068	-6.56	0.0366	0.016
7.069	-6.09	0.0366	0.009
7.07	-5.47	0.0366	0.004
7.071	-4.69	0.0366	-0.002
7.072	-2.03	0.0366	-0.005
7.073	0.78	0.0366	-0.006
7.074	3.12	0.0366	-0.004
7.075	5.00	0.0366	0.000
7.076	6.87	0.0366	0.006
7.077	7.19	0.0366	0.014
7.078	5.63	0.0366	0.021
7.079	4.69	0.0366	0.025
7.08	2.19	0.0375	0.030
7.081	-0.47	0.0394	0.030
7.082	-3.44	0.0394	0.029
7.083	-6.09	0.0394	0.023
7.084	-6.25	0.0394	0.017
7.085	-6.56	0.0394	0.010
7.086	-5.78	0.0394	0.004
7.087	-5.31	0.0394	-0.001
7.088	-3.91	0.0394	-0.007
7.089	-1.25	0.0394	-0.009
7.09	1.41	0.0394	-0.009
7.091	4.84	0.0394	-0.006
7.092	4.53	0.0394	0.000
7.093	2.19	0.0394	0.003
7.094	1.87	0.0394	0.005
7.095	4.22	0.0394	0.007
7.096	6.72	0.0394	0.013
7.097	4.84	0.0394	0.020
7.098	0.00	0.0501	0.023
7.099	-5.31	0.0716	0.020
7.1	-7.03	0.0716	0.012
7.101	-8.44	0.0716	0.006
7.102	-11.09	0.0716	-0.005
7.103	-12.03	0.0716	-0.016
7.104	-12.19	0.0716	-0.029
7.105	-9.37	0.0716	-0.041
7.106	-4.06	0.0716	-0.048
7.107	2.66	0.0716	-0.049
7.108	7.19	0.0716	-0.042
7.109	9.22	0.0716	-0.034
7.11	10.78	0.0716	-0.024
7.111	10.31	0.0716	-0.013
7.112	10.31	0.0716	-0.003
7.113	9.53	0.0716	0.008
7.114	7.19	0.0716	0.016
7.115	5.16	0.0716	0.022
7.116	1.72	0.0564	0.026
7.117	-1.87	0.0259	0.026
7.118	-3.75	0.0259	0.022
7.119	-4.69	0.0259	0.018
7.12	-6.56	0.0259	0.013
7.121	-5.78	0.0259	0.005
7.122	-2.19	0.0259	0.002
7.123	-0.63	0.0259	0.001
7.124	2.03	0.0259	0.000
7.125	4.53	0.0259	0.005
7.126	4.53	0.0259	0.009
7.127	5.00	0.0259	0.014
7.128	4.84	0.0259	0.019
7.129	3.44	0.0259	0.023
7.13	1.88	0.0259	0.026
7.131	0.00	0.0303	0.027
7.132	-3.44	0.0391	0.026
7.133	-5.47	0.0391	0.020
7.134	-5.31	0.0391	0.015
7.135	-6.09	0.0391	0.010
7.136	-5.63	0.0391	0.003
7.137	-5.78	0.0391	-0.002
7.138	-5.16	0.0391	-0.008
7.139	-1.41	0.0391	-0.012
7.14	1.88	0.0391	-0.011
7.141	4.22	0.0391	-0.008
7.142	5.31	0.0391	-0.003
7.143	6.41	0.0391	0.003
7.144	6.41	0.0391	0.010
7.145	5.31	0.0391	0.015
7.146	4.37	0.0391	0.021
7.147	1.72	0.0390	0.024
7.148	-1.72	0.0387	0.024
7.149	-4.22	0.0387	0.021
7.15	-5.63	0.0387	0.016
7.151	-6.72	0.0387	0.009
7.152	-6.09	0.0387	0.002
7.153	-5.78	0.0387	-0.003
7.154	-5.31	0.0387	-0.009
7.155	-2.66	0.0387	-0.013
7.156	-0.31	0.0387	-0.015
7.157	2.50	0.0387	-0.014
7.158	4.38	0.0387	-0.010
7.159	5.00	0.0387	-0.005
7.16	6.72	0.0387	0.000
7.161	6.41	0.0387	0.008
7.162	4.69	0.0387	0.013
7.163	2.34	0.0387	0.018
7.164	0.16	0.0394	0.018
7.165	-2.03	0.0406	0.018
7.166	-5.63	0.0406	0.014
7.167	-6.09	0.0406	0.007
7.168	-6.41	0.0406	0.002
7.169	-7.50	0.0406	-0.006
7.17	-6.25	0.0406	-0.013
7.171	-4.22	0.0406	-0.019
7.172	-2.03	0.0406	-0.022
7.173	1.25	0.0406	-0.023
7.174	4.53	0.0406	-0.019
7.175	5.00	0.0406	-0.014
7.176	5.63	0.0406	-0.009
7.177	6.72	0.0406	-0.003
7.178	5.00	0.0406	0.004
7.179	3.28	0.0406	0.007
7.18	2.81	0.0406	0.011
7.181	0.16	0.0395	0.013
7.182	-3.44	0.0372	0.011
7.183	-5.16	0.0372	0.006
7.184	-5.94	0.0372	0.001
7.185	-5.78	0.0372	-0.006
7.186	-5.63	0.0372	-0.011
7.187	-5.47	0.0372	-0.017
7.188	-3.44	0.0372	-0.022
7.189	-1.09	0.0372	-0.024
7.19	0.78	0.0372	-0.024
7.191	4.22	0.0372	-0.022
7.192	6.25	0.0372	-0.016
7.193	6.09	0.0372	-0.010
7.194	6.09	0.0372	-0.003
7.195	5.78	0.0372	0.003
7.196	4.22	0.0372	0.008
7.197	1.56	0.0372	0.011
7.198	-0.47	0.0389	0.011
7.199	-3.13	0.0422	0.010
7.2	-5.94	0.0422	0.005
7.201	-6.25	0.0422	-0.002
7.202	-5.47	0.0422	-0.007
7.203	-5.63	0.0422	-0.013
7.204	-4.69	0.0422	-0.019
7.205	-2.81	0.0422	-0.022
7.206	-0.94	0.0422	-0.024
7.207	2.81	0.0422	-0.024
7.208	5.31	0.0422	-0.019
7.209	5.47	0.0422	-0.013
7.21	6.09	0.0422	-0.008
7.211	5.47	0.0422	-0.001
7.212	5.47	0.0422	0.003
7.213	4.84	0.0422	0.010
7.214	2.19	0.0422	0.013
7.215	0.94	0.0422	0.014
7.216	0.78	0.0422	0.015
7.217	1.56	0.0422	0.016
7.218	1.09	0.0422	0.018
7.219	0.16	0.0422	0.018
7.22	-1.72	0.0375	0.018
7.221	-5.47	0.0281	0.014
7.222	-4.84	0.0281	0.007
7.223	3.12	0.0281	0.005
7.224	10.62	0.0281	0.013
7.225	9.69	0.0281	0.026
7.226	6.41	0.0281	0.033
7.227	2.66	0.0416	0.039
7.228	-2.19	0.0684	0.038
7.229	-3.28	0.0684	0.034
7.23	-3.75	0.0684	0.032
7.231	-4.84	0.0684	0.027
7.232	-7.03	0.0684	0.022
7.233	-9.06	0.0684	0.013
7.234	-8.44	0.0684	0.004
7.235	-7.97	0.0684	-0.004
7.236	-7.97	0.0684	-0.012
7.237	-6.25	0.0684	-0.020
7.238	-4.06	0.0684	-0.025
7.239	-2.50	0.0684	-0.028
7.24	1.09	0.0684	-0.030
7.241	4.69	0.0684	-0.026
7.242	5.16	0.0684	-0.020
7.243	5.62	0.0684	-0.016
7.244	6.72	0.0684	-0.009
7.245	5.63	0.0684	-0.002
7.246	4.53	0.0684	0.002
7.247	2.34	0.0596	0.007
7.248	-1.25	0.0419	0.007
7.249	-4.06	0.0419	0.004
7.25	-5.00	0.0419	-0.001
7.251	-5.31	0.0419	-0.006
7.252	-6.25	0.0419	-0.012
7.253	-5.00	0.0419	-0.018
7.254	-3.75	0.0419	-0.022
7.255	-2.03	0.0419	-0.026
7.256	0.63	0.0419	-0.026
7.257	3.28	0.0419	-0.024
7.258	5.47	0.0419	-0.019
7.259	7.19	0.0419	-0.013
7.26	7.81	0.0419	-0.005
7.261	6.72	0.0419	0.002
7.262	6.41	0.0419	0.008
7.263	3.75	0.0419	0.015
7.264	0.78	0.0419	0.016
7.265	-1.41	0.0404	0.017
7.266	-4.69	0.0375	0.013
7.267	-5.47	0.0375	0.007
7.268	-5.78	0.0375	0.002
7.269	-6.09	0.0375	-0.004
7.27	-5.00	0.0375	-0.010
7.271	-3.91	0.0375	-0.014
7.272	-1.56	0.0375	-0.018
7.273	1.56	0.0375	-0.018
7.274	4.22	0.0375	-0.015
7.275	5.94	0.0375	-0.009
7.276	7.19	0.0375	-0.003
7.277	7.19	0.0375	0.005
7.278	5.62	0.0375	0.012
7.279	4.06	0.0375	0.017
7.28	2.19	0.0375	0.020
7.281	0.31	0.0370	0.021
7.282	-2.66	0.0359	0.020
7.283	-5.16	0.0359	0.016
7.284	-5.31	0.0359	0.010
7.285	-6.56	0.0359	0.005
7.286	-6.41	0.0359	-0.003
7.287	-4.84	0.0359	-0.008
7.288	-3.59	0.0359	-0.013
7.289	-0.62	0.0359	-0.015
7.29	1.56	0.0359	-0.014
7.291	3.28	0.0359	-0.012
7.292	5.00	0.0359	-0.007
7.293	6.25	0.0359	-0.002
7.294	6.25	0.0359	0.005
7.295	5.62	0.0359	0.011
7.296	4.22	0.0359	0.016
7.297	0.78	0.0363	0.019
7.298	-1.41	0.0369	0.018
7.299	-2.97	0.0369	0.016
7.3	-5.16	0.0369	0.012
7.301	-6.41	0.0369	0.006
7.302	-5.78	0.0369	-0.001
7.303	-5.16	0.0369	-0.006
7.304	-5.16	0.0369	-0.011
7.305	-3.28	0.0369	-0.016
7.306	-0.78	0.0369	-0.018
7.307	2.97	0.0369	-0.018
7.308	6.09	0.0369	-0.012
7.309	5.78	0.0369	-0.005
7.31	5.78	0.0369	-0.000
7.311	5.94	0.0369	0.006
7.312	4.53	0.0369	0.012
7.313	2.81	0.0369	0.015
7.314	0.47	0.0419	0.017
7.315	-1.88	0.0519	0.016
7.316	-4.38	0.0519	0.013
7.317	-5.63	0.0519	0.007
7.318	-5.78	0.0519	0.002
7.319	-5.94	0.0519	-0.004
7.32	-4.84	0.0519	-0.010
7.321	-2.50	0.0519	-0.014
7.322	2.19	0.0519	-0.015
7.323	7.50	0.0519	-0.009
7.324	12.03	0.0519	0.000
7.325	13.59	0.0519	0.015
7.326	11.25	0.0519	0.028
7.327	7.34	0.0519	0.037
7.328	1.56	0.0560	0.042
7.329	-0.63	0.0644	0.040
7.33	0.63	0.0644	0.041
7.331	0.31	0.0644	0.042
7.332	-2.19	0.0644	0.042
7.333	-4.69	0.0644	0.037
7.334	-9.22	0.0644	0.032
7.335	-13.91	0.0644	0.019
7.336	-11.87	0.0644	0.004
7.337	-9.53	0.0644	-0.005
7.338	-6.72	0.0644	-0.015
7.339	-3.75	0.0644	-0.018
7.34	-1.09	0.0644	-0.022
7.341	2.81	0.0644	-0.021
7.342	4.22	0.0644	-0.017
7.343	5.62	0.0644	-0.012
7.344	6.72	0.0644	-0.005
7.345	5.63	0.0644	0.001
7.346	3.12	0.0644	0.006
7.347	1.09	0.0644	0.007
7.348	-0.78	0.0561	0.008
7.349	-4.06	0.0397	0.006
7.35	-5.63	0.0397	0.000
7.351	-5.31	0.0397	-0.005
7.352	-5.94	0.0397	-0.011
7.353	-5.00	0.0397	-0.017
7.354	-3.75	0.0397	-0.021
7.355	-2.34	0.0397	-0.025
7.356	0.16	0.0397	-0.025
7.357	2.97	0.0397	-0.024
7.358	5.31	0.0397	-0.019
7.359	6.87	0.0397	-0.014
7.36	7.97	0.0397	-0.006
7.361	7.19	0.0397	0.002
7.362	6.09	0.0397	0.009
7.363	4.53	0.0397	0.014
7.364	1.41	0.0386	0.018
7.365	-1.72	0.0366	0.017
7.366	-3.91	0.0366	0.014
7.367	-5.94	0.0366	0.009
7.368	-6.72	0.0366	0.003
7.369	-5.47	0.0366	-0.004
7.37	-4.38	0.0366	-0.008
7.371	-3.75	0.0366	-0.013
7.372	-0.94	0.0366	-0.016
7.373	1.56	0.0366	-0.015
7.374	3.75	0.0366	-0.013
7.375	5.31	0.0366	-0.007
7.376	5.78	0.0366	-0.002
7.377	6.72	0.0366	0.004
7.378	5.94	0.0366	0.011
7.379	4.69	0.0366	0.016
7.38	2.81	0.0366	0.021
7.381	0.16	0.0375	0.022
7.382	-2.81	0.0394	0.021
7.383	-4.84	0.0394	0.016
7.384	-6.25	0.0394	0.011
7.385	-6.87	0.0394	0.004
7.386	-6.25	0.0394	-0.003
7.387	-5.47	0.0394	-0.009
7.388	-3.75	0.0394	-0.013
7.389	-2.03	0.0394	-0.016
7.39	1.56	0.0394	-0.018
7.391	5.31	0.0394	-0.013
7.392	5.47	0.0394	-0.007
7.393	6.56	0.0394	-0.002
7.394	7.03	0.0394	0.006
7.395	4.53	0.0394	0.012
7.396	3.59	0.0394	0.015
7.397	1.72	0.0392	0.019
7.398	-1.72	0.0387	0.019
7.399	-4.22	0.0387	0.016
7.4	-5.94	0.0387	0.010
7.401	-5.94	0.0387	0.004
7.402	-5.78	0.0387	-0.002
7.403	-5.78	0.0387	-0.008
7.404	-5.16	0.0387	-0.013
7.405	-3.28	0.0387	-0.018
7.406	-0.16	0.0387	-0.020
7.407	2.66	0.0387	-0.018
7.408	4.37	0.0387	-0.014
7.409	5.31	0.0387	-0.010
7.41	6.41	0.0387	-0.004
7.411	6.87	0.0387	0.003
7.412	6.25	0.0387	0.010
7.413	3.28	0.0387	0.016
7.414	0.31	0.0437	0.017
7.415	-1.72	0.0538	0.016
7.416	-4.38	0.0538	0.013
7.417	-5.78	0.0538	0.007
7.418	-6.87	0.0538	0.002
7.419	-6.09	0.0538	-0.006
7.42	-5.00	0.0538	-0.011
7.421	-4.06	0.0538	-0.016
7.422	-1.41	0.0538	-0.019
7.423	-0.16	0.0538	-0.019
7.424	2.81	0.0538	-0.019
7.425	5.16	0.0538	-0.013
7.426	5.47	0.0538	-0.009
7.427	6.72	0.0538	-0.003
7.428	6.56	0.0538	0.005
7.429	6.41	0.0538	0.011
7.43	6.72	0.0538	0.018
7.431	5.78	0.0538	0.024
7.432	5.31	0.0538	0.029
7.433	4.84	0.0538	0.035
7.434	1.56	0.0451	0.039
7.435	-3.59	0.0278	0.038
7.436	-7.66	0.0278	0.032
7.437	-8.91	0.0278	0.022
7.438	-5.78	0.0278	0.014
7.439	-1.41	0.0278	0.011
7.44	0.16	0.0278	0.011
7.441	2.19	0.0278	0.011
7.442	2.50	0.0278	0.015
7.443	-0.78	0.0339	0.016
7.444	-1.87	0.0459	0.014
7.445	0.31	0.0459	0.013
7.446	1.09	0.0459	0.014
7.447	-1.25	0.0459	0.015
7.448	-2.66	0.0459	0.012
7.449	-4.84	0.0459	0.009
7.45	-7.19	0.0459	0.002
7.451	-7.66	0.0459	-0.005
7.452	-6.88	0.0459	-0.013
7.453	-5.78	0.0459	-0.019
7.454	-5.47	0.0459	-0.025
7.455	-2.19	0.0459	-0.030
7.456	0.47	0.0459	-0.029
7.457	2.97	0.0459	-0.029
7.458	6.09	0.0459	-0.023
7.459	6.41	0.0459	-0.017
7.46	6.41	0.0459	-0.010
7.461	6.87	0.0459	-0.004
7.462	5.31	0.0459	0.003
7.463	2.81	0.0459	0.007
7.464	1.56	0.0459	0.009
7.465	-1.72	0.0446	0.010
7.466	-4.22	0.0419	0.006
7.467	-4.53	0.0419	0.002
7.468	-5.78	0.0419	-0.003
7.469	-5.94	0.0419	-0.010
7.47	-4.69	0.0419	-0.015
7.471	-4.06	0.0419	-0.019
7.472	-1.25	0.0419	-0.023
7.473	2.50	0.0419	-0.022
7.474	4.53	0.0419	-0.018
7.475	5.62	0.0419	-0.013
7.476	7.03	0.0419	-0.007
7.477	7.81	0.0419	0.001
7.478	6.25	0.0419	0.008
7.479	5.00	0.0419	0.014
7.48	2.50	0.0419	0.018
7.481	0.00	0.0409	0.019
7.482	-2.81	0.0391	0.018
7.483	-4.84	0.0391	0.013
7.484	-6.09	0.0391	0.009
7.485	-6.56	0.0391	0.001
7.486	-5.16	0.0391	-0.004
7.487	-4.53	0.0391	-0.009
7.488	-2.97	0.0391	-0.013
7.489	-0.94	0.0391	-0.015
7.49	0.94	0.0391	-0.015
7.491	3.44	0.0391	-0.013
7.492	5.63	0.0391	-0.008
7.493	7.81	0.0391	-0.002
7.494	8.44	0.0391	0.007
7.495	6.41	0.0391	0.015
7.496	4.53	0.0391	0.020
7.497	2.19	0.0391	0.024
7.498	-0.78	0.0390	0.024
7.499	-4.06	0.0387	0.022
7.5	-6.09	0.0387	0.016
7.501	-6.25	0.0387	0.010
7.502	-6.72	0.0387	0.004
7.503	-5.94	0.0387	-0.003
7.504	-4.53	0.0387	-0.008
7.505	-3.13	0.0387	-0.013
7.506	0.16	0.0387	-0.014
7.507	3.13	0.0387	-0.012
7.508	5.16	0.0387	-0.008
7.509	5.63	0.0387	-0.002
7.51	5.63	0.0387	0.003
7.511	5.31	0.0387	0.009
7.512	4.22	0.0387	0.014
7.513	3.44	0.0387	0.018
7.514	0.31	0.0436	0.021
7.515	-2.66	0.0534	0.018
7.516	-4.37	0.0534	0.015
7.517	-6.72	0.0534	0.010
7.518	-7.34	0.0534	0.002
7.519	-7.66	0.0534	-0.005
7.52	-8.59	0.0534	-0.013
7.521	-7.03	0.0534	-0.022
7.522	-3.28	0.0534	-0.028
7.523	-0.16	0.0534	-0.029
7.524	4.38	0.0534	-0.028
7.525	8.28	0.0534	-0.020
7.526	9.37	0.0534	-0.011
7.527	10.31	0.0534	-0.001
7.528	9.37	0.0534	0.009
7.529	7.66	0.0534	0.018
7.53	4.69	0.0534	0.025
7.531	0.94	0.0660	0.027
7.532	-4.22	0.0913	0.027
7.533	-8.75	0.0913	0.018
7.534	-9.37	0.0913	0.009
7.535	-10.31	0.0913	-0.000
7.536	-10.47	0.0913	-0.012
7.537	-9.06	0.0913	-0.021
7.538	-6.56	0.0913	-0.030
7.539	-2.19	0.0913	-0.034
7.54	2.81	0.0913	-0.034
7.541	5.78	0.0913	-0.029
7.542	8.91	0.0913	-0.022
7.543	14.22	0.0913	-0.011
7.544	16.25	0.0913	0.006
7.545	17.19	0.0913	0.022
7.546	17.66	0.0913	0.040
7.547	12.50	0.0913	0.057
7.548	3.59	0.0896	0.065
7.549	-5.62	0.0862	0.064
7.55	-12.97	0.0862	0.054
7.551	-14.37	0.0862	0.038
7.552	-10.62	0.0862	0.025
7.553	-9.37	0.0862	0.017
7.554	-10.16	0.0862	0.007
7.555	-7.34	0.0862	-0.003
7.556	-6.72	0.0862	-0.008
7.557	-6.41	0.0862	-0.017
7.558	-0.31	0.0862	-0.021
7.559	5.78	0.0862	-0.018
7.56	9.06	0.0862	-0.009
7.561	9.37	0.0862	0.001
7.562	7.97	0.0862	0.009
7.563	4.84	0.0862	0.017
7.564	1.56	0.0862	0.019
7.565	-2.66	0.0782	0.020
7.566	-8.28	0.0622	0.014
7.567	-10.47	0.0622	0.003
7.568	-10.62	0.0622	-0.007
7.569	-10.00	0.0622	-0.018
7.57	-8.75	0.0622	-0.027
7.571	-6.25	0.0622	-0.036
7.572	-3.44	0.0622	-0.040
7.573	-0.31	0.0622	-0.043
7.574	5.94	0.0622	-0.040
7.575	9.37	0.0622	-0.031
7.576	10.62	0.0622	-0.022
7.577	10.94	0.0622	-0.009
7.578	8.28	0.0622	0.000
7.579	6.41	0.0622	0.007
7.58	4.38	0.0622	0.013
7.581	0.94	0.0585	0.016
7.582	-3.28	0.0512	0.015
7.583	-5.63	0.0512	0.009
7.584	-6.09	0.0512	0.004
7.585	-6.25	0.0512	-0.003
7.586	-5.00	0.0512	-0.009
7.587	-4.53	0.0512	-0.013
7.588	-3.59	0.0512	-0.018
7.589	-1.25	0.0512	-0.020
7.59	0.94	0.0512	-0.020
7.591	4.37	0.0512	-0.018
7.592	7.03	0.0512	-0.012
7.593	8.12	0.0512	-0.004
7.594	9.22	0.0512	0.005
7.595	10.16	0.0512	0.014
7.596	8.28	0.0512	0.025
7.597	3.28	0.0512	0.031
7.598	-0.63	0.0564	0.032
7.599	-4.53	0.0666	0.030
7.6	-8.44	0.0666	0.022
7.601	-11.25	0.0666	0.013
7.602	-13.28	0.0666	0.000
7.603	-11.72	0.0666	-0.014
7.604	-8.28	0.0666	-0.023
7.605	-4.69	0.0666	-0.030
7.606	-0.78	0.0666	-0.033
7.607	3.91	0.0666	-0.032
7.608	8.59	0.0666	-0.025
7.609	11.41	0.0666	-0.015
7.61	12.34	0.0666	-0.002
7.611	11.41	0.0666	0.010
7.612	9.53	0.0666	0.021
7.613	6.56	0.0666	0.029
7.614	2.66	0.0666	0.034
7.615	-2.81	0.0679	0.034
7.616	-7.66	0.0706	0.028
7.617	-9.84	0.0706	0.019
7.618	-12.03	0.0706	0.008
7.619	-12.50	0.0706	-0.005
7.62	-10.78	0.0706	-0.017
7.621	-8.59	0.0706	-0.027
7.622	-4.84	0.0706	-0.034
7.623	-0.31	0.0706	-0.036
7.624	4.53	0.0706	-0.034
7.625	8.91	0.0706	-0.027
7.626	12.19	0.0706	-0.017
7.627	12.66	0.0706	-0.003
7.628	11.41	0.0706	0.009
7.629	10.16	0.0706	0.020
7.63	5.94	0.0706	0.029
7.631	1.25	0.0821	0.032
7.632	-3.75	0.1050	0.032
7.633	-9.06	0.1050	0.024
7.634	-11.09	0.1050	0.013
7.635	-12.66	0.1050	0.002
7.636	-12.50	0.1050	-0.012
7.637	-10.31	0.1050	-0.023
7.638	-7.19	0.1050	-0.033
7.639	-3.28	0.1050	-0.037
7.64	1.72	0.1050	-0.039
7.641	9.37	0.1050	-0.034
7.642	15.63	0.1050	-0.020
7.643	19.69	0.1050	-0.003
7.644	21.56	0.1050	0.019
7.645	19.22	0.1050	0.041
7.646	12.66	0.1050	0.058
7.647	4.37	0.1050	0.066
7.648	-5.16	0.1040	0.066
7.649	-12.34	0.1019	0.056
7.65	-12.66	0.1019	0.042
7.651	-12.81	0.1019	0.030
7.652	-13.59	0.1019	0.016
7.653	-10.47	0.1019	0.003
7.654	-11.56	0.1019	-0.005
7.655	-13.28	0.1019	-0.020
7.656	-7.81	0.1019	-0.032
7.657	-0.47	0.1019	-0.036
7.658	5.31	0.1019	-0.033
7.659	7.97	0.1019	-0.025
7.66	10.78	0.1019	-0.017
7.661	12.19	0.1019	-0.003
7.662	9.84	0.1019	0.008
7.663	6.25	0.1019	0.016
7.664	2.19	0.1019	0.020
7.665	-2.34	0.0920	0.021
7.666	-7.81	0.0722	0.016
7.667	-10.31	0.0722	0.005
7.668	-10.78	0.0722	-0.005
7.669	-10.94	0.0722	-0.017
7.67	-10.63	0.0722	-0.027
7.671	-8.44	0.0722	-0.038
7.672	-3.91	0.0722	-0.044
7.673	0.16	0.0722	-0.046
7.674	5.63	0.0722	-0.043
7.675	10.00	0.0722	-0.034
7.676	11.87	0.0722	-0.023
7.677	14.22	0.0722	-0.011
7.678	13.28	0.0722	0.005
7.679	9.06	0.0722	0.016
7.68	5.31	0.0722	0.023
7.681	1.88	0.0722	0.027
7.682	-3.44	0.0718	0.027
7.683	-7.81	0.0709	0.020
7.684	-10.16	0.0709	0.011
7.685	-12.66	0.0709	-0.001
7.686	-11.25	0.0709	-0.014
7.687	-9.22	0.0709	-0.023
7.688	-7.03	0.0709	-0.033
7.689	-2.34	0.0709	-0.037
7.69	2.66	0.0709	-0.037
7.691	7.81	0.0709	-0.032
7.692	10.78	0.0709	-0.022
7.693	12.50	0.0709	-0.010
7.694	13.13	0.0709	0.003
7.695	11.25	0.0709	0.016
7.696	8.91	0.0709	0.026
7.697	4.38	0.0709	0.034
7.698	-0.94	0.0658	0.035
7.699	-5.78	0.0556	0.032
7.7	-9.53	0.0556	0.023
7.701	-11.25	0.0556	0.013
7.702	-10.78	0.0556	0.001
7.703	-8.28	0.0556	-0.009
7.704	-5.94	0.0556	-0.016
7.705	-2.50	0.0556	-0.021
7.706	-0.16	0.0556	-0.021
7.707	2.81	0.0556	-0.021
7.708	5.47	0.0556	-0.015
7.709	5.94	0.0556	-0.010
7.71	7.50	0.0556	-0.003
7.711	7.03	0.0556	0.005
7.712	5.62	0.0556	0.011
7.713	4.22	0.0556	0.016
7.714	1.88	0.0556	0.019
7.715	-2.34	0.0508	0.020
7.716	-6.09	0.0412	0.014
7.717	-6.25	0.0412	0.008
7.718	-6.72	0.0412	0.002
7.719	-5.78	0.0412	-0.006
7.72	-5.00	0.0412	-0.010
7.721	-4.84	0.0412	-0.016
7.722	-2.81	0.0412	-0.019
7.723	-0.16	0.0412	-0.021
7.724	3.44	0.0412	-0.020
7.725	4.84	0.0412	-0.014
7.726	6.09	0.0412	-0.010
7.727	6.87	0.0412	-0.002
7.728	6.09	0.0412	0.004
7.729	5.47	0.0412	0.010
7.73	3.44	0.0412	0.015
7.731	0.00	0.0403	0.017
7.732	-3.13	0.0384	0.015
7.733	-4.53	0.0384	0.011
7.734	-5.78	0.0384	0.006
7.735	-6.56	0.0384	-0.001
7.736	-6.41	0.0384	-0.007
7.737	-5.47	0.0384	-0.014
7.738	-3.12	0.0384	-0.018
7.739	-1.56	0.0384	-0.020
7.74	0.78	0.0384	-0.022
7.741	4.38	0.0384	-0.018
7.742	5.78	0.0384	-0.013
7.743	5.78	0.0384	-0.007
7.744	5.63	0.0384	-0.001
7.745	5.31	0.0384	0.004
7.746	4.22	0.0384	0.009
7.747	2.34	0.0384	0.013
7.748	-0.16	0.0380	0.014
7.749	-4.22	0.0372	0.013
7.75	-6.41	0.0372	0.006
7.751	-6.25	0.0372	-0.000
7.752	-6.41	0.0372	-0.007
7.753	-5.62	0.0372	-0.013
7.754	-4.06	0.0372	-0.018
7.755	-2.50	0.0372	-0.021
7.756	-0.47	0.0372	-0.023
7.757	2.81	0.0372	-0.022
7.758	4.84	0.0372	-0.018
7.759	5.78	0.0372	-0.013
7.76	6.87	0.0372	-0.006
7.761	6.09	0.0372	0.001
7.762	5.16	0.0372	0.006
7.763	3.75	0.0372	0.012
7.764	1.25	0.0372	0.014
7.765	-1.72	0.0369	0.014
7.766	-4.53	0.0363	0.010
7.767	-6.25	0.0363	0.005
7.768	-7.19	0.0363	-0.002
7.769	-5.78	0.0363	-0.009
7.77	-4.53	0.0363	-0.014
7.771	-4.22	0.0363	-0.018
7.772	-1.88	0.0363	-0.022
7.773	0.94	0.0363	-0.022
7.774	3.28	0.0363	-0.020
7.775	5.00	0.0363	-0.016
7.776	6.25	0.0363	-0.010
7.777	6.72	0.0363	-0.003
7.778	5.94	0.0363	0.003
7.779	5.16	0.0363	0.009
7.78	2.81	0.0363	0.013
7.781	0.31	0.0361	0.014
7.782	-2.81	0.0359	0.014
7.783	-5.94	0.0359	0.009
7.784	-6.09	0.0359	0.002
7.785	-5.78	0.0359	-0.003
7.786	-5.78	0.0359	-0.009
7.787	-5.00	0.0359	-0.015
7.788	-3.28	0.0359	-0.019
7.789	-0.94	0.0359	-0.022
7.79	1.72	0.0359	-0.021
7.791	4.06	0.0359	-0.018
7.792	5.16	0.0359	-0.013
7.793	6.56	0.0359	-0.008
7.794	7.03	0.0359	0.000
7.795	5.00	0.0359	0.006
7.796	3.91	0.0359	0.010
7.797	2.97	0.0359	0.014
7.798	-0.47	0.0442	0.016
7.799	-4.69	0.0606	0.013
7.8	-6.09	0.0606	0.007
7.801	-6.41	0.0606	0.001
7.802	-6.09	0.0606	-0.006
7.803	-4.69	0.0606	-0.011
7.804	-4.37	0.0606	-0.016
7.805	0.00	0.0606	-0.020
7.806	7.34	0.0606	-0.016
7.807	14.69	0.0606	-0.005
7.808	17.50	0.0606	0.014
7.809	13.44	0.0606	0.030
7.81	8.28	0.0606	0.041
7.811	2.19	0.0678	0.046
7.812	-2.34	0.0822	0.045
7.813	-5.47	0.0822	0.042
7.814	-6.56	0.0822	0.034
7.815	-5.47	0.0822	0.028
7.816	-10.47	0.0822	0.023
7.817	-15.78	0.0822	0.007
7.818	-14.69	0.0822	-0.008
7.819	-10.16	0.0822	-0.022
7.82	-6.25	0.0822	-0.029
7.821	-3.59	0.0822	-0.034
7.822	-0.62	0.0822	-0.036
7.823	0.78	0.0822	-0.036
7.824	3.44	0.0822	-0.034
7.825	5.63	0.0822	-0.029
7.826	6.25	0.0822	-0.023
7.827	7.03	0.0822	-0.016
7.828	6.72	0.0822	-0.009
7.829	5.78	0.0822	-0.003
7.83	4.22	0.0822	0.003
7.831	0.94	0.0684	0.006
7.832	-2.66	0.0409	0.004
7.833	-4.69	0.0409	0.000
7.834	-5.63	0.0409	-0.005
7.835	-5.78	0.0409	-0.011
7.836	-4.69	0.0409	-0.017
7.837	-3.91	0.0409	-0.020
7.838	-2.34	0.0409	-0.024
7.839	0.16	0.0409	-0.025
7.84	2.66	0.0409	-0.024
7.841	5.62	0.0409	-0.020
7.842	6.87	0.0409	-0.013
7.843	7.19	0.0409	-0.006
7.844	6.56	0.0409	0.002
7.845	5.47	0.0409	0.007
7.846	4.38	0.0409	0.013
7.847	2.19	0.0409	0.016
7.848	-0.16	0.0394	0.017
7.849	-2.97	0.0363	0.016
7.85	-5.00	0.0363	0.011
7.851	-5.63	0.0363	0.006
7.852	-6.09	0.0363	-0.000
7.853	-5.00	0.0363	-0.007
7.854	-3.44	0.0363	-0.010
7.855	-2.66	0.0363	-0.013
7.856	-0.94	0.0363	-0.016
7.857	2.50	0.0363	-0.015
7.858	5.47	0.0363	-0.011
7.859	6.56	0.0363	-0.004
7.86	7.03	0.0363	0.003
7.861	6.87	0.0363	0.010
7.862	5.47	0.0363	0.016
7.863	3.75	0.0363	0.021
7.864	1.56	0.0372	0.024
7.865	-2.34	0.0391	0.024
7.866	-5.47	0.0391	0.019
7.867	-5.78	0.0391	0.013
7.868	-6.56	0.0391	0.007
7.869	-6.41	0.0391	-0.000
7.87	-5.16	0.0391	-0.005
7.871	-4.53	0.0391	-0.011
7.872	-2.34	0.0391	-0.014
7.873	0.00	0.0391	-0.015
7.874	2.34	0.0391	-0.014
7.875	4.38	0.0391	-0.011
7.876	6.56	0.0391	-0.006
7.877	7.03	0.0391	0.003
7.878	5.78	0.0391	0.008
7.879	5.47	0.0391	0.014
7.88	2.97	0.0391	0.019
7.881	0.16	0.0391	0.020
7.882	-2.66	0.0391	0.020
7.883	-5.62	0.0391	0.015
7.884	-5.78	0.0391	0.008
7.885	-6.25	0.0391	0.003
7.886	-6.87	0.0391	-0.004
7.887	-5.63	0.0391	-0.011
7.888	-3.75	0.0391	-0.015
7.889	-1.88	0.0391	-0.018
7.89	1.41	0.0391	-0.019
7.891	5.00	0.0391	-0.015
7.892	5.78	0.0391	-0.009
7.893	6.09	0.0391	-0.004
7.894	6.25	0.0391	0.003
7.895	5.63	0.0391	0.009
7.896	4.22	0.0391	0.014
7.897	1.87	0.0391	0.017
7.898	-0.47	0.0519	0.018
7.899	-4.37	0.0775	0.016
7.9	-6.41	0.0775	0.009
7.901	-6.56	0.0775	0.003
7.902	-7.81	0.0775	-0.004
7.903	-6.72	0.0775	-0.012
7.904	-4.38	0.0775	-0.017
7.905	-4.06	0.0775	-0.021
7.906	-2.03	0.0775	-0.025
7.907	2.81	0.0775	-0.025
7.908	7.66	0.0775	-0.020
7.909	12.66	0.0775	-0.010
7.91	16.56	0.0775	0.006
7.911	16.56	0.0775	0.023
7.912	14.37	0.0775	0.039
7.913	8.75	0.0775	0.052
7.914	-0.94	0.0811	0.056
7.915	-9.84	0.0884	0.050
7.916	-14.69	0.0884	0.037
7.917	-15.62	0.0884	0.021
7.918	-14.22	0.0884	0.005
7.919	-11.09	0.0884	-0.007
7.92	-9.37	0.0884	-0.017
7.921	-7.66	0.0884	-0.026
7.922	-2.97	0.0884	-0.032
7.923	0.00	0.0884	-0.032
7.924	2.97	0.0884	-0.032
7.925	6.09	0.0884	-0.026
7.926	6.87	0.0884	-0.020
7.927	7.81	0.0884	-0.013
7.928	7.50	0.0884	-0.004
7.929	5.94	0.0884	0.003
7.93	3.75	0.0884	0.007
7.931	1.25	0.0724	0.010
7.932	-2.03	0.0403	0.010
7.933	-4.22	0.0403	0.006
7.934	-4.53	0.0403	0.002
7.935	-5.16	0.0403	-0.003
7.936	-4.69	0.0403	-0.009
7.937	-4.38	0.0403	-0.013
7.938	-3.59	0.0403	-0.018
7.939	-1.09	0.0403	-0.020
7.94	1.41	0.0403	-0.020
7.941	4.84	0.0403	-0.017
7.942	7.19	0.0403	-0.010
7.943	7.81	0.0403	-0.003
7.944	7.03	0.0403	0.006
7.945	5.78	0.0403	0.012
7.946	4.53	0.0403	0.017
7.947	2.19	0.0403	0.021
7.948	-0.47	0.0390	0.022
7.949	-3.44	0.0363	0.020
7.95	-5.00	0.0363	0.015
7.951	-6.09	0.0363	0.010
7.952	-6.25	0.0363	0.003
7.953	-5.31	0.0363	-0.003
7.954	-5.31	0.0363	-0.008
7.955	-3.28	0.0363	-0.013
7.956	-0.47	0.0363	-0.015
7.957	2.19	0.0363	-0.014
7.958	5.16	0.0363	-0.010
7.959	6.09	0.0363	-0.004
7.96	6.87	0.0363	0.002
7.961	6.25	0.0363	0.010
7.962	4.53	0.0363	0.014
7.963	2.66	0.0363	0.019
7.964	0.47	0.0363	0.020
7.965	-2.34	0.0374	0.020
7.966	-5.62	0.0397	0.015
7.967	-5.78	0.0397	0.008
7.968	-6.25	0.0397	0.003
7.969	-7.03	0.0397	-0.004
7.97	-5.47	0.0397	-0.011
7.971	-4.06	0.0397	-0.015
7.972	-2.50	0.0397	-0.019
7.973	0.31	0.0397	-0.020
7.974	3.59	0.0397	-0.018
7.975	4.37	0.0397	-0.013
7.976	4.69	0.0397	-0.009
7.977	6.56	0.0397	-0.003
7.978	5.94	0.0397	0.004
7.979	5.31	0.0397	0.008
7.98	3.59	0.0397	0.014
7.981	-0.31	0.0391	0.016
7.982	-3.59	0.0378	0.014
7.983	-5.16	0.0378	0.008
7.984	-6.09	0.0378	0.003
7.985	-6.25	0.0378	-0.004
7.986	-5.00	0.0378	-0.009
7.987	-5.31	0.0378	-0.014
7.988	-4.22	0.0378	-0.020
7.989	-1.09	0.0378	-0.022
7.99	1.41	0.0378	-0.022
7.991	3.59	0.0378	-0.019
7.992	5.31	0.0378	-0.015
7.993	6.56	0.0378	-0.009
7.994	5.78	0.0378	-0.002
7.995	5.31	0.0378	0.003
7.996	4.84	0.0378	0.009
7.997	1.72	0.0378	0.013
7.998	-0.47	0.0374	0.013
7.999	-3.44	0.0366	0.012
8	-5.94	0.0366	0.006
8.001	-5.94	0.0366	-0.000
8.002	-5.47	0.0366	-0.006
8.003	-5.31	0.0366	-0.011
8.004	-5.31	0.0366	-0.017
8.005	-3.44	0.0366	-0.022
8.006	-1.09	0.0366	-0.024
8.007	2.19	0.0366	-0.024
8.008	4.84	0.0366	-0.019
8.009	5.31	0.0366	-0.014
8.01	6.09	0.0366	-0.009
8.011	6.87	0.0366	-0.002
8.012	6.41	0.0366	0.005
8.013	4.53	0.0366	0.011
8.014	1.56	0.0363	0.014
8.015	-2.03	0.0356	0.014
8.016	-4.38	0.0356	0.010
8.017	-5.16	0.0356	0.005
8.018	-6.41	0.0356	-0.000
8.019	-7.19	0.0356	-0.008
8.02	-5.63	0.0356	-0.015
8.021	-3.44	0.0356	-0.019
8.022	-1.25	0.0356	-0.022
8.023	0.94	0.0356	-0.022
8.024	3.28	0.0356	-0.020
8.025	4.84	0.0356	-0.015
8.026	5.78	0.0356	-0.010
8.027	6.09	0.0356	-0.003
8.028	5.63	0.0356	0.002
8.029	5.00	0.0356	0.008
8.03	2.66	0.0356	0.012
8.031	0.47	0.0656	0.013
8.032	-1.72	0.1256	0.013
8.033	-5.63	0.1256	0.010
8.034	-6.87	0.1256	0.002
8.035	-4.69	0.1256	-0.004
8.036	-0.78	0.1256	-0.007
8.037	3.44	0.1256	-0.006
8.038	7.19	0.1256	-0.001
8.039	10.16	0.1256	0.009
8.04	12.03	0.1256	0.020
8.041	15.31	0.1256	0.033
8.042	19.53	0.1256	0.050
8.043	23.44	0.1256	0.072
8.044	23.13	0.1256	0.097
8.045	12.97	0.1256	0.118
8.046	-5.62	0.1429	0.123
8.047	-21.72	0.1775	0.107
8.048	-30.47	0.1775	0.080
8.049	-34.37	0.1775	0.046
8.05	-30.47	0.1775	0.011
8.051	-21.56	0.1775	-0.015
8.052	-13.59	0.1775	-0.032
8.053	-7.81	0.1775	-0.042
8.054	-5.47	0.1775	-0.048
8.055	-3.28	0.1775	-0.053
8.056	0.47	0.1775	-0.054
8.057	3.75	0.1775	-0.052
8.058	6.41	0.1775	-0.047
8.059	7.50	0.1775	-0.039
8.06	8.28	0.1775	-0.032
8.061	8.28	0.1775	-0.023
8.062	6.72	0.1775	-0.015
8.063	4.69	0.1775	-0.009
8.064	2.50	0.1775	-0.006
8.065	-0.16	0.1331	-0.004
8.066	-3.59	0.0444	-0.006
8.067	-5.16	0.0444	-0.012
8.068	-5.31	0.0444	-0.017
8.069	-5.00	0.0444	-0.022
8.07	-4.38	0.0444	-0.027
8.071	-3.12	0.0444	-0.031
8.072	-1.41	0.0444	-0.033
8.073	0.62	0.0444	-0.034
8.074	4.06	0.0444	-0.032
8.075	6.87	0.0444	-0.026
8.076	7.34	0.0444	-0.018
8.077	6.87	0.0444	-0.011
8.078	7.19	0.0444	-0.004
8.079	5.63	0.0444	0.003
8.08	3.59	0.0444	0.007
8.081	1.87	0.0444	0.011
8.082	-2.03	0.0426	0.011
8.083	-4.06	0.0391	0.007
8.084	-4.84	0.0391	0.003
8.085	-5.94	0.0391	-0.003
8.086	-5.47	0.0391	-0.009
8.087	-4.38	0.0391	-0.014
8.088	-2.97	0.0391	-0.018
8.089	-1.25	0.0391	-0.020
8.09	1.41	0.0391	-0.020
8.091	4.22	0.0391	-0.017
8.092	5.47	0.0391	-0.012
8.093	6.87	0.0391	-0.006
8.094	7.50	0.0391	0.002
8.095	6.25	0.0391	0.009
8.096	5.00	0.0391	0.014
8.097	2.66	0.0391	0.019
8.098	-0.31	0.0389	0.020
8.099	-3.59	0.0384	0.018
8.1	-5.62	0.0384	0.013
8.101	-6.25	0.0384	0.007
8.102	-6.72	0.0384	0.000
8.103	-6.09	0.0384	-0.007
8.104	-5.00	0.0384	-0.012
8.105	-2.97	0.0384	-0.017
8.106	-1.09	0.0384	-0.018
8.107	2.03	0.0384	-0.019
8.108	5.47	0.0384	-0.014
8.109	5.62	0.0384	-0.008
8.11	5.94	0.0384	-0.003
8.111	7.19	0.0384	0.004
8.112	5.94	0.0384	0.012
8.113	3.12	0.0384	0.016
8.114	1.41	0.0384	0.018
8.115	-1.41	0.0375	0.019
8.116	-4.38	0.0356	0.015
8.117	-5.47	0.0356	0.010
8.118	-7.34	0.0356	0.004
8.119	-6.72	0.0356	-0.005
8.12	-4.53	0.0356	-0.009
8.121	-3.44	0.0356	-0.014
8.122	-1.56	0.0356	-0.016
8.123	0.00	0.0356	-0.017
8.124	2.50	0.0356	-0.016
8.125	4.38	0.0356	-0.012
8.126	6.25	0.0356	-0.007
8.127	7.19	0.0356	0.001
8.128	5.94	0.0356	0.007
8.129	5.16	0.0356	0.013
8.13	2.50	0.0356	0.017
8.131	-0.16	0.0361	0.018
8.132	-2.97	0.0372	0.017
8.133	-5.47	0.0372	0.012
8.134	-6.09	0.0372	0.006
8.135	-6.25	0.0372	-0.001
8.136	-5.47	0.0372	-0.007
8.137	-5.47	0.0372	-0.012
8.138	-3.91	0.0372	-0.018
8.139	-1.09	0.0372	-0.019
8.14	0.78	0.0372	-0.020
8.141	3.91	0.0372	-0.018
8.142	5.94	0.0372	-0.012
8.143	6.56	0.0372	-0.006
8.144	6.56	0.0372	0.001
8.145	5.63	0.0372	0.007
8.146	4.53	0.0372	0.013
8.147	2.34	0.0372	0.016
8.148	0.16	0.0372	0.017
8.149	-3.44	0.0372	0.017
8.15	-6.09	0.0372	0.010
8.151	-5.78	0.0372	0.004
8.152	-6.25	0.0372	-0.001
8.153	-5.94	0.0372	-0.008
8.154	-4.84	0.0372	-0.013
8.155	-3.44	0.0372	-0.018
8.156	-0.78	0.0372	-0.020
8.157	2.03	0.0372	-0.019
8.158	4.22	0.0372	-0.016
8.159	5.31	0.0372	-0.011
8.16	6.87	0.0372	-0.005
8.161	7.34	0.0372	0.003
8.162	5.78	0.0372	0.009
8.163	3.75	0.0372	0.014
8.164	1.09	0.0354	0.017
8.165	-2.34	0.0319	0.017
8.166	-5.78	0.0319	0.012
8.167	-5.47	0.0319	0.005
8.168	-4.22	0.0319	0.001
8.169	-3.59	0.0319	-0.003
8.17	-1.88	0.0319	-0.006
8.171	-0.94	0.0319	-0.007
8.172	-0.78	0.0319	-0.008
8.173	-0.78	0.0319	-0.009
8.174	2.81	0.0319	-0.009
8.175	7.66	0.0319	-0.003
8.176	5.94	0.0319	0.006
8.177	2.97	0.0319	0.009
8.178	4.38	0.0319	0.012
8.179	5.31	0.0319	0.018
8.18	2.97	0.0319	0.022
8.181	-0.31	0.0354	0.023
8.182	-3.75	0.0425	0.022
8.183	-6.87	0.0425	0.016
8.184	-7.03	0.0425	0.008
8.185	-7.34	0.0425	0.002
8.186	-6.72	0.0425	-0.007
8.187	-4.69	0.0425	-0.012
8.188	-3.59	0.0425	-0.016
8.189	-1.56	0.0425	-0.019
8.19	0.78	0.0425	-0.019
8.191	3.59	0.0425	-0.017
8.192	5.63	0.0425	-0.012
8.193	6.72	0.0425	-0.006
8.194	6.56	0.0425	0.002
8.195	5.47	0.0425	0.007
8.196	4.69	0.0425	0.013
8.197	2.81	0.0425	0.017
8.198	0.16	0.0391	0.018
8.199	-3.12	0.0322	0.017
8.2	-4.69	0.0322	0.012
8.201	-5.16	0.0322	0.007
8.202	-6.09	0.0322	0.002
8.203	-4.84	0.0322	-0.005
8.204	-3.91	0.0322	-0.008
8.205	-2.19	0.0322	-0.013
8.206	0.31	0.0322	-0.013
8.207	2.34	0.0322	-0.012
8.208	5.63	0.0322	-0.008
8.209	6.09	0.0322	-0.001
8.21	5.94	0.0322	0.004
8.211	5.63	0.0322	0.011
8.212	4.22	0.0322	0.016
8.213	2.50	0.0322	0.020
8.214	-0.31	0.0379	0.021
8.215	-2.81	0.0494	0.019
8.216	-5.94	0.0494	0.015
8.217	-8.75	0.0494	0.007
8.218	-9.53	0.0494	-0.003
8.219	-9.06	0.0494	-0.012
8.22	-7.19	0.0494	-0.021
8.221	-4.06	0.0494	-0.026
8.222	-0.94	0.0494	-0.029
8.223	3.59	0.0494	-0.028
8.224	5.78	0.0494	-0.022
8.225	-0.63	0.0360	-0.017
8.226	-4.69	0.0094	-0.023
8.227	-0.78	0.0094	-0.026
8.228	1.56	0.0094	-0.024
8.229	2.66	0.0094	-0.023
8.23	2.66	0.0094	-0.019
8.231	1.09	0.0094	-0.018
8.232	-0.94	0.0287	-0.017
8.233	-3.12	0.0675	-0.019
8.234	-4.06	0.0675	-0.023
8.235	-3.75	0.0675	-0.028
8.236	-1.41	0.0675	-0.031
8.237	0.00	0.0675	-0.030
8.238	0.47	0.0675	-0.031
8.239	2.97	0.0675	-0.029
8.24	5.63	0.0675	-0.025
8.241	6.88	0.0675	-0.018
8.242	8.44	0.0675	-0.011
8.243	10.16	0.0675	-0.001
8.244	10.16	0.0675	0.009
8.245	9.53	0.0675	0.019
8.246	8.12	0.0675	0.028
8.247	4.22	0.0675	0.035
8.248	1.88	0.0675	0.037
8.249	0.16	0.0561	0.039
8.25	-2.50	0.0334	0.037
8.251	-4.22	0.0334	0.034
8.252	-4.69	0.0334	0.029
8.253	-4.69	0.0334	0.025
8.254	-6.41	0.0334	0.019
8.255	-5.63	0.0334	0.012
8.256	-3.12	0.0334	0.008
8.257	-0.78	0.0334	0.006
8.258	2.19	0.0334	0.007
8.259	4.38	0.0334	0.010
8.26	6.87	0.0334	0.015
8.261	7.03	0.0334	0.024
8.262	5.00	0.0334	0.029
8.263	2.50	0.0334	0.034
8.264	0.31	0.0334	0.034
8.265	-0.63	0.0468	0.034
8.266	-1.25	0.0734	0.033
8.267	-4.69	0.0734	0.032
8.268	-13.28	0.0734	0.024
8.269	-17.66	0.0734	0.005
8.27	-14.53	0.0734	-0.012
8.271	-10.16	0.0734	-0.024
8.272	-6.88	0.0734	-0.032
8.273	-3.59	0.0734	-0.037
8.274	0.47	0.0734	-0.039
8.275	4.37	0.0734	-0.037
8.276	7.03	0.0734	-0.030
8.277	7.97	0.0734	-0.022
8.278	7.50	0.0734	-0.014
8.279	6.25	0.0734	-0.007
8.28	3.59	0.0734	-0.002
8.281	1.41	0.0734	-0.000
8.282	0.16	0.0623	0.001
8.283	-2.50	0.0400	0.000
8.284	-4.53	0.0400	-0.004
8.285	-5.47	0.0400	-0.009
8.286	-5.94	0.0400	-0.015
8.287	-5.31	0.0400	-0.021
8.288	-2.50	0.0400	-0.026
8.289	-0.63	0.0400	-0.026
8.29	1.56	0.0400	-0.027
8.291	5.31	0.0400	-0.023
8.292	5.78	0.0400	-0.016
8.293	6.25	0.0400	-0.011
8.294	7.19	0.0400	-0.004
8.295	6.87	0.0400	0.003
8.296	5.00	0.0400	0.010
8.297	2.19	0.0400	0.013
8.298	-0.31	0.0423	0.014
8.299	-4.69	0.0469	0.013
8.3	-7.03	0.0469	0.005
8.301	-7.81	0.0469	-0.002
8.302	-9.22	0.0469	-0.011
8.303	-7.50	0.0469	-0.020
8.304	-5.00	0.0469	-0.026
8.305	-3.12	0.0469	-0.030
8.306	-1.25	0.0469	-0.032
8.307	0.62	0.0469	-0.033
8.308	3.12	0.0469	-0.031
8.309	6.25	0.0469	-0.026
8.31	9.06	0.0469	-0.018
8.311	7.34	0.0469	-0.008
8.312	1.25	0.0698	-0.003
8.313	-2.81	0.1156	-0.006
8.314	-4.06	0.1156	-0.009
8.315	-6.09	0.1156	-0.014
8.316	-7.81	0.1156	-0.021
8.317	-7.81	0.1156	-0.029
8.318	-7.03	0.1156	-0.037
8.319	-5.16	0.1156	-0.043
8.32	-3.75	0.1156	-0.047
8.321	-1.41	0.1156	-0.051
8.322	3.28	0.1156	-0.050
8.323	8.12	0.1156	-0.044
8.324	13.28	0.1156	-0.034
8.325	17.19	0.1156	-0.018
8.326	17.66	0.1156	0.001
8.327	15.31	0.1156	0.018
8.328	12.97	0.1156	0.031
8.329	11.87	0.1156	0.043
8.33	10.62	0.1156	0.055
8.331	7.66	0.1156	0.065
8.332	2.66	0.0976	0.070
8.333	-1.87	0.0616	0.070
8.334	-4.37	0.0616	0.067
8.335	-6.41	0.0616	0.061
8.336	-8.44	0.0616	0.054
8.337	-10.63	0.0616	0.044
8.338	-11.87	0.0616	0.033
8.339	-10.00	0.0616	0.021
8.34	-5.94	0.0616	0.013
8.341	-1.41	0.0616	0.009
8.342	2.03	0.0616	0.010
8.343	4.84	0.0616	0.013
8.344	6.56	0.0616	0.019
8.345	6.25	0.0616	0.026
8.346	5.00	0.0616	0.032
8.347	1.88	0.0670	0.036
8.348	-1.56	0.0778	0.036
8.349	-7.50	0.0778	0.033
8.35	-15.31	0.0778	0.021
8.351	-16.72	0.0778	0.002
8.352	-12.97	0.0778	-0.013
8.353	-9.84	0.0778	-0.024
8.354	-7.34	0.0778	-0.033
8.355	-4.38	0.0778	-0.038
8.356	-1.72	0.0778	-0.041
8.357	1.72	0.0778	-0.042
8.358	4.84	0.0778	-0.038
8.359	6.25	0.0778	-0.032
8.36	6.72	0.0778	-0.025
8.361	7.03	0.0778	-0.019
8.362	6.88	0.0778	-0.011
8.363	4.38	0.0778	-0.005
8.364	1.56	0.0778	-0.003
8.365	0.31	0.0778	-0.002
8.366	-2.97	0.0751	-0.002
8.367	-5.16	0.0697	-0.008
8.368	-4.69	0.0697	-0.012
8.369	-5.00	0.0697	-0.017
8.37	-4.53	0.0697	-0.022
8.371	-3.28	0.0697	-0.026
8.372	-1.88	0.0697	-0.029
8.373	0.63	0.0697	-0.030
8.374	4.53	0.0697	-0.028
8.375	8.28	0.0697	-0.021
8.376	11.41	0.0697	-0.011
8.377	12.50	0.0697	0.002
8.378	11.25	0.0697	0.014
8.379	10.00	0.0697	0.024
8.38	7.66	0.0697	0.034
8.381	4.22	0.0697	0.040
8.382	-0.31	0.0754	0.043
8.383	-4.06	0.0869	0.039
8.384	-5.47	0.0869	0.034
8.385	-6.09	0.0869	0.028
8.386	-4.37	0.0869	0.022
8.387	-3.75	0.0869	0.019
8.388	-3.28	0.0869	0.015
8.389	-2.19	0.0869	0.013
8.39	-6.87	0.0869	0.010
8.391	-11.56	0.0869	-0.001
8.392	-10.16	0.0869	-0.013
8.393	-6.56	0.0869	-0.021
8.394	-3.75	0.0869	-0.026
8.395	-3.44	0.0869	-0.029
8.396	-3.12	0.0869	-0.033
8.397	-1.72	0.0869	-0.035
8.398	-0.31	0.0869	-0.036
8.399	-0.94	0.0869	-0.036
8.4	-2.34	0.0869	-0.038
8.401	-2.19	0.0869	-0.040
8.402	-1.88	0.0869	-0.043
8.403	-0.62	0.0869	-0.044
8.404	1.56	0.0869	-0.044
8.405	4.53	0.0869	-0.041
8.406	5.94	0.0869	-0.035
8.407	8.28	0.0869	-0.029
8.408	11.09	0.0869	-0.018
8.409	11.41	0.0869	-0.007
8.41	12.50	0.0869	0.005
8.411	12.03	0.0869	0.018
8.412	9.69	0.0869	0.029
8.413	7.03	0.0869	0.037
8.414	2.97	0.0869	0.043
8.415	-1.25	0.0724	0.043
8.416	-4.84	0.0434	0.040
8.417	-6.25	0.0434	0.034
8.418	-7.19	0.0434	0.028
8.419	-7.03	0.0434	0.019
8.42	-6.25	0.0434	0.014
8.421	-5.94	0.0434	0.007
8.422	-3.44	0.0434	0.002
8.423	-0.31	0.0434	0.000
8.424	3.44	0.0434	0.001
8.425	5.78	0.0434	0.007
8.426	5.78	0.0434	0.013
8.427	5.94	0.0434	0.018
8.428	5.94	0.0434	0.025
8.429	5.00	0.0434	0.030
8.43	2.81	0.0434	0.035
8.431	0.47	0.0407	0.036
8.432	-2.50	0.0353	0.036
8.433	-5.16	0.0353	0.031
8.434	-5.78	0.0353	0.025
8.435	-5.94	0.0353	0.019
8.436	-5.78	0.0353	0.013
8.437	-5.00	0.0353	0.008
8.438	-3.44	0.0353	0.003
8.439	-1.41	0.0353	0.001
8.44	0.94	0.0353	0.001
8.441	3.12	0.0353	0.003
8.442	5.16	0.0353	0.007
8.443	7.19	0.0353	0.013
8.444	7.34	0.0353	0.021
8.445	6.09	0.0353	0.028
8.446	4.22	0.0353	0.033
8.447	1.41	0.0394	0.036
8.448	-2.03	0.0475	0.036
8.449	-6.25	0.0475	0.032
8.45	-6.25	0.0475	0.024
8.451	-4.69	0.0475	0.020
8.452	-4.84	0.0475	0.014
8.453	-5.00	0.0475	0.010
8.454	-6.41	0.0475	0.004
8.455	-5.94	0.0475	-0.003
8.456	-4.22	0.0475	-0.007
8.457	-1.09	0.0475	-0.011
8.458	2.81	0.0475	-0.010
8.459	4.06	0.0475	-0.006
8.46	0.94	0.0354	-0.002
8.461	-4.69	0.0112	-0.004
8.462	-2.50	0.0112	-0.011
8.463	3.59	0.0112	-0.009
8.464	4.53	0.0112	-0.004
8.465	3.28	0.0112	0.000
8.466	0.31	0.0201	0.003
8.467	-1.88	0.0378	0.001
8.468	-1.72	0.0378	-0.001
8.469	-1.88	0.0378	-0.003
8.47	-1.88	0.0378	-0.005
8.471	-1.25	0.0378	-0.006
8.472	0.47	0.0378	-0.007
8.473	2.34	0.0378	-0.005
8.474	5.78	0.0378	-0.003
8.475	7.50	0.0378	0.006
8.476	6.25	0.0378	0.013
8.477	5.47	0.0378	0.019
8.478	5.00	0.0378	0.023
8.479	3.59	0.0378	0.029
8.48	1.41	0.0378	0.031
8.481	-0.47	0.0397	0.032
8.482	-4.06	0.0434	0.030
8.483	-6.25	0.0434	0.023
8.484	-6.41	0.0434	0.017
8.485	-7.34	0.0434	0.011
8.486	-6.56	0.0434	0.003
8.487	-5.16	0.0434	-0.003
8.488	-4.53	0.0434	-0.008
8.489	-2.03	0.0434	-0.012
8.49	0.94	0.0434	-0.012
8.491	3.12	0.0434	-0.010
8.492	4.84	0.0434	-0.006
8.493	7.03	0.0434	0.000
8.494	7.81	0.0434	0.008
8.495	6.72	0.0434	0.016
8.496	5.47	0.0434	0.022
8.497	3.12	0.0434	0.027
8.498	0.00	0.0445	0.028
8.499	-2.81	0.0466	0.027
8.5	-5.47	0.0466	0.022
8.501	-7.81	0.0466	0.016
8.502	-8.91	0.0466	0.007
8.503	-8.44	0.0466	-0.002
8.504	-6.56	0.0466	-0.010
8.505	-3.59	0.0466	-0.015
8.506	-1.56	0.0466	-0.017
8.507	1.25	0.0466	-0.018
8.508	3.91	0.0466	-0.015
8.509	4.38	0.0466	-0.011
8.51	6.87	0.0466	-0.006
8.511	8.75	0.0466	0.003
8.512	8.59	0.0466	0.012
8.513	7.81	0.0466	0.020
8.514	5.00	0.0466	0.027
8.515	1.41	0.0475	0.030
8.516	-2.81	0.0494	0.030
8.517	-5.47	0.0494	0.025
8.518	-6.56	0.0494	0.019
8.519	-8.28	0.0494	0.012
8.52	-8.91	0.0494	0.003
8.521	-7.66	0.0494	-0.006
8.522	-5.31	0.0494	-0.013
8.523	-1.72	0.0494	-0.017
8.524	2.81	0.0494	-0.016
8.525	6.41	0.0494	-0.011
8.526	8.91	0.0494	-0.003
8.527	9.84	0.0494	0.007
8.528	8.75	0.0494	0.016
8.529	8.12	0.0494	0.024
8.53	5.47	0.0494	0.033
8.531	0.47	0.0537	0.035
8.532	-3.91	0.0625	0.033
8.533	-7.50	0.0625	0.027
8.534	-9.69	0.0625	0.018
8.535	-11.25	0.0625	0.008
8.536	-10.62	0.0625	-0.004
8.537	-9.22	0.0625	-0.013
8.538	-7.03	0.0625	-0.022
8.539	-2.50	0.0625	-0.028
8.54	1.09	0.0625	-0.028
8.541	5.00	0.0625	-0.025
8.542	8.59	0.0625	-0.018
8.543	9.53	0.0625	-0.008
8.544	9.22	0.0625	0.002
8.545	8.75	0.0625	0.010
8.546	7.66	0.0625	0.019
8.547	4.53	0.0625	0.026
8.548	0.47	0.0611	0.028
8.549	-4.37	0.0584	0.027
8.55	-7.66	0.0584	0.019
8.551	-9.06	0.0584	0.011
8.552	-10.62	0.0584	0.001
8.553	-10.31	0.0584	-0.010
8.554	-8.28	0.0584	-0.019
8.555	-5.47	0.0584	-0.027
8.556	-1.88	0.0584	-0.030
8.557	2.81	0.0584	-0.030
8.558	6.72	0.0584	-0.025
8.559	8.75	0.0584	-0.017
8.56	10.31	0.0584	-0.007
8.561	8.44	0.0584	0.004
8.562	5.78	0.0584	0.010
8.563	5.00	0.0584	0.015
8.564	2.50	0.0584	0.020
8.565	-1.41	0.0742	0.020
8.566	-4.37	0.1056	0.017
8.567	-6.41	0.1056	0.012
8.568	-7.34	0.1056	0.004
8.569	-6.09	0.1056	-0.003
8.57	-5.00	0.1056	-0.008
8.571	-2.34	0.1056	-0.013
8.572	3.12	0.1056	-0.013
8.573	7.66	0.1056	-0.007
8.574	12.81	0.1056	0.003
8.575	18.28	0.1056	0.019
8.576	21.25	0.1056	0.039
8.577	20.16	0.1056	0.061
8.578	15.63	0.1056	0.079
8.579	7.50	0.1056	0.092
8.58	-1.88	0.1190	0.094
8.581	-6.56	0.1456	0.089
8.582	-12.34	0.1456	0.081
8.583	-22.66	0.1456	0.064
8.584	-29.69	0.1456	0.036
8.585	-29.06	0.1456	0.005
8.586	-21.88	0.1456	-0.022
8.587	-12.66	0.1456	-0.039
8.588	-5.63	0.1456	-0.048
8.589	-1.88	0.1456	-0.050
8.59	1.88	0.1456	-0.051
8.591	5.63	0.1456	-0.047
8.592	6.72	0.1456	-0.040
8.593	7.50	0.1456	-0.033
8.594	8.12	0.1456	-0.025
8.595	6.56	0.1456	-0.017
8.596	5.16	0.1456	-0.012
8.597	3.59	0.1456	-0.007
8.598	0.00	0.1112	-0.005
8.599	-2.97	0.0425	-0.007
8.6	-3.44	0.0425	-0.011
8.601	-4.84	0.0425	-0.013
8.602	-6.25	0.0425	-0.020
8.603	-4.53	0.0425	-0.026
8.604	-4.06	0.0425	-0.029
8.605	-2.66	0.0425	-0.034
8.606	-0.16	0.0425	-0.035
8.607	1.88	0.0425	-0.034
8.608	5.16	0.0425	-0.031
8.609	6.72	0.0425	-0.024
8.61	7.19	0.0425	-0.018
8.611	7.50	0.0425	-0.010
8.612	6.41	0.0425	-0.003
8.613	5.16	0.0425	0.003
8.614	3.13	0.0425	0.008
8.615	0.31	0.0428	0.009
8.616	-3.28	0.0434	0.008
8.617	-5.78	0.0434	0.003
8.618	-6.09	0.0434	-0.003
8.619	-6.09	0.0434	-0.009
8.62	-5.31	0.0434	-0.015
8.621	-4.22	0.0434	-0.020
8.622	-3.44	0.0434	-0.024
8.623	-1.56	0.0434	-0.027
8.624	2.66	0.0434	-0.027
8.625	5.16	0.0434	-0.022
8.626	6.25	0.0434	-0.017
8.627	8.12	0.0434	-0.009
8.628	7.81	0.0434	-0.000
8.629	6.72	0.0434	0.007
8.63	5.00	0.0434	0.013
8.631	2.34	0.0434	0.017
8.632	0.31	0.0510	0.018
8.633	-1.88	0.0663	0.017
8.634	-5.00	0.0663	0.014
8.635	-6.72	0.0663	0.007
8.636	-6.41	0.0663	0.001
8.637	-5.63	0.0663	-0.006
8.638	-5.78	0.0663	-0.011
8.639	-8.75	0.0663	-0.017
8.64	-10.31	0.0663	-0.028
8.641	-8.59	0.0663	-0.038
8.642	-5.31	0.0663	-0.045
8.643	0.47	0.0663	-0.048
8.644	4.84	0.0663	-0.044
8.645	7.34	0.0663	-0.039
8.646	7.50	0.0663	-0.030
8.647	4.84	0.0663	-0.024
8.648	3.44	0.0663	-0.020
8.649	0.62	0.0697	-0.017
8.65	-2.34	0.0766	-0.019
8.651	-2.50	0.0766	-0.022
8.652	-1.56	0.0766	-0.024
8.653	-0.16	0.0766	-0.025
8.654	0.63	0.0766	-0.024
8.655	2.03	0.0766	-0.023
8.656	4.22	0.0766	-0.020
8.657	7.03	0.0766	-0.015
8.658	10.47	0.0766	-0.006
8.659	10.47	0.0766	0.006
8.66	10.78	0.0766	0.015
8.661	11.41	0.0766	0.028
8.662	9.22	0.0766	0.038
8.663	7.03	0.0766	0.046
8.664	4.22	0.0766	0.052
8.665	-0.62	0.0628	0.054
8.666	-5.16	0.0353	0.051
8.667	-5.63	0.0353	0.044
8.668	-7.03	0.0353	0.039
8.669	-7.34	0.0353	0.030
8.67	-4.53	0.0353	0.025
8.671	-2.81	0.0353	0.021
8.672	-0.31	0.0353	0.019
8.673	0.16	0.0353	0.020
8.674	1.25	0.0353	0.019
8.675	4.22	0.0353	0.023
8.676	5.16	0.0353	0.028
8.677	4.22	0.0353	0.033
8.678	0.47	0.0525	0.036
8.679	-0.78	0.0869	0.034
8.68	-0.31	0.0869	0.035
8.681	-2.03	0.0869	0.033
8.682	-7.19	0.0869	0.031
8.683	-12.81	0.0869	0.019
8.684	-14.53	0.0869	0.005
8.685	-15.94	0.0869	-0.010
8.686	-14.06	0.0869	-0.027
8.687	-9.69	0.0869	-0.038
8.688	-5.63	0.0869	-0.046
8.689	-2.19	0.0869	-0.049
8.69	1.09	0.0869	-0.051
8.691	5.63	0.0869	-0.047
8.692	7.97	0.0869	-0.039
8.693	8.91	0.0869	-0.031
8.694	9.22	0.0869	-0.022
8.695	7.81	0.0869	-0.013
8.696	5.47	0.0869	-0.006
8.697	3.59	0.0869	-0.002
8.698	1.72	0.0869	0.001
8.699	-2.19	0.0724	0.002
8.7	-4.22	0.0434	-0.003
8.701	-4.22	0.0434	-0.007
8.702	-4.84	0.0434	-0.012
8.703	-4.22	0.0434	-0.017
8.704	-3.59	0.0434	-0.020
8.705	-2.34	0.0434	-0.024
8.706	-0.16	0.0434	-0.025
8.707	2.97	0.0434	-0.024
8.708	5.62	0.0434	-0.019
8.709	6.41	0.0434	-0.013
8.71	7.97	0.0434	-0.006
8.711	7.81	0.0434	0.003
8.712	5.78	0.0434	0.010
8.713	4.53	0.0434	0.015
8.714	2.19	0.0434	0.019
8.715	-0.78	0.0413	0.019
8.716	-4.38	0.0369	0.017
8.717	-7.03	0.0369	0.010
8.718	-6.72	0.0369	0.003
8.719	-5.63	0.0369	-0.003
8.72	-5.63	0.0369	-0.008
8.721	-4.84	0.0369	-0.014
8.722	-0.94	0.0369	-0.018
8.723	2.66	0.0369	-0.016
8.724	6.25	0.0369	-0.013
8.725	7.66	0.0369	-0.004
8.726	5.47	0.0369	0.003
8.727	5.78	0.0369	0.007
8.728	5.62	0.0369	0.014
8.729	2.50	0.0369	0.018
8.73	0.31	0.0358	0.019
8.731	-0.16	0.0338	0.019
8.732	-1.09	0.0338	0.019
8.733	-5.00	0.0338	0.017
8.734	-8.12	0.0338	0.009
8.735	-6.72	0.0338	0.001
8.736	-2.81	0.0338	-0.004
8.737	0.78	0.0338	-0.005
8.738	2.66	0.0338	-0.003
8.739	2.97	0.0338	0.000
8.74	3.44	0.0338	0.003
8.741	4.69	0.0338	0.007
8.742	5.00	0.0338	0.013
8.743	5.00	0.0338	0.017
8.744	4.37	0.0338	0.022
8.745	3.12	0.0338	0.026
8.746	2.97	0.0338	0.029
8.747	1.09	0.0377	0.032
8.748	-2.19	0.0456	0.031
8.749	-5.16	0.0456	0.028
8.75	-6.87	0.0456	0.021
8.751	-6.72	0.0456	0.014
8.752	-6.87	0.0456	0.007
8.753	-6.72	0.0456	0.000
8.754	-5.94	0.0456	-0.006
8.755	-3.75	0.0456	-0.012
8.756	-0.47	0.0456	-0.014
8.757	2.66	0.0456	-0.013
8.758	5.31	0.0456	-0.008
8.759	6.41	0.0456	-0.002
8.76	6.72	0.0456	0.004
8.761	6.41	0.0456	0.011
8.762	5.31	0.0456	0.017
8.763	3.75	0.0456	0.022
8.764	1.41	0.0433	0.025
8.765	-2.81	0.0387	0.025
8.766	-5.16	0.0387	0.019
8.767	-5.31	0.0387	0.014
8.768	-6.25	0.0387	0.008
8.769	-7.03	0.0387	0.002
8.77	-6.41	0.0387	-0.006
8.771	-3.59	0.0387	-0.011
8.772	-1.56	0.0387	-0.013
8.773	0.47	0.0387	-0.014
8.774	3.91	0.0387	-0.012
8.775	5.63	0.0387	-0.006
8.776	6.72	0.0387	-0.001
8.777	7.03	0.0387	0.007
8.778	5.00	0.0387	0.013
8.779	4.06	0.0387	0.017
8.78	4.06	0.0387	0.022
8.781	1.25	0.0534	0.025
8.782	-6.09	0.0828	0.024
8.783	-12.66	0.0828	0.013
8.784	-14.06	0.0828	-0.001
8.785	-14.84	0.0828	-0.015
8.786	-13.44	0.0828	-0.031
8.787	-10.16	0.0828	-0.042
8.788	-7.19	0.0828	-0.051
8.789	-3.13	0.0828	-0.056
8.79	0.31	0.0828	-0.058
8.791	4.38	0.0828	-0.056
8.792	7.81	0.0828	-0.049
8.793	8.59	0.0828	-0.040
8.794	8.75	0.0828	-0.032
8.795	8.44	0.0828	-0.022
8.796	6.88	0.0828	-0.015
8.797	5.00	0.0828	-0.009
8.798	3.12	0.0828	-0.005
8.799	0.00	0.0718	-0.003
8.8	-2.81	0.0497	-0.005
8.801	-3.44	0.0497	-0.008
8.802	-4.06	0.0497	-0.012
8.803	-3.44	0.0497	-0.016
8.804	-1.88	0.0497	-0.018
8.805	-1.09	0.0497	-0.020
8.806	1.25	0.0497	-0.021
8.807	4.38	0.0497	-0.018
8.808	6.87	0.0497	-0.012
8.809	7.50	0.0497	-0.004
8.81	7.66	0.0497	0.003
8.811	7.97	0.0497	0.012
8.812	6.56	0.0497	0.019
8.813	5.00	0.0497	0.025
8.814	2.50	0.0497	0.029
8.815	-0.63	0.0480	0.030
8.816	-2.81	0.0447	0.028
8.817	-3.59	0.0447	0.024
8.818	-4.53	0.0447	0.021
8.819	-3.13	0.0447	0.015
8.82	-0.94	0.0447	0.014
8.821	1.09	0.0447	0.013
8.822	4.06	0.0447	0.017
8.823	3.91	0.0447	0.021
8.824	5.94	0.0447	0.024
8.825	9.69	0.0447	0.033
8.826	9.37	0.0447	0.044
8.827	6.25	0.0447	0.052
8.828	2.97	0.0447	0.056
8.829	2.97	0.0447	0.058
8.83	1.88	0.0601	0.062
8.831	-2.81	0.0909	0.062
8.832	-9.37	0.0909	0.057
8.833	-14.53	0.0909	0.043
8.834	-15.00	0.0909	0.028
8.835	-15.00	0.0909	0.013
8.836	-13.75	0.0909	-0.003
8.837	-10.47	0.0909	-0.015
8.838	-6.56	0.0909	-0.023
8.839	-2.66	0.0909	-0.028
8.84	1.09	0.0909	-0.029
8.841	4.53	0.0909	-0.026
8.842	5.62	0.0909	-0.020
8.843	5.62	0.0909	-0.014
8.844	5.94	0.0909	-0.008
8.845	5.31	0.0909	-0.003
8.846	3.91	0.0909	0.002
8.847	2.19	0.0909	0.005
8.848	0.00	0.0765	0.007
8.849	-3.44	0.0475	0.005
8.85	-5.16	0.0475	-0.000
8.851	-6.25	0.0475	-0.005
8.852	-6.25	0.0475	-0.013
8.853	-3.91	0.0475	-0.018
8.854	-3.91	0.0475	-0.021
8.855	-2.66	0.0475	-0.025
8.856	0.16	0.0475	-0.026
8.857	2.66	0.0475	-0.025
8.858	6.09	0.0475	-0.021
8.859	7.97	0.0475	-0.013
8.86	8.59	0.0475	-0.005
8.861	8.12	0.0475	0.004
8.862	7.19	0.0475	0.012
8.863	5.00	0.0475	0.019
8.864	1.56	0.0475	0.022
8.865	-0.78	0.0499	0.022
8.866	-3.12	0.0547	0.020
8.867	-5.00	0.0547	0.016
8.868	-5.31	0.0547	0.010
8.869	-5.00	0.0547	0.005
8.87	-4.06	0.0547	0.000
8.871	-2.03	0.0547	-0.003
8.872	0.63	0.0547	-0.004
8.873	2.34	0.0547	-0.002
8.874	5.47	0.0547	0.001
8.875	8.75	0.0547	0.009
8.876	10.00	0.0547	0.018
8.877	12.03	0.0547	0.029
8.878	10.78	0.0547	0.042
8.879	5.16	0.0547	0.051
8.88	-3.44	0.0776	0.052
8.881	-12.81	0.1234	0.044
8.882	-18.28	0.1234	0.027
8.883	-19.06	0.1234	0.007
8.884	-16.56	0.1234	-0.011
8.885	-15.63	0.1234	-0.026
8.886	-15.00	0.1234	-0.043
8.887	-12.03	0.1234	-0.056
8.888	-7.50	0.1234	-0.067
8.889	-0.78	0.1234	-0.071
8.89	5.00	0.1234	-0.068
8.891	9.84	0.1234	-0.061
8.892	13.13	0.1234	-0.048
8.893	13.91	0.1234	-0.035
8.894	14.22	0.1234	-0.021
8.895	14.84	0.1234	-0.006
8.896	13.44	0.1234	0.009
8.897	9.53	0.1234	0.021
8.898	5.78	0.1234	0.028
8.899	1.41	0.0946	0.032
8.9	-2.34	0.0369	0.031
8.901	-4.22	0.0369	0.028
8.902	-4.84	0.0369	0.022
8.903	-4.84	0.0369	0.018
8.904	-4.69	0.0369	0.013
8.905	-2.81	0.0369	0.008
8.906	-1.41	0.0369	0.007
8.907	0.94	0.0369	0.006
8.908	5.16	0.0369	0.009
8.909	5.94	0.0369	0.016
8.91	6.09	0.0369	0.021
8.911	7.66	0.0369	0.028
8.912	6.56	0.0369	0.036
8.913	3.13	0.0369	0.041
8.914	0.78	0.0369	0.043
8.915	-2.19	0.0396	0.043
8.916	-5.78	0.0450	0.038
8.917	-6.41	0.0450	0.031
8.918	-7.34	0.0450	0.025
8.919	-7.34	0.0450	0.017
8.92	-5.78	0.0450	0.011
8.921	-4.84	0.0450	0.005
8.922	-3.59	0.0450	0.001
8.923	-0.94	0.0450	-0.002
8.924	3.28	0.0450	-0.001
8.925	4.84	0.0450	0.004
8.926	5.00	0.0450	0.009
8.927	5.62	0.0450	0.014
8.928	5.31	0.0450	0.020
8.929	4.53	0.0450	0.025
8.93	1.88	0.0633	0.029
8.931	-2.34	0.1000	0.029
8.932	-6.25	0.1000	0.024
8.933	-10.47	0.1000	0.016
8.934	-12.03	0.1000	0.003
8.935	-10.00	0.1000	-0.008
8.936	-8.91	0.1000	-0.017
8.937	-10.16	0.1000	-0.026
8.938	-9.53	0.1000	-0.037
8.939	-6.88	0.1000	-0.045
8.94	-4.22	0.1000	-0.051
8.941	-1.25	0.1000	-0.053
8.942	0.94	0.1000	-0.053
8.943	2.50	0.1000	-0.051
8.944	2.34	0.1000	-0.048
8.945	2.66	0.1000	-0.047
8.946	2.97	0.1000	-0.043
8.947	2.34	0.1000	-0.041
8.948	3.59	0.1000	-0.038
8.949	3.91	0.1000	-0.033
8.95	3.59	0.1000	-0.030
8.951	3.75	0.1000	-0.026
8.952	1.87	0.1000	-0.023
8.953	1.72	0.1000	-0.022
8.954	4.06	0.1000	-0.019
8.955	5.16	0.1000	-0.014
8.956	4.22	0.1000	-0.009
8.957	6.41	0.1000	-0.006
8.958	10.00	0.1000	0.004
8.959	10.31	0.1000	0.014
8.96	9.53	0.1000	0.024
8.961	7.66	0.1000	0.033
8.962	6.88	0.1000	0.040
8.963	5.78	0.1000	0.047
8.964	2.19	0.0776	0.051
8.965	-1.09	0.0328	0.051
8.966	-4.06	0.0328	0.049
8.967	-5.31	0.0328	0.043
8.968	-5.63	0.0328	0.038
8.969	-5.78	0.0328	0.032
8.97	-4.69	0.0328	0.027
8.971	-4.22	0.0328	0.022
8.972	-2.03	0.0328	0.018
8.973	0.47	0.0328	0.018
8.974	2.50	0.0328	0.019
8.975	4.37	0.0328	0.023
8.976	5.94	0.0328	0.028
8.977	6.72	0.0328	0.035
8.978	6.25	0.0328	0.042
8.979	5.63	0.0328	0.048
8.98	2.50	0.0516	0.053
8.981	-2.19	0.0891	0.053
8.982	-6.41	0.0891	0.048
8.983	-10.00	0.0891	0.040
8.984	-11.09	0.0891	0.028
8.985	-11.87	0.0891	0.018
8.986	-13.13	0.0891	0.005
8.987	-12.34	0.0891	-0.008
8.988	-9.37	0.0891	-0.020
8.989	-6.09	0.0891	-0.027
8.99	-4.22	0.0891	-0.032
8.991	-2.03	0.0891	-0.036
8.992	0.00	0.0891	-0.036
8.993	1.41	0.0891	-0.036
8.994	2.81	0.0891	-0.033
8.995	4.06	0.0891	-0.030
8.996	3.91	0.0891	-0.025
8.997	2.03	0.0891	-0.022
8.998	0.94	0.0891	-0.021
8.999	-0.47	0.0753	-0.020
9	-2.97	0.0478	-0.022
9.001	-4.38	0.0478	-0.026
9.002	-3.44	0.0478	-0.031
9.003	-1.56	0.0478	-0.033
9.004	-2.34	0.0478	-0.034
9.005	-1.72	0.0478	-0.038
9.006	0.94	0.0478	-0.037
9.007	2.97	0.0478	-0.036
9.008	6.56	0.0478	-0.032
9.009	8.44	0.0478	-0.023
9.01	7.81	0.0478	-0.015
9.011	7.81	0.0478	-0.007
9.012	7.34	0.0478	0.001
9.013	4.53	0.0478	0.007
9.014	2.03	0.0478	0.010
9.015	0.16	0.0516	0.012
9.016	-2.97	0.0591	0.010
9.017	-3.91	0.0591	0.006
9.018	-3.28	0.0591	0.003
9.019	-3.59	0.0591	-0.001
9.02	-3.12	0.0591	-0.005
9.021	-2.19	0.0591	-0.007
9.022	0.00	0.0591	-0.009
9.023	2.66	0.0591	-0.007
9.024	6.09	0.0591	-0.004
9.025	8.28	0.0591	0.005
9.026	9.06	0.0591	0.013
9.027	10.47	0.0591	0.023
9.028	8.91	0.0591	0.034
9.029	6.56	0.0591	0.041
9.03	4.53	0.0591	0.047
9.031	2.03	0.0591	0.050
9.032	-1.56	0.0673	0.051
9.033	-6.41	0.0837	0.047
9.034	-10.94	0.0837	0.038
9.035	-14.06	0.0837	0.025
9.036	-12.97	0.0837	0.010
9.037	-10.16	0.0837	-0.001
9.038	-9.22	0.0837	-0.010
9.039	-8.44	0.0837	-0.019
9.04	-6.72	0.0837	-0.027
9.041	-1.88	0.0837	-0.033
9.042	2.81	0.0837	-0.031
9.043	6.09	0.0837	-0.027
9.044	8.91	0.0837	-0.019
9.045	10.00	0.0837	-0.009
9.046	11.87	0.0837	0.001
9.047	9.84	0.0837	0.014
9.048	5.94	0.0837	0.021
9.049	2.81	0.0837	0.026
9.05	-0.47	0.0656	0.027
9.051	-2.34	0.0294	0.025
9.052	-4.22	0.0294	0.022
9.053	-5.62	0.0294	0.017
9.054	-6.09	0.0294	0.011
9.055	-4.84	0.0294	0.005
9.056	-3.44	0.0294	0.001
9.057	0.31	0.0294	-0.002
9.058	4.06	0.0294	0.002
9.059	4.69	0.0294	0.006
9.06	5.63	0.0294	0.011
9.061	5.62	0.0294	0.017
9.062	5.00	0.0294	0.022
9.063	2.81	0.0294	0.027
9.064	-0.16	0.0327	0.028
9.065	-2.50	0.0394	0.027
9.066	-5.63	0.0394	0.023
9.067	-5.94	0.0394	0.016
9.068	-6.25	0.0394	0.011
9.069	-7.03	0.0394	0.003
9.07	-5.94	0.0394	-0.003
9.071	-4.22	0.0394	-0.009
9.072	-1.41	0.0394	-0.012
9.073	1.25	0.0394	-0.012
9.074	5.00	0.0394	-0.009
9.075	8.28	0.0394	-0.002
9.076	8.12	0.0394	0.007
9.077	5.47	0.0394	0.015
9.078	2.34	0.0394	0.018
9.079	1.56	0.0394	0.019
9.08	-0.16	0.0425	0.022
9.081	-2.50	0.0487	0.019
9.082	-3.91	0.0487	0.017
9.083	-5.16	0.0487	0.011
9.084	-5.00	0.0487	0.006
9.085	-6.41	0.0487	0.001
9.086	-7.81	0.0487	-0.007
9.087	-7.19	0.0487	-0.014
9.088	-5.47	0.0487	-0.021
9.089	-3.12	0.0487	-0.025
9.09	-0.31	0.0487	-0.027
9.091	3.28	0.0487	-0.026
9.092	4.22	0.0487	-0.021
9.093	2.66	0.0487	-0.018
9.094	2.50	0.0487	-0.015
9.095	2.03	0.0487	-0.013
9.096	0.94	0.0487	-0.011
9.097	-1.09	0.0582	-0.011
9.098	-2.81	0.0772	-0.013
9.099	-5.31	0.0772	-0.016
9.1	-6.56	0.0772	-0.024
9.101	-5.94	0.0772	-0.029
9.102	-6.41	0.0772	-0.036
9.103	-4.69	0.0772	-0.042
9.104	-3.91	0.0772	-0.045
9.105	-2.50	0.0772	-0.050
9.106	1.41	0.0772	-0.050
9.107	5.63	0.0772	-0.047
9.108	9.37	0.0772	-0.039
9.109	11.56	0.0772	-0.028
9.11	12.50	0.0772	-0.016
9.111	11.72	0.0772	-0.003
9.112	10.94	0.0772	0.007
9.113	8.28	0.0772	0.018
9.114	4.22	0.0772	0.024
9.115	1.41	0.0772	0.027
9.116	-0.94	0.0578	0.027
9.117	-1.56	0.0191	0.025
9.118	-0.47	0.0191	0.024
9.119	0.78	0.0191	0.024
9.12	1.25	0.0191	0.025
9.121	0.16	0.0191	0.027
9.122	-0.94	0.0191	0.026
9.123	-1.88	0.0191	0.025
9.124	-0.31	0.0191	0.022
9.125	2.66	0.0191	0.024
9.126	3.28	0.0191	0.027
9.127	4.84	0.0191	0.031
9.128	5.16	0.0191	0.037
9.129	3.91	0.0191	0.041
9.13	1.88	0.0242	0.045
9.131	-0.78	0.0344	0.045
9.132	-4.06	0.0344	0.043
9.133	-6.41	0.0344	0.037
9.134	-5.47	0.0344	0.030
9.135	-5.31	0.0344	0.026
9.136	-5.47	0.0344	0.020
9.137	-3.91	0.0344	0.015
9.138	-2.19	0.0344	0.012
9.139	0.62	0.0344	0.010
9.14	3.28	0.0344	0.013
9.141	2.34	0.0344	0.017
9.142	-1.25	0.0404	0.018
9.143	-1.88	0.0525	0.014
9.144	-0.78	0.0525	0.014
9.145	-1.72	0.0525	0.013
9.146	-1.41	0.0525	0.011
9.147	-2.50	0.0525	0.010
9.148	-4.53	0.0525	0.006
9.149	-5.47	0.0525	0.001
9.15	-6.72	0.0525	-0.005
9.151	-6.56	0.0525	-0.013
9.152	-6.09	0.0525	-0.018
9.153	-5.63	0.0525	-0.025
9.154	-4.38	0.0525	-0.030
9.155	-2.50	0.0525	-0.033
9.156	0.16	0.0525	-0.035
9.157	3.75	0.0525	-0.033
9.158	6.25	0.0525	-0.027
9.159	6.56	0.0525	-0.021
9.16	7.03	0.0525	-0.014
9.161	6.72	0.0525	-0.007
9.162	5.78	0.0525	-0.001
9.163	4.22	0.0525	0.005
9.164	1.41	0.0525	0.008
9.165	-1.41	0.0563	0.008
9.166	-4.53	0.0638	0.005
9.167	-5.63	0.0638	-0.001
9.168	-5.47	0.0638	-0.006
9.169	-5.47	0.0638	-0.012
9.17	-4.84	0.0638	-0.017
9.171	-5.31	0.0638	-0.022
9.172	-2.81	0.0638	-0.028
9.173	0.47	0.0638	-0.028
9.174	4.37	0.0638	-0.027
9.175	8.12	0.0638	-0.019
9.176	10.16	0.0638	-0.011
9.177	12.03	0.0638	0.002
9.178	11.09	0.0638	0.013
9.179	9.37	0.0638	0.024
9.18	6.09	0.0638	0.032
9.181	2.19	0.0638	0.036
9.182	-2.81	0.0616	0.037
9.183	-7.81	0.0572	0.030
9.184	-10.78	0.0572	0.021
9.185	-11.87	0.0572	0.009
9.186	-10.31	0.0572	-0.003
9.187	-7.97	0.0572	-0.012
9.188	-4.38	0.0572	-0.019
9.189	-0.31	0.0572	-0.021
9.19	0.63	0.0572	-0.019
9.191	-0.31	0.0572	-0.019
9.192	0.94	0.0572	-0.020
9.193	3.75	0.0572	-0.018
9.194	4.84	0.0572	-0.013
9.195	5.16	0.0572	-0.008
9.196	5.78	0.0572	-0.002
9.197	4.38	0.0572	0.004
9.198	2.66	0.0572	0.007
9.199	0.47	0.0470	0.009
9.2	-1.41	0.0266	0.007
9.201	-1.41	0.0266	0.006
9.202	-2.34	0.0266	0.005
9.203	-3.12	0.0266	0.002
9.204	-2.34	0.0266	-0.002
9.205	-0.47	0.0266	-0.003
9.206	1.09	0.0266	-0.003
9.207	2.97	0.0266	-0.001
9.208	4.84	0.0266	0.003
9.209	5.63	0.0266	0.009
9.21	5.94	0.0266	0.015
9.211	4.38	0.0266	0.021
9.212	3.12	0.0266	0.023
9.213	1.72	0.0317	0.027
9.214	-0.78	0.0419	0.027
9.215	-2.03	0.0419	0.025
9.216	-3.59	0.0419	0.023
9.217	-4.53	0.0419	0.018
9.218	-5.47	0.0419	0.014
9.219	-7.03	0.0419	0.007
9.22	-7.97	0.0419	-0.000
9.221	-6.87	0.0419	-0.009
9.222	-3.12	0.0419	-0.014
9.223	0.16	0.0419	-0.015
9.224	2.34	0.0419	-0.014
9.225	4.38	0.0419	-0.010
9.226	5.16	0.0419	-0.005
9.227	5.47	0.0419	0.000
9.228	6.41	0.0419	0.006
9.229	3.59	0.0419	0.013
9.23	2.19	0.0419	0.013
9.231	5.00	0.0419	0.017
9.232	1.41	0.0411	0.023
9.233	-5.63	0.0397	0.020
9.234	-8.91	0.0397	0.012
9.235	-9.53	0.0397	0.002
9.236	-6.87	0.0397	-0.007
9.237	-3.44	0.0397	-0.012
9.238	-0.94	0.0397	-0.014
9.239	0.47	0.0397	-0.013
9.24	-1.41	0.0397	-0.013
9.241	-1.72	0.0397	-0.016
9.242	-0.16	0.0397	-0.017
9.243	1.41	0.0397	-0.017
9.244	2.03	0.0397	-0.014
9.245	0.78	0.0397	-0.013
9.246	0.78	0.0397	-0.012
9.247	0.78	0.0397	-0.011
9.248	-0.94	0.0424	-0.011
9.249	-4.38	0.0478	-0.013
9.25	-5.94	0.0478	-0.019
9.251	-5.16	0.0478	-0.025
9.252	-4.69	0.0478	-0.030
9.253	-3.44	0.0478	-0.034
9.254	-2.50	0.0478	-0.037
9.255	-1.41	0.0478	-0.039
9.256	0.94	0.0478	-0.039
9.257	2.97	0.0478	-0.037
9.258	4.84	0.0478	-0.033
9.259	5.94	0.0478	-0.028
9.26	7.34	0.0478	-0.022
9.261	8.12	0.0478	-0.013
9.262	7.19	0.0478	-0.005
9.263	6.09	0.0478	0.002
9.264	3.44	0.0478	0.007
9.265	2.19	0.0478	0.008
9.266	0.62	0.0493	0.011
9.267	-1.09	0.0522	0.010
9.268	-0.78	0.0522	0.009
9.269	-1.25	0.0522	0.008
9.27	-1.41	0.0522	0.007
9.271	-0.78	0.0522	0.005
9.272	0.94	0.0522	0.005
9.273	2.50	0.0522	0.007
9.274	6.72	0.0522	0.010
9.275	10.16	0.0522	0.021
9.276	10.62	0.0522	0.030
9.277	10.62	0.0522	0.042
9.278	7.66	0.0522	0.052
9.279	5.31	0.0522	0.057
9.28	2.34	0.0509	0.062
9.281	-1.25	0.0484	0.062
9.282	-4.06	0.0484	0.060
9.283	-6.87	0.0484	0.054
9.284	-7.97	0.0484	0.046
9.285	-8.75	0.0484	0.038
9.286	-7.19	0.0484	0.028
9.287	-5.16	0.0484	0.023
9.288	-4.84	0.0484	0.018
9.289	-2.03	0.0484	0.014
9.29	2.19	0.0484	0.014
9.291	5.63	0.0484	0.018
9.292	6.09	0.0484	0.025
9.293	6.09	0.0484	0.030
9.294	5.16	0.0484	0.037
9.295	3.59	0.0484	0.041
9.296	3.13	0.0484	0.045
9.297	0.47	0.0610	0.047
9.298	-2.81	0.0862	0.046
9.299	-7.19	0.0862	0.041
9.3	-10.63	0.0862	0.031
9.301	-11.72	0.0862	0.020
9.302	-12.34	0.0862	0.008
9.303	-11.87	0.0862	-0.005
9.304	-11.25	0.0862	-0.016
9.305	-9.37	0.0862	-0.027
9.306	-6.09	0.0862	-0.035
9.307	-2.34	0.0862	-0.039
9.308	1.56	0.0862	-0.039
9.309	2.81	0.0862	-0.036
9.31	3.12	0.0862	-0.034
9.311	4.53	0.0862	-0.030
9.312	5.16	0.0862	-0.025
9.313	3.75	0.0862	-0.020
9.314	2.66	0.0862	-0.017
9.315	1.09	0.1657	-0.014
9.316	-2.81	0.3247	-0.015
9.317	-4.53	0.3247	-0.020
9.318	-4.69	0.3247	-0.024
9.319	-3.13	0.3247	-0.029
9.32	-0.94	0.3247	-0.030
9.321	-1.41	0.3247	-0.031
9.322	-0.62	0.3247	-0.033
9.323	1.41	0.3247	-0.033
9.324	3.12	0.3247	-0.030
9.325	4.38	0.3247	-0.026
9.326	8.12	0.3247	-0.022
9.327	37.81	0.3247	-0.010
9.328	76.09	0.3247	0.054
9.329	91.72	0.3247	0.142
9.33	74.69	0.3247	0.238
9.331	32.66	0.3247	0.292
9.332	-13.28	0.4727	0.303
9.333	-67.19	0.7688	0.265
9.334	-105.62	0.7688	0.168
9.335	-129.06	0.7688	0.054
9.336	-137.34	0.7688	-0.090
9.337	-121.72	0.7688	-0.221
9.338	-92.34	0.7688	-0.333
9.339	-45.00	0.7688	-0.406
9.34	4.37	0.7688	-0.423
9.341	60.00	0.7688	-0.397
9.342	107.81	0.7688	-0.303
9.343	135.47	0.7688	-0.181
9.344	151.25	0.7688	-0.032
9.345	140.31	0.7688	0.121
9.346	112.19	0.7688	0.248
9.347	67.19	0.7688	0.346
9.348	15.31	0.7791	0.383
9.349	-40.78	0.7997	0.376
9.35	-94.84	0.7997	0.301
9.351	-125.00	0.7997	0.187
9.352	-146.25	0.7997	0.051
9.353	-144.38	0.7997	-0.106
9.354	-121.41	0.7997	-0.238
9.355	-85.00	0.7997	-0.349
9.356	-34.06	0.7997	-0.408
9.357	16.87	0.7997	-0.417
9.358	72.97	0.7997	-0.374
9.359	114.53	0.7997	-0.271
9.36	140.78	0.7997	-0.145
9.361	149.53	0.7997	0.011
9.362	132.97	0.7997	0.154
9.363	103.28	0.7997	0.277
9.364	56.87	0.7997	0.361
9.365	7.34	0.7767	0.390
9.366	-48.59	0.7306	0.376
9.367	-95.00	0.7306	0.293
9.368	-121.56	0.7306	0.186
9.369	-138.44	0.7306	0.050
9.37	-129.06	0.7306	-0.091
9.371	-105.00	0.7306	-0.208
9.372	-66.09	0.7306	-0.301
9.373	-18.12	0.7306	-0.340
9.374	33.59	0.7306	-0.338
9.375	84.53	0.7306	-0.273
9.376	114.69	0.7306	-0.168
9.377	134.69	0.7306	-0.044
9.378	133.44	0.7306	0.101
9.379	113.28	0.7306	0.223
9.38	80.31	0.7306	0.328
9.381	32.03	0.7306	0.384
9.382	-17.19	0.7442	0.392
9.383	-71.72	0.7713	0.349
9.384	-110.63	0.7713	0.248
9.385	-135.00	0.7713	0.128
9.386	-143.59	0.7713	-0.022
9.387	-127.03	0.7713	-0.159
9.388	-97.97	0.7713	-0.276
9.389	-51.87	0.7713	-0.355
9.39	-2.66	0.7713	-0.380
9.391	53.59	0.7713	-0.360
9.392	100.78	0.7713	-0.273
9.393	128.59	0.7713	-0.159
9.394	145.62	0.7713	-0.015
9.395	135.78	0.7713	0.133
9.396	109.69	0.7713	0.256
9.397	67.34	0.7713	0.352
9.398	17.97	0.7747	0.391
9.399	-35.47	0.7816	0.388
9.4	-88.59	0.7816	0.320
9.401	-121.09	0.7816	0.211
9.402	-143.44	0.7816	0.078
9.403	-142.66	0.7816	-0.076
9.404	-121.25	0.7816	-0.208
9.405	-85.78	0.7816	-0.319
9.406	-35.94	0.7816	-0.379
9.407	15.00	0.7816	-0.391
9.408	71.56	0.7816	-0.349
9.409	110.16	0.7816	-0.248
9.41	133.59	0.7816	-0.129
9.411	142.19	0.7816	0.020
9.412	125.47	0.7816	0.156
9.413	95.63	0.7816	0.271
9.414	48.75	0.7816	0.347
9.415	-0.62	0.7833	0.368
9.416	-57.03	0.7869	0.346
9.417	-104.53	0.7869	0.254
9.418	-130.31	0.7869	0.137
9.419	-146.41	0.7869	-0.007
9.42	-137.34	0.7869	-0.156
9.421	-110.62	0.7869	-0.281
9.422	-68.75	0.7869	-0.378
9.423	-19.69	0.7869	-0.419
9.424	35.00	0.7869	-0.417
9.425	88.75	0.7869	-0.349
9.426	120.47	0.7869	-0.239
9.427	142.19	0.7869	-0.108
9.428	140.47	0.7869	0.045
9.429	118.91	0.7869	0.173
9.43	85.31	0.7869	0.283
9.431	35.47	0.7869	0.344
9.432	-15.31	0.6704	0.354
9.433	-68.91	0.4375	0.313
9.434	-106.25	0.4375	0.216
9.435	-113.44	0.4375	0.101
9.436	-81.56	0.4375	-0.011
9.437	-34.69	0.4375	-0.063
9.438	-10.63	0.4375	-0.080
9.439	0.78	0.4375	-0.084
9.44	6.09	0.4375	-0.079
9.441	8.75	0.4375	-0.072
9.442	12.03	0.4375	-0.061
9.443	14.53	0.4375	-0.048
9.444	15.16	0.4375	-0.032
9.445	14.84	0.4375	-0.017
9.446	13.59	0.4375	-0.003
9.447	9.22	0.4375	0.010
9.448	3.75	0.4375	0.016
9.449	-1.41	0.3078	0.018
9.45	-4.22	0.0484	0.013
9.451	-4.06	0.0484	0.009
9.452	-2.66	0.0484	0.005
9.453	-0.78	0.0484	0.004
9.454	-0.16	0.0484	0.003
9.455	2.19	0.0484	0.003
9.456	4.22	0.0484	0.008
9.457	4.84	0.0484	0.012
9.458	6.72	0.0484	0.018
9.459	7.97	0.0484	0.025
9.46	8.13	0.0484	0.033
9.461	7.03	0.0484	0.042
9.462	5.16	0.0484	0.048
9.463	2.34	0.0484	0.052
9.464	-0.94	0.0598	0.052
9.465	-5.78	0.0825	0.050
9.466	-11.56	0.0825	0.041
9.467	-12.66	0.0825	0.027
9.468	-11.87	0.0825	0.015
9.469	-11.41	0.0825	0.003
9.47	-9.84	0.0825	-0.007
9.471	-8.28	0.0825	-0.017
9.472	-5.63	0.0825	-0.024
9.473	-3.13	0.0825	-0.028
9.474	0.16	0.0825	-0.030
9.475	2.81	0.0825	-0.028
9.476	3.75	0.0825	-0.025
9.477	5.16	0.0825	-0.020
9.478	4.53	0.0825	-0.014
9.479	4.06	0.0825	-0.011
9.48	2.81	0.0825	-0.006
9.481	1.09	0.0825	-0.005
9.482	-0.62	0.0697	-0.004
9.483	-3.59	0.0441	-0.007
9.484	-4.53	0.0441	-0.011
9.485	-5.16	0.0441	-0.016
9.486	-5.00	0.0441	-0.022
9.487	-4.38	0.0441	-0.026
9.488	-4.22	0.0441	-0.030
9.489	-2.66	0.0441	-0.034
9.49	0.00	0.0441	-0.036
9.491	3.59	0.0441	-0.034
9.492	5.63	0.0441	-0.028
9.493	7.19	0.0441	-0.023
9.494	9.22	0.0441	-0.014
9.495	8.44	0.0441	-0.004
9.496	6.41	0.0441	0.003
9.497	4.38	0.0441	0.008
9.498	0.94	0.0452	0.012
9.499	-3.12	0.0475	0.010
9.5	-5.00	0.0475	0.005
9.501	-4.84	0.0475	0.000
9.502	-5.78	0.0475	-0.004
9.503	-6.09	0.0475	-0.011
9.504	-5.78	0.0475	-0.017
9.505	-4.22	0.0475	-0.023
9.506	-0.78	0.0475	-0.025
9.507	1.56	0.0475	-0.024
9.508	4.37	0.0475	-0.022
9.509	6.56	0.0475	-0.016
9.51	8.75	0.0475	-0.009
9.511	8.28	0.0475	0.002
9.512	6.72	0.0475	0.008
9.513	6.25	0.0475	0.015
9.514	3.59	0.0475	0.020
9.515	1.41	0.0475	0.022
9.516	-0.94	0.0521	0.023
9.517	-3.44	0.0613	0.021
9.518	-6.56	0.0613	0.016
9.519	-10.78	0.0613	0.007
9.52	-12.97	0.0613	-0.005
9.521	-12.03	0.0613	-0.018
9.522	-8.59	0.0613	-0.029
9.523	-4.38	0.0613	-0.036
9.524	1.25	0.0613	-0.038
9.525	5.47	0.0613	-0.033
9.526	6.56	0.0613	-0.027
9.527	8.75	0.0613	-0.020
9.528	9.22	0.0613	-0.010
9.529	7.66	0.0613	-0.002
9.53	5.63	0.0613	0.006
9.531	2.66	0.0613	0.010
9.532	-1.41	0.0623	0.011
9.533	-6.41	0.0644	0.007
9.534	-9.22	0.0644	-0.002
9.535	-10.31	0.0644	-0.012
9.536	-10.16	0.0644	-0.022
9.537	-9.37	0.0644	-0.032
9.538	-7.50	0.0644	-0.041
9.539	-3.44	0.0644	-0.047
9.54	1.09	0.0644	-0.048
9.541	6.72	0.0644	-0.045
9.542	10.00	0.0644	-0.035
9.543	11.41	0.0644	-0.025
9.544	12.66	0.0644	-0.012
9.545	10.47	0.0644	0.001
9.546	7.81	0.0644	0.009
9.547	5.16	0.0644	0.016
9.548	1.09	0.0628	0.019
9.549	-2.19	0.0597	0.018
9.55	-4.84	0.0597	0.015
9.551	-5.94	0.0597	0.009
9.552	-3.91	0.0597	0.003
9.553	-1.56	0.0597	0.001
9.554	-0.47	0.0597	0.000
9.555	2.03	0.0597	0.000
9.556	4.53	0.0597	0.004
9.557	7.34	0.0597	0.009
9.558	11.09	0.0597	0.019
9.559	10.47	0.0597	0.031
9.56	7.50	0.0597	0.040
9.561	5.63	0.0597	0.046
9.562	4.84	0.0597	0.051
9.563	4.37	0.0597	0.056
9.564	2.97	0.0597	0.060
9.565	-1.09	0.0659	0.062
9.566	-7.97	0.0784	0.058
9.567	-11.56	0.0784	0.046
9.568	-11.72	0.0784	0.034
9.569	-12.66	0.0784	0.022
9.57	-12.34	0.0784	0.009
9.571	-9.84	0.0784	-0.002
9.572	-6.72	0.0784	-0.011
9.573	-2.97	0.0784	-0.016
9.574	2.19	0.0784	-0.017
9.575	5.78	0.0784	-0.011
9.576	7.03	0.0784	-0.005
9.577	8.44	0.0784	0.003
9.578	6.87	0.0784	0.012
9.579	4.38	0.0784	0.017
9.58	2.34	0.0784	0.021
9.581	-0.16	0.0670	0.021
9.582	-2.97	0.0441	0.020
9.583	-5.62	0.0441	0.015
9.584	-7.34	0.0441	0.009
9.585	-8.91	0.0441	0.001
9.586	-7.19	0.0441	-0.009
9.587	-5.62	0.0441	-0.014
9.588	-4.53	0.0441	-0.020
9.589	-0.78	0.0441	-0.023
9.59	2.34	0.0441	-0.022
9.591	4.22	0.0441	-0.018
9.592	5.62	0.0441	-0.013
9.593	6.56	0.0441	-0.007
9.594	6.56	0.0441	0.000
9.595	6.41	0.0441	0.006
9.596	4.84	0.0441	0.013
9.597	1.87	0.0441	0.016
9.598	-0.94	0.0439	0.017
9.599	-4.84	0.0434	0.014
9.6	-7.19	0.0434	0.007
9.601	-6.56	0.0434	-0.000
9.602	-6.87	0.0434	-0.006
9.603	-7.19	0.0434	-0.014
9.604	-5.16	0.0434	-0.021
9.605	-2.03	0.0434	-0.024
9.606	0.78	0.0434	-0.025
9.607	3.75	0.0434	-0.023
9.608	6.88	0.0434	-0.017
9.609	7.66	0.0434	-0.009
9.61	8.44	0.0434	-0.002
9.611	7.34	0.0434	0.008
9.612	4.22	0.0434	0.013
9.613	2.97	0.0434	0.016
9.614	1.56	0.0434	0.019
9.615	-1.09	0.0533	0.019
9.616	-4.38	0.0731	0.017
9.617	-5.31	0.0731	0.011
9.618	-5.78	0.0731	0.006
9.619	-5.94	0.0731	-0.001
9.62	-6.41	0.0731	-0.006
9.621	-10.62	0.0731	-0.014
9.622	-14.53	0.0731	-0.027
9.623	-12.50	0.0731	-0.043
9.624	-5.47	0.0731	-0.052
9.625	0.94	0.0731	-0.054
9.626	5.47	0.0731	-0.050
9.627	9.22	0.0731	-0.043
9.628	10.16	0.0731	-0.032
9.629	10.00	0.0731	-0.022
9.63	8.75	0.0731	-0.012
9.631	5.63	0.0731	-0.005
9.632	2.81	0.0731	-0.001
9.633	0.63	0.0731	0.001
9.634	0.31	0.0731	0.001
9.635	-0.47	0.0646	0.001
9.636	-1.41	0.0475	-0.000
9.637	-1.87	0.0475	-0.002
9.638	-0.78	0.0475	-0.004
9.639	0.94	0.0475	-0.003
9.64	2.81	0.0475	-0.002
9.641	6.25	0.0475	0.003
9.642	7.50	0.0475	0.010
9.643	8.59	0.0475	0.018
9.644	9.53	0.0475	0.028
9.645	7.97	0.0475	0.037
9.646	5.31	0.0475	0.043
9.647	1.56	0.0426	0.047
9.648	-1.56	0.0328	0.047
9.649	-3.13	0.0328	0.044
9.65	-4.37	0.0328	0.040
9.651	-4.84	0.0328	0.035
9.652	-4.84	0.0328	0.031
9.653	-4.53	0.0328	0.026
9.654	-4.06	0.0328	0.022
9.655	-3.12	0.0328	0.018
9.656	-1.56	0.0328	0.015
9.657	0.16	0.0328	0.014
9.658	1.09	0.0328	0.016
9.659	1.72	0.0328	0.017
9.66	3.28	0.0328	0.019
9.661	2.66	0.0328	0.023
9.662	2.03	0.0328	0.024
9.663	0.63	0.0341	0.027
9.664	-2.66	0.0366	0.026
9.665	-2.97	0.0366	0.022
9.666	-3.28	0.0366	0.020
9.667	-5.16	0.0366	0.015
9.668	-5.78	0.0366	0.009
9.669	-5.63	0.0366	0.004
9.67	-5.16	0.0366	-0.002
9.671	-3.12	0.0366	-0.007
9.672	-1.09	0.0366	-0.008
9.673	-0.63	0.0366	-0.009
9.674	0.47	0.0366	-0.009
9.675	2.50	0.0366	-0.008
9.676	2.97	0.0366	-0.004
9.677	3.12	0.0366	-0.002
9.678	3.28	0.0366	0.002
9.679	1.88	0.0366	0.005
9.68	-0.31	0.0397	0.006
9.681	-1.88	0.0459	0.004
9.682	-3.91	0.0459	0.002
9.683	-5.63	0.0459	-0.004
9.684	-5.78	0.0459	-0.009
9.685	-6.72	0.0459	-0.015
9.686	-6.41	0.0459	-0.023
9.687	-5.63	0.0459	-0.028
9.688	-5.31	0.0459	-0.034
9.689	-3.12	0.0459	-0.039
9.69	0.62	0.0459	-0.040
9.691	3.91	0.0459	-0.037
9.692	5.31	0.0459	-0.033
9.693	6.09	0.0459	-0.027
9.694	6.25	0.0459	-0.020
9.695	6.09	0.0459	-0.014
9.696	5.94	0.0459	-0.008
9.697	3.12	0.0459	-0.003
9.698	-0.31	0.0519	-0.002
9.699	-3.44	0.0638	-0.003
9.7	-6.88	0.0638	-0.009
9.701	-7.50	0.0638	-0.017
9.702	-6.56	0.0638	-0.024
9.703	-5.31	0.0638	-0.030
9.704	-3.59	0.0638	-0.034
9.705	-0.78	0.0638	-0.037
9.706	1.41	0.0638	-0.036
9.707	3.91	0.0638	-0.034
9.708	7.19	0.0638	-0.028
9.709	8.91	0.0638	-0.020
9.71	10.31	0.0638	-0.010
9.711	10.78	0.0638	0.001
9.712	10.16	0.0638	0.011
9.713	7.66	0.0638	0.021
9.714	3.28	0.0638	0.027
9.715	-0.63	0.0639	0.028
9.716	-3.91	0.0641	0.025
9.717	-5.31	0.0641	0.020
9.718	-5.31	0.0641	0.015
9.719	-4.84	0.0641	0.009
9.72	-3.59	0.0641	0.005
9.721	-2.19	0.0641	0.002
9.722	-0.94	0.0641	0.001
9.723	0.47	0.0641	0.000
9.724	4.06	0.0641	0.002
9.725	7.34	0.0641	0.008
9.726	10.31	0.0641	0.016
9.727	13.28	0.0641	0.029
9.728	12.81	0.0641	0.043
9.729	10.62	0.0641	0.054
9.73	5.62	0.0641	0.064
9.731	-2.81	0.0701	0.066
9.732	-8.75	0.0822	0.058
9.733	-11.87	0.0822	0.048
9.734	-13.13	0.0822	0.035
9.735	-12.03	0.0822	0.022
9.736	-10.62	0.0822	0.011
9.737	-9.69	0.0822	0.001
9.738	-7.34	0.0822	-0.009
9.739	-3.91	0.0822	-0.014
9.74	-0.78	0.0822	-0.017
9.741	2.81	0.0822	-0.016
9.742	4.53	0.0822	-0.011
9.743	4.69	0.0822	-0.007
9.744	5.78	0.0822	-0.002
9.745	5.63	0.0822	0.005
9.746	3.75	0.0822	0.010
9.747	2.03	0.0822	0.013
9.748	0.16	0.0687	0.014
9.749	-3.28	0.0419	0.013
9.75	-5.78	0.0419	0.007
9.751	-6.09	0.0419	0.001
9.752	-6.87	0.0419	-0.005
9.753	-7.50	0.0419	-0.013
9.754	-6.56	0.0419	-0.020
9.755	-3.59	0.0419	-0.026
9.756	-1.25	0.0419	-0.027
9.757	1.41	0.0419	-0.028
9.758	4.22	0.0419	-0.024
9.759	4.37	0.0419	-0.020
9.76	5.62	0.0419	-0.016
9.761	5.63	0.0419	-0.008
9.762	4.84	0.0419	-0.004
9.763	4.38	0.0419	0.001
9.764	2.03	0.0419	0.004
9.765	-0.16	0.0480	0.005
9.766	-3.28	0.0603	0.004
9.767	-5.47	0.0603	-0.001
9.768	-5.63	0.0603	-0.007
9.769	-5.00	0.0603	-0.013
9.77	-5.31	0.0603	-0.017
9.771	-5.47	0.0603	-0.023
9.772	-3.12	0.0603	-0.028
9.773	-0.16	0.0603	-0.029
9.774	2.66	0.0603	-0.028
9.775	5.16	0.0603	-0.024
9.776	7.19	0.0603	-0.018
9.777	7.66	0.0603	-0.010
9.778	8.44	0.0603	-0.003
9.779	10.00	0.0603	0.007
9.78	9.06	0.0603	0.018
9.781	6.72	0.0603	0.025
9.782	3.28	0.0603	0.031
9.783	-2.19	0.0578	0.032
9.784	-5.94	0.0528	0.027
9.785	-9.06	0.0528	0.020
9.786	-11.25	0.0528	0.008
9.787	-9.69	0.0528	-0.003
9.788	-7.34	0.0528	-0.011
9.789	-5.00	0.0528	-0.017
9.79	-1.72	0.0528	-0.021
9.791	1.56	0.0528	-0.021
9.792	3.13	0.0528	-0.018
9.793	5.00	0.0528	-0.014
9.794	5.31	0.0528	-0.008
9.795	3.75	0.0528	-0.004
9.796	4.38	0.0528	-0.000
9.797	3.91	0.0528	0.005
9.798	2.66	0.0528	0.007
9.799	1.09	0.0451	0.010
9.8	-0.78	0.0297	0.010
9.801	-1.88	0.0297	0.009
9.802	-2.81	0.0297	0.006
9.803	-0.78	0.0297	0.003
9.804	-0.31	0.0297	0.004
9.805	-0.63	0.0297	0.003
9.806	0.94	0.0297	0.003
9.807	2.03	0.0297	0.004
9.808	3.91	0.0297	0.007
9.809	5.16	0.0297	0.012
9.81	5.78	0.0297	0.018
9.811	5.47	0.0297	0.024
9.812	4.22	0.0297	0.028
9.813	2.03	0.0297	0.032
9.814	-0.62	0.0338	0.033
9.815	-2.03	0.0419	0.031
9.816	-5.16	0.0419	0.028
9.817	-7.03	0.0419	0.021
9.818	-6.41	0.0419	0.014
9.819	-6.25	0.0419	0.008
9.82	-5.16	0.0419	0.002
9.821	-4.38	0.0419	-0.003
9.822	-3.44	0.0419	-0.007
9.823	-1.09	0.0419	-0.009
9.824	3.13	0.0419	-0.009
9.825	5.78	0.0419	-0.003
9.826	6.09	0.0419	0.003
9.827	6.56	0.0419	0.009
9.828	5.94	0.0419	0.016
9.829	5.31	0.0419	0.021
9.83	4.69	0.0419	0.026
9.831	2.97	0.0419	0.030
9.832	0.31	0.0489	0.032
9.833	-1.87	0.0628	0.031
9.834	-3.91	0.0628	0.028
9.835	-7.34	0.0628	0.023
9.836	-10.62	0.0628	0.014
9.837	-12.81	0.0628	0.002
9.838	-12.34	0.0628	-0.012
9.839	-8.44	0.0628	-0.023
9.84	-3.91	0.0628	-0.029
9.841	0.00	0.0628	-0.031
9.842	2.97	0.0628	-0.029
9.843	5.31	0.0628	-0.025
9.844	6.41	0.0628	-0.018
9.845	6.87	0.0628	-0.012
9.846	5.63	0.0628	-0.004
9.847	1.72	0.0648	-0.001
9.848	-1.09	0.0687	-0.001
9.849	-4.53	0.0687	-0.003
9.85	-7.66	0.0687	-0.010
9.851	-8.44	0.0687	-0.018
9.852	-9.06	0.0687	-0.027
9.853	-7.66	0.0687	-0.036
9.854	-6.25	0.0687	-0.042
9.855	-5.00	0.0687	-0.049
9.856	-2.03	0.0687	-0.052
9.857	2.34	0.0687	-0.053
9.858	8.44	0.0687	-0.048
9.859	11.72	0.0687	-0.036
9.86	12.03	0.0687	-0.024
9.861	11.09	0.0687	-0.012
9.862	9.22	0.0687	-0.002
9.863	7.50	0.0687	0.007
9.864	4.69	0.0687	0.013
9.865	1.41	0.0687	0.016
9.866	-0.94	0.0641	0.016
9.867	-1.09	0.0547	0.014
9.868	-1.72	0.0547	0.014
9.869	-3.28	0.0547	0.011
9.87	-2.81	0.0547	0.007
9.871	-2.34	0.0547	0.005
9.872	0.16	0.0547	0.003
9.873	4.38	0.0547	0.005
9.874	7.66	0.0547	0.011
9.875	8.91	0.0547	0.021
9.876	8.44	0.0547	0.029
9.877	7.97	0.0547	0.037
9.878	6.41	0.0547	0.045
9.879	4.69	0.0547	0.050
9.88	2.19	0.0547	0.054
9.881	1.41	0.0547	0.055
9.882	2.97	0.0547	0.057
9.883	-1.09	0.0533	0.061
9.884	-7.19	0.0506	0.055
9.885	-9.53	0.0506	0.046
9.886	-9.37	0.0506	0.036
9.887	-8.75	0.0506	0.028
9.888	-7.34	0.0506	0.018
9.889	-4.06	0.0506	0.013
9.89	-1.41	0.0506	0.010
9.891	2.34	0.0506	0.010
9.892	4.38	0.0506	0.015
9.893	4.38	0.0506	0.019
9.894	5.00	0.0506	0.024
9.895	5.00	0.0506	0.029
9.896	3.28	0.0506	0.034
9.897	1.56	0.0506	0.035
9.898	-0.16	0.0464	0.037
9.899	-3.91	0.0378	0.035
9.9	-4.84	0.0378	0.029
9.901	-5.00	0.0378	0.025
9.902	-6.87	0.0378	0.019
9.903	-6.09	0.0378	0.012
9.904	-4.84	0.0378	0.007
9.905	-3.59	0.0378	0.002
9.906	-1.41	0.0378	-0.000
9.907	0.63	0.0378	-0.001
9.908	3.12	0.0378	0.001
9.909	4.38	0.0378	0.005
9.91	5.78	0.0378	0.010
9.911	6.41	0.0378	0.017
9.912	6.09	0.0378	0.022
9.913	5.31	0.0378	0.029
9.914	1.87	0.0374	0.033
9.915	-0.47	0.0366	0.033
9.916	-3.75	0.0366	0.032
9.917	-6.25	0.0366	0.025
9.918	-6.09	0.0366	0.020
9.919	-6.41	0.0366	0.013
9.92	-6.09	0.0366	0.007
9.921	-5.00	0.0366	0.001
9.922	-2.03	0.0366	-0.003
9.923	-0.16	0.0366	-0.003
9.924	2.03	0.0366	-0.003
9.925	4.06	0.0366	0.001
9.926	5.16	0.0366	0.005
9.927	6.09	0.0366	0.011
9.928	5.63	0.0366	0.017
9.929	4.69	0.0366	0.022
9.93	2.19	0.0366	0.026
9.931	0.16	0.0374	0.027
9.932	-2.50	0.0391	0.027
9.933	-5.00	0.0391	0.022
9.934	-5.62	0.0391	0.017
9.935	-6.72	0.0391	0.011
9.936	-6.87	0.0391	0.003
9.937	-5.16	0.0391	-0.003
9.938	-3.75	0.0391	-0.007
9.939	-2.50	0.0391	-0.011
9.94	0.78	0.0391	-0.012
9.941	3.91	0.0391	-0.009
9.942	5.31	0.0391	-0.004
9.943	6.41	0.0391	0.002
9.944	5.63	0.0391	0.008
9.945	5.00	0.0391	0.013
9.946	4.69	0.0391	0.018
9.947	2.03	0.0391	0.022
9.948	-0.78	0.0387	0.022
9.949	-3.28	0.0381	0.021
9.95	-5.16	0.0381	0.016
9.951	-5.62	0.0381	0.010
9.952	-6.41	0.0381	0.005
9.953	-6.56	0.0381	-0.003
9.954	-5.63	0.0381	-0.008
9.955	-3.59	0.0381	-0.014
9.956	-0.78	0.0381	-0.016
9.957	1.41	0.0381	-0.015
9.958	3.75	0.0381	-0.013
9.959	5.31	0.0381	-0.008
9.96	5.63	0.0381	-0.002
9.961	6.87	0.0381	0.003
9.962	6.87	0.0381	0.012
9.963	3.91	0.0381	0.017
9.964	1.09	0.0376	0.019
9.965	-0.94	0.0366	0.019
9.966	-4.53	0.0366	0.018
9.967	-5.78	0.0366	0.010
9.968	-5.47	0.0366	0.006
9.969	-6.56	0.0366	-0.001
9.97	-5.47	0.0366	-0.007
9.971	-3.91	0.0366	-0.012
9.972	-2.81	0.0366	-0.015
9.973	-0.62	0.0366	-0.017
9.974	2.81	0.0366	-0.016
9.975	5.00	0.0366	-0.012
9.976	6.25	0.0366	-0.006
9.977	7.19	0.0366	0.001
9.978	6.25	0.0366	0.008
9.979	4.69	0.0366	0.013
9.98	3.28	0.0366	0.018
9.981	0.63	0.0371	0.020
9.982	-3.12	0.0381	0.019
9.983	-5.00	0.0381	0.014
9.984	-6.09	0.0381	0.009
9.985	-6.87	0.0381	0.002
9.986	-5.78	0.0381	-0.005
9.987	-5.00	0.0381	-0.010
9.988	-4.06	0.0381	-0.015
9.989	-1.56	0.0381	-0.018
9.99	0.78	0.0381	-0.018
9.991	3.44	0.0381	-0.017
9.992	6.09	0.0381	-0.011
9.993	6.87	0.0381	-0.004
9.994	6.72	0.0381	0.003
9.995	6.25	0.0381	0.009
9.996	5.31	0.0381	0.015
9.997	2.50	0.0381	0.020
9.998	-0.63	0.0476	0.020
9.999	-3.12	0.0666	0.018
10	-5.00	0.0666	0.014
