Interval=	0.001 s
ExcelDateTime=	4.3161461872426349e+004	3/2/2018 11:05:05.777636
TimeFormat=	StartOfBlock
DateFormat=	
ChannelTitle=	Channel 2	Channel 3
Range=	0.8691 V	10.000 V
0	NaN	0.031
0.001	NaN	0.023
0.002	NaN	0.015
0.003	NaN	0.009
0.004	NaN	0.003
0.005	NaN	-0.001
0.006	NaN	-0.002
0.007	NaN	0.003
0.008	NaN	0.005
0.009	NaN	0.011
0.01	NaN	0.018
0.011	NaN	0.021
0.012	NaN	0.025
0.013	0.0437	0.025
0.014	0.0437	0.023
0.015	0.0437	0.018
0.016	0.0437	0.011
0.017	0.0437	0.003
0.018	0.0437	-0.005
0.019	0.0437	-0.010
0.02	0.0437	-0.017
0.021	0.0437	-0.019
0.022	0.0437	-0.019
0.023	0.0437	-0.017
0.024	0.0437	-0.011
0.025	0.0437	-0.005
0.026	0.0437	0.001
0.027	0.0437	0.006
0.028	0.0437	0.011
0.029	0.0437	0.013
0.03	0.0420	0.013
0.031	0.0384	0.012
0.032	0.0384	0.006
0.033	0.0384	-0.001
0.034	0.0384	-0.007
0.035	0.0384	-0.013
0.036	0.0384	-0.019
0.037	0.0384	-0.023
0.038	0.0384	-0.025
0.039	0.0384	-0.025
0.04	0.0384	-0.018
0.041	0.0384	-0.013
0.042	0.0384	-0.007
0.043	0.0384	0.002
0.044	0.0384	0.006
0.045	0.0384	0.011
0.046	0.0383	0.013
0.047	0.0381	0.012
0.048	0.0381	0.008
0.049	0.0381	0.002
0.05	0.0381	-0.004
0.051	0.0381	-0.011
0.052	0.0381	-0.017
0.053	0.0381	-0.022
0.054	0.0381	-0.026
0.055	0.0381	-0.024
0.056	0.0381	-0.022
0.057	0.0381	-0.016
0.058	0.0381	-0.009
0.059	0.0381	-0.003
0.06	0.0381	0.003
0.061	0.0381	0.008
0.062	0.0381	0.011
0.063	0.0378	0.012
0.064	0.0372	0.011
0.065	0.0372	0.006
0.066	0.0372	-0.001
0.067	0.0372	-0.005
0.068	0.0372	-0.013
0.069	0.0372	-0.018
0.07	0.0372	-0.022
0.071	0.0372	-0.024
0.072	0.0372	-0.024
0.073	0.0372	-0.021
0.074	0.0372	-0.016
0.075	0.0372	-0.010
0.076	0.0372	-0.003
0.077	0.0372	0.005
0.078	0.0372	0.008
0.079	0.0372	0.013
0.08	0.0373	0.014
0.081	0.0375	0.012
0.082	0.0375	0.006
0.083	0.0375	-0.001
0.084	0.0375	-0.007
0.085	0.0375	-0.014
0.086	0.0375	-0.018
0.087	0.0375	-0.023
0.088	0.0375	-0.023
0.089	0.0375	-0.022
0.09	0.0375	-0.018
0.091	0.0375	-0.013
0.092	0.0375	-0.007
0.093	0.0375	-0.000
0.094	0.0375	0.006
0.095	0.0375	0.012
0.096	0.0368	0.015
0.097	0.0353	0.015
0.098	0.0353	0.011
0.099	0.0353	0.005
0.1	0.0353	-0.000
0.101	0.0353	-0.007
0.102	0.0353	-0.013
0.103	0.0353	-0.018
0.104	0.0353	-0.019
0.105	0.0353	-0.021
0.106	0.0353	-0.020
0.107	0.0353	-0.014
0.108	0.0353	-0.008
0.109	0.0353	-0.002
0.11	0.0353	0.004
0.111	0.0353	0.008
0.112	0.0353	0.011
0.113	0.0365	0.013
0.114	0.0388	0.013
0.115	0.0388	0.007
0.116	0.0388	0.001
0.117	0.0388	-0.004
0.118	0.0388	-0.011
0.119	0.0388	-0.016
0.12	0.0388	-0.020
0.121	0.0388	-0.022
0.122	0.0388	-0.024
0.123	0.0388	-0.019
0.124	0.0388	-0.014
0.125	0.0388	-0.008
0.126	0.0388	-0.001
0.127	0.0388	0.004
0.128	0.0388	0.011
0.129	0.0388	0.015
0.13	0.0384	0.016
0.131	0.0378	0.013
0.132	0.0378	0.007
0.133	0.0378	0.002
0.134	0.0378	-0.005
0.135	0.0378	-0.010
0.136	0.0378	-0.016
0.137	0.0378	-0.021
0.138	0.0378	-0.022
0.139	0.0378	-0.022
0.14	0.0378	-0.016
0.141	0.0378	-0.010
0.142	0.0378	-0.006
0.143	0.0378	0.003
0.144	0.0378	0.008
0.145	0.0378	0.013
0.146	0.0381	0.015
0.147	0.0388	0.015
0.148	0.0388	0.010
0.149	0.0388	0.004
0.15	0.0388	0.001
0.151	0.0388	-0.002
0.152	0.0388	-0.004
0.153	0.0388	-0.004
0.154	0.0388	-0.004
0.155	0.0388	-0.004
0.156	0.0388	-0.002
0.157	0.0388	0.001
0.158	0.0388	0.003
0.159	0.0388	0.009
0.16	0.0388	0.016
0.161	0.0388	0.025
0.162	0.0388	0.034
0.163	0.0432	0.037
0.164	0.0522	0.033
0.165	0.0522	0.030
0.166	0.0522	0.025
0.167	0.0522	0.017
0.168	0.0522	0.008
0.169	0.0522	0.000
0.17	0.0522	-0.008
0.171	0.0522	-0.013
0.172	0.0522	-0.015
0.173	0.0522	-0.015
0.174	0.0522	-0.011
0.175	0.0522	-0.007
0.176	0.0522	-0.001
0.177	0.0522	0.004
0.178	0.0522	0.009
0.179	0.0470	0.012
0.18	0.0366	0.012
0.181	0.0366	0.010
0.182	0.0366	0.004
0.183	0.0366	-0.001
0.184	0.0366	-0.007
0.185	0.0366	-0.014
0.186	0.0366	-0.018
0.187	0.0366	-0.023
0.188	0.0366	-0.024
0.189	0.0366	-0.022
0.19	0.0366	-0.018
0.191	0.0366	-0.013
0.192	0.0366	-0.006
0.193	0.0366	0.002
0.194	0.0366	0.007
0.195	0.0366	0.012
0.196	0.0366	0.016
0.197	0.0366	0.015
0.198	0.0366	0.012
0.199	0.0366	0.006
0.2	0.0366	0.000
0.201	0.0366	-0.006
0.202	0.0366	-0.012
0.203	0.0366	-0.017
0.204	0.0366	-0.021
0.205	0.0366	-0.021
0.206	0.0366	-0.021
0.207	0.0366	-0.015
0.208	0.0366	-0.008
0.209	0.0366	-0.002
0.21	0.0366	0.003
0.211	0.0366	0.008
0.212	0.0366	0.013
0.213	0.0366	0.014
0.214	0.0369	0.014
0.215	0.0375	0.010
0.216	0.0375	0.004
0.217	0.0375	-0.003
0.218	0.0375	-0.009
0.219	0.0375	-0.014
0.22	0.0375	-0.019
0.221	0.0375	-0.023
0.222	0.0375	-0.022
0.223	0.0375	-0.020
0.224	0.0375	-0.016
0.225	0.0375	-0.011
0.226	0.0375	-0.003
0.227	0.0375	0.004
0.228	0.0375	0.009
0.229	0.0375	0.015
0.23	0.0377	0.016
0.231	0.0381	0.014
0.232	0.0381	0.008
0.233	0.0381	0.003
0.234	0.0381	-0.004
0.235	0.0381	-0.010
0.236	0.0381	-0.015
0.237	0.0381	-0.021
0.238	0.0381	-0.022
0.239	0.0381	-0.021
0.24	0.0381	-0.018
0.241	0.0381	-0.011
0.242	0.0381	-0.006
0.243	0.0381	0.001
0.244	0.0381	0.007
0.245	0.0381	0.012
0.246	0.0381	0.013
0.247	0.0551	0.013
0.248	0.0891	0.009
0.249	0.0891	0.003
0.25	0.0891	-0.004
0.251	0.0891	-0.013
0.252	0.0891	-0.018
0.253	0.0891	-0.022
0.254	0.0891	-0.022
0.255	0.0891	-0.017
0.256	0.0891	-0.007
0.257	0.0891	0.011
0.258	0.0891	0.030
0.259	0.0891	0.051
0.26	0.0891	0.067
0.261	0.0936	0.073
0.262	0.1028	0.069
0.263	0.1028	0.058
0.264	0.1028	0.044
0.265	0.1028	0.030
0.266	0.1028	0.017
0.267	0.1028	0.004
0.268	0.1028	-0.008
0.269	0.1028	-0.017
0.27	0.1028	-0.024
0.271	0.1028	-0.028
0.272	0.1028	-0.030
0.273	0.1028	-0.029
0.274	0.1028	-0.022
0.275	0.1028	-0.016
0.276	0.1028	-0.009
0.277	0.1028	-0.004
0.278	0.1028	0.002
0.279	0.1028	0.006
0.28	0.0817	0.007
0.281	0.0394	0.007
0.282	0.0394	0.002
0.283	0.0394	-0.004
0.284	0.0394	-0.008
0.285	0.0394	-0.015
0.286	0.0394	-0.020
0.287	0.0394	-0.022
0.288	0.0394	-0.025
0.289	0.0394	-0.025
0.29	0.0394	-0.021
0.291	0.0394	-0.016
0.292	0.0394	-0.010
0.293	0.0394	-0.001
0.294	0.0394	0.005
0.295	0.0394	0.010
0.296	0.0394	0.014
0.297	0.0385	0.016
0.298	0.0369	0.012
0.299	0.0369	0.008
0.3	0.0369	0.002
0.301	0.0369	-0.006
0.302	0.0369	-0.012
0.303	0.0369	-0.017
0.304	0.0369	-0.021
0.305	0.0369	-0.021
0.306	0.0369	-0.020
0.307	0.0369	-0.015
0.308	0.0369	-0.009
0.309	0.0369	-0.003
0.31	0.0369	0.003
0.311	0.0369	0.007
0.312	0.0369	0.013
0.313	0.0373	0.013
0.314	0.0381	0.012
0.315	0.0381	0.008
0.316	0.0381	0.002
0.317	0.0381	-0.004
0.318	0.0381	-0.010
0.319	0.0381	-0.015
0.32	0.0381	-0.020
0.321	0.0381	-0.023
0.322	0.0381	-0.025
0.323	0.0381	-0.021
0.324	0.0381	-0.014
0.325	0.0381	-0.009
0.326	0.0381	-0.003
0.327	0.0381	0.003
0.328	0.0381	0.008
0.329	0.0381	0.012
0.33	0.0366	0.013
0.331	0.0334	0.012
0.332	0.0334	0.008
0.333	0.0334	0.003
0.334	0.0334	-0.003
0.335	0.0334	-0.010
0.336	0.0334	-0.015
0.337	0.0334	-0.019
0.338	0.0334	-0.019
0.339	0.0334	-0.020
0.34	0.0334	-0.016
0.341	0.0334	-0.012
0.342	0.0334	-0.007
0.343	0.0334	0.000
0.344	0.0334	0.007
0.345	0.0334	0.011
0.346	0.0350	0.014
0.347	0.0381	0.013
0.348	0.0381	0.012
0.349	0.0381	0.007
0.35	0.0381	0.000
0.351	0.0381	-0.007
0.352	0.0381	-0.012
0.353	0.0381	-0.018
0.354	0.0381	-0.020
0.355	0.0381	-0.022
0.356	0.0381	-0.022
0.357	0.0381	-0.016
0.358	0.0381	-0.011
0.359	0.0381	-0.003
0.36	0.0381	0.003
0.361	0.0381	0.009
0.362	0.0381	0.013
0.363	0.0381	0.016
0.364	0.0375	0.017
0.365	0.0362	0.012
0.366	0.0362	0.006
0.367	0.0362	0.000
0.368	0.0362	-0.007
0.369	0.0362	-0.012
0.37	0.0362	-0.017
0.371	0.0362	-0.018
0.372	0.0362	-0.020
0.373	0.0362	-0.017
0.374	0.0362	-0.012
0.375	0.0362	-0.005
0.376	0.0362	0.002
0.377	0.0362	0.006
0.378	0.0362	0.011
0.379	0.0362	0.014
0.38	0.0360	0.016
0.381	0.0356	0.014
0.382	0.0356	0.010
0.383	0.0356	0.003
0.384	0.0356	-0.003
0.385	0.0356	-0.009
0.386	0.0356	-0.014
0.387	0.0356	-0.019
0.388	0.0356	-0.019
0.389	0.0356	-0.020
0.39	0.0356	-0.016
0.391	0.0356	-0.010
0.392	0.0356	-0.003
0.393	0.0356	0.003
0.394	0.0356	0.009
0.395	0.0356	0.014
0.396	0.0356	0.016
0.397	0.0356	0.016
0.398	0.0356	0.014
0.399	0.0356	0.008
0.4	0.0356	0.004
0.401	0.0356	-0.003
0.402	0.0356	-0.009
0.403	0.0356	-0.014
0.404	0.0356	-0.018
0.405	0.0356	-0.019
0.406	0.0356	-0.019
0.407	0.0356	-0.014
0.408	0.0356	-0.010
0.409	0.0356	-0.004
0.41	0.0356	0.004
0.411	0.0356	0.008
0.412	0.0356	0.014
0.413	0.0371	0.016
0.414	0.0400	0.016
0.415	0.0400	0.013
0.416	0.0400	0.007
0.417	0.0400	0.002
0.418	0.0400	-0.005
0.419	0.0400	-0.011
0.42	0.0400	-0.017
0.421	0.0400	-0.020
0.422	0.0400	-0.022
0.423	0.0400	-0.024
0.424	0.0400	-0.024
0.425	0.0400	-0.021
0.426	0.0400	-0.015
0.427	0.0400	-0.006
0.428	0.0400	0.004
0.429	0.0477	0.014
0.43	0.0631	0.013
0.431	0.0631	-0.001
0.432	0.0631	-0.020
0.433	0.0631	-0.028
0.434	0.0631	-0.025
0.435	0.0631	-0.014
0.436	0.0631	0.000
0.437	0.0631	0.011
0.438	0.0631	0.021
0.439	0.0631	0.025
0.44	0.0631	0.027
0.441	0.0631	0.030
0.442	0.0631	0.031
0.443	0.0631	0.034
0.444	0.0631	0.034
0.445	0.0631	0.035
0.446	0.0571	0.035
0.447	0.0450	0.033
0.448	0.0450	0.028
0.449	0.0450	0.022
0.45	0.0450	0.015
0.451	0.0450	0.007
0.452	0.0450	0.000
0.453	0.0450	-0.005
0.454	0.0450	-0.010
0.455	0.0450	-0.009
0.456	0.0450	-0.009
0.457	0.0450	-0.006
0.458	0.0450	-0.001
0.459	0.0450	0.006
0.46	0.0450	0.012
0.461	0.0450	0.017
0.462	0.0450	0.022
0.463	0.0432	0.023
0.464	0.0397	0.022
0.465	0.0397	0.019
0.466	0.0397	0.012
0.467	0.0397	0.005
0.468	0.0397	-0.002
0.469	0.0397	-0.009
0.47	0.0397	-0.013
0.471	0.0397	-0.014
0.472	0.0397	-0.017
0.473	0.0397	-0.015
0.474	0.0397	-0.010
0.475	0.0397	-0.006
0.476	0.0397	0.001
0.477	0.0397	0.007
0.478	0.0397	0.012
0.479	0.0397	0.016
0.48	0.0385	0.016
0.481	0.0362	0.014
0.482	0.0362	0.009
0.483	0.0362	0.004
0.484	0.0362	-0.005
0.485	0.0362	-0.010
0.486	0.0362	-0.014
0.487	0.0362	-0.019
0.488	0.0362	-0.020
0.489	0.0362	-0.019
0.49	0.0362	-0.017
0.491	0.0362	-0.011
0.492	0.0362	-0.004
0.493	0.0362	0.002
0.494	0.0362	0.007
0.495	0.0362	0.011
0.496	0.0420	0.013
0.497	0.0534	0.010
0.498	0.0534	0.005
0.499	0.0534	-0.002
0.5	0.0534	-0.009
0.501	0.0534	-0.018
0.502	0.0534	-0.027
0.503	0.0534	-0.032
0.504	0.0534	-0.034
0.505	0.0534	-0.032
0.506	0.0534	-0.026
0.507	0.0534	-0.017
0.508	0.0534	-0.007
0.509	0.0534	0.001
0.51	0.0534	0.010
0.511	0.0534	0.016
0.512	0.0534	0.020
0.513	0.0534	0.021
0.514	0.0534	0.021
0.515	0.0534	0.016
0.516	0.0534	0.010
0.517	0.0534	0.003
0.518	0.0534	-0.006
0.519	0.0534	-0.014
0.52	0.0534	-0.023
0.521	0.0534	-0.029
0.522	0.0534	-0.030
0.523	0.0534	-0.028
0.524	0.0534	-0.021
0.525	0.0534	-0.012
0.526	0.0534	-0.001
0.527	0.0534	0.008
0.528	0.0534	0.018
0.529	0.0534	0.023
0.53	0.0555	0.025
0.531	0.0597	0.024
0.532	0.0597	0.017
0.533	0.0597	0.009
0.534	0.0597	-0.002
0.535	0.0597	-0.013
0.536	0.0597	-0.023
0.537	0.0597	-0.031
0.538	0.0597	-0.034
0.539	0.0597	-0.035
0.54	0.0597	-0.029
0.541	0.0597	-0.021
0.542	0.0597	-0.012
0.543	0.0597	0.000
0.544	0.0597	0.011
0.545	0.0597	0.019
0.546	0.0597	0.024
0.547	0.0595	0.026
0.548	0.0591	0.021
0.549	0.0591	0.013
0.55	0.0591	0.005
0.551	0.0591	-0.007
0.552	0.0591	-0.017
0.553	0.0591	-0.024
0.554	0.0591	-0.030
0.555	0.0591	-0.033
0.556	0.0591	-0.032
0.557	0.0591	-0.024
0.558	0.0591	-0.016
0.559	0.0591	-0.004
0.56	0.0591	0.007
0.561	0.0591	0.016
0.562	0.0591	0.023
0.563	0.0594	0.027
0.564	0.0600	0.026
0.565	0.0600	0.021
0.566	0.0600	0.012
0.567	0.0600	0.001
0.568	0.0600	-0.010
0.569	0.0600	-0.019
0.57	0.0600	-0.028
0.571	0.0600	-0.032
0.572	0.0600	-0.033
0.573	0.0600	-0.031
0.574	0.0600	-0.022
0.575	0.0600	-0.012
0.576	0.0600	-0.001
0.577	0.0600	0.009
0.578	0.0600	0.019
0.579	0.0600	0.025
0.58	0.0578	0.028
0.581	0.0534	0.027
0.582	0.0534	0.019
0.583	0.0534	0.010
0.584	0.0534	0.001
0.585	0.0534	-0.010
0.586	0.0534	-0.017
0.587	0.0534	-0.022
0.588	0.0534	-0.025
0.589	0.0534	-0.025
0.59	0.0534	-0.019
0.591	0.0534	-0.013
0.592	0.0534	-0.007
0.593	0.0534	-0.000
0.594	0.0534	0.004
0.595	0.0534	0.010
0.596	0.0472	0.013
0.597	0.0347	0.013
0.598	0.0347	0.011
0.599	0.0347	0.007
0.6	0.0347	0.000
0.601	0.0347	-0.007
0.602	0.0347	-0.012
0.603	0.0347	-0.016
0.604	0.0347	-0.020
0.605	0.0347	-0.020
0.606	0.0347	-0.019
0.607	0.0347	-0.014
0.608	0.0347	-0.007
0.609	0.0347	-0.001
0.61	0.0347	0.005
0.611	0.0347	0.010
0.612	0.0347	0.015
0.613	0.0455	0.017
0.614	0.0672	0.016
0.615	0.0672	0.011
0.616	0.0672	0.005
0.617	0.0672	-0.000
0.618	0.0672	-0.008
0.619	0.0672	-0.014
0.62	0.0672	-0.019
0.621	0.0672	-0.022
0.622	0.0672	-0.024
0.623	0.0672	-0.021
0.624	0.0672	-0.016
0.625	0.0672	-0.011
0.626	0.0672	0.000
0.627	0.0672	0.012
0.628	0.0672	0.026
0.629	0.0672	0.037
0.63	0.0672	0.043
0.631	0.0597	0.043
0.632	0.0447	0.038
0.633	0.0447	0.033
0.634	0.0447	0.027
0.635	0.0447	0.023
0.636	0.0447	0.022
0.637	0.0447	0.018
0.638	0.0447	0.009
0.639	0.0447	0.002
0.64	0.0447	-0.001
0.641	0.0447	0.002
0.642	0.0447	0.005
0.643	0.0447	0.008
0.644	0.0447	0.012
0.645	0.0446	0.015
0.646	0.0444	0.013
0.647	0.0444	0.011
0.648	0.0444	0.008
0.649	0.0444	0.001
0.65	0.0444	-0.006
0.651	0.0444	-0.013
0.652	0.0444	-0.020
0.653	0.0444	-0.026
0.654	0.0444	-0.028
0.655	0.0444	-0.029
0.656	0.0444	-0.029
0.657	0.0444	-0.023
0.658	0.0444	-0.018
0.659	0.0444	-0.011
0.66	0.0444	-0.003
0.661	0.0444	0.003
0.662	0.0444	0.008
0.663	0.0420	0.011
0.664	0.0372	0.009
0.665	0.0372	0.006
0.666	0.0372	0.001
0.667	0.0372	-0.005
0.668	0.0372	-0.011
0.669	0.0372	-0.017
0.67	0.0372	-0.022
0.671	0.0372	-0.025
0.672	0.0372	-0.024
0.673	0.0372	-0.022
0.674	0.0372	-0.017
0.675	0.0372	-0.010
0.676	0.0372	-0.003
0.677	0.0372	0.002
0.678	0.0372	0.007
0.679	0.0372	0.012
0.68	0.0372	0.013
0.681	0.0372	0.012
0.682	0.0372	0.006
0.683	0.0372	0.000
0.684	0.0372	-0.006
0.685	0.0372	-0.013
0.686	0.0372	-0.018
0.687	0.0372	-0.023
0.688	0.0372	-0.024
0.689	0.0372	-0.024
0.69	0.0372	-0.019
0.691	0.0372	-0.013
0.692	0.0372	-0.007
0.693	0.0372	-0.001
0.694	0.0372	0.005
0.695	0.0372	0.009
0.696	0.0372	0.012
0.697	0.0373	0.013
0.698	0.0375	0.009
0.699	0.0375	0.003
0.7	0.0375	-0.003
0.701	0.0375	-0.011
0.702	0.0375	-0.016
0.703	0.0375	-0.020
0.704	0.0375	-0.024
0.705	0.0375	-0.025
0.706	0.0375	-0.024
0.707	0.0375	-0.020
0.708	0.0375	-0.015
0.709	0.0375	-0.007
0.71	0.0375	-0.001
0.711	0.0375	0.004
0.712	0.0375	0.010
0.713	0.0371	0.011
0.714	0.0362	0.010
0.715	0.0362	0.007
0.716	0.0362	-0.000
0.717	0.0362	-0.006
0.718	0.0362	-0.013
0.719	0.0362	-0.018
0.72	0.0362	-0.022
0.721	0.0362	-0.024
0.722	0.0362	-0.025
0.723	0.0362	-0.023
0.724	0.0362	-0.016
0.725	0.0362	-0.012
0.726	0.0362	-0.004
0.727	0.0362	0.001
0.728	0.0362	0.005
0.729	0.0362	0.009
0.73	0.0381	0.009
0.731	0.0419	0.008
0.732	0.0419	0.003
0.733	0.0419	-0.003
0.734	0.0419	-0.009
0.735	0.0419	-0.016
0.736	0.0419	-0.020
0.737	0.0419	-0.028
0.738	0.0419	-0.033
0.739	0.0419	-0.033
0.74	0.0419	-0.028
0.741	0.0419	-0.023
0.742	0.0419	-0.017
0.743	0.0419	-0.009
0.744	0.0419	-0.002
0.745	0.0419	0.005
0.746	0.0400	0.010
0.747	0.0362	0.009
0.748	0.0362	0.007
0.749	0.0362	0.001
0.75	0.0362	-0.004
0.751	0.0362	-0.011
0.752	0.0362	-0.018
0.753	0.0362	-0.023
0.754	0.0362	-0.026
0.755	0.0362	-0.026
0.756	0.0362	-0.026
0.757	0.0362	-0.019
0.758	0.0362	-0.014
0.759	0.0362	-0.009
0.76	0.0362	-0.002
0.761	0.0362	0.005
0.762	0.0362	0.009
0.763	0.0535	0.011
0.764	0.0881	0.010
0.765	0.0881	0.006
0.766	0.0881	0.000
0.767	0.0881	-0.005
0.768	0.0881	-0.012
0.769	0.0881	-0.018
0.77	0.0881	-0.023
0.771	0.0881	-0.026
0.772	0.0881	-0.025
0.773	0.0881	-0.023
0.774	0.0881	-0.018
0.775	0.0881	-0.012
0.776	0.0881	-0.004
0.777	0.0881	0.002
0.778	0.0881	0.007
0.779	0.0881	0.013
0.78	0.0881	0.017
0.781	0.0881	0.021
0.782	0.0881	0.025
0.783	0.0881	0.031
0.784	0.0881	0.041
0.785	0.0881	0.051
0.786	0.0881	0.056
0.787	0.0881	0.063
0.788	0.0961	0.066
0.789	0.1122	0.066
0.79	0.1122	0.063
0.791	0.1122	0.059
0.792	0.1122	0.052
0.793	0.1122	0.045
0.794	0.1122	0.033
0.795	0.1122	0.017
0.796	0.1122	0.002
0.797	0.1122	-0.007
0.798	0.1122	-0.013
0.799	0.1122	-0.022
0.8	0.1122	-0.028
0.801	0.1122	-0.035
0.802	0.1122	-0.040
0.803	0.1122	-0.043
0.804	0.1122	-0.046
0.805	0.1122	-0.047
0.806	0.1122	-0.043
0.807	0.1122	-0.037
0.808	0.1122	-0.032
0.809	0.1122	-0.023
0.81	0.1122	-0.016
0.811	0.1122	-0.009
0.812	0.1122	-0.002
0.813	0.1122	0.000
0.814	0.0892	0.001
0.815	0.0431	-0.001
0.816	0.0431	-0.006
0.817	0.0431	-0.012
0.818	0.0431	-0.017
0.819	0.0431	-0.021
0.82	0.0431	-0.026
0.821	0.0431	-0.028
0.822	0.0431	-0.028
0.823	0.0431	-0.026
0.824	0.0431	-0.020
0.825	0.0431	-0.014
0.826	0.0431	-0.006
0.827	0.0431	0.001
0.828	0.0431	0.008
0.829	0.0431	0.013
0.83	0.0431	0.015
0.831	0.0405	0.016
0.832	0.0353	0.011
0.833	0.0353	0.003
0.834	0.0353	-0.003
0.835	0.0353	-0.010
0.836	0.0353	-0.014
0.837	0.0353	-0.017
0.838	0.0353	-0.020
0.839	0.0353	-0.020
0.84	0.0353	-0.017
0.841	0.0353	-0.011
0.842	0.0353	-0.004
0.843	0.0353	0.003
0.844	0.0353	0.007
0.845	0.0353	0.012
0.846	0.0357	0.015
0.847	0.0366	0.015
0.848	0.0366	0.012
0.849	0.0366	0.007
0.85	0.0366	0.001
0.851	0.0366	-0.006
0.852	0.0366	-0.012
0.853	0.0366	-0.016
0.854	0.0366	-0.020
0.855	0.0366	-0.022
0.856	0.0366	-0.021
0.857	0.0366	-0.017
0.858	0.0366	-0.012
0.859	0.0366	-0.004
0.86	0.0366	0.003
0.861	0.0366	0.009
0.862	0.0366	0.013
0.863	0.0369	0.015
0.864	0.0375	0.014
0.865	0.0375	0.010
0.866	0.0375	0.003
0.867	0.0375	-0.002
0.868	0.0375	-0.009
0.869	0.0375	-0.016
0.87	0.0375	-0.020
0.871	0.0375	-0.021
0.872	0.0375	-0.023
0.873	0.0375	-0.020
0.874	0.0375	-0.013
0.875	0.0375	-0.008
0.876	0.0375	-0.001
0.877	0.0375	0.005
0.878	0.0375	0.010
0.879	0.0374	0.014
0.88	0.0372	0.014
0.881	0.0372	0.013
0.882	0.0372	0.007
0.883	0.0372	0.001
0.884	0.0372	-0.006
0.885	0.0372	-0.012
0.886	0.0372	-0.016
0.887	0.0372	-0.021
0.888	0.0372	-0.023
0.889	0.0372	-0.023
0.89	0.0372	-0.021
0.891	0.0372	-0.015
0.892	0.0372	-0.009
0.893	0.0372	-0.001
0.894	0.0372	0.005
0.895	0.0372	0.012
0.896	0.0367	0.016
0.897	0.0356	0.016
0.898	0.0356	0.013
0.899	0.0356	0.006
0.9	0.0356	-0.001
0.901	0.0356	-0.007
0.902	0.0356	-0.011
0.903	0.0356	-0.016
0.904	0.0356	-0.019
0.905	0.0356	-0.020
0.906	0.0356	-0.020
0.907	0.0356	-0.014
0.908	0.0356	-0.009
0.909	0.0356	-0.002
0.91	0.0356	0.005
0.911	0.0356	0.010
0.912	0.0356	0.015
0.913	0.0364	0.017
0.914	0.0378	0.017
0.915	0.0378	0.011
0.916	0.0378	0.006
0.917	0.0378	-0.001
0.918	0.0378	-0.008
0.919	0.0378	-0.013
0.92	0.0378	-0.018
0.921	0.0378	-0.021
0.922	0.0378	-0.021
0.923	0.0378	-0.019
0.924	0.0378	-0.013
0.925	0.0378	-0.007
0.926	0.0378	0.001
0.927	0.0378	0.006
0.928	0.0378	0.013
0.929	0.0378	0.016
0.93	0.0373	0.018
0.931	0.0362	0.017
0.932	0.0362	0.012
0.933	0.0362	0.006
0.934	0.0362	-0.001
0.935	0.0362	-0.007
0.936	0.0362	-0.013
0.937	0.0362	-0.017
0.938	0.0362	-0.018
0.939	0.0362	-0.017
0.94	0.0362	-0.014
0.941	0.0362	-0.009
0.942	0.0362	-0.003
0.943	0.0362	0.003
0.944	0.0362	0.009
0.945	0.0362	0.012
0.946	0.0362	0.016
0.947	0.0368	0.016
0.948	0.0378	0.014
0.949	0.0378	0.007
0.95	0.0378	0.003
0.951	0.0378	-0.006
0.952	0.0378	-0.012
0.953	0.0378	-0.016
0.954	0.0378	-0.019
0.955	0.0378	-0.022
0.956	0.0378	-0.020
0.957	0.0378	-0.014
0.958	0.0378	-0.010
0.959	0.0378	-0.003
0.96	0.0378	0.004
0.961	0.0378	0.011
0.962	0.0378	0.015
0.963	0.0380	0.017
0.964	0.0384	0.016
0.965	0.0384	0.013
0.966	0.0384	0.007
0.967	0.0384	0.003
0.968	0.0384	-0.000
0.969	0.0384	0.001
0.97	0.0384	0.003
0.971	0.0384	0.008
0.972	0.0384	0.011
0.973	0.0384	0.011
0.974	0.0384	0.016
0.975	0.0384	0.022
0.976	0.0384	0.028
0.977	0.0384	0.038
0.978	0.0481	0.045
0.979	0.0675	0.043
0.98	0.0675	0.036
0.981	0.0675	0.028
0.982	0.0675	0.018
0.983	0.0675	0.010
0.984	0.0675	0.001
0.985	0.0675	-0.007
0.986	0.0675	-0.013
0.987	0.0675	-0.019
0.988	0.0675	-0.023
0.989	0.0675	-0.023
0.99	0.0675	-0.020
0.991	0.0675	-0.016
0.992	0.0675	-0.011
0.993	0.0675	-0.004
0.994	0.0675	0.001
0.995	0.0675	0.006
0.996	0.0675	0.009
0.997	0.0573	0.010
0.998	0.0369	0.008
0.999	0.0369	0.003
1	0.0369	-0.001
1.001	0.0369	-0.008
1.002	0.0369	-0.014
1.003	0.0369	-0.019
1.004	0.0369	-0.023
1.005	0.0369	-0.022
1.006	0.0369	-0.021
1.007	0.0369	-0.015
1.008	0.0369	-0.011
1.009	0.0369	-0.006
1.01	0.0369	0.002
1.011	0.0369	0.007
1.012	0.0369	0.012
1.013	0.0369	0.014
1.014	0.0364	0.014
1.015	0.0353	0.010
1.016	0.0353	0.004
1.017	0.0353	-0.001
1.018	0.0353	-0.008
1.019	0.0353	-0.013
1.02	0.0353	-0.018
1.021	0.0353	-0.020
1.022	0.0353	-0.021
1.023	0.0353	-0.018
1.024	0.0353	-0.012
1.025	0.0353	-0.007
1.026	0.0353	-0.001
1.027	0.0353	0.005
1.028	0.0353	0.010
1.029	0.0353	0.014
1.03	0.0338	0.015
1.031	0.0306	0.012
1.032	0.0306	0.006
1.033	0.0306	-0.001
1.034	0.0306	-0.008
1.035	0.0306	-0.013
1.036	0.0306	-0.015
1.037	0.0306	-0.016
1.038	0.0306	-0.014
1.039	0.0306	-0.012
1.04	0.0306	-0.007
1.041	0.0306	-0.002
1.042	0.0306	0.004
1.043	0.0306	0.007
1.044	0.0306	0.009
1.045	0.0367	0.010
1.046	0.0487	0.008
1.047	0.0487	0.006
1.048	0.0487	0.002
1.049	0.0487	-0.007
1.05	0.0487	-0.013
1.051	0.0487	-0.019
1.052	0.0487	-0.025
1.053	0.0487	-0.030
1.054	0.0487	-0.035
1.055	0.0487	-0.038
1.056	0.0487	-0.038
1.057	0.0487	-0.033
1.058	0.0487	-0.026
1.059	0.0487	-0.019
1.06	0.0487	-0.011
1.061	0.0487	-0.006
1.062	0.0487	0.001
1.063	0.0487	0.004
1.064	0.0447	0.004
1.065	0.0366	0.002
1.066	0.0366	-0.003
1.067	0.0366	-0.009
1.068	0.0366	-0.016
1.069	0.0366	-0.020
1.07	0.0366	-0.025
1.071	0.0366	-0.027
1.072	0.0366	-0.026
1.073	0.0366	-0.023
1.074	0.0366	-0.018
1.075	0.0366	-0.012
1.076	0.0366	-0.004
1.077	0.0366	0.003
1.078	0.0366	0.010
1.079	0.0354	0.014
1.08	0.0331	0.014
1.081	0.0331	0.013
1.082	0.0331	0.008
1.083	0.0331	0.003
1.084	0.0331	-0.003
1.085	0.0331	-0.008
1.086	0.0331	-0.014
1.087	0.0331	-0.018
1.088	0.0331	-0.019
1.089	0.0331	-0.019
1.09	0.0331	-0.015
1.091	0.0331	-0.009
1.092	0.0331	-0.005
1.093	0.0331	0.003
1.094	0.0331	0.010
1.095	0.0331	0.013
1.096	0.0341	0.016
1.097	0.0359	0.016
1.098	0.0359	0.014
1.099	0.0359	0.007
1.1	0.0359	0.003
1.101	0.0359	-0.004
1.102	0.0359	-0.009
1.103	0.0359	-0.014
1.104	0.0359	-0.019
1.105	0.0359	-0.019
1.106	0.0359	-0.019
1.107	0.0359	-0.014
1.108	0.0359	-0.008
1.109	0.0359	-0.001
1.11	0.0359	0.006
1.111	0.0359	0.011
1.112	0.0359	0.016
1.113	0.0359	0.017
1.114	0.0356	0.017
1.115	0.0350	0.013
1.116	0.0350	0.007
1.117	0.0350	0.002
1.118	0.0350	-0.006
1.119	0.0350	-0.011
1.12	0.0350	-0.016
1.121	0.0350	-0.018
1.122	0.0350	-0.018
1.123	0.0350	-0.015
1.124	0.0350	-0.009
1.125	0.0350	-0.005
1.126	0.0350	0.002
1.127	0.0350	0.008
1.128	0.0350	0.013
1.129	0.0350	0.017
1.13	0.0429	0.018
1.131	0.0587	0.017
1.132	0.0587	0.010
1.133	0.0587	0.004
1.134	0.0587	-0.003
1.135	0.0587	-0.009
1.136	0.0587	-0.014
1.137	0.0587	-0.017
1.138	0.0587	-0.019
1.139	0.0587	-0.020
1.14	0.0587	-0.015
1.141	0.0587	-0.011
1.142	0.0587	-0.005
1.143	0.0587	0.003
1.144	0.0587	0.008
1.145	0.0587	0.014
1.146	0.0587	0.017
1.147	0.0587	0.016
1.148	0.0587	0.017
1.149	0.0587	0.018
1.15	0.0587	0.021
1.151	0.0587	0.025
1.152	0.0587	0.029
1.153	0.0587	0.030
1.154	0.0587	0.031
1.155	0.0587	0.031
1.156	0.0587	0.032
1.157	0.0587	0.039
1.158	0.0633	0.042
1.159	0.0725	0.040
1.16	0.0725	0.041
1.161	0.0725	0.037
1.162	0.0725	0.033
1.163	0.0725	0.022
1.164	0.0725	0.014
1.165	0.0725	0.006
1.166	0.0725	-0.002
1.167	0.0725	-0.007
1.168	0.0725	-0.014
1.169	0.0725	-0.021
1.17	0.0725	-0.026
1.171	0.0725	-0.029
1.172	0.0725	-0.030
1.173	0.0725	-0.028
1.174	0.0725	-0.024
1.175	0.0725	-0.018
1.176	0.0725	-0.009
1.177	0.0725	-0.003
1.178	0.0725	0.003
1.179	0.0725	0.008
1.18	0.0611	0.010
1.181	0.0384	0.009
1.182	0.0384	0.005
1.183	0.0384	-0.000
1.184	0.0384	-0.007
1.185	0.0384	-0.013
1.186	0.0384	-0.018
1.187	0.0384	-0.022
1.188	0.0384	-0.023
1.189	0.0384	-0.023
1.19	0.0384	-0.019
1.191	0.0384	-0.013
1.192	0.0384	-0.007
1.193	0.0384	0.001
1.194	0.0384	0.007
1.195	0.0384	0.012
1.196	0.0384	0.015
1.197	0.0378	0.017
1.198	0.0366	0.015
1.199	0.0366	0.008
1.2	0.0366	0.004
1.201	0.0366	-0.003
1.202	0.0366	-0.010
1.203	0.0366	-0.015
1.204	0.0366	-0.019
1.205	0.0366	-0.020
1.206	0.0366	-0.020
1.207	0.0366	-0.014
1.208	0.0366	-0.009
1.209	0.0366	-0.002
1.21	0.0366	0.004
1.211	0.0366	0.009
1.212	0.0366	0.013
1.213	0.0370	0.016
1.214	0.0378	0.016
1.215	0.0378	0.011
1.216	0.0378	0.006
1.217	0.0378	-0.000
1.218	0.0378	-0.007
1.219	0.0378	-0.013
1.22	0.0378	-0.019
1.221	0.0378	-0.021
1.222	0.0378	-0.022
1.223	0.0378	-0.019
1.224	0.0378	-0.013
1.225	0.0378	-0.007
1.226	0.0378	-0.001
1.227	0.0378	0.005
1.228	0.0378	0.011
1.229	0.0378	0.013
1.23	0.0515	0.014
1.231	0.0788	0.013
1.232	0.0788	0.007
1.233	0.0788	0.002
1.234	0.0788	-0.003
1.235	0.0788	-0.010
1.236	0.0788	-0.016
1.237	0.0788	-0.020
1.238	0.0788	-0.024
1.239	0.0788	-0.023
1.24	0.0788	-0.022
1.241	0.0788	-0.020
1.242	0.0788	-0.017
1.243	0.0788	-0.009
1.244	0.0788	-0.001
1.245	0.0788	0.007
1.246	0.0788	0.021
1.247	0.0788	0.033
1.248	0.0788	0.044
1.249	0.0788	0.055
1.25	0.0778	0.059
1.251	0.0759	0.057
1.252	0.0759	0.046
1.253	0.0759	0.028
1.254	0.0759	0.010
1.255	0.0759	-0.003
1.256	0.0759	-0.013
1.257	0.0759	-0.017
1.258	0.0759	-0.016
1.259	0.0759	-0.012
1.26	0.0759	-0.007
1.261	0.0759	-0.003
1.262	0.0759	0.002
1.263	0.0633	0.003
1.264	0.0381	0.003
1.265	0.0381	-0.001
1.266	0.0381	-0.006
1.267	0.0381	-0.011
1.268	0.0381	-0.017
1.269	0.0381	-0.020
1.27	0.0381	-0.025
1.271	0.0381	-0.027
1.272	0.0381	-0.027
1.273	0.0381	-0.025
1.274	0.0381	-0.019
1.275	0.0381	-0.013
1.276	0.0381	-0.006
1.277	0.0381	0.002
1.278	0.0381	0.007
1.279	0.0381	0.011
1.28	0.0381	0.013
1.281	0.0381	0.011
1.282	0.0381	0.006
1.283	0.0381	0.001
1.284	0.0381	-0.005
1.285	0.0381	-0.012
1.286	0.0381	-0.016
1.287	0.0381	-0.022
1.288	0.0381	-0.025
1.289	0.0381	-0.024
1.29	0.0381	-0.021
1.291	0.0381	-0.016
1.292	0.0381	-0.008
1.293	0.0381	-0.001
1.294	0.0381	0.005
1.295	0.0381	0.011
1.296	0.0383	0.014
1.297	0.0388	0.014
1.298	0.0388	0.011
1.299	0.0388	0.004
1.3	0.0388	-0.002
1.301	0.0388	-0.007
1.302	0.0388	-0.014
1.303	0.0388	-0.019
1.304	0.0388	-0.023
1.305	0.0388	-0.024
1.306	0.0388	-0.024
1.307	0.0388	-0.020
1.308	0.0388	-0.014
1.309	0.0388	-0.007
1.31	0.0388	0.001
1.311	0.0388	0.006
1.312	0.0388	0.010
1.313	0.0382	0.013
1.314	0.0372	0.012
1.315	0.0372	0.007
1.316	0.0372	0.002
1.317	0.0372	-0.004
1.318	0.0372	-0.010
1.319	0.0372	-0.016
1.32	0.0372	-0.021
1.321	0.0372	-0.024
1.322	0.0372	-0.024
1.323	0.0372	-0.021
1.324	0.0372	-0.016
1.325	0.0372	-0.010
1.326	0.0372	-0.003
1.327	0.0372	0.002
1.328	0.0372	0.007
1.329	0.0366	0.011
1.33	0.0353	0.010
1.331	0.0353	0.009
1.332	0.0353	0.003
1.333	0.0353	-0.002
1.334	0.0353	-0.007
1.335	0.0353	-0.014
1.336	0.0353	-0.019
1.337	0.0353	-0.023
1.338	0.0353	-0.024
1.339	0.0353	-0.024
1.34	0.0353	-0.021
1.341	0.0353	-0.015
1.342	0.0353	-0.010
1.343	0.0353	-0.003
1.344	0.0353	0.003
1.345	0.0353	0.008
1.346	0.0353	0.011
1.347	0.0489	0.012
1.348	0.0759	0.008
1.349	0.0759	0.003
1.35	0.0759	-0.003
1.351	0.0759	-0.011
1.352	0.0759	-0.016
1.353	0.0759	-0.020
1.354	0.0759	-0.024
1.355	0.0759	-0.027
1.356	0.0759	-0.027
1.357	0.0759	-0.023
1.358	0.0759	-0.019
1.359	0.0759	-0.011
1.36	0.0759	0.001
1.361	0.0759	0.015
1.362	0.0759	0.028
1.363	0.0759	0.038
1.364	0.0759	0.049
1.365	0.0702	0.055
1.366	0.0587	0.052
1.367	0.0587	0.045
1.368	0.0587	0.038
1.369	0.0587	0.031
1.37	0.0587	0.026
1.371	0.0587	0.019
1.372	0.0587	0.010
1.373	0.0587	-0.000
1.374	0.0587	-0.004
1.375	0.0587	-0.003
1.376	0.0587	-0.001
1.377	0.0587	0.003
1.378	0.0587	0.006
1.379	0.0528	0.008
1.38	0.0409	0.007
1.381	0.0409	0.005
1.382	0.0409	-0.002
1.383	0.0409	-0.007
1.384	0.0409	-0.014
1.385	0.0409	-0.021
1.386	0.0409	-0.025
1.387	0.0409	-0.029
1.388	0.0409	-0.033
1.389	0.0409	-0.032
1.39	0.0409	-0.027
1.391	0.0409	-0.021
1.392	0.0409	-0.015
1.393	0.0409	-0.008
1.394	0.0409	-0.003
1.395	0.0409	0.003
1.396	0.0409	0.007
1.397	0.0392	0.008
1.398	0.0356	0.006
1.399	0.0356	0.003
1.4	0.0356	-0.003
1.401	0.0356	-0.010
1.402	0.0356	-0.016
1.403	0.0356	-0.021
1.404	0.0356	-0.024
1.405	0.0356	-0.024
1.406	0.0356	-0.023
1.407	0.0356	-0.019
1.408	0.0356	-0.013
1.409	0.0356	-0.007
1.41	0.0356	-0.000
1.411	0.0356	0.006
1.412	0.0356	0.011
1.413	0.0357	0.013
1.414	0.0359	0.013
1.415	0.0359	0.010
1.416	0.0359	0.005
1.417	0.0359	-0.002
1.418	0.0359	-0.008
1.419	0.0359	-0.015
1.42	0.0359	-0.018
1.421	0.0359	-0.022
1.422	0.0359	-0.022
1.423	0.0359	-0.020
1.424	0.0359	-0.014
1.425	0.0359	-0.009
1.426	0.0359	-0.002
1.427	0.0359	0.004
1.428	0.0359	0.008
1.429	0.0359	0.013
1.43	0.0373	0.014
1.431	0.0400	0.011
1.432	0.0400	0.007
1.433	0.0400	0.000
1.434	0.0400	-0.007
1.435	0.0400	-0.013
1.436	0.0400	-0.019
1.437	0.0400	-0.024
1.438	0.0400	-0.026
1.439	0.0400	-0.025
1.44	0.0400	-0.022
1.441	0.0400	-0.018
1.442	0.0400	-0.011
1.443	0.0400	-0.003
1.444	0.0400	0.005
1.445	0.0400	0.010
1.446	0.0400	0.013
1.447	0.0396	0.015
1.448	0.0388	0.012
1.449	0.0388	0.006
1.45	0.0388	-0.000
1.451	0.0388	-0.007
1.452	0.0388	-0.013
1.453	0.0388	-0.018
1.454	0.0388	-0.022
1.455	0.0388	-0.024
1.456	0.0388	-0.023
1.457	0.0388	-0.019
1.458	0.0388	-0.013
1.459	0.0388	-0.006
1.46	0.0388	-0.000
1.461	0.0388	0.005
1.462	0.0388	0.010
1.463	0.0383	0.013
1.464	0.0375	0.011
1.465	0.0375	0.008
1.466	0.0375	0.002
1.467	0.0375	-0.004
1.468	0.0375	-0.012
1.469	0.0375	-0.016
1.47	0.0375	-0.021
1.471	0.0375	-0.025
1.472	0.0375	-0.025
1.473	0.0375	-0.023
1.474	0.0375	-0.018
1.475	0.0375	-0.013
1.476	0.0375	-0.004
1.477	0.0375	0.002
1.478	0.0375	0.007
1.479	0.0375	0.013
1.48	0.0372	0.013
1.481	0.0366	0.013
1.482	0.0366	0.008
1.483	0.0366	0.002
1.484	0.0366	-0.005
1.485	0.0366	-0.010
1.486	0.0366	-0.016
1.487	0.0366	-0.021
1.488	0.0366	-0.023
1.489	0.0366	-0.023
1.49	0.0366	-0.019
1.491	0.0366	-0.013
1.492	0.0366	-0.008
1.493	0.0366	-0.002
1.494	0.0366	0.004
1.495	0.0366	0.008
1.496	0.0475	0.011
1.497	0.0694	0.010
1.498	0.0694	0.008
1.499	0.0694	0.003
1.5	0.0694	-0.002
1.501	0.0694	-0.009
1.502	0.0694	-0.016
1.503	0.0694	-0.021
1.504	0.0694	-0.025
1.505	0.0694	-0.028
1.506	0.0694	-0.023
1.507	0.0694	-0.015
1.508	0.0694	-0.001
1.509	0.0694	0.017
1.51	0.0694	0.033
1.511	0.0694	0.042
1.512	0.0690	0.045
1.513	0.0681	0.044
1.514	0.0681	0.044
1.515	0.0681	0.042
1.516	0.0681	0.038
1.517	0.0681	0.034
1.518	0.0681	0.022
1.519	0.0681	0.004
1.52	0.0681	-0.011
1.521	0.0681	-0.020
1.522	0.0681	-0.022
1.523	0.0681	-0.023
1.524	0.0681	-0.018
1.525	0.0681	-0.012
1.526	0.0681	-0.004
1.527	0.0681	0.005
1.528	0.0681	0.012
1.529	0.0681	0.017
1.53	0.0669	0.018
1.531	0.0644	0.016
1.532	0.0644	0.009
1.533	0.0644	0.000
1.534	0.0644	-0.009
1.535	0.0644	-0.021
1.536	0.0644	-0.028
1.537	0.0644	-0.036
1.538	0.0644	-0.041
1.539	0.0644	-0.041
1.54	0.0644	-0.037
1.541	0.0644	-0.028
1.542	0.0644	-0.017
1.543	0.0644	-0.003
1.544	0.0644	0.008
1.545	0.0644	0.018
1.546	0.0644	0.023
1.547	0.0627	0.024
1.548	0.0594	0.021
1.549	0.0594	0.014
1.55	0.0594	0.004
1.551	0.0594	-0.007
1.552	0.0594	-0.017
1.553	0.0594	-0.026
1.554	0.0594	-0.032
1.555	0.0594	-0.034
1.556	0.0594	-0.033
1.557	0.0594	-0.025
1.558	0.0594	-0.017
1.559	0.0594	-0.007
1.56	0.0594	0.004
1.561	0.0594	0.013
1.562	0.0594	0.020
1.563	0.0594	0.026
1.564	0.0601	0.026
1.565	0.0616	0.021
1.566	0.0616	0.013
1.567	0.0616	0.003
1.568	0.0616	-0.010
1.569	0.0616	-0.020
1.57	0.0616	-0.027
1.571	0.0616	-0.033
1.572	0.0616	-0.035
1.573	0.0616	-0.032
1.574	0.0616	-0.025
1.575	0.0616	-0.016
1.576	0.0616	-0.004
1.577	0.0616	0.007
1.578	0.0616	0.017
1.579	0.0616	0.023
1.58	0.0585	0.026
1.581	0.0525	0.025
1.582	0.0525	0.018
1.583	0.0525	0.008
1.584	0.0525	-0.002
1.585	0.0525	-0.011
1.586	0.0525	-0.018
1.587	0.0525	-0.024
1.588	0.0525	-0.027
1.589	0.0525	-0.027
1.59	0.0525	-0.024
1.591	0.0525	-0.018
1.592	0.0525	-0.011
1.593	0.0525	-0.004
1.594	0.0525	0.003
1.595	0.0525	0.009
1.596	0.0525	0.013
1.597	0.0474	0.013
1.598	0.0372	0.010
1.599	0.0372	0.003
1.6	0.0372	-0.003
1.601	0.0372	-0.009
1.602	0.0372	-0.015
1.603	0.0372	-0.020
1.604	0.0372	-0.023
1.605	0.0372	-0.024
1.606	0.0372	-0.022
1.607	0.0372	-0.017
1.608	0.0372	-0.012
1.609	0.0372	-0.005
1.61	0.0372	0.002
1.611	0.0372	0.006
1.612	0.0372	0.011
1.613	0.1349	0.014
1.614	0.3303	0.013
1.615	0.3303	0.009
1.616	0.3303	0.003
1.617	0.3303	-0.003
1.618	0.3303	-0.007
1.619	0.3303	-0.012
1.62	0.3303	-0.017
1.621	0.3303	-0.022
1.622	0.3303	-0.025
1.623	0.3303	-0.026
1.624	0.3303	-0.022
1.625	0.3303	-0.018
1.626	0.3303	-0.002
1.627	0.3303	0.069
1.628	0.3303	0.164
1.629	0.3303	0.258
1.63	0.3303	0.305
1.631	0.4793	0.312
1.632	0.7772	0.260
1.633	0.7772	0.156
1.634	0.7772	0.032
1.635	0.7772	-0.121
1.636	0.7772	-0.250
1.637	0.7772	-0.359
1.638	0.7772	-0.420
1.639	0.7772	-0.426
1.64	0.7772	-0.387
1.641	0.7772	-0.283
1.642	0.7772	-0.158
1.643	0.7772	-0.007
1.644	0.7772	0.141
1.645	0.7772	0.262
1.646	0.7772	0.351
1.647	0.7757	0.381
1.648	0.7728	0.370
1.649	0.7728	0.296
1.65	0.7728	0.191
1.651	0.7728	0.059
1.652	0.7728	-0.090
1.653	0.7728	-0.216
1.654	0.7728	-0.323
1.655	0.7728	-0.377
1.656	0.7728	-0.384
1.657	0.7728	-0.329
1.658	0.7728	-0.220
1.659	0.7728	-0.088
1.66	0.7728	0.069
1.661	0.7728	0.206
1.662	0.7728	0.321
1.663	0.7728	0.389
1.664	0.7823	0.403
1.665	0.8012	0.368
1.666	0.8012	0.266
1.667	0.8012	0.144
1.668	0.8012	-0.008
1.669	0.8012	-0.155
1.67	0.8012	-0.277
1.671	0.8012	-0.366
1.672	0.8012	-0.398
1.673	0.8012	-0.387
1.674	0.8012	-0.307
1.675	0.8012	-0.193
1.676	0.8012	-0.054
1.677	0.8012	0.099
1.678	0.8012	0.225
1.679	0.8012	0.328
1.68	0.8012	0.379
1.681	0.7933	0.381
1.682	0.7775	0.325
1.683	0.7775	0.217
1.684	0.7775	0.090
1.685	0.7775	-0.064
1.686	0.7775	-0.197
1.687	0.7775	-0.311
1.688	0.7775	-0.380
1.689	0.7775	-0.396
1.69	0.7775	-0.365
1.691	0.7775	-0.267
1.692	0.7775	-0.148
1.693	0.7775	0.000
1.694	0.7775	0.145
1.695	0.7775	0.266
1.696	0.7775	0.355
1.697	0.7780	0.385
1.698	0.7791	0.375
1.699	0.7791	0.296
1.7	0.7791	0.183
1.701	0.7791	0.045
1.702	0.7791	-0.107
1.703	0.7791	-0.234
1.704	0.7791	-0.337
1.705	0.7791	-0.388
1.706	0.7791	-0.394
1.707	0.7791	-0.338
1.708	0.7791	-0.232
1.709	0.7791	-0.105
1.71	0.7791	0.050
1.711	0.7791	0.185
1.712	0.7791	0.298
1.713	0.7791	0.370
1.714	0.7799	0.388
1.715	0.7816	0.356
1.716	0.7816	0.261
1.717	0.7816	0.143
1.718	0.7816	-0.007
1.719	0.7816	-0.151
1.72	0.7816	-0.271
1.721	0.7816	-0.361
1.722	0.7816	-0.394
1.723	0.7816	-0.385
1.724	0.7816	-0.307
1.725	0.7816	-0.195
1.726	0.7816	-0.058
1.727	0.7816	0.092
1.728	0.7816	0.219
1.729	0.7816	0.324
1.73	0.7816	0.377
1.731	0.6819	0.384
1.732	0.4825	0.332
1.733	0.4825	0.228
1.734	0.4825	0.103
1.735	0.4825	-0.008
1.736	0.4825	-0.066
1.737	0.4825	-0.090
1.738	0.4825	-0.099
1.739	0.4825	-0.098
1.74	0.4825	-0.091
1.741	0.4825	-0.078
1.742	0.4825	-0.067
1.743	0.4825	-0.054
1.744	0.4825	-0.042
1.745	0.4825	-0.033
1.746	0.4825	-0.026
1.747	0.4825	-0.022
1.748	0.3362	-0.019
1.749	0.0437	-0.021
1.75	0.0437	-0.023
1.751	0.0437	-0.028
1.752	0.0437	-0.033
1.753	0.0437	-0.036
1.754	0.0437	-0.038
1.755	0.0437	-0.038
1.756	0.0437	-0.037
1.757	0.0437	-0.033
1.758	0.0437	-0.026
1.759	0.0437	-0.018
1.76	0.0437	-0.009
1.761	0.0437	-0.004
1.762	0.0437	0.002
1.763	0.0437	0.005
1.764	0.0420	0.006
1.765	0.0384	0.005
1.766	0.0384	-0.001
1.767	0.0384	-0.007
1.768	0.0384	-0.013
1.769	0.0384	-0.018
1.77	0.0384	-0.024
1.771	0.0384	-0.026
1.772	0.0384	-0.028
1.773	0.0384	-0.026
1.774	0.0384	-0.021
1.775	0.0384	-0.015
1.776	0.0384	-0.007
1.777	0.0384	0.000
1.778	0.0384	0.005
1.779	0.0384	0.011
1.78	0.0378	0.013
1.781	0.0366	0.013
1.782	0.0366	0.008
1.783	0.0366	0.003
1.784	0.0366	-0.003
1.785	0.0366	-0.010
1.786	0.0366	-0.015
1.787	0.0366	-0.020
1.788	0.0366	-0.023
1.789	0.0366	-0.023
1.79	0.0366	-0.020
1.791	0.0366	-0.014
1.792	0.0366	-0.009
1.793	0.0366	-0.002
1.794	0.0366	0.004
1.795	0.0366	0.011
1.796	0.0360	0.015
1.797	0.0350	0.013
1.798	0.0350	0.013
1.799	0.0350	0.008
1.8	0.0350	0.003
1.801	0.0350	-0.003
1.802	0.0350	-0.010
1.803	0.0350	-0.016
1.804	0.0350	-0.019
1.805	0.0350	-0.020
1.806	0.0350	-0.020
1.807	0.0350	-0.015
1.808	0.0350	-0.010
1.809	0.0350	-0.004
1.81	0.0350	0.004
1.811	0.0350	0.009
1.812	0.0350	0.013
1.813	0.0350	0.013
1.814	0.0531	0.014
1.815	0.0894	0.011
1.816	0.0894	0.005
1.817	0.0894	-0.001
1.818	0.0894	-0.008
1.819	0.0894	-0.013
1.82	0.0894	-0.017
1.821	0.0894	-0.016
1.822	0.0894	-0.007
1.823	0.0894	0.006
1.824	0.0894	0.024
1.825	0.0894	0.039
1.826	0.0894	0.053
1.827	0.0894	0.063
1.828	0.0894	0.069
1.829	0.0894	0.072
1.83	0.0958	0.072
1.831	0.1088	0.067
1.832	0.1088	0.056
1.833	0.1088	0.047
1.834	0.1088	0.032
1.835	0.1088	0.013
1.836	0.1088	-0.009
1.837	0.1088	-0.027
1.838	0.1088	-0.034
1.839	0.1088	-0.036
1.84	0.1088	-0.035
1.841	0.1088	-0.029
1.842	0.1088	-0.023
1.843	0.1088	-0.017
1.844	0.1088	-0.009
1.845	0.1088	-0.004
1.846	0.1088	-0.000
1.847	0.1088	-0.000
1.848	0.0859	0.000
1.849	0.0403	-0.005
1.85	0.0403	-0.008
1.851	0.0403	-0.013
1.852	0.0403	-0.019
1.853	0.0403	-0.024
1.854	0.0403	-0.026
1.855	0.0403	-0.028
1.856	0.0403	-0.027
1.857	0.0403	-0.022
1.858	0.0403	-0.017
1.859	0.0403	-0.012
1.86	0.0403	-0.002
1.861	0.0403	0.004
1.862	0.0403	0.010
1.863	0.0403	0.012
1.864	0.0391	0.013
1.865	0.0366	0.011
1.866	0.0366	0.006
1.867	0.0366	0.000
1.868	0.0366	-0.006
1.869	0.0366	-0.011
1.87	0.0366	-0.016
1.871	0.0366	-0.020
1.872	0.0366	-0.021
1.873	0.0366	-0.019
1.874	0.0366	-0.015
1.875	0.0366	-0.008
1.876	0.0366	-0.002
1.877	0.0366	0.005
1.878	0.0366	0.012
1.879	0.0366	0.016
1.88	0.0369	0.017
1.881	0.0375	0.016
1.882	0.0375	0.012
1.883	0.0375	0.006
1.884	0.0375	-0.000
1.885	0.0375	-0.007
1.886	0.0375	-0.013
1.887	0.0375	-0.018
1.888	0.0375	-0.021
1.889	0.0375	-0.021
1.89	0.0375	-0.018
1.891	0.0375	-0.013
1.892	0.0375	-0.007
1.893	0.0375	0.000
1.894	0.0375	0.006
1.895	0.0375	0.009
1.896	0.0375	0.013
1.897	0.0375	0.015
1.898	0.0375	0.013
1.899	0.0375	0.007
1.9	0.0375	0.002
1.901	0.0375	-0.004
1.902	0.0375	-0.010
1.903	0.0375	-0.015
1.904	0.0375	-0.021
1.905	0.0375	-0.022
1.906	0.0375	-0.022
1.907	0.0375	-0.019
1.908	0.0375	-0.014
1.909	0.0375	-0.008
1.91	0.0375	0.000
1.911	0.0375	0.004
1.912	0.0375	0.010
1.913	0.0375	0.013
1.914	0.0362	0.013
1.915	0.0338	0.011
1.916	0.0338	0.006
1.917	0.0338	-0.001
1.918	0.0338	-0.007
1.919	0.0338	-0.013
1.92	0.0338	-0.017
1.921	0.0338	-0.020
1.922	0.0338	-0.021
1.923	0.0338	-0.020
1.924	0.0338	-0.015
1.925	0.0338	-0.011
1.926	0.0338	-0.004
1.927	0.0338	0.003
1.928	0.0338	0.008
1.929	0.0338	0.012
1.93	0.0338	0.014
1.931	0.0338	0.013
1.932	0.0338	0.009
1.933	0.0338	0.004
1.934	0.0338	-0.001
1.935	0.0338	-0.008
1.936	0.0338	-0.013
1.937	0.0338	-0.016
1.938	0.0338	-0.018
1.939	0.0338	-0.019
1.94	0.0338	-0.017
1.941	0.0338	-0.013
1.942	0.0338	-0.007
1.943	0.0338	-0.001
1.944	0.0338	0.005
1.945	0.0338	0.011
1.946	0.0352	0.013
1.947	0.0381	0.013
1.948	0.0381	0.013
1.949	0.0381	0.008
1.95	0.0381	0.003
1.951	0.0381	-0.003
1.952	0.0381	-0.010
1.953	0.0381	-0.015
1.954	0.0381	-0.020
1.955	0.0381	-0.020
1.956	0.0381	-0.022
1.957	0.0381	-0.017
1.958	0.0381	-0.011
1.959	0.0381	-0.005
1.96	0.0381	0.003
1.961	0.0381	0.009
1.962	0.0381	0.013
1.963	0.0381	0.017
1.964	0.0373	0.017
1.965	0.0356	0.014
1.966	0.0356	0.008
1.967	0.0356	0.003
1.968	0.0356	-0.005
1.969	0.0356	-0.011
1.97	0.0356	-0.015
1.971	0.0356	-0.018
1.972	0.0356	-0.019
1.973	0.0356	-0.018
1.974	0.0356	-0.015
1.975	0.0356	-0.009
1.976	0.0356	-0.002
1.977	0.0356	0.006
1.978	0.0356	0.010
1.979	0.0356	0.016
1.98	0.0537	0.016
1.981	0.0900	0.015
1.982	0.0900	0.012
1.983	0.0900	0.006
1.984	0.0900	-0.001
1.985	0.0900	-0.007
1.986	0.0900	-0.012
1.987	0.0900	-0.016
1.988	0.0900	-0.018
1.989	0.0900	-0.018
1.99	0.0900	-0.016
1.991	0.0900	-0.005
1.992	0.0900	0.010
1.993	0.0900	0.028
1.994	0.0900	0.048
1.995	0.0900	0.062
1.996	0.0900	0.072
1.997	0.0907	0.072
1.998	0.0922	0.071
1.999	0.0922	0.064
2	0.0922	0.058
2.001	0.0922	0.046
2.002	0.0922	0.035
2.003	0.0922	0.026
2.004	0.0922	0.014
2.005	0.0922	-0.000
2.006	0.0922	-0.015
2.007	0.0922	-0.020
2.008	0.0922	-0.018
2.009	0.0922	-0.014
2.01	0.0922	-0.007
2.011	0.0922	-0.003
2.012	0.0922	0.002
2.013	0.0753	0.005
2.014	0.0416	0.005
2.015	0.0416	0.002
2.016	0.0416	-0.003
2.017	0.0416	-0.009
2.018	0.0416	-0.016
2.019	0.0416	-0.021
2.02	0.0416	-0.026
2.021	0.0416	-0.028
2.022	0.0416	-0.028
2.023	0.0416	-0.026
2.024	0.0416	-0.021
2.025	0.0416	-0.014
2.026	0.0416	-0.008
2.027	0.0416	-0.000
2.028	0.0416	0.006
2.029	0.0416	0.011
2.03	0.0416	0.013
2.031	0.0389	0.015
2.032	0.0334	0.011
2.033	0.0334	0.007
2.034	0.0334	0.001
2.035	0.0334	-0.007
2.036	0.0334	-0.012
2.037	0.0334	-0.015
2.038	0.0334	-0.018
2.039	0.0334	-0.018
2.04	0.0334	-0.015
2.041	0.0334	-0.011
2.042	0.0334	-0.006
2.043	0.0334	0.001
2.044	0.0334	0.007
2.045	0.0334	0.012
2.046	0.0334	0.015
2.047	0.0345	0.016
2.048	0.0366	0.015
2.049	0.0366	0.011
2.05	0.0366	0.005
2.051	0.0366	-0.003
2.052	0.0366	-0.009
2.053	0.0366	-0.013
2.054	0.0366	-0.020
2.055	0.0366	-0.020
2.056	0.0366	-0.019
2.057	0.0366	-0.016
2.058	0.0366	-0.012
2.059	0.0366	-0.006
2.06	0.0366	0.001
2.061	0.0366	0.007
2.062	0.0366	0.012
2.063	0.0366	0.015
2.064	0.0359	0.016
2.065	0.0347	0.013
2.066	0.0347	0.007
2.067	0.0347	0.003
2.068	0.0347	-0.004
2.069	0.0347	-0.010
2.07	0.0347	-0.015
2.071	0.0347	-0.018
2.072	0.0347	-0.019
2.073	0.0347	-0.017
2.074	0.0347	-0.012
2.075	0.0347	-0.006
2.076	0.0347	0.000
2.077	0.0347	0.007
2.078	0.0347	0.011
2.079	0.0347	0.014
2.08	0.0447	0.016
2.081	0.0647	0.015
2.082	0.0647	0.012
2.083	0.0647	0.005
2.084	0.0647	-0.001
2.085	0.0647	-0.008
2.086	0.0647	-0.014
2.087	0.0647	-0.018
2.088	0.0647	-0.021
2.089	0.0647	-0.021
2.09	0.0647	-0.018
2.091	0.0647	-0.010
2.092	0.0647	0.002
2.093	0.0647	0.017
2.094	0.0647	0.032
2.095	0.0647	0.043
2.096	0.0617	0.052
2.097	0.0556	0.052
2.098	0.0556	0.047
2.099	0.0556	0.037
2.1	0.0556	0.032
2.101	0.0556	0.026
2.102	0.0556	0.026
2.103	0.0556	0.019
2.104	0.0556	0.007
2.105	0.0556	-0.001
2.106	0.0556	-0.004
2.107	0.0556	-0.002
2.108	0.0556	0.001
2.109	0.0556	0.004
2.11	0.0556	0.008
2.111	0.0556	0.011
2.112	0.0556	0.014
2.113	0.0508	0.014
2.114	0.0413	0.013
2.115	0.0413	0.008
2.116	0.0413	0.002
2.117	0.0413	-0.004
2.118	0.0413	-0.011
2.119	0.0413	-0.017
2.12	0.0413	-0.023
2.121	0.0413	-0.026
2.122	0.0413	-0.027
2.123	0.0413	-0.025
2.124	0.0413	-0.018
2.125	0.0413	-0.010
2.126	0.0413	-0.004
2.127	0.0413	0.003
2.128	0.0413	0.009
2.129	0.0413	0.013
2.13	0.0413	0.014
2.131	0.0399	0.015
2.132	0.0372	0.010
2.133	0.0372	0.004
2.134	0.0372	-0.001
2.135	0.0372	-0.006
2.136	0.0372	-0.012
2.137	0.0372	-0.015
2.138	0.0372	-0.017
2.139	0.0372	-0.019
2.14	0.0372	-0.017
2.141	0.0372	-0.011
2.142	0.0372	-0.006
2.143	0.0372	0.003
2.144	0.0372	0.010
2.145	0.0372	0.015
2.146	0.0372	0.018
2.147	0.0364	0.020
2.148	0.0347	0.018
2.149	0.0347	0.014
2.15	0.0347	0.009
2.151	0.0347	0.003
2.152	0.0347	-0.004
2.153	0.0347	-0.009
2.154	0.0347	-0.013
2.155	0.0347	-0.015
2.156	0.0347	-0.015
2.157	0.0347	-0.011
2.158	0.0347	-0.005
2.159	0.0347	0.001
2.16	0.0347	0.007
2.161	0.0347	0.012
2.162	0.0347	0.017
2.163	0.0390	0.019
2.164	0.0475	0.018
2.165	0.0475	0.016
2.166	0.0475	0.011
2.167	0.0475	0.005
2.168	0.0475	0.000
2.169	0.0475	-0.006
2.17	0.0475	-0.014
2.171	0.0475	-0.021
2.172	0.0475	-0.024
2.173	0.0475	-0.027
2.174	0.0475	-0.027
2.175	0.0475	-0.024
2.176	0.0475	-0.018
2.177	0.0475	-0.007
2.178	0.0475	0.005
2.179	0.0475	0.015
2.18	0.0475	0.021
2.181	0.0434	0.025
2.182	0.0353	0.022
2.183	0.0353	0.018
2.184	0.0353	0.013
2.185	0.0353	0.006
2.186	0.0353	0.000
2.187	0.0353	-0.006
2.188	0.0353	-0.010
2.189	0.0353	-0.011
2.19	0.0353	-0.009
2.191	0.0353	-0.004
2.192	0.0353	0.002
2.193	0.0353	0.009
2.194	0.0353	0.014
2.195	0.0353	0.019
2.196	0.0353	0.021
2.197	0.0358	0.022
2.198	0.0369	0.019
2.199	0.0369	0.014
2.2	0.0369	0.007
2.201	0.0369	0.001
2.202	0.0369	-0.005
2.203	0.0369	-0.010
2.204	0.0369	-0.014
2.205	0.0369	-0.015
2.206	0.0369	-0.015
2.207	0.0369	-0.011
2.208	0.0369	-0.004
2.209	0.0369	0.001
2.21	0.0369	0.007
2.211	0.0369	0.014
2.212	0.0369	0.019
2.213	0.0591	0.020
2.214	0.1034	0.017
2.215	0.1034	0.007
2.216	0.1034	-0.010
2.217	0.1034	-0.024
2.218	0.1034	-0.035
2.219	0.1034	-0.044
2.22	0.1034	-0.049
2.221	0.1034	-0.047
2.222	0.1034	-0.042
2.223	0.1034	-0.042
2.224	0.1034	-0.035
2.225	0.1034	-0.030
2.226	0.1034	-0.017
2.227	0.1034	0.000
2.228	0.1034	0.020
2.229	0.1034	0.040
2.23	0.1034	0.055
2.231	0.0868	0.062
2.232	0.0534	0.061
2.233	0.0534	0.056
2.234	0.0534	0.047
2.235	0.0534	0.037
2.236	0.0534	0.029
2.237	0.0534	0.020
2.238	0.0534	0.014
2.239	0.0534	0.009
2.24	0.0534	0.008
2.241	0.0534	0.013
2.242	0.0534	0.017
2.243	0.0534	0.021
2.244	0.0534	0.025
2.245	0.0534	0.029
2.246	0.0534	0.032
2.247	0.0491	0.033
2.248	0.0403	0.032
2.249	0.0403	0.024
2.25	0.0403	0.018
2.251	0.0403	0.012
2.252	0.0403	0.005
2.253	0.0403	-0.000
2.254	0.0403	-0.005
2.255	0.0403	-0.007
2.256	0.0403	-0.008
2.257	0.0403	-0.005
2.258	0.0403	-0.001
2.259	0.0403	0.006
2.26	0.0403	0.013
2.261	0.0403	0.018
2.262	0.0403	0.025
2.263	0.0401	0.026
2.264	0.0397	0.026
2.265	0.0397	0.022
2.266	0.0397	0.018
2.267	0.0397	0.011
2.268	0.0397	0.003
2.269	0.0397	-0.003
2.27	0.0397	-0.009
2.271	0.0397	-0.013
2.272	0.0397	-0.013
2.273	0.0397	-0.013
2.274	0.0397	-0.008
2.275	0.0397	-0.004
2.276	0.0397	0.002
2.277	0.0397	0.008
2.278	0.0397	0.013
2.279	0.0397	0.017
2.28	0.0401	0.018
2.281	0.0409	0.017
2.282	0.0409	0.012
2.283	0.0409	0.005
2.284	0.0409	0.000
2.285	0.0409	-0.007
2.286	0.0409	-0.014
2.287	0.0409	-0.019
2.288	0.0409	-0.022
2.289	0.0409	-0.022
2.29	0.0409	-0.020
2.291	0.0409	-0.015
2.292	0.0409	-0.010
2.293	0.0409	-0.002
2.294	0.0409	0.005
2.295	0.0409	0.010
2.296	0.0393	0.014
2.297	0.0359	0.014
2.298	0.0359	0.013
2.299	0.0359	0.006
2.3	0.0359	0.002
2.301	0.0359	-0.006
2.302	0.0359	-0.012
2.303	0.0359	-0.016
2.304	0.0359	-0.021
2.305	0.0359	-0.022
2.306	0.0359	-0.022
2.307	0.0359	-0.018
2.308	0.0359	-0.014
2.309	0.0359	-0.007
2.31	0.0359	0.000
2.311	0.0359	0.006
2.312	0.0359	0.013
2.313	0.0359	0.014
2.314	0.0518	0.015
2.315	0.0834	0.013
2.316	0.0834	0.007
2.317	0.0834	0.001
2.318	0.0834	-0.006
2.319	0.0834	-0.014
2.32	0.0834	-0.019
2.321	0.0834	-0.022
2.322	0.0834	-0.020
2.323	0.0834	-0.013
2.324	0.0834	0.002
2.325	0.0834	0.016
2.326	0.0834	0.031
2.327	0.0834	0.042
2.328	0.0834	0.045
2.329	0.0834	0.047
2.33	0.0834	0.054
2.331	0.0834	0.062
2.332	0.0806	0.063
2.333	0.0750	0.058
2.334	0.0750	0.046
2.335	0.0750	0.028
2.336	0.0750	0.012
2.337	0.0750	-0.000
2.338	0.0750	-0.007
2.339	0.0750	-0.011
2.34	0.0750	-0.012
2.341	0.0750	-0.011
2.342	0.0750	-0.007
2.343	0.0750	-0.004
2.344	0.0750	-0.000
2.345	0.0750	0.004
2.346	0.0644	0.007
2.347	0.0431	0.006
2.348	0.0431	0.004
2.349	0.0431	-0.004
2.35	0.0431	-0.013
2.351	0.0431	-0.018
2.352	0.0431	-0.023
2.353	0.0431	-0.028
2.354	0.0431	-0.033
2.355	0.0431	-0.033
2.356	0.0431	-0.032
2.357	0.0431	-0.028
2.358	0.0431	-0.020
2.359	0.0431	-0.013
2.36	0.0431	-0.004
2.361	0.0431	0.003
2.362	0.0431	0.007
2.363	0.0431	0.010
2.364	0.0412	0.012
2.365	0.0375	0.010
2.366	0.0375	0.005
2.367	0.0375	-0.001
2.368	0.0375	-0.007
2.369	0.0375	-0.012
2.37	0.0375	-0.016
2.371	0.0375	-0.020
2.372	0.0375	-0.020
2.373	0.0375	-0.018
2.374	0.0375	-0.013
2.375	0.0375	-0.007
2.376	0.0375	0.000
2.377	0.0375	0.005
2.378	0.0375	0.011
2.379	0.0375	0.016
2.38	0.0375	0.018
2.381	0.0369	0.019
2.382	0.0356	0.015
2.383	0.0356	0.008
2.384	0.0356	0.003
2.385	0.0356	-0.003
2.386	0.0356	-0.007
2.387	0.0356	-0.013
2.388	0.0356	-0.015
2.389	0.0356	-0.015
2.39	0.0356	-0.014
2.391	0.0356	-0.008
2.392	0.0356	-0.004
2.393	0.0356	0.003
2.394	0.0356	0.011
2.395	0.0356	0.017
2.396	0.0356	0.020
2.397	0.0358	0.022
2.398	0.0362	0.020
2.399	0.0362	0.015
2.4	0.0362	0.010
2.401	0.0362	0.003
2.402	0.0362	-0.005
2.403	0.0362	-0.010
2.404	0.0362	-0.014
2.405	0.0362	-0.014
2.406	0.0362	-0.014
2.407	0.0362	-0.008
2.408	0.0362	-0.001
2.409	0.0362	0.004
2.41	0.0362	0.011
2.411	0.0362	0.017
2.412	0.0362	0.022
2.413	0.0427	0.023
2.414	0.0556	0.022
2.415	0.0556	0.018
2.416	0.0556	0.014
2.417	0.0556	0.007
2.418	0.0556	0.002
2.419	0.0556	0.003
2.42	0.0556	0.005
2.421	0.0556	0.011
2.422	0.0556	0.017
2.423	0.0556	0.021
2.424	0.0556	0.025
2.425	0.0556	0.027
2.426	0.0556	0.029
2.427	0.0556	0.037
2.428	0.0556	0.047
2.429	0.0556	0.058
2.43	0.0621	0.058
2.431	0.0750	0.051
2.432	0.0750	0.041
2.433	0.0750	0.032
2.434	0.0750	0.024
2.435	0.0750	0.013
2.436	0.0750	0.003
2.437	0.0750	-0.005
2.438	0.0750	-0.012
2.439	0.0750	-0.017
2.44	0.0750	-0.017
2.441	0.0750	-0.014
2.442	0.0750	-0.011
2.443	0.0750	-0.003
2.444	0.0750	0.003
2.445	0.0750	0.007
2.446	0.0630	0.011
2.447	0.0391	0.010
2.448	0.0391	0.009
2.449	0.0391	0.005
2.45	0.0391	0.000
2.451	0.0391	-0.007
2.452	0.0391	-0.012
2.453	0.0391	-0.017
2.454	0.0391	-0.020
2.455	0.0391	-0.022
2.456	0.0391	-0.022
2.457	0.0391	-0.018
2.458	0.0391	-0.012
2.459	0.0391	-0.004
2.46	0.0391	0.003
2.461	0.0391	0.008
2.462	0.0391	0.015
2.463	0.0391	0.017
2.464	0.0433	0.018
2.465	0.0519	0.017
2.466	0.0519	0.011
2.467	0.0519	0.006
2.468	0.0519	-0.000
2.469	0.0519	-0.010
2.47	0.0519	-0.018
2.471	0.0519	-0.025
2.472	0.0519	-0.029
2.473	0.0519	-0.028
2.474	0.0519	-0.019
2.475	0.0519	-0.009
2.476	0.0519	0.002
2.477	0.0519	0.014
2.478	0.0519	0.023
2.479	0.0597	0.028
2.48	0.0753	0.028
2.481	0.0753	0.024
2.482	0.0753	0.015
2.483	0.0753	0.003
2.484	0.0753	-0.011
2.485	0.0753	-0.024
2.486	0.0753	-0.034
2.487	0.0753	-0.043
2.488	0.0753	-0.047
2.489	0.0753	-0.046
2.49	0.0753	-0.040
2.491	0.0753	-0.031
2.492	0.0753	-0.020
2.493	0.0753	-0.004
2.494	0.0753	0.008
2.495	0.0753	0.018
2.496	0.0753	0.027
2.497	0.0733	0.029
2.498	0.0694	0.028
2.499	0.0694	0.021
2.5	0.0694	0.011
2.501	0.0694	0.000
2.502	0.0694	-0.013
2.503	0.0694	-0.024
2.504	0.0694	-0.032
2.505	0.0694	-0.035
2.506	0.0694	-0.035
2.507	0.0694	-0.028
2.508	0.0694	-0.018
2.509	0.0694	-0.008
2.51	0.0694	0.006
2.511	0.0694	0.018
2.512	0.0694	0.028
2.513	0.0694	0.034
2.514	0.0751	0.035
2.515	0.0866	0.032
2.516	0.0866	0.022
2.517	0.0866	0.013
2.518	0.0866	-0.001
2.519	0.0866	-0.014
2.52	0.0866	-0.026
2.521	0.0866	-0.037
2.522	0.0866	-0.039
2.523	0.0866	-0.037
2.524	0.0866	-0.028
2.525	0.0866	-0.016
2.526	0.0866	0.001
2.527	0.0866	0.017
2.528	0.0866	0.031
2.529	0.0866	0.044
2.53	0.0866	0.048
2.531	0.0869	0.049
2.532	0.0875	0.043
2.533	0.0875	0.030
2.534	0.0875	0.015
2.535	0.0875	-0.001
2.536	0.0875	-0.017
2.537	0.0875	-0.029
2.538	0.0875	-0.036
2.539	0.0875	-0.038
2.54	0.0875	-0.034
2.541	0.0875	-0.023
2.542	0.0875	-0.010
2.543	0.0875	0.007
2.544	0.0875	0.024
2.545	0.0875	0.038
2.546	0.0875	0.048
2.547	0.0899	0.053
2.548	0.0947	0.049
2.549	0.0947	0.040
2.55	0.0947	0.028
2.551	0.0947	0.014
2.552	0.0947	-0.004
2.553	0.0947	-0.018
2.554	0.0947	-0.030
2.555	0.0947	-0.040
2.556	0.0947	-0.042
2.557	0.0947	-0.037
2.558	0.0947	-0.026
2.559	0.0947	-0.012
2.56	0.0947	0.005
2.561	0.0947	0.019
2.562	0.0947	0.034
2.563	0.0947	0.044
2.564	0.0883	0.047
2.565	0.0756	0.044
2.566	0.0756	0.033
2.567	0.0756	0.023
2.568	0.0756	0.011
2.569	0.0756	0.004
2.57	0.0756	0.002
2.571	0.0756	-0.001
2.572	0.0756	-0.002
2.573	0.0756	0.002
2.574	0.0756	0.014
2.575	0.0756	0.032
2.576	0.0756	0.052
2.577	0.0756	0.074
2.578	0.0830	0.084
2.579	0.0978	0.083
2.58	0.0978	0.077
2.581	0.0978	0.071
2.582	0.0978	0.060
2.583	0.0978	0.046
2.584	0.0978	0.034
2.585	0.0978	0.017
2.586	0.0978	0.007
2.587	0.0978	-0.002
2.588	0.0978	-0.011
2.589	0.0978	-0.014
2.59	0.0978	-0.014
2.591	0.0978	-0.010
2.592	0.0978	-0.004
2.593	0.0978	0.003
2.594	0.0978	0.009
2.595	0.0978	0.014
2.596	0.0978	0.018
2.597	0.0776	0.019
2.598	0.0372	0.018
2.599	0.0372	0.014
2.6	0.0372	0.008
2.601	0.0372	0.003
2.602	0.0372	-0.003
2.603	0.0372	-0.007
2.604	0.0372	-0.012
2.605	0.0372	-0.013
2.606	0.0372	-0.013
2.607	0.0372	-0.010
2.608	0.0372	-0.003
2.609	0.0372	0.003
2.61	0.0372	0.009
2.611	0.0372	0.017
2.612	0.0372	0.021
2.613	0.0372	0.024
2.614	0.0370	0.026
2.615	0.0366	0.024
2.616	0.0366	0.018
2.617	0.0366	0.013
2.618	0.0366	0.007
2.619	0.0366	-0.000
2.62	0.0366	-0.004
2.621	0.0366	-0.008
2.622	0.0366	-0.010
2.623	0.0366	-0.009
2.624	0.0366	-0.004
2.625	0.0366	0.002
2.626	0.0366	0.008
2.627	0.0366	0.015
2.628	0.0366	0.021
2.629	0.0366	0.025
2.63	0.0370	0.026
2.631	0.0378	0.025
2.632	0.0378	0.022
2.633	0.0378	0.017
2.634	0.0378	0.009
2.635	0.0378	0.003
2.636	0.0378	-0.003
2.637	0.0378	-0.008
2.638	0.0378	-0.011
2.639	0.0378	-0.012
2.64	0.0378	-0.009
2.641	0.0378	-0.004
2.642	0.0378	0.002
2.643	0.0378	0.008
2.644	0.0378	0.015
2.645	0.0378	0.020
2.646	0.0378	0.023
2.647	0.0379	0.025
2.648	0.0381	0.024
2.649	0.0381	0.017
2.65	0.0381	0.011
2.651	0.0381	0.004
2.652	0.0381	-0.003
2.653	0.0381	-0.007
2.654	0.0381	-0.012
2.655	0.0381	-0.013
2.656	0.0381	-0.013
2.657	0.0381	-0.009
2.658	0.0381	-0.004
2.659	0.0381	0.004
2.66	0.0381	0.011
2.661	0.0381	0.016
2.662	0.0381	0.022
2.663	0.0381	0.025
2.664	0.0380	0.025
2.665	0.0378	0.023
2.666	0.0378	0.017
2.667	0.0378	0.011
2.668	0.0378	0.003
2.669	0.0378	-0.003
2.67	0.0378	-0.007
2.671	0.0378	-0.011
2.672	0.0378	-0.012
2.673	0.0378	-0.011
2.674	0.0378	-0.007
2.675	0.0378	-0.002
2.676	0.0378	0.006
2.677	0.0378	0.013
2.678	0.0378	0.019
2.679	0.0378	0.026
2.68	0.0378	0.026
2.681	0.0370	0.027
2.682	0.0353	0.023
2.683	0.0353	0.017
2.684	0.0353	0.012
2.685	0.0353	0.004
2.686	0.0353	-0.001
2.687	0.0353	-0.006
2.688	0.0353	-0.008
2.689	0.0353	-0.008
2.69	0.0353	-0.007
2.691	0.0353	-0.002
2.692	0.0353	0.004
2.693	0.0353	0.011
2.694	0.0353	0.018
2.695	0.0353	0.022
2.696	0.0351	0.027
2.697	0.0347	0.026
2.698	0.0347	0.024
2.699	0.0347	0.019
2.7	0.0347	0.014
2.701	0.0347	0.009
2.702	0.0347	0.003
2.703	0.0347	-0.002
2.704	0.0347	-0.007
2.705	0.0347	-0.007
2.706	0.0347	-0.008
2.707	0.0347	-0.005
2.708	0.0347	0.001
2.709	0.0347	0.007
2.71	0.0347	0.013
2.711	0.0347	0.018
2.712	0.0347	0.023
2.713	0.0474	0.027
2.714	0.0728	0.027
2.715	0.0728	0.024
2.716	0.0728	0.019
2.717	0.0728	0.013
2.718	0.0728	0.006
2.719	0.0728	0.001
2.72	0.0728	-0.005
2.721	0.0728	-0.009
2.722	0.0728	-0.010
2.723	0.0728	-0.010
2.724	0.0728	-0.007
2.725	0.0728	-0.001
2.726	0.0728	0.007
2.727	0.0728	0.019
2.728	0.0728	0.035
2.729	0.0728	0.050
2.73	0.0728	0.063
2.731	0.0655	0.067
2.732	0.0509	0.061
2.733	0.0509	0.052
2.734	0.0509	0.045
2.735	0.0509	0.038
2.736	0.0509	0.038
2.737	0.0509	0.039
2.738	0.0509	0.034
2.739	0.0509	0.022
2.74	0.0509	0.016
2.741	0.0509	0.018
2.742	0.0509	0.020
2.743	0.0509	0.024
2.744	0.0509	0.027
2.745	0.0484	0.028
2.746	0.0434	0.028
2.747	0.0434	0.027
2.748	0.0434	0.025
2.749	0.0434	0.018
2.75	0.0434	0.010
2.751	0.0434	0.003
2.752	0.0434	-0.004
2.753	0.0434	-0.009
2.754	0.0434	-0.013
2.755	0.0434	-0.014
2.756	0.0434	-0.015
2.757	0.0434	-0.012
2.758	0.0434	-0.006
2.759	0.0434	-0.001
2.76	0.0434	0.007
2.761	0.0434	0.013
2.762	0.0434	0.021
2.763	0.0434	0.022
2.764	0.0408	0.023
2.765	0.0356	0.021
2.766	0.0356	0.014
2.767	0.0356	0.010
2.768	0.0356	0.003
2.769	0.0356	-0.002
2.77	0.0356	-0.007
2.771	0.0356	-0.010
2.772	0.0356	-0.012
2.773	0.0356	-0.010
2.774	0.0356	-0.006
2.775	0.0356	-0.002
2.776	0.0356	0.006
2.777	0.0356	0.013
2.778	0.0356	0.018
2.779	0.0356	0.022
2.78	0.0356	0.024
2.781	0.0361	0.025
2.782	0.0372	0.020
2.783	0.0372	0.015
2.784	0.0372	0.009
2.785	0.0372	0.002
2.786	0.0372	-0.004
2.787	0.0372	-0.009
2.788	0.0372	-0.012
2.789	0.0372	-0.013
2.79	0.0372	-0.011
2.791	0.0372	-0.006
2.792	0.0372	0.000
2.793	0.0372	0.007
2.794	0.0372	0.012
2.795	0.0372	0.017
2.796	0.0372	0.021
2.797	0.0394	0.021
2.798	0.0437	0.021
2.799	0.0437	0.015
2.8	0.0437	0.011
2.801	0.0437	0.007
2.802	0.0437	-0.000
2.803	0.0437	-0.006
2.804	0.0437	-0.011
2.805	0.0437	-0.015
2.806	0.0437	-0.019
2.807	0.0437	-0.022
2.808	0.0437	-0.022
2.809	0.0437	-0.015
2.81	0.0451	-0.008
2.811	0.0478	-0.009
2.812	0.0478	-0.009
2.813	0.0478	-0.012
2.814	0.0478	-0.016
2.815	0.0478	-0.017
2.816	0.0478	-0.014
2.817	0.0478	-0.007
2.818	0.0478	-0.001
2.819	0.0478	0.005
2.82	0.0478	0.010
2.821	0.0478	0.013
2.822	0.0478	0.016
2.823	0.0478	0.016
2.824	0.0478	0.018
2.825	0.0478	0.021
2.826	0.0478	0.023
2.827	0.0478	0.028
2.828	0.0478	0.031
2.829	0.0465	0.034
2.83	0.0437	0.034
2.831	0.0437	0.033
2.832	0.0437	0.028
2.833	0.0437	0.021
2.834	0.0437	0.013
2.835	0.0437	0.006
2.836	0.0437	-0.000
2.837	0.0437	-0.004
2.838	0.0437	-0.009
2.839	0.0437	-0.010
2.84	0.0437	-0.006
2.841	0.0437	-0.002
2.842	0.0437	0.001
2.843	0.0437	0.009
2.844	0.0437	0.015
2.845	0.0437	0.019
2.846	0.0437	0.024
2.847	0.0429	0.026
2.848	0.0412	0.024
2.849	0.0412	0.020
2.85	0.0412	0.013
2.851	0.0412	0.006
2.852	0.0412	-0.001
2.853	0.0412	-0.006
2.854	0.0412	-0.012
2.855	0.0412	-0.013
2.856	0.0412	-0.015
2.857	0.0412	-0.013
2.858	0.0412	-0.006
2.859	0.0412	0.000
2.86	0.0412	0.007
2.861	0.0412	0.012
2.862	0.0412	0.017
2.863	0.0412	0.019
2.864	0.0417	0.020
2.865	0.0425	0.016
2.866	0.0425	0.010
2.867	0.0425	0.002
2.868	0.0425	-0.005
2.869	0.0425	-0.011
2.87	0.0425	-0.016
2.871	0.0425	-0.019
2.872	0.0425	-0.022
2.873	0.0425	-0.023
2.874	0.0425	-0.018
2.875	0.0425	-0.012
2.876	0.0425	-0.006
2.877	0.0425	0.003
2.878	0.0425	0.008
2.879	0.0425	0.011
2.88	0.0406	0.014
2.881	0.0369	0.013
2.882	0.0369	0.009
2.883	0.0369	0.003
2.884	0.0369	-0.003
2.885	0.0369	-0.009
2.886	0.0369	-0.014
2.887	0.0369	-0.019
2.888	0.0369	-0.023
2.889	0.0369	-0.023
2.89	0.0369	-0.020
2.891	0.0369	-0.015
2.892	0.0369	-0.010
2.893	0.0369	-0.003
2.894	0.0369	0.003
2.895	0.0369	0.009
2.896	0.0369	0.013
2.897	0.0373	0.013
2.898	0.0381	0.012
2.899	0.0381	0.007
2.9	0.0381	0.001
2.901	0.0381	-0.006
2.902	0.0381	-0.011
2.903	0.0381	-0.016
2.904	0.0381	-0.021
2.905	0.0381	-0.023
2.906	0.0381	-0.023
2.907	0.0381	-0.021
2.908	0.0381	-0.015
2.909	0.0381	-0.009
2.91	0.0381	-0.001
2.911	0.0381	0.005
2.912	0.0381	0.010
2.913	0.0381	0.015
2.914	0.0388	0.017
2.915	0.0400	0.013
2.916	0.0400	0.007
2.917	0.0400	0.001
2.918	0.0400	-0.007
2.919	0.0400	-0.012
2.92	0.0400	-0.018
2.921	0.0400	-0.022
2.922	0.0400	-0.023
2.923	0.0400	-0.022
2.924	0.0400	-0.018
2.925	0.0400	-0.012
2.926	0.0400	-0.005
2.927	0.0400	0.003
2.928	0.0400	0.007
2.929	0.0400	0.013
2.93	0.0400	0.014
2.931	0.0400	0.014
2.932	0.0400	0.011
2.933	0.0400	0.004
2.934	0.0400	-0.002
2.935	0.0400	-0.009
2.936	0.0400	-0.014
2.937	0.0400	-0.022
2.938	0.0400	-0.025
2.939	0.0400	-0.026
2.94	0.0400	-0.019
2.941	0.0400	-0.010
2.942	0.0481	-0.008
2.943	0.0644	-0.013
2.944	0.0644	-0.025
2.945	0.0644	-0.032
2.946	0.0644	-0.024
2.947	0.0644	-0.008
2.948	0.0644	0.010
2.949	0.0644	0.022
2.95	0.0644	0.033
2.951	0.0524	0.036
2.952	0.0284	0.033
2.953	0.0284	0.027
2.954	0.0284	0.018
2.955	0.0284	0.011
2.956	0.0284	0.007
2.957	0.0284	0.007
2.958	0.0284	0.009
2.959	0.0284	0.012
2.96	0.0284	0.018
2.961	0.0284	0.021
2.962	0.0284	0.025
2.963	0.0321	0.029
2.964	0.0394	0.028
2.965	0.0394	0.026
2.966	0.0394	0.020
2.967	0.0394	0.014
2.968	0.0394	0.007
2.969	0.0394	0.002
2.97	0.0394	-0.005
2.971	0.0394	-0.010
2.972	0.0394	-0.011
2.973	0.0394	-0.011
2.974	0.0394	-0.005
2.975	0.0394	0.001
2.976	0.0394	0.006
2.977	0.0394	0.014
2.978	0.0394	0.019
2.979	0.0394	0.024
2.98	0.0393	0.026
2.981	0.0391	0.026
2.982	0.0391	0.022
2.983	0.0391	0.015
2.984	0.0391	0.010
2.985	0.0391	0.002
2.986	0.0391	-0.004
2.987	0.0391	-0.009
2.988	0.0391	-0.012
2.989	0.0391	-0.013
2.99	0.0391	-0.011
2.991	0.0391	-0.006
2.992	0.0391	-0.001
2.993	0.0391	0.006
2.994	0.0391	0.012
2.995	0.0391	0.017
2.996	0.0390	0.021
2.997	0.0388	0.021
2.998	0.0388	0.018
2.999	0.0388	0.013
3	0.0388	0.007
3.001	0.0388	0.001
3.002	0.0388	-0.006
3.003	0.0388	-0.010
3.004	0.0388	-0.016
3.005	0.0388	-0.018
3.006	0.0388	-0.018
3.007	0.0388	-0.015
3.008	0.0388	-0.010
3.009	0.0388	-0.004
3.01	0.0388	0.003
3.011	0.0388	0.008
3.012	0.0388	0.012
3.013	0.0388	0.014
3.014	0.0383	0.014
3.015	0.0375	0.011
3.016	0.0375	0.005
3.017	0.0375	-0.000
3.018	0.0375	-0.006
3.019	0.0375	-0.013
3.02	0.0375	-0.017
3.021	0.0375	-0.021
3.022	0.0375	-0.023
3.023	0.0375	-0.022
3.024	0.0375	-0.016
3.025	0.0375	-0.011
3.026	0.0375	-0.005
3.027	0.0375	0.001
3.028	0.0375	0.006
3.029	0.0375	0.011
3.03	0.0800	0.014
3.031	0.1650	0.012
3.032	0.1650	0.003
3.033	0.1650	-0.014
3.034	0.1650	-0.026
3.035	0.1650	-0.039
3.036	0.1650	-0.051
3.037	0.1650	-0.067
3.038	0.1650	-0.083
3.039	0.1650	-0.096
3.04	0.1650	-0.109
3.041	0.1650	-0.111
3.042	0.1650	-0.097
3.043	0.1650	-0.071
3.044	0.1650	-0.041
3.045	0.1650	-0.012
3.046	0.1650	0.012
3.047	0.1650	0.031
3.048	0.1650	0.048
3.049	0.1650	0.054
3.05	0.1220	0.056
3.051	0.0359	0.052
3.052	0.0359	0.047
3.053	0.0359	0.038
3.054	0.0359	0.030
3.055	0.0359	0.024
3.056	0.0359	0.020
3.057	0.0359	0.020
3.058	0.0359	0.023
3.059	0.0359	0.027
3.06	0.0359	0.032
3.061	0.0359	0.034
3.062	0.0359	0.038
3.063	0.0397	0.039
3.064	0.0472	0.038
3.065	0.0472	0.034
3.066	0.0472	0.029
3.067	0.0472	0.022
3.068	0.0472	0.014
3.069	0.0472	0.007
3.07	0.0472	0.002
3.071	0.0472	-0.004
3.072	0.0472	-0.007
3.073	0.0472	-0.008
3.074	0.0472	-0.004
3.075	0.0472	0.000
3.076	0.0472	0.007
3.077	0.0472	0.014
3.078	0.0472	0.019
3.079	0.0472	0.024
3.08	0.0458	0.025
3.081	0.0431	0.024
3.082	0.0431	0.020
3.083	0.0431	0.012
3.084	0.0431	0.005
3.085	0.0431	-0.002
3.086	0.0431	-0.007
3.087	0.0431	-0.014
3.088	0.0431	-0.017
3.089	0.0431	-0.018
3.09	0.0431	-0.017
3.091	0.0431	-0.011
3.092	0.0431	-0.005
3.093	0.0431	0.000
3.094	0.0431	0.005
3.095	0.0431	0.009
3.096	0.0431	0.012
3.097	0.0419	0.013
3.098	0.0394	0.011
3.099	0.0394	0.005
3.1	0.0394	0.000
3.101	0.0394	-0.007
3.102	0.0394	-0.014
3.103	0.0394	-0.019
3.104	0.0394	-0.024
3.105	0.0394	-0.026
3.106	0.0394	-0.026
3.107	0.0394	-0.024
3.108	0.0394	-0.019
3.109	0.0394	-0.013
3.11	0.0394	-0.006
3.111	0.0394	0.001
3.112	0.0394	0.007
3.113	0.0381	0.010
3.114	0.0356	0.010
3.115	0.0356	0.007
3.116	0.0356	0.002
3.117	0.0356	-0.003
3.118	0.0356	-0.010
3.119	0.0356	-0.016
3.12	0.0356	-0.021
3.121	0.0356	-0.025
3.122	0.0356	-0.025
3.123	0.0356	-0.026
3.124	0.0356	-0.021
3.125	0.0356	-0.016
3.126	0.0356	-0.009
3.127	0.0356	-0.001
3.128	0.0356	0.004
3.129	0.0356	0.008
3.13	0.0358	0.010
3.131	0.0362	0.010
3.132	0.0362	0.006
3.133	0.0362	0.001
3.134	0.0362	-0.003
3.135	0.0362	-0.011
3.136	0.0362	-0.015
3.137	0.0362	-0.020
3.138	0.0362	-0.023
3.139	0.0362	-0.024
3.14	0.0362	-0.023
3.141	0.0362	-0.019
3.142	0.0362	-0.012
3.143	0.0362	-0.006
3.144	0.0362	0.002
3.145	0.0362	0.007
3.146	0.0362	0.012
3.147	0.0366	0.014
3.148	0.0372	0.013
3.149	0.0372	0.008
3.15	0.0372	0.002
3.151	0.0372	-0.005
3.152	0.0372	-0.011
3.153	0.0372	-0.017
3.154	0.0372	-0.021
3.155	0.0372	-0.022
3.156	0.0372	-0.023
3.157	0.0372	-0.019
3.158	0.0372	-0.013
3.159	0.0372	-0.008
3.16	0.0372	-0.001
3.161	0.0372	0.005
3.162	0.0372	0.010
3.163	0.0372	0.014
3.164	0.0374	0.015
3.165	0.0378	0.013
3.166	0.0378	0.007
3.167	0.0378	0.001
3.168	0.0378	-0.005
3.169	0.0378	-0.012
3.17	0.0378	-0.018
3.171	0.0378	-0.020
3.172	0.0378	-0.023
3.173	0.0378	-0.023
3.174	0.0378	-0.018
3.175	0.0378	-0.012
3.176	0.0378	-0.004
3.177	0.0378	0.003
3.178	0.0378	0.008
3.179	0.0378	0.013
3.18	0.0411	0.017
3.181	0.0478	0.016
3.182	0.0478	0.012
3.183	0.0478	0.007
3.184	0.0478	0.001
3.185	0.0478	-0.007
3.186	0.0478	-0.012
3.187	0.0478	-0.015
3.188	0.0478	-0.015
3.189	0.0478	-0.010
3.19	0.0478	-0.003
3.191	0.0478	0.007
3.192	0.0478	0.017
3.193	0.0478	0.025
3.194	0.0478	0.033
3.195	0.0502	0.038
3.196	0.0550	0.037
3.197	0.0550	0.033
3.198	0.0550	0.031
3.199	0.0550	0.022
3.2	0.0550	0.017
3.201	0.0550	0.013
3.202	0.0550	0.005
3.203	0.0550	-0.001
3.204	0.0550	-0.007
3.205	0.0550	-0.013
3.206	0.0550	-0.017
3.207	0.0550	-0.017
3.208	0.0550	-0.013
3.209	0.0550	-0.010
3.21	0.0550	-0.002
3.211	0.0550	0.004
3.212	0.0550	0.008
3.213	0.0550	0.011
3.214	0.0494	0.011
3.215	0.0381	0.008
3.216	0.0381	0.003
3.217	0.0381	-0.002
3.218	0.0381	-0.009
3.219	0.0381	-0.014
3.22	0.0381	-0.019
3.221	0.0381	-0.023
3.222	0.0381	-0.023
3.223	0.0381	-0.022
3.224	0.0381	-0.018
3.225	0.0381	-0.013
3.226	0.0381	-0.006
3.227	0.0381	0.001
3.228	0.0381	0.008
3.229	0.0381	0.013
3.23	0.0381	0.015
3.231	0.0374	0.016
3.232	0.0359	0.013
3.233	0.0359	0.007
3.234	0.0359	0.002
3.235	0.0359	-0.005
3.236	0.0359	-0.011
3.237	0.0359	-0.015
3.238	0.0359	-0.018
3.239	0.0359	-0.020
3.24	0.0359	-0.018
3.241	0.0359	-0.012
3.242	0.0359	-0.007
3.243	0.0359	-0.000
3.244	0.0359	0.005
3.245	0.0359	0.010
3.246	0.0359	0.014
3.247	0.0365	0.016
3.248	0.0375	0.015
3.249	0.0375	0.009
3.25	0.0375	0.004
3.251	0.0375	-0.003
3.252	0.0375	-0.010
3.253	0.0375	-0.015
3.254	0.0375	-0.020
3.255	0.0375	-0.022
3.256	0.0375	-0.021
3.257	0.0375	-0.018
3.258	0.0375	-0.012
3.259	0.0375	-0.006
3.26	0.0375	0.001
3.261	0.0375	0.005
3.262	0.0375	0.011
3.263	0.0375	0.013
3.264	0.0371	0.013
3.265	0.0363	0.012
3.266	0.0363	0.006
3.267	0.0363	0.000
3.268	0.0363	-0.007
3.269	0.0363	-0.014
3.27	0.0363	-0.018
3.271	0.0363	-0.022
3.272	0.0363	-0.023
3.273	0.0363	-0.022
3.274	0.0363	-0.017
3.275	0.0363	-0.011
3.276	0.0363	-0.007
3.277	0.0363	0.000
3.278	0.0363	0.006
3.279	0.0363	0.011
3.28	0.0363	0.013
3.281	0.0368	0.014
3.282	0.0378	0.009
3.283	0.0378	0.002
3.284	0.0378	-0.004
3.285	0.0378	-0.011
3.286	0.0378	-0.016
3.287	0.0378	-0.019
3.288	0.0378	-0.023
3.289	0.0378	-0.024
3.29	0.0378	-0.023
3.291	0.0378	-0.018
3.292	0.0378	-0.012
3.293	0.0378	-0.004
3.294	0.0378	0.002
3.295	0.0378	0.008
3.296	0.0372	0.013
3.297	0.0359	0.013
3.298	0.0359	0.011
3.299	0.0359	0.007
3.3	0.0359	0.002
3.301	0.0359	-0.004
3.302	0.0359	-0.011
3.303	0.0359	-0.016
3.304	0.0359	-0.020
3.305	0.0359	-0.022
3.306	0.0359	-0.023
3.307	0.0359	-0.019
3.308	0.0359	-0.013
3.309	0.0359	-0.008
3.31	0.0359	-0.001
3.311	0.0359	0.003
3.312	0.0359	0.008
3.313	0.0359	0.011
3.314	0.0362	0.013
3.315	0.0369	0.012
3.316	0.0369	0.007
3.317	0.0369	0.001
3.318	0.0369	-0.005
3.319	0.0369	-0.012
3.32	0.0369	-0.018
3.321	0.0369	-0.022
3.322	0.0369	-0.024
3.323	0.0369	-0.024
3.324	0.0369	-0.019
3.325	0.0369	-0.014
3.326	0.0369	-0.007
3.327	0.0369	0.000
3.328	0.0369	0.007
3.329	0.0369	0.012
3.33	0.0366	0.015
3.331	0.0359	0.014
3.332	0.0359	0.011
3.333	0.0359	0.006
3.334	0.0359	0.001
3.335	0.0359	-0.005
3.336	0.0359	-0.011
3.337	0.0359	-0.017
3.338	0.0359	-0.020
3.339	0.0359	-0.021
3.34	0.0359	-0.019
3.341	0.0359	-0.014
3.342	0.0359	-0.008
3.343	0.0359	-0.002
3.344	0.0359	0.005
3.345	0.0359	0.010
3.346	0.0359	0.014
3.347	0.0361	0.015
3.348	0.0366	0.015
3.349	0.0366	0.010
3.35	0.0366	0.005
3.351	0.0366	-0.001
3.352	0.0366	-0.009
3.353	0.0366	-0.014
3.354	0.0366	-0.017
3.355	0.0366	-0.021
3.356	0.0366	-0.021
3.357	0.0366	-0.018
3.358	0.0366	-0.013
3.359	0.0366	-0.007
3.36	0.0366	0.000
3.361	0.0366	0.007
3.362	0.0366	0.011
3.363	0.0366	0.015
3.364	0.0456	0.016
3.365	0.0637	0.015
3.366	0.0637	0.009
3.367	0.0637	0.003
3.368	0.0637	-0.003
3.369	0.0637	-0.008
3.37	0.0637	-0.013
3.371	0.0637	-0.018
3.372	0.0637	-0.019
3.373	0.0637	-0.020
3.374	0.0637	-0.015
3.375	0.0637	-0.010
3.376	0.0637	-0.004
3.377	0.0637	0.005
3.378	0.0637	0.017
3.379	0.0637	0.029
3.38	0.0637	0.037
3.381	0.0637	0.044
3.382	0.0596	0.044
3.383	0.0512	0.036
3.384	0.0512	0.025
3.385	0.0512	0.014
3.386	0.0512	0.002
3.387	0.0512	-0.007
3.388	0.0512	-0.003
3.389	0.0512	0.001
3.39	0.0512	-0.000
3.391	0.0512	0.001
3.392	0.0512	0.003
3.393	0.0512	0.010
3.394	0.0512	0.015
3.395	0.0512	0.019
3.396	0.0535	0.022
3.397	0.0581	0.022
3.398	0.0581	0.018
3.399	0.0581	0.012
3.4	0.0581	0.006
3.401	0.0581	0.001
3.402	0.0581	-0.007
3.403	0.0581	-0.015
3.404	0.0581	-0.025
3.405	0.0581	-0.032
3.406	0.0581	-0.036
3.407	0.0581	-0.034
3.408	0.0581	-0.026
3.409	0.0581	-0.016
3.41	0.0581	-0.006
3.411	0.0581	0.004
3.412	0.0581	0.013
3.413	0.0581	0.018
3.414	0.0504	0.022
3.415	0.0350	0.022
3.416	0.0350	0.017
3.417	0.0350	0.011
3.418	0.0350	0.006
3.419	0.0350	-0.001
3.42	0.0350	-0.007
3.421	0.0350	-0.010
3.422	0.0350	-0.013
3.423	0.0350	-0.013
3.424	0.0350	-0.008
3.425	0.0350	-0.004
3.426	0.0350	0.002
3.427	0.0350	0.009
3.428	0.0350	0.014
3.429	0.0350	0.017
3.43	0.0357	0.020
3.431	0.0372	0.019
3.432	0.0372	0.016
3.433	0.0372	0.011
3.434	0.0372	0.006
3.435	0.0372	-0.002
3.436	0.0372	-0.007
3.437	0.0372	-0.013
3.438	0.0372	-0.016
3.439	0.0372	-0.017
3.44	0.0372	-0.018
3.441	0.0372	-0.013
3.442	0.0372	-0.008
3.443	0.0372	-0.001
3.444	0.0372	0.007
3.445	0.0372	0.013
3.446	0.0372	0.018
3.447	0.0374	0.018
3.448	0.0378	0.018
3.449	0.0378	0.014
3.45	0.0378	0.008
3.451	0.0378	0.002
3.452	0.0378	-0.006
3.453	0.0378	-0.011
3.454	0.0378	-0.017
3.455	0.0378	-0.019
3.456	0.0378	-0.019
3.457	0.0378	-0.018
3.458	0.0378	-0.013
3.459	0.0378	-0.007
3.46	0.0378	-0.000
3.461	0.0378	0.007
3.462	0.0378	0.011
3.463	0.0378	0.015
3.464	0.0369	0.015
3.465	0.0350	0.014
3.466	0.0350	0.009
3.467	0.0350	0.005
3.468	0.0350	-0.002
3.469	0.0350	-0.009
3.47	0.0350	-0.013
3.471	0.0350	-0.018
3.472	0.0350	-0.020
3.473	0.0350	-0.020
3.474	0.0350	-0.017
3.475	0.0350	-0.012
3.476	0.0350	-0.007
3.477	0.0350	0.000
3.478	0.0350	0.005
3.479	0.0350	0.010
3.48	0.0350	0.013
3.481	0.0347	0.013
3.482	0.0341	0.010
3.483	0.0341	0.006
3.484	0.0341	0.000
3.485	0.0341	-0.005
3.486	0.0341	-0.010
3.487	0.0341	-0.017
3.488	0.0341	-0.020
3.489	0.0341	-0.020
3.49	0.0341	-0.020
3.491	0.0341	-0.017
3.492	0.0341	-0.011
3.493	0.0341	-0.004
3.494	0.0341	0.004
3.495	0.0341	0.009
3.496	0.0341	0.012
3.497	0.0341	0.014
3.498	0.0346	0.014
3.499	0.0356	0.010
3.5	0.0356	0.005
3.501	0.0356	-0.000
3.502	0.0356	-0.007
3.503	0.0356	-0.013
3.504	0.0356	-0.016
3.505	0.0356	-0.021
3.506	0.0356	-0.020
3.507	0.0356	-0.018
3.508	0.0356	-0.013
3.509	0.0356	-0.007
3.51	0.0356	0.000
3.511	0.0356	0.005
3.512	0.0356	0.012
3.513	0.0356	0.015
3.514	0.0414	0.016
3.515	0.0528	0.015
3.516	0.0528	0.010
3.517	0.0528	0.004
3.518	0.0528	-0.002
3.519	0.0528	-0.009
3.52	0.0528	-0.016
3.521	0.0528	-0.023
3.522	0.0528	-0.026
3.523	0.0528	-0.027
3.524	0.0528	-0.022
3.525	0.0528	-0.014
3.526	0.0528	-0.006
3.527	0.0528	0.003
3.528	0.0528	0.013
3.529	0.0528	0.020
3.53	0.0528	0.026
3.531	0.0640	0.027
3.532	0.0863	0.025
3.533	0.0863	0.017
3.534	0.0863	0.008
3.535	0.0863	-0.004
3.536	0.0863	-0.015
3.537	0.0863	-0.025
3.538	0.0863	-0.032
3.539	0.0863	-0.033
3.54	0.0863	-0.027
3.541	0.0863	-0.013
3.542	0.0863	0.006
3.543	0.0863	0.028
3.544	0.0863	0.042
3.545	0.0863	0.048
3.546	0.0863	0.052
3.547	0.0863	0.053
3.548	0.0845	0.054
3.549	0.0809	0.050
3.55	0.0809	0.045
3.551	0.0809	0.031
3.552	0.0809	0.011
3.553	0.0809	-0.006
3.554	0.0809	-0.018
3.555	0.0809	-0.024
3.556	0.0809	-0.027
3.557	0.0809	-0.026
3.558	0.0809	-0.021
3.559	0.0809	-0.013
3.56	0.0809	-0.005
3.561	0.0809	0.004
3.562	0.0809	0.013
3.563	0.0809	0.018
3.564	0.0731	0.020
3.565	0.0575	0.020
3.566	0.0575	0.014
3.567	0.0575	0.007
3.568	0.0575	-0.003
3.569	0.0575	-0.013
3.57	0.0575	-0.022
3.571	0.0575	-0.028
3.572	0.0575	-0.033
3.573	0.0575	-0.033
3.574	0.0575	-0.027
3.575	0.0575	-0.021
3.576	0.0575	-0.011
3.577	0.0575	0.001
3.578	0.0575	0.011
3.579	0.0575	0.020
3.58	0.0575	0.024
3.581	0.0540	0.026
3.582	0.0469	0.023
3.583	0.0469	0.016
3.584	0.0469	0.008
3.585	0.0469	-0.002
3.586	0.0469	-0.008
3.587	0.0469	-0.014
3.588	0.0469	-0.018
3.589	0.0469	-0.021
3.59	0.0469	-0.019
3.591	0.0469	-0.013
3.592	0.0469	-0.008
3.593	0.0469	-0.001
3.594	0.0469	0.006
3.595	0.0469	0.011
3.596	0.0469	0.016
3.597	0.0428	0.017
3.598	0.0347	0.015
3.599	0.0347	0.012
3.6	0.0347	0.006
3.601	0.0347	0.000
3.602	0.0347	-0.007
3.603	0.0347	-0.011
3.604	0.0347	-0.015
3.605	0.0347	-0.018
3.606	0.0347	-0.018
3.607	0.0347	-0.018
3.608	0.0347	-0.013
3.609	0.0347	-0.009
3.61	0.0347	-0.001
3.611	0.0347	0.007
3.612	0.0347	0.012
3.613	0.0347	0.016
3.614	0.0356	0.018
3.615	0.0375	0.016
3.616	0.0375	0.011
3.617	0.0375	0.005
3.618	0.0375	-0.002
3.619	0.0375	-0.008
3.62	0.0375	-0.013
3.621	0.0375	-0.018
3.622	0.0375	-0.020
3.623	0.0375	-0.019
3.624	0.0375	-0.017
3.625	0.0375	-0.012
3.626	0.0375	-0.005
3.627	0.0375	0.002
3.628	0.0375	0.006
3.629	0.0375	0.012
3.63	0.0375	0.014
3.631	0.0421	0.015
3.632	0.0512	0.011
3.633	0.0512	0.006
3.634	0.0512	-0.001
3.635	0.0512	-0.007
3.636	0.0512	-0.013
3.637	0.0512	-0.019
3.638	0.0512	-0.022
3.639	0.0512	-0.019
3.64	0.0512	-0.011
3.641	0.0512	0.006
3.642	0.0512	0.021
3.643	0.0512	0.029
3.644	0.0371	0.030
3.645	0.0088	0.024
3.646	0.0088	0.021
3.647	0.0088	0.026
3.648	0.0207	0.033
3.649	0.0447	0.027
3.65	0.0447	0.020
3.651	0.0447	0.015
3.652	0.0447	0.009
3.653	0.0447	0.004
3.654	0.0447	-0.003
3.655	0.0447	-0.010
3.656	0.0447	-0.012
3.657	0.0447	-0.011
3.658	0.0447	-0.008
3.659	0.0447	-0.005
3.66	0.0447	0.002
3.661	0.0447	0.006
3.662	0.0447	0.011
3.663	0.0447	0.014
3.664	0.0418	0.014
3.665	0.0359	0.011
3.666	0.0359	0.006
3.667	0.0359	0.000
3.668	0.0359	-0.007
3.669	0.0359	-0.011
3.67	0.0359	-0.017
3.671	0.0359	-0.022
3.672	0.0359	-0.022
3.673	0.0359	-0.021
3.674	0.0359	-0.016
3.675	0.0359	-0.010
3.676	0.0359	-0.003
3.677	0.0359	0.003
3.678	0.0359	0.009
3.679	0.0359	0.013
3.68	0.0358	0.016
3.681	0.0356	0.015
3.682	0.0356	0.012
3.683	0.0356	0.007
3.684	0.0356	0.002
3.685	0.0356	-0.004
3.686	0.0356	-0.010
3.687	0.0356	-0.015
3.688	0.0356	-0.017
3.689	0.0356	-0.020
3.69	0.0356	-0.018
3.691	0.0356	-0.014
3.692	0.0356	-0.010
3.693	0.0356	-0.002
3.694	0.0356	0.006
3.695	0.0356	0.011
3.696	0.0356	0.016
3.697	0.0358	0.018
3.698	0.0362	0.016
3.699	0.0362	0.012
3.7	0.0362	0.006
3.701	0.0362	0.000
3.702	0.0362	-0.006
3.703	0.0362	-0.011
3.704	0.0362	-0.016
3.705	0.0362	-0.018
3.706	0.0362	-0.018
3.707	0.0362	-0.017
3.708	0.0362	-0.011
3.709	0.0362	-0.006
3.71	0.0362	0.000
3.711	0.0362	0.006
3.712	0.0362	0.011
3.713	0.0362	0.015
3.714	0.0365	0.016
3.715	0.0369	0.015
3.716	0.0369	0.009
3.717	0.0369	0.004
3.718	0.0369	-0.004
3.719	0.0369	-0.009
3.72	0.0369	-0.014
3.721	0.0369	-0.019
3.722	0.0369	-0.020
3.723	0.0369	-0.021
3.724	0.0369	-0.017
3.725	0.0369	-0.012
3.726	0.0369	-0.004
3.727	0.0369	0.004
3.728	0.0369	0.009
3.729	0.0369	0.013
3.73	0.0365	0.017
3.731	0.0356	0.016
3.732	0.0356	0.013
3.733	0.0356	0.007
3.734	0.0356	0.003
3.735	0.0356	-0.004
3.736	0.0356	-0.009
3.737	0.0356	-0.014
3.738	0.0356	-0.018
3.739	0.0356	-0.019
3.74	0.0356	-0.017
3.741	0.0356	-0.013
3.742	0.0356	-0.007
3.743	0.0356	-0.001
3.744	0.0356	0.004
3.745	0.0356	0.010
3.746	0.0356	0.015
3.747	0.0356	0.015
3.748	0.0359	0.015
3.749	0.0366	0.011
3.75	0.0366	0.005
3.751	0.0366	-0.001
3.752	0.0366	-0.007
3.753	0.0366	-0.013
3.754	0.0366	-0.018
3.755	0.0366	-0.019
3.756	0.0366	-0.021
3.757	0.0366	-0.018
3.758	0.0366	-0.013
3.759	0.0366	-0.007
3.76	0.0366	0.000
3.761	0.0366	0.007
3.762	0.0366	0.012
3.763	0.0366	0.016
3.764	0.0441	0.017
3.765	0.0591	0.015
3.766	0.0591	0.010
3.767	0.0591	0.004
3.768	0.0591	-0.003
3.769	0.0591	-0.009
3.77	0.0591	-0.014
3.771	0.0591	-0.020
3.772	0.0591	-0.024
3.773	0.0591	-0.027
3.774	0.0591	-0.022
3.775	0.0591	-0.016
3.776	0.0591	-0.010
3.777	0.0591	-0.003
3.778	0.0591	0.005
3.779	0.0591	0.014
3.78	0.0591	0.023
3.781	0.0591	0.033
3.782	0.0510	0.033
3.783	0.0350	0.029
3.784	0.0350	0.024
3.785	0.0350	0.019
3.786	0.0350	0.021
3.787	0.0350	0.020
3.788	0.0350	0.015
3.789	0.0350	0.007
3.79	0.0350	0.001
3.791	0.0350	-0.002
3.792	0.0350	-0.001
3.793	0.0350	0.001
3.794	0.0350	0.004
3.795	0.0350	0.009
3.796	0.0350	0.011
3.797	0.0349	0.015
3.798	0.0347	0.014
3.799	0.0347	0.009
3.8	0.0347	0.003
3.801	0.0347	-0.002
3.802	0.0347	-0.009
3.803	0.0347	-0.013
3.804	0.0347	-0.017
3.805	0.0347	-0.018
3.806	0.0347	-0.018
3.807	0.0347	-0.015
3.808	0.0347	-0.008
3.809	0.0347	-0.003
3.81	0.0347	0.004
3.811	0.0347	0.010
3.812	0.0347	0.017
3.813	0.0358	0.019
3.814	0.0381	0.019
3.815	0.0381	0.018
3.816	0.0381	0.013
3.817	0.0381	0.007
3.818	0.0381	0.000
3.819	0.0381	-0.005
3.82	0.0381	-0.010
3.821	0.0381	-0.016
3.822	0.0381	-0.017
3.823	0.0381	-0.018
3.824	0.0381	-0.015
3.825	0.0381	-0.009
3.826	0.0381	-0.002
3.827	0.0381	0.007
3.828	0.0381	0.014
3.829	0.0381	0.019
3.83	0.0381	0.020
3.831	0.0389	0.020
3.832	0.0403	0.016
3.833	0.0403	0.010
3.834	0.0403	0.004
3.835	0.0403	-0.003
3.836	0.0403	-0.010
3.837	0.0403	-0.014
3.838	0.0403	-0.018
3.839	0.0403	-0.020
3.84	0.0403	-0.019
3.841	0.0403	-0.014
3.842	0.0403	-0.007
3.843	0.0403	-0.001
3.844	0.0403	0.005
3.845	0.0403	0.009
3.846	0.0403	0.013
3.847	0.0390	0.015
3.848	0.0362	0.013
3.849	0.0362	0.009
3.85	0.0362	0.004
3.851	0.0362	-0.003
3.852	0.0362	-0.010
3.853	0.0362	-0.016
3.854	0.0362	-0.020
3.855	0.0362	-0.022
3.856	0.0362	-0.021
3.857	0.0362	-0.018
3.858	0.0362	-0.014
3.859	0.0362	-0.007
3.86	0.0362	-0.001
3.861	0.0362	0.004
3.862	0.0362	0.008
3.863	0.0362	0.009
3.864	0.0376	0.010
3.865	0.0403	0.009
3.866	0.0403	0.007
3.867	0.0403	0.006
3.868	0.0403	0.003
3.869	0.0403	0.000
3.87	0.0403	-0.001
3.871	0.0403	-0.005
3.872	0.0403	-0.015
3.873	0.0403	-0.016
3.874	0.0403	-0.003
3.875	0.0403	0.004
3.876	0.0403	0.009
3.877	0.0403	0.017
3.878	0.0403	0.024
3.879	0.0453	0.029
3.88	0.0553	0.029
3.881	0.0553	0.025
3.882	0.0553	0.020
3.883	0.0553	0.012
3.884	0.0553	0.004
3.885	0.0553	-0.006
3.886	0.0553	-0.012
3.887	0.0553	-0.019
3.888	0.0553	-0.026
3.889	0.0553	-0.027
3.89	0.0553	-0.026
3.891	0.0553	-0.022
3.892	0.0553	-0.016
3.893	0.0553	-0.009
3.894	0.0553	-0.002
3.895	0.0553	0.005
3.896	0.0553	0.009
3.897	0.0553	0.011
3.898	0.0503	0.012
3.899	0.0403	0.007
3.9	0.0403	0.002
3.901	0.0403	-0.003
3.902	0.0403	-0.011
3.903	0.0403	-0.016
3.904	0.0403	-0.021
3.905	0.0403	-0.024
3.906	0.0403	-0.025
3.907	0.0403	-0.022
3.908	0.0403	-0.015
3.909	0.0403	-0.009
3.91	0.0403	-0.001
3.911	0.0403	0.006
3.912	0.0403	0.011
3.913	0.0403	0.016
3.914	0.0393	0.017
3.915	0.0372	0.014
3.916	0.0372	0.009
3.917	0.0372	0.003
3.918	0.0372	-0.003
3.919	0.0372	-0.009
3.92	0.0372	-0.014
3.921	0.0372	-0.019
3.922	0.0372	-0.021
3.923	0.0372	-0.020
3.924	0.0372	-0.016
3.925	0.0372	-0.011
3.926	0.0372	-0.005
3.927	0.0372	0.003
3.928	0.0372	0.007
3.929	0.0372	0.013
3.93	0.0373	0.014
3.931	0.0375	0.013
3.932	0.0375	0.011
3.933	0.0375	0.004
3.934	0.0375	-0.001
3.935	0.0375	-0.008
3.936	0.0375	-0.014
3.937	0.0375	-0.019
3.938	0.0375	-0.023
3.939	0.0375	-0.024
3.94	0.0375	-0.023
3.941	0.0375	-0.018
3.942	0.0375	-0.012
3.943	0.0375	-0.006
3.944	0.0375	0.001
3.945	0.0375	0.007
3.946	0.0375	0.011
3.947	0.0370	0.013
3.948	0.0359	0.012
3.949	0.0359	0.007
3.95	0.0359	0.003
3.951	0.0359	-0.003
3.952	0.0359	-0.011
3.953	0.0359	-0.016
3.954	0.0359	-0.021
3.955	0.0359	-0.022
3.956	0.0359	-0.023
3.957	0.0359	-0.020
3.958	0.0359	-0.015
3.959	0.0359	-0.008
3.96	0.0359	0.000
3.961	0.0359	0.005
3.962	0.0359	0.011
3.963	0.0359	0.013
3.964	0.0361	0.014
3.965	0.0366	0.014
3.966	0.0366	0.008
3.967	0.0366	0.003
3.968	0.0366	-0.003
3.969	0.0366	-0.007
3.97	0.0366	-0.013
3.971	0.0366	-0.017
3.972	0.0366	-0.018
3.973	0.0366	-0.020
3.974	0.0366	-0.014
3.975	0.0366	-0.008
3.976	0.0366	-0.003
3.977	0.0366	0.006
3.978	0.0366	0.012
3.979	0.0366	0.017
3.98	0.0372	0.020
3.981	0.0384	0.020
3.982	0.0384	0.016
3.983	0.0384	0.008
3.984	0.0384	0.003
3.985	0.0384	-0.004
3.986	0.0384	-0.010
3.987	0.0384	-0.013
3.988	0.0384	-0.017
3.989	0.0384	-0.018
3.99	0.0384	-0.018
3.991	0.0384	-0.013
3.992	0.0384	-0.007
3.993	0.0384	0.001
3.994	0.0384	0.007
3.995	0.0384	0.011
3.996	0.0384	0.017
3.997	0.0388	0.018
3.998	0.0394	0.017
3.999	0.0394	0.013
4	0.0394	0.007
4.001	0.0394	0.000
4.002	0.0394	-0.006
4.003	0.0394	-0.012
4.004	0.0394	-0.018
4.005	0.0394	-0.022
4.006	0.0394	-0.021
4.007	0.0394	-0.019
4.008	0.0394	-0.014
4.009	0.0394	-0.008
4.01	0.0394	-0.002
4.011	0.0394	0.006
4.012	0.0394	0.012
4.013	0.0394	0.014
4.014	0.0555	0.014
4.015	0.0878	0.013
4.016	0.0878	0.007
4.017	0.0878	-0.001
4.018	0.0878	-0.010
4.019	0.0878	-0.018
4.02	0.0878	-0.025
4.021	0.0878	-0.031
4.022	0.0878	-0.036
4.023	0.0878	-0.031
4.024	0.0878	-0.017
4.025	0.0878	0.005
4.026	0.0878	0.026
4.027	0.0878	0.043
4.028	0.0878	0.052
4.029	0.0834	0.059
4.03	0.0747	0.052
4.031	0.0747	0.043
4.032	0.0747	0.037
4.033	0.0747	0.028
4.034	0.0747	0.019
4.035	0.0747	0.008
4.036	0.0747	0.000
4.037	0.0747	-0.008
4.038	0.0747	-0.013
4.039	0.0747	-0.016
4.04	0.0747	-0.015
4.041	0.0747	-0.011
4.042	0.0747	-0.006
4.043	0.0747	-0.001
4.044	0.0747	0.006
4.045	0.0747	0.010
4.046	0.0747	0.013
4.047	0.0747	0.014
4.048	0.0621	0.015
4.049	0.0369	0.010
4.05	0.0369	0.003
4.051	0.0369	-0.001
4.052	0.0369	-0.007
4.053	0.0369	-0.013
4.054	0.0369	-0.017
4.055	0.0369	-0.019
4.056	0.0369	-0.018
4.057	0.0369	-0.014
4.058	0.0369	-0.009
4.059	0.0369	-0.003
4.06	0.0369	0.004
4.061	0.0369	0.010
4.062	0.0369	0.014
4.063	0.0369	0.018
4.064	0.0369	0.019
4.065	0.0369	0.017
4.066	0.0369	0.012
4.067	0.0369	0.007
4.068	0.0369	0.001
4.069	0.0369	-0.005
4.07	0.0369	-0.011
4.071	0.0369	-0.016
4.072	0.0369	-0.018
4.073	0.0369	-0.016
4.074	0.0369	-0.013
4.075	0.0369	-0.009
4.076	0.0369	-0.002
4.077	0.0369	0.005
4.078	0.0369	0.012
4.079	0.0369	0.018
4.08	0.0369	0.019
4.081	0.0395	0.020
4.082	0.0447	0.017
4.083	0.0447	0.010
4.084	0.0447	0.004
4.085	0.0447	-0.003
4.086	0.0447	-0.009
4.087	0.0447	-0.016
4.088	0.0447	-0.018
4.089	0.0447	-0.019
4.09	0.0447	-0.019
4.091	0.0447	-0.014
4.092	0.0447	-0.010
4.093	0.0447	-0.004
4.094	0.0447	0.003
4.095	0.0447	0.010
4.096	0.0447	0.018
4.097	0.0447	0.026
4.098	0.0456	0.029
4.099	0.0475	0.026
4.1	0.0475	0.017
4.101	0.0475	0.005
4.102	0.0475	-0.005
4.103	0.0475	-0.007
4.104	0.0475	-0.014
4.105	0.0475	-0.019
4.106	0.0475	-0.013
4.107	0.0475	-0.004
4.108	0.0475	0.006
4.109	0.0475	0.015
4.11	0.0475	0.022
4.111	0.0475	0.025
4.112	0.0475	0.028
4.113	0.0482	0.030
4.114	0.0497	0.028
4.115	0.0497	0.024
4.116	0.0497	0.017
4.117	0.0497	0.009
4.118	0.0497	0.001
4.119	0.0497	-0.006
4.12	0.0497	-0.014
4.121	0.0497	-0.018
4.122	0.0497	-0.019
4.123	0.0497	-0.020
4.124	0.0497	-0.016
4.125	0.0497	-0.010
4.126	0.0497	-0.004
4.127	0.0497	0.003
4.128	0.0497	0.009
4.129	0.0497	0.014
4.13	0.0453	0.018
4.131	0.0366	0.017
4.132	0.0366	0.015
4.133	0.0366	0.008
4.134	0.0366	0.003
4.135	0.0366	-0.003
4.136	0.0366	-0.008
4.137	0.0366	-0.014
4.138	0.0366	-0.018
4.139	0.0366	-0.019
4.14	0.0366	-0.016
4.141	0.0366	-0.012
4.142	0.0366	-0.007
4.143	0.0366	0.000
4.144	0.0366	0.008
4.145	0.0366	0.012
4.146	0.0366	0.018
4.147	0.0372	0.019
4.148	0.0384	0.018
4.149	0.0384	0.014
4.15	0.0384	0.007
4.151	0.0384	0.001
4.152	0.0384	-0.005
4.153	0.0384	-0.012
4.154	0.0384	-0.017
4.155	0.0384	-0.019
4.156	0.0384	-0.020
4.157	0.0384	-0.019
4.158	0.0384	-0.012
4.159	0.0384	-0.007
4.16	0.0384	0.000
4.161	0.0384	0.007
4.162	0.0384	0.012
4.163	0.0378	0.015
4.164	0.0366	0.015
4.165	0.0366	0.015
4.166	0.0366	0.008
4.167	0.0366	0.003
4.168	0.0366	-0.004
4.169	0.0366	-0.009
4.17	0.0366	-0.015
4.171	0.0366	-0.020
4.172	0.0366	-0.022
4.173	0.0366	-0.022
4.174	0.0366	-0.017
4.175	0.0366	-0.011
4.176	0.0366	-0.006
4.177	0.0366	0.001
4.178	0.0366	0.006
4.179	0.0366	0.011
4.18	0.1328	0.014
4.181	0.3253	0.013
4.182	0.3253	0.011
4.183	0.3253	0.005
4.184	0.3253	-0.002
4.185	0.3253	-0.007
4.186	0.3253	-0.013
4.187	0.3253	-0.020
4.188	0.3253	-0.022
4.189	0.3253	-0.023
4.19	0.3253	-0.022
4.191	0.3253	-0.017
4.192	0.3253	-0.011
4.193	0.3253	-0.001
4.194	0.3253	0.063
4.195	0.3253	0.153
4.196	0.3253	0.247
4.197	0.3253	0.302
4.198	0.4667	0.315
4.199	0.7494	0.275
4.2	0.7494	0.178
4.201	0.7494	0.061
4.202	0.7494	-0.086
4.203	0.7494	-0.217
4.204	0.7494	-0.330
4.205	0.7494	-0.403
4.206	0.7494	-0.423
4.207	0.7494	-0.398
4.208	0.7494	-0.307
4.209	0.7494	-0.191
4.21	0.7494	-0.044
4.211	0.7494	0.103
4.212	0.7494	0.228
4.213	0.7494	0.326
4.214	0.7552	0.368
4.215	0.7669	0.365
4.216	0.7669	0.299
4.217	0.7669	0.190
4.218	0.7669	0.059
4.219	0.7669	-0.094
4.22	0.7669	-0.222
4.221	0.7669	-0.333
4.222	0.7669	-0.389
4.223	0.7669	-0.399
4.224	0.7669	-0.355
4.225	0.7669	-0.252
4.226	0.7669	-0.129
4.227	0.7669	0.022
4.228	0.7669	0.161
4.229	0.7669	0.278
4.23	0.7669	0.357
4.231	0.7682	0.381
4.232	0.7709	0.360
4.233	0.7709	0.272
4.234	0.7709	0.157
4.235	0.7709	0.015
4.236	0.7709	-0.133
4.237	0.7709	-0.256
4.238	0.7709	-0.351
4.239	0.7709	-0.390
4.24	0.7709	-0.386
4.241	0.7709	-0.318
4.242	0.7709	-0.209
4.243	0.7709	-0.077
4.244	0.7709	0.077
4.245	0.7709	0.207
4.246	0.7709	0.316
4.247	0.7709	0.374
4.248	0.7669	0.385
4.249	0.7587	0.341
4.25	0.7587	0.240
4.251	0.7587	0.116
4.252	0.7587	-0.036
4.253	0.7587	-0.174
4.254	0.7587	-0.287
4.255	0.7587	-0.353
4.256	0.7587	-0.359
4.257	0.7587	-0.318
4.258	0.7587	-0.209
4.259	0.7587	-0.080
4.26	0.7587	0.068
4.261	0.7587	0.208
4.262	0.7587	0.318
4.263	0.7587	0.400
4.264	0.7801	0.425
4.265	0.8228	0.412
4.266	0.8228	0.333
4.267	0.8228	0.216
4.268	0.8228	0.073
4.269	0.8228	-0.087
4.27	0.8228	-0.221
4.271	0.8228	-0.330
4.272	0.8228	-0.388
4.273	0.8228	-0.398
4.274	0.8228	-0.355
4.275	0.8228	-0.253
4.276	0.8228	-0.131
4.277	0.8228	0.019
4.278	0.8228	0.158
4.279	0.8228	0.273
4.28	0.8228	0.351
4.281	0.8053	0.374
4.282	0.7703	0.354
4.283	0.7703	0.265
4.284	0.7703	0.151
4.285	0.7703	0.008
4.286	0.7703	-0.139
4.287	0.7703	-0.260
4.288	0.7703	-0.355
4.289	0.7703	-0.395
4.29	0.7703	-0.391
4.291	0.7703	-0.322
4.292	0.7703	-0.210
4.293	0.7703	-0.077
4.294	0.7703	0.076
4.295	0.7703	0.207
4.296	0.7703	0.317
4.297	0.7703	0.375
4.298	0.6755	0.386
4.299	0.4859	0.343
4.3	0.4859	0.240
4.301	0.4859	0.119
4.302	0.4859	0.004
4.303	0.4859	-0.055
4.304	0.4859	-0.082
4.305	0.4859	-0.093
4.306	0.4859	-0.100
4.307	0.4859	-0.099
4.308	0.4859	-0.088
4.309	0.4859	-0.075
4.31	0.4859	-0.059
4.311	0.4859	-0.044
4.312	0.4859	-0.030
4.313	0.4859	-0.019
4.314	0.4859	-0.011
4.315	0.3367	-0.008
4.316	0.0381	-0.010
4.317	0.0381	-0.013
4.318	0.0381	-0.017
4.319	0.0381	-0.022
4.32	0.0381	-0.026
4.321	0.0381	-0.029
4.322	0.0381	-0.029
4.323	0.0381	-0.023
4.324	0.0381	-0.014
4.325	0.0381	-0.005
4.326	0.0381	0.002
4.327	0.0381	0.007
4.328	0.0381	0.006
4.329	0.0381	0.009
4.33	0.0309	0.013
4.331	0.0166	0.010
4.332	0.0166	0.001
4.333	0.0166	-0.003
4.334	0.0166	-0.002
4.335	0.0166	0.002
4.336	0.0180	0.004
4.337	0.0209	0.003
4.338	0.0209	0.001
4.339	0.0209	-0.001
4.34	0.0209	-0.002
4.341	0.0209	0.002
4.342	0.0209	0.006
4.343	0.0209	0.010
4.344	0.0209	0.016
4.345	0.0209	0.019
4.346	0.0276	0.022
4.347	0.0409	0.022
4.348	0.0409	0.021
4.349	0.0409	0.014
4.35	0.0409	0.009
4.351	0.0409	0.002
4.352	0.0409	-0.005
4.353	0.0409	-0.011
4.354	0.0409	-0.015
4.355	0.0409	-0.019
4.356	0.0409	-0.019
4.357	0.0409	-0.015
4.358	0.0409	-0.008
4.359	0.0409	-0.003
4.36	0.0409	0.005
4.361	0.0409	0.011
4.362	0.0409	0.015
4.363	0.0409	0.018
4.364	0.0402	0.019
4.365	0.0388	0.017
4.366	0.0388	0.011
4.367	0.0388	0.005
4.368	0.0388	-0.003
4.369	0.0388	-0.008
4.37	0.0388	-0.014
4.371	0.0388	-0.018
4.372	0.0388	-0.020
4.373	0.0388	-0.020
4.374	0.0388	-0.016
4.375	0.0388	-0.011
4.376	0.0388	-0.005
4.377	0.0388	0.002
4.378	0.0388	0.007
4.379	0.0388	0.013
4.38	0.0388	0.015
4.381	0.0386	0.016
4.382	0.0384	0.014
4.383	0.0384	0.007
4.384	0.0384	0.000
4.385	0.0384	-0.006
4.386	0.0384	-0.013
4.387	0.0384	-0.018
4.388	0.0384	-0.021
4.389	0.0384	-0.023
4.39	0.0384	-0.022
4.391	0.0384	-0.018
4.392	0.0384	-0.012
4.393	0.0384	-0.005
4.394	0.0384	0.001
4.395	0.0384	0.005
4.396	0.0384	0.010
4.397	0.0384	0.012
4.398	0.0384	0.011
4.399	0.0384	0.006
4.4	0.0384	0.000
4.401	0.0384	-0.007
4.402	0.0384	-0.014
4.403	0.0384	-0.019
4.404	0.0384	-0.024
4.405	0.0384	-0.027
4.406	0.0384	-0.027
4.407	0.0384	-0.027
4.408	0.0384	-0.020
4.409	0.0384	-0.014
4.41	0.0384	-0.005
4.411	0.0384	0.001
4.412	0.0384	0.006
4.413	0.0384	0.011
4.414	0.0380	0.012
4.415	0.0372	0.010
4.416	0.0372	0.004
4.417	0.0372	-0.002
4.418	0.0372	-0.008
4.419	0.0372	-0.015
4.42	0.0372	-0.019
4.421	0.0372	-0.023
4.422	0.0372	-0.025
4.423	0.0372	-0.025
4.424	0.0372	-0.021
4.425	0.0372	-0.014
4.426	0.0372	-0.009
4.427	0.0372	-0.002
4.428	0.0372	0.004
4.429	0.0372	0.009
4.43	0.0378	0.012
4.431	0.0391	0.011
4.432	0.0391	0.008
4.433	0.0391	0.003
4.434	0.0391	-0.002
4.435	0.0391	-0.009
4.436	0.0391	-0.014
4.437	0.0391	-0.019
4.438	0.0391	-0.024
4.439	0.0391	-0.025
4.44	0.0391	-0.024
4.441	0.0391	-0.021
4.442	0.0391	-0.014
4.443	0.0391	-0.006
4.444	0.0391	0.002
4.445	0.0391	0.008
4.446	0.0391	0.012
4.447	0.0391	0.014
4.448	0.0384	0.014
4.449	0.0372	0.011
4.45	0.0372	0.005
4.451	0.0372	-0.001
4.452	0.0372	-0.008
4.453	0.0372	-0.014
4.454	0.0372	-0.019
4.455	0.0372	-0.022
4.456	0.0372	-0.023
4.457	0.0372	-0.020
4.458	0.0372	-0.013
4.459	0.0372	-0.007
4.46	0.0372	-0.001
4.461	0.0372	0.004
4.462	0.0372	0.010
4.463	0.0372	0.014
4.464	0.0429	0.016
4.465	0.0544	0.014
4.466	0.0544	0.008
4.467	0.0544	0.003
4.468	0.0544	-0.003
4.469	0.0544	-0.010
4.47	0.0544	-0.016
4.471	0.0544	-0.020
4.472	0.0544	-0.021
4.473	0.0544	-0.020
4.474	0.0544	-0.016
4.475	0.0544	-0.011
4.476	0.0544	-0.004
4.477	0.0544	0.002
4.478	0.0544	0.007
4.479	0.0544	0.012
4.48	0.0544	0.016
4.481	0.0544	0.022
4.482	0.0544	0.027
4.483	0.0544	0.033
4.484	0.0459	0.037
4.485	0.0291	0.033
4.486	0.0291	0.024
4.487	0.0291	0.015
4.488	0.0291	0.008
4.489	0.0291	0.008
4.49	0.0291	0.012
4.491	0.0291	0.019
4.492	0.0210	0.021
4.493	0.0050	0.018
4.494	0.0050	0.017
4.495	0.0050	0.020
4.496	0.0050	0.022
4.497	0.0193	0.023
4.498	0.0478	0.021
4.499	0.0478	0.014
4.5	0.0478	0.005
4.501	0.0478	-0.002
4.502	0.0478	-0.011
4.503	0.0478	-0.017
4.504	0.0478	-0.023
4.505	0.0478	-0.025
4.506	0.0478	-0.025
4.507	0.0478	-0.023
4.508	0.0478	-0.018
4.509	0.0478	-0.011
4.51	0.0478	-0.004
4.511	0.0478	0.002
4.512	0.0478	0.007
4.513	0.0478	0.012
4.514	0.0500	0.014
4.515	0.0544	0.013
4.516	0.0544	0.007
4.517	0.0544	0.002
4.518	0.0544	-0.004
4.519	0.0544	-0.012
4.52	0.0544	-0.019
4.521	0.0544	-0.026
4.522	0.0544	-0.029
4.523	0.0544	-0.028
4.524	0.0544	-0.023
4.525	0.0544	-0.013
4.526	0.0544	-0.004
4.527	0.0544	0.008
4.528	0.0544	0.018
4.529	0.0544	0.026
4.53	0.0558	0.030
4.531	0.0587	0.030
4.532	0.0587	0.026
4.533	0.0587	0.017
4.534	0.0587	0.009
4.535	0.0587	-0.002
4.536	0.0587	-0.012
4.537	0.0587	-0.020
4.538	0.0587	-0.026
4.539	0.0587	-0.029
4.54	0.0587	-0.028
4.541	0.0587	-0.021
4.542	0.0587	-0.013
4.543	0.0587	-0.004
4.544	0.0587	0.007
4.545	0.0587	0.015
4.546	0.0587	0.024
4.547	0.0599	0.028
4.548	0.0622	0.028
4.549	0.0622	0.021
4.55	0.0622	0.012
4.551	0.0622	0.002
4.552	0.0622	-0.009
4.553	0.0622	-0.019
4.554	0.0622	-0.028
4.555	0.0622	-0.032
4.556	0.0622	-0.034
4.557	0.0622	-0.031
4.558	0.0622	-0.023
4.559	0.0622	-0.014
4.56	0.0622	-0.002
4.561	0.0622	0.009
4.562	0.0622	0.019
4.563	0.0622	0.026
4.564	0.0625	0.028
4.565	0.0631	0.026
4.566	0.0631	0.018
4.567	0.0631	0.008
4.568	0.0631	-0.002
4.569	0.0631	-0.013
4.57	0.0631	-0.024
4.571	0.0631	-0.031
4.572	0.0631	-0.036
4.573	0.0631	-0.036
4.574	0.0631	-0.030
4.575	0.0631	-0.021
4.576	0.0631	-0.010
4.577	0.0631	0.001
4.578	0.0631	0.012
4.579	0.0631	0.021
4.58	0.0596	0.027
4.581	0.0525	0.027
4.582	0.0525	0.023
4.583	0.0525	0.014
4.584	0.0525	0.005
4.585	0.0525	-0.005
4.586	0.0525	-0.014
4.587	0.0525	-0.020
4.588	0.0525	-0.025
4.589	0.0525	-0.026
4.59	0.0525	-0.024
4.591	0.0525	-0.018
4.592	0.0525	-0.013
4.593	0.0525	-0.005
4.594	0.0525	0.002
4.595	0.0525	0.008
4.596	0.0525	0.012
4.597	0.0525	0.013
4.598	0.0471	0.014
4.599	0.0362	0.009
4.6	0.0362	0.003
4.601	0.0362	-0.003
4.602	0.0362	-0.009
4.603	0.0362	-0.015
4.604	0.0362	-0.019
4.605	0.0362	-0.021
4.606	0.0362	-0.022
4.607	0.0362	-0.019
4.608	0.0362	-0.013
4.609	0.0362	-0.009
4.61	0.0362	-0.003
4.611	0.0362	0.004
4.612	0.0362	0.010
4.613	0.0362	0.014
4.614	0.0364	0.014
4.615	0.0366	0.013
4.616	0.0366	0.007
4.617	0.0366	0.002
4.618	0.0366	-0.005
4.619	0.0366	-0.011
4.62	0.0366	-0.015
4.621	0.0366	-0.019
4.622	0.0366	-0.021
4.623	0.0366	-0.020
4.624	0.0366	-0.016
4.625	0.0366	-0.010
4.626	0.0366	-0.004
4.627	0.0366	0.002
4.628	0.0366	0.007
4.629	0.0366	0.014
4.63	0.0366	0.015
4.631	0.0376	0.016
4.632	0.0397	0.012
4.633	0.0397	0.006
4.634	0.0397	0.000
4.635	0.0397	-0.007
4.636	0.0397	-0.013
4.637	0.0397	-0.019
4.638	0.0397	-0.023
4.639	0.0397	-0.024
4.64	0.0397	-0.023
4.641	0.0397	-0.018
4.642	0.0397	-0.013
4.643	0.0397	-0.007
4.644	0.0397	0.001
4.645	0.0397	0.007
4.646	0.0397	0.013
4.647	0.0397	0.016
4.648	0.0302	0.016
4.649	0.0112	0.013
4.65	0.0112	0.013
4.651	0.0112	0.017
4.652	0.0112	0.024
4.653	0.0140	0.028
4.654	0.0194	0.021
4.655	0.0194	0.013
4.656	0.0194	0.008
4.657	0.0194	0.010
4.658	0.0194	0.017
4.659	0.0194	0.024
4.66	0.0332	0.032
4.661	0.0609	0.030
4.662	0.0609	0.024
4.663	0.0609	0.021
4.664	0.0609	0.018
4.665	0.0609	0.018
4.666	0.0609	0.011
4.667	0.0609	0.002
4.668	0.0609	-0.006
4.669	0.0609	-0.013
4.67	0.0609	-0.020
4.671	0.0609	-0.026
4.672	0.0609	-0.028
4.673	0.0609	-0.029
4.674	0.0609	-0.024
4.675	0.0609	-0.018
4.676	0.0609	-0.013
4.677	0.0609	-0.005
4.678	0.0609	0.002
4.679	0.0609	0.008
4.68	0.0609	0.012
4.681	0.0530	0.012
4.682	0.0372	0.009
4.683	0.0372	0.004
4.684	0.0372	0.000
4.685	0.0372	-0.007
4.686	0.0372	-0.013
4.687	0.0372	-0.016
4.688	0.0372	-0.019
4.689	0.0372	-0.020
4.69	0.0372	-0.019
4.691	0.0372	-0.014
4.692	0.0372	-0.009
4.693	0.0372	-0.000
4.694	0.0372	0.007
4.695	0.0372	0.013
4.696	0.0372	0.017
4.697	0.0378	0.021
4.698	0.0391	0.020
4.699	0.0391	0.015
4.7	0.0391	0.008
4.701	0.0391	0.002
4.702	0.0391	-0.004
4.703	0.0391	-0.011
4.704	0.0391	-0.015
4.705	0.0391	-0.018
4.706	0.0391	-0.018
4.707	0.0391	-0.016
4.708	0.0391	-0.011
4.709	0.0391	-0.006
4.71	0.0391	0.002
4.711	0.0391	0.007
4.712	0.0391	0.013
4.713	0.0391	0.017
4.714	0.0388	0.018
4.715	0.0381	0.016
4.716	0.0381	0.011
4.717	0.0381	0.005
4.718	0.0381	-0.002
4.719	0.0381	-0.009
4.72	0.0381	-0.014
4.721	0.0381	-0.017
4.722	0.0381	-0.020
4.723	0.0381	-0.020
4.724	0.0381	-0.016
4.725	0.0381	-0.010
4.726	0.0381	-0.004
4.727	0.0381	0.004
4.728	0.0381	0.008
4.729	0.0381	0.012
4.73	0.0381	0.014
4.731	0.0386	0.014
4.732	0.0397	0.010
4.733	0.0397	0.004
4.734	0.0397	-0.001
4.735	0.0397	-0.008
4.736	0.0397	-0.013
4.737	0.0397	-0.019
4.738	0.0397	-0.023
4.739	0.0397	-0.025
4.74	0.0397	-0.025
4.741	0.0397	-0.021
4.742	0.0397	-0.014
4.743	0.0397	-0.007
4.744	0.0397	-0.000
4.745	0.0397	0.007
4.746	0.0397	0.011
4.747	0.0389	0.012
4.748	0.0372	0.011
4.749	0.0372	0.007
4.75	0.0372	0.001
4.751	0.0372	-0.004
4.752	0.0372	-0.009
4.753	0.0372	-0.016
4.754	0.0372	-0.021
4.755	0.0372	-0.024
4.756	0.0372	-0.024
4.757	0.0372	-0.021
4.758	0.0372	-0.014
4.759	0.0372	-0.009
4.76	0.0372	-0.002
4.761	0.0372	0.005
4.762	0.0372	0.009
4.763	0.0372	0.013
4.764	0.0373	0.014
4.765	0.0375	0.013
4.766	0.0375	0.007
4.767	0.0375	0.002
4.768	0.0375	-0.005
4.769	0.0375	-0.011
4.77	0.0375	-0.016
4.771	0.0375	-0.022
4.772	0.0375	-0.023
4.773	0.0375	-0.023
4.774	0.0375	-0.021
4.775	0.0375	-0.016
4.776	0.0375	-0.010
4.777	0.0375	-0.002
4.778	0.0375	0.004
4.779	0.0375	0.010
4.78	0.0373	0.013
4.781	0.0369	0.013
4.782	0.0369	0.011
4.783	0.0369	0.005
4.784	0.0369	-0.001
4.785	0.0369	-0.007
4.786	0.0369	-0.014
4.787	0.0369	-0.018
4.788	0.0369	-0.022
4.789	0.0369	-0.024
4.79	0.0369	-0.022
4.791	0.0369	-0.017
4.792	0.0369	-0.012
4.793	0.0369	-0.006
4.794	0.0369	0.003
4.795	0.0369	0.007
4.796	0.0369	0.012
4.797	0.0441	0.015
4.798	0.0584	0.015
4.799	0.0584	0.010
4.8	0.0584	0.004
4.801	0.0584	-0.003
4.802	0.0584	-0.010
4.803	0.0584	-0.014
4.804	0.0584	-0.018
4.805	0.0584	-0.020
4.806	0.0584	-0.021
4.807	0.0584	-0.019
4.808	0.0584	-0.015
4.809	0.0584	-0.011
4.81	0.0584	-0.003
4.811	0.0584	0.003
4.812	0.0584	0.008
4.813	0.0584	0.019
4.814	0.0584	0.027
4.815	0.0584	0.038
4.816	0.0519	0.044
4.817	0.0388	0.040
4.818	0.0388	0.030
4.819	0.0388	0.019
4.82	0.0388	0.010
4.821	0.0388	0.005
4.822	0.0388	0.007
4.823	0.0388	0.012
4.824	0.0292	0.013
4.825	0.0100	0.011
4.826	0.0100	0.007
4.827	0.0100	0.010
4.828	0.0100	0.014
4.829	0.0100	0.017
4.83	0.0100	0.017
4.831	0.0210	0.017
4.832	0.0431	0.013
4.833	0.0431	0.005
4.834	0.0431	-0.001
4.835	0.0431	-0.010
4.836	0.0431	-0.015
4.837	0.0431	-0.021
4.838	0.0431	-0.025
4.839	0.0431	-0.026
4.84	0.0431	-0.025
4.841	0.0431	-0.019
4.842	0.0431	-0.013
4.843	0.0431	-0.006
4.844	0.0431	0.001
4.845	0.0431	0.005
4.846	0.0431	0.010
4.847	0.0431	0.013
4.848	0.0416	0.013
4.849	0.0384	0.010
4.85	0.0384	0.004
4.851	0.0384	-0.003
4.852	0.0384	-0.009
4.853	0.0384	-0.014
4.854	0.0384	-0.019
4.855	0.0384	-0.022
4.856	0.0384	-0.021
4.857	0.0384	-0.019
4.858	0.0384	-0.013
4.859	0.0384	-0.007
4.86	0.0384	-0.001
4.861	0.0384	0.007
4.862	0.0384	0.013
4.863	0.0384	0.017
4.864	0.0380	0.018
4.865	0.0372	0.016
4.866	0.0372	0.011
4.867	0.0372	0.005
4.868	0.0372	-0.001
4.869	0.0372	-0.009
4.87	0.0372	-0.013
4.871	0.0372	-0.017
4.872	0.0372	-0.019
4.873	0.0372	-0.019
4.874	0.0372	-0.015
4.875	0.0372	-0.010
4.876	0.0372	-0.004
4.877	0.0372	0.003
4.878	0.0372	0.007
4.879	0.0372	0.010
4.88	0.0371	0.014
4.881	0.0369	0.014
4.882	0.0369	0.011
4.883	0.0369	0.006
4.884	0.0369	-0.001
4.885	0.0369	-0.007
4.886	0.0369	-0.013
4.887	0.0369	-0.018
4.888	0.0369	-0.023
4.889	0.0369	-0.023
4.89	0.0369	-0.023
4.891	0.0369	-0.018
4.892	0.0369	-0.012
4.893	0.0369	-0.005
4.894	0.0369	0.002
4.895	0.0369	0.007
4.896	0.0369	0.012
4.897	0.0372	0.014
4.898	0.0378	0.013
4.899	0.0378	0.010
4.9	0.0378	0.004
4.901	0.0378	-0.001
4.902	0.0378	-0.008
4.903	0.0378	-0.014
4.904	0.0378	-0.020
4.905	0.0378	-0.023
4.906	0.0378	-0.024
4.907	0.0378	-0.022
4.908	0.0378	-0.017
4.909	0.0378	-0.010
4.91	0.0378	-0.003
4.911	0.0378	0.003
4.912	0.0378	0.007
4.913	0.0378	0.012
4.914	0.0374	0.013
4.915	0.0366	0.011
4.916	0.0366	0.007
4.917	0.0366	0.002
4.918	0.0366	-0.004
4.919	0.0366	-0.010
4.92	0.0366	-0.016
4.921	0.0366	-0.020
4.922	0.0366	-0.023
4.923	0.0366	-0.022
4.924	0.0366	-0.019
4.925	0.0366	-0.012
4.926	0.0366	-0.005
4.927	0.0366	0.001
4.928	0.0366	0.006
4.929	0.0366	0.011
4.93	0.0366	0.011
4.931	0.0366	0.009
4.932	0.0366	0.008
4.933	0.0366	0.002
4.934	0.0366	-0.004
4.935	0.0366	-0.010
4.936	0.0366	-0.016
4.937	0.0366	-0.020
4.938	0.0366	-0.025
4.939	0.0366	-0.025
4.94	0.0366	-0.023
4.941	0.0366	-0.018
4.942	0.0366	-0.014
4.943	0.0366	-0.007
4.944	0.0366	0.000
4.945	0.0366	0.006
4.946	0.0366	0.012
4.947	0.0358	0.014
4.948	0.0344	0.014
4.949	0.0344	0.010
4.95	0.0344	0.003
4.951	0.0344	-0.002
4.952	0.0344	-0.009
4.953	0.0344	-0.014
4.954	0.0344	-0.018
4.955	0.0344	-0.020
4.956	0.0344	-0.020
4.957	0.0344	-0.019
4.958	0.0344	-0.014
4.959	0.0344	-0.009
4.96	0.0344	-0.001
4.961	0.0344	0.005
4.962	0.0344	0.010
4.963	0.0355	0.015
4.964	0.0378	0.015
4.965	0.0378	0.014
4.966	0.0378	0.009
4.967	0.0378	0.003
4.968	0.0378	-0.002
4.969	0.0378	-0.008
4.97	0.0378	-0.014
4.971	0.0378	-0.019
4.972	0.0378	-0.021
4.973	0.0378	-0.022
4.974	0.0378	-0.019
4.975	0.0378	-0.014
4.976	0.0378	-0.008
4.977	0.0378	-0.001
4.978	0.0378	0.007
4.979	0.0378	0.012
4.98	0.0378	0.016
4.981	0.0448	0.017
4.982	0.0587	0.014
4.983	0.0587	0.009
4.984	0.0587	0.003
4.985	0.0587	-0.003
4.986	0.0587	-0.009
4.987	0.0587	-0.014
4.988	0.0587	-0.018
4.989	0.0587	-0.019
4.99	0.0587	-0.020
4.991	0.0587	-0.016
4.992	0.0587	-0.011
4.993	0.0587	-0.004
4.994	0.0587	0.002
4.995	0.0587	0.007
4.996	0.0587	0.013
4.997	0.0587	0.017
4.998	0.0587	0.024
4.999	0.0587	0.031
5	0.0587	0.039
5.001	0.0493	0.042
5.002	0.0303	0.035
5.003	0.0303	0.024
5.004	0.0303	0.014
5.005	0.0303	0.012
5.006	0.0303	0.012
5.007	0.0303	0.017
5.008	0.0230	0.024
5.009	0.0084	0.022
5.01	0.0084	0.017
5.011	0.0084	0.016
5.012	0.0084	0.018
5.013	0.0084	0.020
5.014	0.0199	0.020
5.015	0.0428	0.018
5.016	0.0428	0.010
5.017	0.0428	0.003
5.018	0.0428	-0.003
5.019	0.0428	-0.011
5.02	0.0428	-0.015
5.021	0.0428	-0.021
5.022	0.0428	-0.023
5.023	0.0428	-0.023
5.024	0.0428	-0.020
5.025	0.0428	-0.015
5.026	0.0428	-0.008
5.027	0.0428	-0.001
5.028	0.0428	0.004
5.029	0.0428	0.011
5.03	0.0428	0.016
5.031	0.0496	0.017
5.032	0.0631	0.015
5.033	0.0631	0.010
5.034	0.0631	0.005
5.035	0.0631	-0.001
5.036	0.0631	-0.009
5.037	0.0631	-0.017
5.038	0.0631	-0.025
5.039	0.0631	-0.028
5.04	0.0631	-0.029
5.041	0.0631	-0.024
5.042	0.0631	-0.016
5.043	0.0631	-0.004
5.044	0.0631	0.008
5.045	0.0631	0.020
5.046	0.0631	0.029
5.047	0.0631	0.034
5.048	0.0647	0.036
5.049	0.0678	0.033
5.05	0.0678	0.022
5.051	0.0678	0.013
5.052	0.0678	0.000
5.053	0.0678	-0.011
5.054	0.0678	-0.022
5.055	0.0678	-0.029
5.056	0.0678	-0.032
5.057	0.0678	-0.029
5.058	0.0678	-0.021
5.059	0.0678	-0.013
5.06	0.0678	-0.001
5.061	0.0678	0.011
5.062	0.0678	0.018
5.063	0.0678	0.027
5.064	0.0678	0.031
5.065	0.0675	0.031
5.066	0.0669	0.025
5.067	0.0669	0.017
5.068	0.0669	0.004
5.069	0.0669	-0.008
5.07	0.0669	-0.018
5.071	0.0669	-0.028
5.072	0.0669	-0.034
5.073	0.0669	-0.036
5.074	0.0669	-0.033
5.075	0.0669	-0.027
5.076	0.0669	-0.016
5.077	0.0669	-0.003
5.078	0.0669	0.010
5.079	0.0669	0.021
5.08	0.0669	0.029
5.081	0.0667	0.032
5.082	0.0662	0.031
5.083	0.0662	0.022
5.084	0.0662	0.012
5.085	0.0662	0.001
5.086	0.0662	-0.012
5.087	0.0662	-0.022
5.088	0.0662	-0.031
5.089	0.0662	-0.034
5.09	0.0662	-0.034
5.091	0.0662	-0.028
5.092	0.0662	-0.020
5.093	0.0662	-0.010
5.094	0.0662	0.002
5.095	0.0662	0.013
5.096	0.0662	0.023
5.097	0.0662	0.030
5.098	0.0656	0.031
5.099	0.0644	0.028
5.1	0.0644	0.019
5.101	0.0644	0.009
5.102	0.0644	-0.003
5.103	0.0644	-0.014
5.104	0.0644	-0.025
5.105	0.0644	-0.031
5.106	0.0644	-0.033
5.107	0.0644	-0.033
5.108	0.0644	-0.026
5.109	0.0644	-0.018
5.11	0.0644	-0.007
5.111	0.0644	0.006
5.112	0.0644	0.018
5.113	0.0644	0.028
5.114	0.0649	0.032
5.115	0.0659	0.032
5.116	0.0659	0.025
5.117	0.0659	0.017
5.118	0.0659	0.007
5.119	0.0659	-0.005
5.12	0.0659	-0.017
5.121	0.0659	-0.026
5.122	0.0659	-0.032
5.123	0.0659	-0.034
5.124	0.0659	-0.031
5.125	0.0659	-0.023
5.126	0.0659	-0.013
5.127	0.0659	-0.001
5.128	0.0659	0.012
5.129	0.0659	0.022
5.13	0.0659	0.030
5.131	0.0653	0.032
5.132	0.0641	0.030
5.133	0.0641	0.022
5.134	0.0641	0.013
5.135	0.0641	0.002
5.136	0.0641	-0.011
5.137	0.0641	-0.020
5.138	0.0641	-0.028
5.139	0.0641	-0.033
5.14	0.0641	-0.031
5.141	0.0641	-0.028
5.142	0.0641	-0.018
5.143	0.0641	-0.006
5.144	0.0641	0.005
5.145	0.0641	0.014
5.146	0.0641	0.020
5.147	0.0641	0.022
5.148	0.0555	0.023
5.149	0.0384	0.021
5.15	0.0384	0.015
5.151	0.0384	0.008
5.152	0.0384	0.001
5.153	0.0384	-0.005
5.154	0.0384	-0.010
5.155	0.0384	-0.014
5.156	0.0384	-0.015
5.157	0.0384	-0.015
5.158	0.0384	-0.010
5.159	0.0384	-0.005
5.16	0.0384	0.001
5.161	0.0384	0.009
5.162	0.0384	0.016
5.163	0.0384	0.020
5.164	0.0384	0.022
5.165	0.0516	0.022
5.166	0.0778	0.018
5.167	0.0778	0.013
5.168	0.0778	0.006
5.169	0.0778	-0.001
5.17	0.0778	-0.005
5.171	0.0778	-0.008
5.172	0.0778	-0.008
5.173	0.0778	-0.001
5.174	0.0778	0.013
5.175	0.0778	0.032
5.176	0.0778	0.050
5.177	0.0778	0.060
5.178	0.0778	0.062
5.179	0.0778	0.067
5.18	0.0778	0.068
5.181	0.0778	0.069
5.182	0.0810	0.070
5.183	0.0875	0.066
5.184	0.0875	0.051
5.185	0.0875	0.024
5.186	0.0875	0.003
5.187	0.0875	-0.011
5.188	0.0875	-0.017
5.189	0.0875	-0.018
5.19	0.0875	-0.017
5.191	0.0875	-0.012
5.192	0.0875	-0.005
5.193	0.0875	0.001
5.194	0.0875	0.008
5.195	0.0875	0.012
5.196	0.0875	0.015
5.197	0.0716	0.018
5.198	0.0397	0.012
5.199	0.0397	0.007
5.2	0.0397	0.001
5.201	0.0397	-0.004
5.202	0.0397	-0.011
5.203	0.0397	-0.015
5.204	0.0397	-0.019
5.205	0.0397	-0.022
5.206	0.0397	-0.022
5.207	0.0397	-0.021
5.208	0.0397	-0.015
5.209	0.0397	-0.009
5.21	0.0397	-0.002
5.211	0.0397	0.004
5.212	0.0397	0.010
5.213	0.0397	0.016
5.214	0.0390	0.018
5.215	0.0375	0.017
5.216	0.0375	0.013
5.217	0.0375	0.008
5.218	0.0375	0.003
5.219	0.0375	-0.003
5.22	0.0375	-0.007
5.221	0.0375	-0.013
5.222	0.0375	-0.013
5.223	0.0375	-0.015
5.224	0.0375	-0.011
5.225	0.0375	-0.005
5.226	0.0375	-0.000
5.227	0.0375	0.007
5.228	0.0375	0.014
5.229	0.0375	0.019
5.23	0.0375	0.022
5.231	0.0384	0.023
5.232	0.0403	0.021
5.233	0.0403	0.015
5.234	0.0403	0.008
5.235	0.0403	0.001
5.236	0.0403	-0.005
5.237	0.0403	-0.010
5.238	0.0403	-0.014
5.239	0.0403	-0.017
5.24	0.0403	-0.017
5.241	0.0403	-0.014
5.242	0.0403	-0.009
5.243	0.0403	-0.003
5.244	0.0403	0.004
5.245	0.0403	0.009
5.246	0.0403	0.012
5.247	0.0396	0.015
5.248	0.0381	0.015
5.249	0.0381	0.011
5.25	0.0381	0.005
5.251	0.0381	-0.002
5.252	0.0381	-0.008
5.253	0.0381	-0.013
5.254	0.0381	-0.019
5.255	0.0381	-0.022
5.256	0.0381	-0.022
5.257	0.0381	-0.023
5.258	0.0381	-0.017
5.259	0.0381	-0.012
5.26	0.0381	-0.004
5.261	0.0381	0.002
5.262	0.0381	0.007
5.263	0.0381	0.012
5.264	0.0381	0.014
5.265	0.0374	0.014
5.266	0.0359	0.010
5.267	0.0359	0.003
5.268	0.0359	-0.003
5.269	0.0359	-0.011
5.27	0.0359	-0.016
5.271	0.0359	-0.021
5.272	0.0359	-0.022
5.273	0.0359	-0.022
5.274	0.0359	-0.018
5.275	0.0359	-0.012
5.276	0.0359	-0.006
5.277	0.0359	0.002
5.278	0.0359	0.007
5.279	0.0359	0.012
5.28	0.0359	0.013
5.281	0.0365	0.014
5.282	0.0375	0.011
5.283	0.0375	0.006
5.284	0.0375	0.001
5.285	0.0375	-0.008
5.286	0.0375	-0.013
5.287	0.0375	-0.017
5.288	0.0375	-0.022
5.289	0.0375	-0.023
5.29	0.0375	-0.023
5.291	0.0375	-0.020
5.292	0.0375	-0.015
5.293	0.0375	-0.009
5.294	0.0375	-0.000
5.295	0.0375	0.007
5.296	0.0375	0.013
5.297	0.0375	0.014
5.298	0.0385	0.014
5.299	0.0406	0.012
5.3	0.0406	0.006
5.301	0.0406	0.000
5.302	0.0406	-0.006
5.303	0.0406	-0.010
5.304	0.0406	-0.015
5.305	0.0406	-0.018
5.306	0.0406	-0.017
5.307	0.0406	-0.009
5.308	0.0406	0.006
5.309	0.0406	0.014
5.31	0.0406	0.020
5.311	0.0406	0.022
5.312	0.0406	0.023
5.313	0.0406	0.022
5.314	0.0406	0.022
5.315	0.0360	0.023
5.316	0.0269	0.021
5.317	0.0269	0.011
5.318	0.0269	0.007
5.319	0.0269	0.007
5.32	0.0269	0.005
5.321	0.0269	0.001
5.322	0.0269	-0.002
5.323	0.0269	-0.004
5.324	0.0269	-0.004
5.325	0.0269	-0.001
5.326	0.0269	0.004
5.327	0.0269	0.010
5.328	0.0269	0.013
5.329	0.0269	0.018
5.33	0.0310	0.021
5.331	0.0394	0.020
5.332	0.0394	0.018
5.333	0.0394	0.013
5.334	0.0394	0.006
5.335	0.0394	-0.002
5.336	0.0394	-0.007
5.337	0.0394	-0.013
5.338	0.0394	-0.016
5.339	0.0394	-0.018
5.34	0.0394	-0.016
5.341	0.0394	-0.011
5.342	0.0394	-0.005
5.343	0.0394	0.001
5.344	0.0394	0.007
5.345	0.0394	0.014
5.346	0.0394	0.020
5.347	0.0394	0.022
5.348	0.0382	0.022
5.349	0.0359	0.020
5.35	0.0359	0.013
5.351	0.0359	0.008
5.352	0.0359	0.001
5.353	0.0359	-0.004
5.354	0.0359	-0.010
5.355	0.0359	-0.013
5.356	0.0359	-0.014
5.357	0.0359	-0.013
5.358	0.0359	-0.007
5.359	0.0359	-0.002
5.36	0.0359	0.004
5.361	0.0359	0.011
5.362	0.0359	0.015
5.363	0.0359	0.019
5.364	0.0371	0.019
5.365	0.0394	0.019
5.366	0.0394	0.013
5.367	0.0394	0.009
5.368	0.0394	0.003
5.369	0.0394	-0.004
5.37	0.0394	-0.011
5.371	0.0394	-0.017
5.372	0.0394	-0.020
5.373	0.0394	-0.020
5.374	0.0394	-0.019
5.375	0.0394	-0.013
5.376	0.0394	-0.008
5.377	0.0394	-0.001
5.378	0.0394	0.005
5.379	0.0394	0.010
5.38	0.0394	0.013
5.381	0.0388	0.013
5.382	0.0375	0.011
5.383	0.0375	0.006
5.384	0.0375	-0.001
5.385	0.0375	-0.007
5.386	0.0375	-0.014
5.387	0.0375	-0.019
5.388	0.0375	-0.022
5.389	0.0375	-0.025
5.39	0.0375	-0.023
5.391	0.0375	-0.018
5.392	0.0375	-0.013
5.393	0.0375	-0.006
5.394	0.0375	0.001
5.395	0.0375	0.005
5.396	0.0375	0.010
5.397	0.0362	0.013
5.398	0.0338	0.011
5.399	0.0338	0.008
5.4	0.0338	0.002
5.401	0.0338	-0.005
5.402	0.0338	-0.011
5.403	0.0338	-0.016
5.404	0.0338	-0.020
5.405	0.0338	-0.021
5.406	0.0338	-0.021
5.407	0.0338	-0.020
5.408	0.0338	-0.018
5.409	0.0338	-0.014
5.41	0.0338	-0.007
5.411	0.0338	-0.002
5.412	0.0338	0.005
5.413	0.0242	0.013
5.414	0.0050	0.011
5.415	0.0050	0.009
5.416	0.0050	0.009
5.417	0.0050	0.014
5.418	0.0101	0.015
5.419	0.0203	0.010
5.42	0.0203	0.006
5.421	0.0203	0.000
5.422	0.0203	-0.004
5.423	0.0203	-0.005
5.424	0.0203	-0.004
5.425	0.0203	-0.001
5.426	0.0203	0.003
5.427	0.0203	0.007
5.428	0.0203	0.011
5.429	0.0203	0.014
5.43	0.0258	0.017
5.431	0.0369	0.016
5.432	0.0369	0.013
5.433	0.0369	0.008
5.434	0.0369	0.003
5.435	0.0369	-0.004
5.436	0.0369	-0.011
5.437	0.0369	-0.015
5.438	0.0369	-0.019
5.439	0.0369	-0.020
5.44	0.0369	-0.019
5.441	0.0369	-0.015
5.442	0.0369	-0.009
5.443	0.0369	-0.002
5.444	0.0369	0.004
5.445	0.0369	0.011
5.446	0.0369	0.015
5.447	0.0369	0.017
5.448	0.0370	0.017
5.449	0.0372	0.014
5.45	0.0372	0.007
5.451	0.0372	0.002
5.452	0.0372	-0.004
5.453	0.0372	-0.010
5.454	0.0372	-0.015
5.455	0.0372	-0.018
5.456	0.0372	-0.020
5.457	0.0372	-0.019
5.458	0.0372	-0.013
5.459	0.0372	-0.008
5.46	0.0372	-0.001
5.461	0.0372	0.005
5.462	0.0372	0.009
5.463	0.0372	0.013
5.464	0.0383	0.014
5.465	0.0406	0.013
5.466	0.0406	0.008
5.467	0.0406	0.002
5.468	0.0406	-0.004
5.469	0.0406	-0.011
5.47	0.0406	-0.016
5.471	0.0406	-0.022
5.472	0.0406	-0.025
5.473	0.0406	-0.026
5.474	0.0406	-0.026
5.475	0.0406	-0.022
5.476	0.0406	-0.018
5.477	0.0406	-0.012
5.478	0.0406	-0.006
5.479	0.0406	-0.002
5.48	0.0372	0.000
5.481	0.0303	-0.003
5.482	0.0303	-0.005
5.483	0.0303	-0.009
5.484	0.0303	-0.011
5.485	0.0303	-0.012
5.486	0.0303	-0.013
5.487	0.0303	-0.016
5.488	0.0303	-0.018
5.489	0.0303	-0.018
5.49	0.0303	-0.018
5.491	0.0303	-0.013
5.492	0.0303	-0.008
5.493	0.0303	-0.003
5.494	0.0303	0.003
5.495	0.0303	0.008
5.496	0.0303	0.012
5.497	0.0341	0.014
5.498	0.0416	0.013
5.499	0.0416	0.009
5.5	0.0416	0.003
5.501	0.0416	-0.003
5.502	0.0416	-0.011
5.503	0.0416	-0.016
5.504	0.0416	-0.022
5.505	0.0416	-0.026
5.506	0.0416	-0.027
5.507	0.0416	-0.026
5.508	0.0416	-0.022
5.509	0.0416	-0.017
5.51	0.0416	-0.008
5.511	0.0416	-0.002
5.512	0.0416	0.005
5.513	0.0416	0.011
5.514	0.0416	0.013
5.515	0.0401	0.013
5.516	0.0372	0.008
5.517	0.0372	0.002
5.518	0.0372	-0.003
5.519	0.0372	-0.009
5.52	0.0372	-0.015
5.521	0.0372	-0.020
5.522	0.0372	-0.023
5.523	0.0372	-0.024
5.524	0.0372	-0.022
5.525	0.0372	-0.015
5.526	0.0372	-0.009
5.527	0.0372	-0.003
5.528	0.0372	0.004
5.529	0.0372	0.007
5.53	0.0372	0.011
5.531	0.0360	0.012
5.532	0.0338	0.011
5.533	0.0338	0.005
5.534	0.0338	0.001
5.535	0.0338	-0.005
5.536	0.0338	-0.010
5.537	0.0338	-0.014
5.538	0.0338	-0.018
5.539	0.0338	-0.020
5.54	0.0338	-0.020
5.541	0.0338	-0.016
5.542	0.0338	-0.011
5.543	0.0338	-0.003
5.544	0.0338	0.004
5.545	0.0338	0.008
5.546	0.0338	0.013
5.547	0.0544	0.016
5.548	0.0956	0.015
5.549	0.0956	0.013
5.55	0.0956	0.006
5.551	0.0956	-0.007
5.552	0.0956	-0.024
5.553	0.0956	-0.039
5.554	0.0956	-0.050
5.555	0.0956	-0.056
5.556	0.0956	-0.058
5.557	0.0956	-0.050
5.558	0.0956	-0.033
5.559	0.0956	-0.027
5.56	0.0956	-0.021
5.561	0.0956	-0.015
5.562	0.0956	-0.008
5.563	0.0956	0.003
5.564	0.0956	0.016
5.565	0.0956	0.031
5.566	0.0956	0.038
5.567	0.0742	0.041
5.568	0.0312	0.039
5.569	0.0312	0.032
5.57	0.0312	0.027
5.571	0.0312	0.019
5.572	0.0312	0.013
5.573	0.0312	0.010
5.574	0.0312	0.010
5.575	0.0312	0.013
5.576	0.0312	0.015
5.577	0.0312	0.022
5.578	0.0312	0.027
5.579	0.0312	0.030
5.58	0.0343	0.034
5.581	0.0403	0.032
5.582	0.0403	0.029
5.583	0.0403	0.025
5.584	0.0403	0.018
5.585	0.0403	0.011
5.586	0.0403	0.005
5.587	0.0403	0.000
5.588	0.0403	-0.005
5.589	0.0403	-0.006
5.59	0.0403	-0.007
5.591	0.0403	-0.003
5.592	0.0403	0.003
5.593	0.0403	0.010
5.594	0.0403	0.017
5.595	0.0403	0.022
5.596	0.0403	0.027
5.597	0.0397	0.027
5.598	0.0384	0.027
5.599	0.0384	0.024
5.6	0.0384	0.018
5.601	0.0384	0.013
5.602	0.0384	0.004
5.603	0.0384	-0.002
5.604	0.0384	-0.007
5.605	0.0384	-0.010
5.606	0.0384	-0.011
5.607	0.0384	-0.010
5.608	0.0384	-0.004
5.609	0.0384	-0.000
5.61	0.0384	0.007
5.611	0.0384	0.012
5.612	0.0384	0.016
5.613	0.0384	0.020
5.614	0.0394	0.021
5.615	0.0412	0.018
5.616	0.0412	0.014
5.617	0.0412	0.008
5.618	0.0412	-0.000
5.619	0.0412	-0.007
5.62	0.0412	-0.013
5.621	0.0412	-0.018
5.622	0.0412	-0.020
5.623	0.0412	-0.020
5.624	0.0412	-0.018
5.625	0.0412	-0.013
5.626	0.0412	-0.007
5.627	0.0412	-0.001
5.628	0.0412	0.006
5.629	0.0412	0.011
5.63	0.0405	0.015
5.631	0.0391	0.014
5.632	0.0391	0.013
5.633	0.0391	0.008
5.634	0.0391	0.002
5.635	0.0391	-0.005
5.636	0.0391	-0.012
5.637	0.0391	-0.018
5.638	0.0391	-0.022
5.639	0.0391	-0.024
5.64	0.0391	-0.024
5.641	0.0391	-0.018
5.642	0.0391	-0.014
5.643	0.0391	-0.008
5.644	0.0391	-0.001
5.645	0.0391	0.006
5.646	0.0391	0.011
5.647	0.0391	0.014
5.648	0.0384	0.015
5.649	0.0372	0.012
5.65	0.0372	0.006
5.651	0.0372	0.001
5.652	0.0372	-0.006
5.653	0.0372	-0.012
5.654	0.0372	-0.017
5.655	0.0372	-0.021
5.656	0.0372	-0.022
5.657	0.0372	-0.021
5.658	0.0372	-0.016
5.659	0.0372	-0.008
5.66	0.0372	-0.002
5.661	0.0372	0.004
5.662	0.0372	0.010
5.663	0.0372	0.014
5.664	0.0372	0.014
5.665	0.0369	0.015
5.666	0.0363	0.012
5.667	0.0363	0.005
5.668	0.0363	-0.000
5.669	0.0363	-0.008
5.67	0.0363	-0.014
5.671	0.0363	-0.019
5.672	0.0363	-0.021
5.673	0.0363	-0.020
5.674	0.0363	-0.018
5.675	0.0363	-0.011
5.676	0.0363	-0.006
5.677	0.0363	0.001
5.678	0.0363	0.008
5.679	0.0363	0.013
5.68	0.0363	0.015
5.681	0.0367	0.017
5.682	0.0375	0.014
5.683	0.0375	0.008
5.684	0.0375	0.004
5.685	0.0375	-0.004
5.686	0.0375	-0.011
5.687	0.0375	-0.016
5.688	0.0375	-0.020
5.689	0.0375	-0.021
5.69	0.0375	-0.020
5.691	0.0375	-0.015
5.692	0.0375	-0.010
5.693	0.0375	-0.003
5.694	0.0375	0.003
5.695	0.0375	0.008
5.696	0.0375	0.013
5.697	0.0375	0.015
5.698	0.0371	0.015
5.699	0.0363	0.012
5.7	0.0363	0.007
5.701	0.0363	0.001
5.702	0.0363	-0.006
5.703	0.0363	-0.012
5.704	0.0363	-0.017
5.705	0.0363	-0.020
5.706	0.0363	-0.021
5.707	0.0363	-0.019
5.708	0.0363	-0.014
5.709	0.0363	-0.008
5.71	0.0363	-0.001
5.711	0.0363	0.006
5.712	0.0363	0.012
5.713	0.0363	0.016
5.714	0.0372	0.018
5.715	0.0391	0.018
5.716	0.0391	0.011
5.717	0.0391	0.007
5.718	0.0391	0.000
5.719	0.0391	-0.007
5.72	0.0391	-0.013
5.721	0.0391	-0.017
5.722	0.0391	-0.020
5.723	0.0391	-0.021
5.724	0.0391	-0.018
5.725	0.0391	-0.011
5.726	0.0391	-0.005
5.727	0.0391	0.003
5.728	0.0391	0.008
5.729	0.0391	0.013
5.73	0.0391	0.018
5.731	0.0380	0.018
5.732	0.0359	0.017
5.733	0.0359	0.011
5.734	0.0359	0.006
5.735	0.0359	-0.002
5.736	0.0359	-0.006
5.737	0.0359	-0.012
5.738	0.0359	-0.018
5.739	0.0359	-0.018
5.74	0.0359	-0.018
5.741	0.0359	-0.013
5.742	0.0359	-0.007
5.743	0.0359	-0.002
5.744	0.0359	0.006
5.745	0.0359	0.011
5.746	0.0359	0.016
5.747	0.0359	0.016
5.748	0.0432	0.018
5.749	0.0578	0.014
5.75	0.0578	0.008
5.751	0.0578	0.001
5.752	0.0578	-0.007
5.753	0.0578	-0.014
5.754	0.0578	-0.017
5.755	0.0578	-0.018
5.756	0.0578	-0.018
5.757	0.0578	-0.015
5.758	0.0578	-0.007
5.759	0.0578	0.003
5.76	0.0578	0.018
5.761	0.0578	0.027
5.762	0.0578	0.032
5.763	0.0578	0.035
5.764	0.0578	0.036
5.765	0.0578	0.039
5.766	0.0573	0.041
5.767	0.0562	0.035
5.768	0.0562	0.024
5.769	0.0562	0.011
5.77	0.0562	0.002
5.771	0.0562	-0.009
5.772	0.0562	-0.014
5.773	0.0562	-0.015
5.774	0.0562	-0.015
5.775	0.0562	-0.010
5.776	0.0562	-0.003
5.777	0.0562	0.003
5.778	0.0562	0.011
5.779	0.0562	0.018
5.78	0.0562	0.021
5.781	0.0490	0.022
5.782	0.0344	0.022
5.783	0.0344	0.016
5.784	0.0344	0.011
5.785	0.0344	0.005
5.786	0.0344	-0.002
5.787	0.0344	-0.006
5.788	0.0344	-0.009
5.789	0.0344	-0.011
5.79	0.0344	-0.010
5.791	0.0344	-0.004
5.792	0.0344	0.002
5.793	0.0344	0.007
5.794	0.0344	0.015
5.795	0.0344	0.019
5.796	0.0344	0.023
5.797	0.0354	0.025
5.798	0.0375	0.025
5.799	0.0375	0.022
5.8	0.0375	0.016
5.801	0.0375	0.011
5.802	0.0375	0.002
5.803	0.0375	-0.003
5.804	0.0375	-0.008
5.805	0.0375	-0.012
5.806	0.0375	-0.013
5.807	0.0375	-0.012
5.808	0.0375	-0.008
5.809	0.0375	-0.001
5.81	0.0375	0.005
5.811	0.0375	0.011
5.812	0.0375	0.017
5.813	0.0375	0.022
5.814	0.0522	0.022
5.815	0.0816	0.020
5.816	0.0816	0.017
5.817	0.0816	0.009
5.818	0.0816	0.001
5.819	0.0816	-0.007
5.82	0.0816	-0.013
5.821	0.0816	-0.018
5.822	0.0816	-0.023
5.823	0.0816	-0.028
5.824	0.0816	-0.028
5.825	0.0816	-0.027
5.826	0.0816	-0.029
5.827	0.0816	-0.031
5.828	0.0816	-0.036
5.829	0.0816	-0.040
5.83	0.0816	-0.038
5.831	0.0816	-0.030
5.832	0.0816	-0.016
5.833	0.0816	-0.005
5.834	0.0816	-0.000
5.835	0.0816	0.004
5.836	0.0816	0.012
5.837	0.0816	0.017
5.838	0.0816	0.018
5.839	0.0816	0.021
5.84	0.0816	0.023
5.841	0.0816	0.026
5.842	0.0816	0.028
5.843	0.0816	0.033
5.844	0.0816	0.036
5.845	0.0816	0.038
5.846	0.0816	0.042
5.847	0.0711	0.042
5.848	0.0503	0.039
5.849	0.0503	0.034
5.85	0.0503	0.027
5.851	0.0503	0.018
5.852	0.0503	0.012
5.853	0.0503	0.004
5.854	0.0503	-0.002
5.855	0.0503	-0.005
5.856	0.0503	-0.008
5.857	0.0503	-0.008
5.858	0.0503	-0.003
5.859	0.0503	0.002
5.86	0.0503	0.009
5.861	0.0503	0.017
5.862	0.0503	0.022
5.863	0.0503	0.026
5.864	0.0503	0.027
5.865	0.0475	0.028
5.866	0.0419	0.022
5.867	0.0419	0.015
5.868	0.0419	0.009
5.869	0.0419	0.001
5.87	0.0419	-0.005
5.871	0.0419	-0.010
5.872	0.0419	-0.013
5.873	0.0419	-0.014
5.874	0.0419	-0.011
5.875	0.0419	-0.006
5.876	0.0419	0.001
5.877	0.0419	0.008
5.878	0.0419	0.011
5.879	0.0419	0.017
5.88	0.0419	0.019
5.881	0.0414	0.019
5.882	0.0403	0.018
5.883	0.0403	0.010
5.884	0.0403	0.005
5.885	0.0403	-0.003
5.886	0.0403	-0.009
5.887	0.0403	-0.015
5.888	0.0403	-0.019
5.889	0.0403	-0.021
5.89	0.0403	-0.021
5.891	0.0403	-0.018
5.892	0.0403	-0.011
5.893	0.0403	-0.006
5.894	0.0403	0.001
5.895	0.0403	0.007
5.896	0.0403	0.013
5.897	0.0403	0.014
5.898	0.0400	0.015
5.899	0.0394	0.010
5.9	0.0394	0.004
5.901	0.0394	-0.001
5.902	0.0394	-0.009
5.903	0.0394	-0.016
5.904	0.0394	-0.020
5.905	0.0394	-0.024
5.906	0.0394	-0.025
5.907	0.0394	-0.022
5.908	0.0394	-0.018
5.909	0.0394	-0.012
5.91	0.0394	-0.005
5.911	0.0394	0.002
5.912	0.0394	0.007
5.913	0.0394	0.012
5.914	0.0388	0.012
5.915	0.0375	0.011
5.916	0.0375	0.007
5.917	0.0375	0.001
5.918	0.0375	-0.005
5.919	0.0375	-0.012
5.92	0.0375	-0.016
5.921	0.0375	-0.022
5.922	0.0375	-0.024
5.923	0.0375	-0.025
5.924	0.0375	-0.022
5.925	0.0375	-0.018
5.926	0.0375	-0.011
5.927	0.0375	-0.004
5.928	0.0375	0.004
5.929	0.0375	0.010
5.93	0.0375	0.013
5.931	0.0373	0.014
5.932	0.0369	0.013
5.933	0.0369	0.006
5.934	0.0369	0.001
5.935	0.0369	-0.004
5.936	0.0369	-0.012
5.937	0.0369	-0.017
5.938	0.0369	-0.021
5.939	0.0369	-0.023
5.94	0.0369	-0.022
5.941	0.0369	-0.017
5.942	0.0369	-0.011
5.943	0.0369	-0.006
5.944	0.0369	0.003
5.945	0.0369	0.007
5.946	0.0369	0.012
5.947	0.0366	0.015
5.948	0.0359	0.015
5.949	0.0359	0.012
5.95	0.0359	0.006
5.951	0.0359	-0.001
5.952	0.0359	-0.007
5.953	0.0359	-0.012
5.954	0.0359	-0.017
5.955	0.0359	-0.021
5.956	0.0359	-0.021
5.957	0.0359	-0.020
5.958	0.0359	-0.014
5.959	0.0359	-0.009
5.96	0.0359	-0.002
5.961	0.0359	0.004
5.962	0.0359	0.007
5.963	0.0346	0.011
5.964	0.0319	0.010
5.965	0.0319	0.010
5.966	0.0319	0.006
5.967	0.0319	0.006
5.968	0.0319	0.008
5.969	0.0319	0.013
5.97	0.0319	0.019
5.971	0.0319	0.028
5.972	0.0319	0.034
5.973	0.0319	0.031
5.974	0.0319	0.032
5.975	0.0319	0.036
5.976	0.0319	0.037
5.977	0.0447	0.040
5.978	0.0703	0.037
5.979	0.0703	0.031
5.98	0.0703	0.027
5.981	0.0703	0.022
5.982	0.0703	0.016
5.983	0.0703	0.008
5.984	0.0703	0.001
5.985	0.0703	-0.010
5.986	0.0703	-0.018
5.987	0.0703	-0.023
5.988	0.0703	-0.030
5.989	0.0703	-0.030
5.99	0.0703	-0.031
5.991	0.0703	-0.027
5.992	0.0703	-0.020
5.993	0.0703	-0.013
5.994	0.0703	-0.006
5.995	0.0703	0.001
5.996	0.0703	0.006
5.997	0.0703	0.009
5.998	0.0598	0.010
5.999	0.0388	0.007
6	0.0388	0.002
6.001	0.0388	-0.003
6.002	0.0388	-0.009
6.003	0.0388	-0.013
6.004	0.0388	-0.018
6.005	0.0388	-0.021
6.006	0.0388	-0.022
6.007	0.0388	-0.021
6.008	0.0388	-0.016
6.009	0.0388	-0.010
6.01	0.0388	-0.002
6.011	0.0388	0.006
6.012	0.0388	0.011
6.013	0.0388	0.015
6.014	0.0388	0.017
6.015	0.0378	0.018
6.016	0.0359	0.012
6.017	0.0359	0.007
6.018	0.0359	0.001
6.019	0.0359	-0.006
6.02	0.0359	-0.012
6.021	0.0359	-0.016
6.022	0.0359	-0.018
6.023	0.0359	-0.018
6.024	0.0359	-0.015
6.025	0.0359	-0.008
6.026	0.0359	-0.002
6.027	0.0359	0.004
6.028	0.0359	0.009
6.029	0.0359	0.013
6.03	0.0359	0.016
6.031	0.0393	0.017
6.032	0.0459	0.015
6.033	0.0459	0.010
6.034	0.0459	0.003
6.035	0.0459	-0.004
6.036	0.0459	-0.010
6.037	0.0459	-0.016
6.038	0.0459	-0.020
6.039	0.0459	-0.022
6.04	0.0459	-0.024
6.041	0.0459	-0.021
6.042	0.0459	-0.014
6.043	0.0459	-0.007
6.044	0.0459	0.001
6.045	0.0459	0.008
6.046	0.0459	0.013
6.047	0.0459	0.022
6.048	0.0443	0.025
6.049	0.0409	0.022
6.05	0.0409	0.016
6.051	0.0409	0.010
6.052	0.0409	0.003
6.053	0.0409	-0.004
6.054	0.0409	-0.009
6.055	0.0409	-0.014
6.056	0.0409	-0.016
6.057	0.0409	-0.015
6.058	0.0409	-0.010
6.059	0.0409	-0.006
6.06	0.0409	0.001
6.061	0.0409	0.007
6.062	0.0409	0.010
6.063	0.0409	0.016
6.064	0.0400	0.016
6.065	0.0381	0.015
6.066	0.0381	0.011
6.067	0.0381	0.003
6.068	0.0381	-0.003
6.069	0.0381	-0.008
6.07	0.0381	-0.014
6.071	0.0381	-0.019
6.072	0.0381	-0.022
6.073	0.0381	-0.021
6.074	0.0381	-0.019
6.075	0.0381	-0.013
6.076	0.0381	-0.007
6.077	0.0381	-0.001
6.078	0.0381	0.006
6.079	0.0381	0.011
6.08	0.0381	0.014
6.081	0.0372	0.015
6.082	0.0353	0.013
6.083	0.0353	0.007
6.084	0.0353	0.001
6.085	0.0353	-0.005
6.086	0.0353	-0.011
6.087	0.0353	-0.016
6.088	0.0353	-0.019
6.089	0.0353	-0.020
6.09	0.0353	-0.020
6.091	0.0353	-0.015
6.092	0.0353	-0.009
6.093	0.0353	-0.003
6.094	0.0353	0.004
6.095	0.0353	0.008
6.096	0.0353	0.013
6.097	0.0360	0.015
6.098	0.0375	0.014
6.099	0.0375	0.012
6.1	0.0375	0.006
6.101	0.0375	0.000
6.102	0.0375	-0.007
6.103	0.0375	-0.013
6.104	0.0375	-0.018
6.105	0.0375	-0.022
6.106	0.0375	-0.022
6.107	0.0375	-0.022
6.108	0.0375	-0.018
6.109	0.0375	-0.013
6.11	0.0375	-0.006
6.111	0.0375	0.003
6.112	0.0375	0.009
6.113	0.0375	0.014
6.114	0.0375	0.015
6.115	0.0426	0.015
6.116	0.0528	0.011
6.117	0.0528	0.004
6.118	0.0528	-0.003
6.119	0.0528	-0.010
6.12	0.0528	-0.014
6.121	0.0528	-0.019
6.122	0.0528	-0.019
6.123	0.0528	-0.018
6.124	0.0528	-0.014
6.125	0.0528	-0.006
6.126	0.0528	0.005
6.127	0.0528	0.022
6.128	0.0528	0.034
6.129	0.0402	0.037
6.13	0.0150	0.033
6.131	0.0150	0.024
6.132	0.0150	0.022
6.133	0.0150	0.024
6.134	0.0196	0.026
6.135	0.0288	0.019
6.136	0.0288	0.012
6.137	0.0288	0.008
6.138	0.0288	0.002
6.139	0.0288	-0.000
6.14	0.0288	-0.003
6.141	0.0288	-0.003
6.142	0.0288	0.001
6.143	0.0288	0.005
6.144	0.0288	0.010
6.145	0.0288	0.014
6.146	0.0288	0.018
6.147	0.0319	0.019
6.148	0.0381	0.018
6.149	0.0381	0.015
6.15	0.0381	0.008
6.151	0.0381	0.004
6.152	0.0381	-0.003
6.153	0.0381	-0.009
6.154	0.0381	-0.014
6.155	0.0381	-0.018
6.156	0.0381	-0.018
6.157	0.0381	-0.017
6.158	0.0381	-0.011
6.159	0.0381	-0.005
6.16	0.0381	0.002
6.161	0.0381	0.009
6.162	0.0381	0.015
6.163	0.0381	0.020
6.164	0.0378	0.021
6.165	0.0372	0.021
6.166	0.0372	0.017
6.167	0.0372	0.012
6.168	0.0372	0.004
6.169	0.0372	-0.002
6.17	0.0372	-0.006
6.171	0.0372	-0.013
6.172	0.0372	-0.016
6.173	0.0372	-0.014
6.174	0.0372	-0.012
6.175	0.0372	-0.006
6.176	0.0372	0.001
6.177	0.0372	0.007
6.178	0.0372	0.012
6.179	0.0372	0.017
6.18	0.0380	0.018
6.181	0.0397	0.018
6.182	0.0397	0.018
6.183	0.0397	0.010
6.184	0.0397	0.004
6.185	0.0397	-0.002
6.186	0.0397	-0.008
6.187	0.0397	-0.013
6.188	0.0397	-0.018
6.189	0.0397	-0.020
6.19	0.0397	-0.021
6.191	0.0397	-0.018
6.192	0.0397	-0.012
6.193	0.0397	-0.005
6.194	0.0397	0.002
6.195	0.0397	0.009
6.196	0.0397	0.013
6.197	0.0397	0.017
6.198	0.0395	0.017
6.199	0.0391	0.013
6.2	0.0391	0.007
6.201	0.0391	0.002
6.202	0.0391	-0.006
6.203	0.0391	-0.012
6.204	0.0391	-0.016
6.205	0.0391	-0.021
6.206	0.0391	-0.022
6.207	0.0391	-0.022
6.208	0.0391	-0.018
6.209	0.0391	-0.010
6.21	0.0391	-0.004
6.211	0.0391	0.002
6.212	0.0391	0.007
6.213	0.0391	0.012
6.214	0.0386	0.012
6.215	0.0378	0.010
6.216	0.0378	0.007
6.217	0.0378	0.002
6.218	0.0378	-0.005
6.219	0.0378	-0.012
6.22	0.0378	-0.018
6.221	0.0378	-0.022
6.222	0.0378	-0.024
6.223	0.0378	-0.026
6.224	0.0378	-0.023
6.225	0.0378	-0.017
6.226	0.0378	-0.012
6.227	0.0378	-0.004
6.228	0.0378	0.004
6.229	0.0378	0.009
6.23	0.0378	0.012
6.231	0.0377	0.014
6.232	0.0375	0.012
6.233	0.0375	0.006
6.234	0.0375	0.000
6.235	0.0375	-0.008
6.236	0.0375	-0.014
6.237	0.0375	-0.018
6.238	0.0375	-0.022
6.239	0.0375	-0.023
6.24	0.0375	-0.023
6.241	0.0375	-0.019
6.242	0.0375	-0.013
6.243	0.0375	-0.007
6.244	0.0375	0.001
6.245	0.0375	0.006
6.246	0.0375	0.012
6.247	0.0375	0.013
6.248	0.0371	0.014
6.249	0.0363	0.010
6.25	0.0363	0.004
6.251	0.0363	-0.003
6.252	0.0363	-0.008
6.253	0.0363	-0.013
6.254	0.0363	-0.019
6.255	0.0363	-0.022
6.256	0.0363	-0.022
6.257	0.0363	-0.022
6.258	0.0363	-0.016
6.259	0.0363	-0.009
6.26	0.0363	-0.003
6.261	0.0363	0.006
6.262	0.0363	0.010
6.263	0.0363	0.013
6.264	0.0417	0.015
6.265	0.0525	0.015
6.266	0.0525	0.010
6.267	0.0525	0.006
6.268	0.0525	0.000
6.269	0.0525	-0.007
6.27	0.0525	-0.011
6.271	0.0525	-0.017
6.272	0.0525	-0.020
6.273	0.0525	-0.020
6.274	0.0525	-0.018
6.275	0.0525	-0.013
6.276	0.0525	-0.006
6.277	0.0525	0.001
6.278	0.0525	0.006
6.279	0.0525	0.009
6.28	0.0525	0.012
6.281	0.0525	0.013
6.282	0.0525	0.013
6.283	0.0525	0.016
6.284	0.0525	0.020
6.285	0.0525	0.025
6.286	0.0525	0.032
6.287	0.0567	0.039
6.288	0.0650	0.038
6.289	0.0650	0.034
6.29	0.0650	0.028
6.291	0.0650	0.030
6.292	0.0650	0.031
6.293	0.0650	0.030
6.294	0.0650	0.027
6.295	0.0650	0.023
6.296	0.0650	0.021
6.297	0.0650	0.019
6.298	0.0650	0.016
6.299	0.0650	0.010
6.3	0.0650	0.003
6.301	0.0650	-0.004
6.302	0.0650	-0.012
6.303	0.0650	-0.017
6.304	0.0650	-0.021
6.305	0.0650	-0.025
6.306	0.0650	-0.026
6.307	0.0650	-0.024
6.308	0.0650	-0.019
6.309	0.0650	-0.013
6.31	0.0650	-0.006
6.311	0.0650	0.002
6.312	0.0650	0.007
6.313	0.0650	0.012
6.314	0.0562	0.014
6.315	0.0388	0.013
6.316	0.0388	0.011
6.317	0.0388	0.006
6.318	0.0388	-0.001
6.319	0.0388	-0.006
6.32	0.0388	-0.012
6.321	0.0388	-0.016
6.322	0.0388	-0.019
6.323	0.0388	-0.019
6.324	0.0388	-0.016
6.325	0.0388	-0.009
6.326	0.0388	-0.003
6.327	0.0388	0.004
6.328	0.0388	0.010
6.329	0.0388	0.016
6.33	0.0388	0.019
6.331	0.0390	0.020
6.332	0.0394	0.020
6.333	0.0394	0.013
6.334	0.0394	0.007
6.335	0.0394	0.001
6.336	0.0394	-0.006
6.337	0.0394	-0.011
6.338	0.0394	-0.015
6.339	0.0394	-0.018
6.34	0.0394	-0.019
6.341	0.0394	-0.016
6.342	0.0394	-0.010
6.343	0.0394	-0.003
6.344	0.0394	0.004
6.345	0.0394	0.010
6.346	0.0394	0.015
6.347	0.0389	0.018
6.348	0.0378	0.018
6.349	0.0378	0.015
6.35	0.0378	0.009
6.351	0.0378	0.003
6.352	0.0378	-0.004
6.353	0.0378	-0.010
6.354	0.0378	-0.017
6.355	0.0378	-0.020
6.356	0.0378	-0.020
6.357	0.0378	-0.020
6.358	0.0378	-0.014
6.359	0.0378	-0.008
6.36	0.0378	-0.002
6.361	0.0378	0.004
6.362	0.0378	0.007
6.363	0.0397	0.008
6.364	0.0434	0.006
6.365	0.0434	0.004
6.366	0.0434	-0.002
6.367	0.0434	-0.011
6.368	0.0434	-0.016
6.369	0.0434	-0.023
6.37	0.0434	-0.028
6.371	0.0434	-0.031
6.372	0.0434	-0.033
6.373	0.0434	-0.032
6.374	0.0434	-0.028
6.375	0.0434	-0.022
6.376	0.0434	-0.014
6.377	0.0434	-0.007
6.378	0.0434	-0.000
6.379	0.0434	0.005
6.38	0.0434	0.011
6.381	0.0424	0.012
6.382	0.0403	0.010
6.383	0.0403	0.004
6.384	0.0403	-0.000
6.385	0.0403	-0.007
6.386	0.0403	-0.014
6.387	0.0403	-0.017
6.388	0.0403	-0.024
6.389	0.0403	-0.024
6.39	0.0403	-0.024
6.391	0.0403	-0.019
6.392	0.0403	-0.013
6.393	0.0403	-0.005
6.394	0.0403	0.000
6.395	0.0403	0.006
6.396	0.0403	0.013
6.397	0.0403	0.016
6.398	0.0397	0.016
6.399	0.0384	0.013
6.4	0.0384	0.006
6.401	0.0384	0.000
6.402	0.0384	-0.006
6.403	0.0384	-0.013
6.404	0.0384	-0.018
6.405	0.0384	-0.021
6.406	0.0384	-0.022
6.407	0.0384	-0.021
6.408	0.0384	-0.015
6.409	0.0384	-0.009
6.41	0.0384	-0.003
6.411	0.0384	0.005
6.412	0.0384	0.009
6.413	0.0384	0.014
6.414	0.0384	0.016
6.415	0.0327	0.017
6.416	0.0212	0.014
6.417	0.0212	0.008
6.418	0.0212	0.002
6.419	0.0212	-0.004
6.42	0.0212	-0.004
6.421	0.0212	0.000
6.422	0.0212	0.007
6.423	0.0216	0.011
6.424	0.0222	0.006
6.425	0.0222	0.003
6.426	0.0222	0.005
6.427	0.0222	0.013
6.428	0.0222	0.021
6.429	0.0222	0.023
6.43	0.0222	0.025
6.431	0.0295	0.028
6.432	0.0441	0.027
6.433	0.0441	0.022
6.434	0.0441	0.014
6.435	0.0441	0.006
6.436	0.0441	-0.002
6.437	0.0441	-0.008
6.438	0.0441	-0.014
6.439	0.0441	-0.014
6.44	0.0441	-0.017
6.441	0.0441	-0.013
6.442	0.0441	-0.007
6.443	0.0441	-0.003
6.444	0.0441	0.003
6.445	0.0441	0.008
6.446	0.0441	0.010
6.447	0.0441	0.012
6.448	0.0433	0.012
6.449	0.0419	0.007
6.45	0.0419	-0.001
6.451	0.0419	-0.007
6.452	0.0419	-0.015
6.453	0.0419	-0.017
6.454	0.0419	-0.017
6.455	0.0419	-0.016
6.456	0.0419	-0.012
6.457	0.0419	-0.007
6.458	0.0419	0.001
6.459	0.0419	0.008
6.46	0.0419	0.015
6.461	0.0419	0.020
6.462	0.0419	0.025
6.463	0.0412	0.028
6.464	0.0400	0.028
6.465	0.0400	0.027
6.466	0.0400	0.023
6.467	0.0400	0.016
6.468	0.0400	0.011
6.469	0.0400	0.003
6.47	0.0400	-0.002
6.471	0.0400	-0.008
6.472	0.0400	-0.012
6.473	0.0400	-0.011
6.474	0.0400	-0.011
6.475	0.0400	-0.005
6.476	0.0400	0.000
6.477	0.0400	0.006
6.478	0.0400	0.012
6.479	0.0400	0.016
6.48	0.0400	0.019
6.481	0.0397	0.020
6.482	0.0391	0.019
6.483	0.0391	0.013
6.484	0.0391	0.006
6.485	0.0391	-0.002
6.486	0.0391	-0.008
6.487	0.0391	-0.013
6.488	0.0391	-0.018
6.489	0.0391	-0.019
6.49	0.0391	-0.018
6.491	0.0391	-0.014
6.492	0.0391	-0.009
6.493	0.0391	-0.003
6.494	0.0391	0.004
6.495	0.0391	0.009
6.496	0.0391	0.013
6.497	0.0388	0.016
6.498	0.0381	0.015
6.499	0.0381	0.013
6.5	0.0381	0.008
6.501	0.0381	0.001
6.502	0.0381	-0.006
6.503	0.0381	-0.011
6.504	0.0381	-0.017
6.505	0.0381	-0.021
6.506	0.0381	-0.022
6.507	0.0381	-0.022
6.508	0.0381	-0.017
6.509	0.0381	-0.009
6.51	0.0381	-0.004
6.511	0.0381	0.003
6.512	0.0381	0.010
6.513	0.0381	0.014
6.514	0.0443	0.016
6.515	0.0566	0.016
6.516	0.0566	0.011
6.517	0.0566	0.006
6.518	0.0566	0.001
6.519	0.0566	-0.008
6.52	0.0566	-0.017
6.521	0.0566	-0.024
6.522	0.0566	-0.029
6.523	0.0566	-0.031
6.524	0.0566	-0.028
6.525	0.0566	-0.020
6.526	0.0566	-0.012
6.527	0.0566	-0.001
6.528	0.0566	0.009
6.529	0.0566	0.019
6.53	0.0566	0.025
6.531	0.0573	0.027
6.532	0.0587	0.027
6.533	0.0587	0.022
6.534	0.0587	0.012
6.535	0.0587	0.002
6.536	0.0587	-0.009
6.537	0.0587	-0.018
6.538	0.0587	-0.026
6.539	0.0587	-0.030
6.54	0.0587	-0.032
6.541	0.0587	-0.028
6.542	0.0587	-0.018
6.543	0.0587	-0.008
6.544	0.0587	0.004
6.545	0.0587	0.013
6.546	0.0587	0.021
6.547	0.0587	0.027
6.548	0.0627	0.028
6.549	0.0706	0.026
6.55	0.0706	0.018
6.551	0.0706	0.008
6.552	0.0706	-0.003
6.553	0.0706	-0.017
6.554	0.0706	-0.026
6.555	0.0706	-0.032
6.556	0.0706	-0.034
6.557	0.0706	-0.032
6.558	0.0706	-0.024
6.559	0.0706	-0.012
6.56	0.0706	0.003
6.561	0.0706	0.022
6.562	0.0706	0.037
6.563	0.0707	0.046
6.564	0.0709	0.045
6.565	0.0709	0.041
6.566	0.0709	0.039
6.567	0.0709	0.035
6.568	0.0709	0.024
6.569	0.0709	0.012
6.57	0.0709	-0.001
6.571	0.0709	-0.012
6.572	0.0709	-0.022
6.573	0.0709	-0.025
6.574	0.0709	-0.025
6.575	0.0709	-0.018
6.576	0.0709	-0.010
6.577	0.0709	0.001
6.578	0.0709	0.010
6.579	0.0709	0.018
6.58	0.0709	0.022
6.581	0.0602	0.025
6.582	0.0388	0.024
6.583	0.0388	0.019
6.584	0.0388	0.014
6.585	0.0388	0.007
6.586	0.0388	0.001
6.587	0.0388	-0.003
6.588	0.0388	-0.007
6.589	0.0388	-0.010
6.59	0.0388	-0.011
6.591	0.0388	-0.007
6.592	0.0388	-0.001
6.593	0.0388	0.004
6.594	0.0388	0.012
6.595	0.0388	0.019
6.596	0.0388	0.024
6.597	0.0388	0.028
6.598	0.0379	0.028
6.599	0.0363	0.026
6.6	0.0363	0.020
6.601	0.0363	0.015
6.602	0.0363	0.007
6.603	0.0363	0.002
6.604	0.0363	-0.004
6.605	0.0363	-0.007
6.606	0.0363	-0.008
6.607	0.0363	-0.007
6.608	0.0363	-0.004
6.609	0.0363	0.001
6.61	0.0363	0.007
6.611	0.0363	0.012
6.612	0.0363	0.016
6.613	0.0416	0.020
6.614	0.0522	0.019
6.615	0.0522	0.017
6.616	0.0522	0.011
6.617	0.0522	0.000
6.618	0.0522	-0.008
6.619	0.0522	-0.017
6.62	0.0522	-0.020
6.621	0.0522	-0.023
6.622	0.0522	-0.026
6.623	0.0522	-0.024
6.624	0.0522	-0.021
6.625	0.0522	-0.013
6.626	0.0522	-0.010
6.627	0.0522	-0.006
6.628	0.0522	-0.006
6.629	0.0522	-0.002
6.63	0.0522	0.006
6.631	0.0522	0.013
6.632	0.0522	0.021
6.633	0.0522	0.027
6.634	0.0428	0.029
6.635	0.0241	0.027
6.636	0.0241	0.022
6.637	0.0241	0.017
6.638	0.0241	0.010
6.639	0.0241	0.006
6.64	0.0241	0.005
6.641	0.0241	0.005
6.642	0.0241	0.008
6.643	0.0241	0.012
6.644	0.0241	0.017
6.645	0.0241	0.021
6.646	0.0241	0.025
6.647	0.0291	0.026
6.648	0.0391	0.026
6.649	0.0391	0.023
6.65	0.0391	0.018
6.651	0.0391	0.012
6.652	0.0391	0.005
6.653	0.0391	-0.001
6.654	0.0391	-0.007
6.655	0.0391	-0.011
6.656	0.0391	-0.013
6.657	0.0391	-0.012
6.658	0.0391	-0.007
6.659	0.0391	-0.002
6.66	0.0391	0.003
6.661	0.0391	0.010
6.662	0.0391	0.016
6.663	0.0391	0.020
6.664	0.0391	0.022
6.665	0.0434	0.022
6.666	0.0522	0.018
6.667	0.0522	0.013
6.668	0.0522	0.007
6.669	0.0522	-0.002
6.67	0.0522	-0.008
6.671	0.0522	-0.014
6.672	0.0522	-0.019
6.673	0.0522	-0.020
6.674	0.0522	-0.018
6.675	0.0522	-0.012
6.676	0.0522	-0.003
6.677	0.0522	0.010
6.678	0.0522	0.022
6.679	0.0522	0.032
6.68	0.0637	0.035
6.681	0.0869	0.033
6.682	0.0869	0.029
6.683	0.0869	0.019
6.684	0.0869	0.006
6.685	0.0869	-0.013
6.686	0.0869	-0.033
6.687	0.0869	-0.045
6.688	0.0869	-0.049
6.689	0.0869	-0.052
6.69	0.0869	-0.046
6.691	0.0869	-0.034
6.692	0.0869	-0.018
6.693	0.0869	-0.004
6.694	0.0869	0.008
6.695	0.0869	0.019
6.696	0.0869	0.029
6.697	0.0869	0.033
6.698	0.0743	0.035
6.699	0.0491	0.031
6.7	0.0491	0.024
6.701	0.0491	0.018
6.702	0.0491	0.009
6.703	0.0491	0.000
6.704	0.0491	-0.006
6.705	0.0491	-0.011
6.706	0.0491	-0.014
6.707	0.0491	-0.014
6.708	0.0491	-0.010
6.709	0.0491	-0.006
6.71	0.0491	0.000
6.711	0.0491	0.006
6.712	0.0491	0.009
6.713	0.0491	0.015
6.714	0.0491	0.018
6.715	0.0447	0.018
6.716	0.0359	0.015
6.717	0.0359	0.009
6.718	0.0359	0.003
6.719	0.0359	-0.004
6.72	0.0359	-0.008
6.721	0.0359	-0.013
6.722	0.0359	-0.017
6.723	0.0359	-0.017
6.724	0.0359	-0.016
6.725	0.0359	-0.009
6.726	0.0359	-0.003
6.727	0.0359	0.003
6.728	0.0359	0.010
6.729	0.0359	0.015
6.73	0.0359	0.019
6.731	0.0369	0.019
6.732	0.0388	0.019
6.733	0.0388	0.015
6.734	0.0388	0.008
6.735	0.0388	0.002
6.736	0.0388	-0.004
6.737	0.0388	-0.010
6.738	0.0388	-0.014
6.739	0.0388	-0.018
6.74	0.0388	-0.019
6.741	0.0388	-0.017
6.742	0.0388	-0.013
6.743	0.0388	-0.008
6.744	0.0388	0.002
6.745	0.0388	0.007
6.746	0.0388	0.012
6.747	0.1221	0.016
6.748	0.2888	0.015
6.749	0.2888	0.013
6.75	0.2888	0.007
6.751	0.2888	0.001
6.752	0.2888	-0.006
6.753	0.2888	-0.011
6.754	0.2888	-0.016
6.755	0.2888	-0.019
6.756	0.2888	-0.020
6.757	0.2888	-0.019
6.758	0.2888	-0.017
6.759	0.2888	-0.010
6.76	0.2888	-0.003
6.761	0.2888	0.038
6.762	0.2888	0.113
6.763	0.2888	0.202
6.764	0.2888	0.269
6.765	0.4422	0.298
6.766	0.7491	0.283
6.767	0.7491	0.211
6.768	0.7491	0.110
6.769	0.7491	-0.023
6.77	0.7491	-0.159
6.771	0.7491	-0.277
6.772	0.7491	-0.366
6.773	0.7491	-0.408
6.774	0.7491	-0.407
6.775	0.7491	-0.343
6.776	0.7491	-0.240
6.777	0.7491	-0.108
6.778	0.7491	0.038
6.779	0.7491	0.168
6.78	0.7491	0.279
6.781	0.7491	0.341
6.782	0.7484	0.356
6.783	0.7472	0.316
6.784	0.7472	0.225
6.785	0.7472	0.105
6.786	0.7472	-0.039
6.787	0.7472	-0.173
6.788	0.7472	-0.289
6.789	0.7472	-0.364
6.79	0.7472	-0.391
6.791	0.7472	-0.367
6.792	0.7472	-0.282
6.793	0.7472	-0.166
6.794	0.7472	-0.022
6.795	0.7472	0.120
6.796	0.7472	0.243
6.797	0.7472	0.333
6.798	0.7510	0.371
6.799	0.7587	0.364
6.8	0.7587	0.291
6.801	0.7587	0.183
6.802	0.7587	0.048
6.803	0.7587	-0.100
6.804	0.7587	-0.225
6.805	0.7587	-0.330
6.806	0.7587	-0.381
6.807	0.7587	-0.388
6.808	0.7587	-0.333
6.809	0.7587	-0.230
6.81	0.7587	-0.104
6.811	0.7587	0.047
6.812	0.7587	0.181
6.813	0.7587	0.294
6.814	0.7587	0.359
6.815	0.7607	0.377
6.816	0.7647	0.344
6.817	0.7647	0.255
6.818	0.7647	0.139
6.819	0.7647	-0.004
6.82	0.7647	-0.141
6.821	0.7647	-0.263
6.822	0.7647	-0.351
6.823	0.7647	-0.376
6.824	0.7647	-0.355
6.825	0.7647	-0.274
6.826	0.7647	-0.163
6.827	0.7647	-0.026
6.828	0.7647	0.119
6.829	0.7647	0.242
6.83	0.7647	0.342
6.831	0.7647	0.389
6.832	0.7676	0.392
6.833	0.7734	0.335
6.834	0.7734	0.232
6.835	0.7734	0.104
6.836	0.7734	-0.046
6.837	0.7734	-0.180
6.838	0.7734	-0.292
6.839	0.7734	-0.362
6.84	0.7734	-0.382
6.841	0.7734	-0.351
6.842	0.7734	-0.259
6.843	0.7734	-0.142
6.844	0.7734	0.003
6.845	0.7734	0.146
6.846	0.7734	0.266
6.847	0.7734	0.356
6.848	0.7695	0.389
6.849	0.7616	0.378
6.85	0.7616	0.303
6.851	0.7616	0.194
6.852	0.7616	0.057
6.853	0.7616	-0.090
6.854	0.7616	-0.215
6.855	0.7616	-0.319
6.856	0.7616	-0.368
6.857	0.7616	-0.373
6.858	0.7616	-0.319
6.859	0.7616	-0.217
6.86	0.7616	-0.091
6.861	0.7616	0.060
6.862	0.7616	0.192
6.863	0.7616	0.307
6.864	0.7616	0.374
6.865	0.6661	0.392
6.866	0.4753	0.362
6.867	0.4753	0.269
6.868	0.4753	0.152
6.869	0.4753	0.033
6.87	0.4753	-0.036
6.871	0.4753	-0.068
6.872	0.4753	-0.080
6.873	0.4753	-0.083
6.874	0.4753	-0.079
6.875	0.4753	-0.069
6.876	0.4753	-0.058
6.877	0.4753	-0.045
6.878	0.4753	-0.033
6.879	0.4753	-0.024
6.88	0.4753	-0.016
6.881	0.4753	-0.011
6.882	0.3356	-0.008
6.883	0.0562	-0.012
6.884	0.0562	-0.015
6.885	0.0562	-0.019
6.886	0.0562	-0.025
6.887	0.0562	-0.028
6.888	0.0562	-0.031
6.889	0.0562	-0.032
6.89	0.0562	-0.024
6.891	0.0562	-0.013
6.892	0.0562	-0.001
6.893	0.0562	0.014
6.894	0.0562	0.025
6.895	0.0485	0.030
6.896	0.0331	0.028
6.897	0.0331	0.023
6.898	0.0331	0.018
6.899	0.0331	0.011
6.9	0.0331	0.003
6.901	0.0331	0.002
6.902	0.0331	0.003
6.903	0.0331	-0.001
6.904	0.0331	-0.003
6.905	0.0331	-0.003
6.906	0.0331	-0.003
6.907	0.0331	-0.003
6.908	0.0331	0.000
6.909	0.0331	0.003
6.91	0.0331	0.007
6.911	0.0331	0.009
6.912	0.0331	0.012
6.913	0.0352	0.013
6.914	0.0394	0.013
6.915	0.0394	0.012
6.916	0.0394	0.007
6.917	0.0394	0.001
6.918	0.0394	-0.005
6.919	0.0394	-0.013
6.92	0.0394	-0.017
6.921	0.0394	-0.022
6.922	0.0394	-0.023
6.923	0.0394	-0.025
6.924	0.0394	-0.023
6.925	0.0394	-0.018
6.926	0.0394	-0.011
6.927	0.0394	-0.003
6.928	0.0394	0.004
6.929	0.0394	0.008
6.93	0.0394	0.014
6.931	0.0380	0.017
6.932	0.0353	0.017
6.933	0.0353	0.014
6.934	0.0353	0.008
6.935	0.0353	0.003
6.936	0.0353	-0.002
6.937	0.0353	-0.009
6.938	0.0353	-0.017
6.939	0.0353	-0.018
6.94	0.0353	-0.016
6.941	0.0353	-0.013
6.942	0.0353	-0.007
6.943	0.0353	-0.003
6.944	0.0353	0.003
6.945	0.0353	0.008
6.946	0.0527	0.011
6.947	0.0875	0.007
6.948	0.0875	0.003
6.949	0.0875	-0.003
6.95	0.0875	-0.012
6.951	0.0875	-0.030
6.952	0.0875	-0.047
6.953	0.0875	-0.057
6.954	0.0875	-0.060
6.955	0.0875	-0.059
6.956	0.0875	-0.055
6.957	0.0875	-0.048
6.958	0.0875	-0.037
6.959	0.0875	-0.026
6.96	0.0875	-0.011
6.961	0.0875	0.002
6.962	0.0875	0.012
6.963	0.0875	0.021
6.964	0.0875	0.028
6.965	0.0657	0.031
6.966	0.0222	0.031
6.967	0.0222	0.028
6.968	0.0222	0.026
6.969	0.0222	0.023
6.97	0.0222	0.019
6.971	0.0222	0.015
6.972	0.0222	0.011
6.973	0.0222	0.010
6.974	0.0222	0.009
6.975	0.0222	0.013
6.976	0.0222	0.016
6.977	0.0222	0.021
6.978	0.0222	0.026
6.979	0.0222	0.031
6.98	0.0298	0.034
6.981	0.0450	0.033
6.982	0.0450	0.030
6.983	0.0450	0.022
6.984	0.0450	0.015
6.985	0.0450	0.009
6.986	0.0450	0.004
6.987	0.0450	-0.002
6.988	0.0450	-0.006
6.989	0.0450	-0.010
6.99	0.0450	-0.011
6.991	0.0450	-0.010
6.992	0.0450	-0.004
6.993	0.0450	0.001
6.994	0.0554	0.007
6.995	0.0763	0.004
6.996	0.0763	-0.005
6.997	0.0763	-0.013
6.998	0.0763	-0.023
6.999	0.0763	-0.034
7	0.0763	-0.043
7.001	0.0763	-0.052
7.002	0.0763	-0.061
7.003	0.0763	-0.065
7.004	0.0763	-0.068
7.005	0.0763	-0.069
7.006	0.0763	-0.066
7.007	0.0763	-0.062
7.008	0.0763	-0.054
7.009	0.0763	-0.044
7.01	0.0763	-0.032
7.011	0.0763	-0.020
7.012	0.0763	-0.010
7.013	0.0763	0.000
7.014	0.0763	0.004
7.015	0.0631	0.007
7.016	0.0369	0.006
7.017	0.0369	0.001
7.018	0.0369	-0.005
7.019	0.0369	-0.010
7.02	0.0369	-0.014
7.021	0.0369	-0.018
7.022	0.0369	-0.019
7.023	0.0369	-0.019
7.024	0.0369	-0.016
7.025	0.0369	-0.010
7.026	0.0369	-0.005
7.027	0.0369	0.003
7.028	0.0369	0.008
7.029	0.0369	0.013
7.03	0.0369	0.017
7.031	0.0369	0.018
7.032	0.0329	0.018
7.033	0.0250	0.014
7.034	0.0250	0.006
7.035	0.0250	-0.001
7.036	0.0250	-0.005
7.037	0.0250	-0.007
7.038	0.0250	-0.006
7.039	0.0250	-0.004
7.04	0.0250	-0.006
7.041	0.0250	-0.005
7.042	0.0250	-0.001
7.043	0.0250	0.003
7.044	0.0250	0.007
7.045	0.0250	0.010
7.046	0.0250	0.017
7.047	0.0318	0.020
7.048	0.0453	0.020
7.049	0.0453	0.018
7.05	0.0453	0.011
7.051	0.0453	0.005
7.052	0.0453	-0.003
7.053	0.0453	-0.009
7.054	0.0453	-0.014
7.055	0.0453	-0.015
7.056	0.0453	-0.014
7.057	0.0453	-0.013
7.058	0.0453	-0.007
7.059	0.0453	-0.001
7.06	0.0453	0.006
7.061	0.0453	0.014
7.062	0.0453	0.021
7.063	0.0453	0.027
7.064	0.0453	0.030
7.065	0.0424	0.031
7.066	0.0366	0.027
7.067	0.0366	0.022
7.068	0.0366	0.016
7.069	0.0366	0.009
7.07	0.0366	0.004
7.071	0.0366	-0.002
7.072	0.0366	-0.005
7.073	0.0366	-0.006
7.074	0.0366	-0.004
7.075	0.0366	0.000
7.076	0.0366	0.006
7.077	0.0366	0.014
7.078	0.0366	0.021
7.079	0.0366	0.025
7.08	0.0375	0.030
7.081	0.0394	0.030
7.082	0.0394	0.029
7.083	0.0394	0.023
7.084	0.0394	0.017
7.085	0.0394	0.010
7.086	0.0394	0.004
7.087	0.0394	-0.001
7.088	0.0394	-0.007
7.089	0.0394	-0.009
7.09	0.0394	-0.009
7.091	0.0394	-0.006
7.092	0.0394	0.000
7.093	0.0394	0.003
7.094	0.0394	0.005
7.095	0.0394	0.007
7.096	0.0394	0.013
7.097	0.0394	0.020
7.098	0.0501	0.023
7.099	0.0716	0.020
7.1	0.0716	0.012
7.101	0.0716	0.006
7.102	0.0716	-0.005
7.103	0.0716	-0.016
7.104	0.0716	-0.029
7.105	0.0716	-0.041
7.106	0.0716	-0.048
7.107	0.0716	-0.049
7.108	0.0716	-0.042
7.109	0.0716	-0.034
7.11	0.0716	-0.024
7.111	0.0716	-0.013
7.112	0.0716	-0.003
7.113	0.0716	0.008
7.114	0.0716	0.016
7.115	0.0716	0.022
7.116	0.0564	0.026
7.117	0.0259	0.026
7.118	0.0259	0.022
7.119	0.0259	0.018
7.12	0.0259	0.013
7.121	0.0259	0.005
7.122	0.0259	0.002
7.123	0.0259	0.001
7.124	0.0259	0.000
7.125	0.0259	0.005
7.126	0.0259	0.009
7.127	0.0259	0.014
7.128	0.0259	0.019
7.129	0.0259	0.023
7.13	0.0259	0.026
7.131	0.0303	0.027
7.132	0.0391	0.026
7.133	0.0391	0.020
7.134	0.0391	0.015
7.135	0.0391	0.010
7.136	0.0391	0.003
7.137	0.0391	-0.002
7.138	0.0391	-0.008
7.139	0.0391	-0.012
7.14	0.0391	-0.011
7.141	0.0391	-0.008
7.142	0.0391	-0.003
7.143	0.0391	0.003
7.144	0.0391	0.010
7.145	0.0391	0.015
7.146	0.0391	0.021
7.147	0.0390	0.024
7.148	0.0388	0.024
7.149	0.0388	0.021
7.15	0.0388	0.016
7.151	0.0388	0.009
7.152	0.0388	0.002
7.153	0.0388	-0.003
7.154	0.0388	-0.009
7.155	0.0388	-0.013
7.156	0.0388	-0.015
7.157	0.0388	-0.014
7.158	0.0388	-0.010
7.159	0.0388	-0.005
7.16	0.0388	0.000
7.161	0.0388	0.008
7.162	0.0388	0.013
7.163	0.0388	0.018
7.164	0.0394	0.018
7.165	0.0406	0.018
7.166	0.0406	0.014
7.167	0.0406	0.007
7.168	0.0406	0.002
7.169	0.0406	-0.006
7.17	0.0406	-0.013
7.171	0.0406	-0.019
7.172	0.0406	-0.022
7.173	0.0406	-0.023
7.174	0.0406	-0.019
7.175	0.0406	-0.014
7.176	0.0406	-0.009
7.177	0.0406	-0.003
7.178	0.0406	0.004
7.179	0.0406	0.007
7.18	0.0406	0.011
7.181	0.0395	0.013
7.182	0.0372	0.011
7.183	0.0372	0.006
7.184	0.0372	0.001
7.185	0.0372	-0.006
7.186	0.0372	-0.011
7.187	0.0372	-0.017
7.188	0.0372	-0.022
7.189	0.0372	-0.024
7.19	0.0372	-0.024
7.191	0.0372	-0.022
7.192	0.0372	-0.016
7.193	0.0372	-0.010
7.194	0.0372	-0.003
7.195	0.0372	0.003
7.196	0.0372	0.008
7.197	0.0372	0.011
7.198	0.0389	0.011
7.199	0.0422	0.010
7.2	0.0422	0.005
7.201	0.0422	-0.002
7.202	0.0422	-0.007
7.203	0.0422	-0.013
7.204	0.0422	-0.019
7.205	0.0422	-0.022
7.206	0.0422	-0.024
7.207	0.0422	-0.024
7.208	0.0422	-0.019
7.209	0.0422	-0.013
7.21	0.0422	-0.008
7.211	0.0422	-0.001
7.212	0.0422	0.003
7.213	0.0422	0.010
7.214	0.0422	0.013
7.215	0.0422	0.014
7.216	0.0422	0.015
7.217	0.0422	0.016
7.218	0.0422	0.018
7.219	0.0422	0.018
7.22	0.0375	0.018
7.221	0.0281	0.014
7.222	0.0281	0.007
7.223	0.0281	0.005
7.224	0.0281	0.013
7.225	0.0281	0.026
7.226	0.0281	0.033
7.227	0.0416	0.039
7.228	0.0684	0.038
7.229	0.0684	0.034
7.23	0.0684	0.032
7.231	0.0684	0.027
7.232	0.0684	0.022
7.233	0.0684	0.013
7.234	0.0684	0.004
7.235	0.0684	-0.004
7.236	0.0684	-0.012
7.237	0.0684	-0.020
7.238	0.0684	-0.025
7.239	0.0684	-0.028
7.24	0.0684	-0.030
7.241	0.0684	-0.026
7.242	0.0684	-0.020
7.243	0.0684	-0.016
7.244	0.0684	-0.009
7.245	0.0684	-0.002
7.246	0.0684	0.002
7.247	0.0596	0.007
7.248	0.0419	0.007
7.249	0.0419	0.004
7.25	0.0419	-0.001
7.251	0.0419	-0.006
7.252	0.0419	-0.012
7.253	0.0419	-0.018
7.254	0.0419	-0.022
7.255	0.0419	-0.026
7.256	0.0419	-0.026
7.257	0.0419	-0.024
7.258	0.0419	-0.019
7.259	0.0419	-0.013
7.26	0.0419	-0.005
7.261	0.0419	0.002
7.262	0.0419	0.008
7.263	0.0419	0.015
7.264	0.0419	0.016
7.265	0.0404	0.017
7.266	0.0375	0.013
7.267	0.0375	0.007
7.268	0.0375	0.002
7.269	0.0375	-0.004
7.27	0.0375	-0.010
7.271	0.0375	-0.014
7.272	0.0375	-0.018
7.273	0.0375	-0.018
7.274	0.0375	-0.015
7.275	0.0375	-0.009
7.276	0.0375	-0.003
7.277	0.0375	0.005
7.278	0.0375	0.012
7.279	0.0375	0.017
7.28	0.0375	0.020
7.281	0.0370	0.021
7.282	0.0359	0.020
7.283	0.0359	0.016
7.284	0.0359	0.010
7.285	0.0359	0.005
7.286	0.0359	-0.003
7.287	0.0359	-0.008
7.288	0.0359	-0.013
7.289	0.0359	-0.015
7.29	0.0359	-0.014
7.291	0.0359	-0.012
7.292	0.0359	-0.007
7.293	0.0359	-0.002
7.294	0.0359	0.005
7.295	0.0359	0.011
7.296	0.0359	0.016
7.297	0.0362	0.019
7.298	0.0369	0.018
7.299	0.0369	0.016
7.3	0.0369	0.012
7.301	0.0369	0.006
7.302	0.0369	-0.001
7.303	0.0369	-0.006
7.304	0.0369	-0.011
7.305	0.0369	-0.016
7.306	0.0369	-0.018
7.307	0.0369	-0.018
7.308	0.0369	-0.012
7.309	0.0369	-0.005
7.31	0.0369	-0.000
7.311	0.0369	0.006
7.312	0.0369	0.012
7.313	0.0369	0.015
7.314	0.0419	0.017
7.315	0.0519	0.016
7.316	0.0519	0.013
7.317	0.0519	0.007
7.318	0.0519	0.002
7.319	0.0519	-0.004
7.32	0.0519	-0.010
7.321	0.0519	-0.014
7.322	0.0519	-0.015
7.323	0.0519	-0.009
7.324	0.0519	0.000
7.325	0.0519	0.015
7.326	0.0519	0.028
7.327	0.0519	0.037
7.328	0.0560	0.042
7.329	0.0644	0.040
7.33	0.0644	0.041
7.331	0.0644	0.042
7.332	0.0644	0.042
7.333	0.0644	0.037
7.334	0.0644	0.032
7.335	0.0644	0.019
7.336	0.0644	0.004
7.337	0.0644	-0.005
7.338	0.0644	-0.015
7.339	0.0644	-0.018
7.34	0.0644	-0.022
7.341	0.0644	-0.021
7.342	0.0644	-0.017
7.343	0.0644	-0.012
7.344	0.0644	-0.005
7.345	0.0644	0.001
7.346	0.0644	0.006
7.347	0.0644	0.007
7.348	0.0561	0.008
7.349	0.0397	0.006
7.35	0.0397	0.000
7.351	0.0397	-0.005
7.352	0.0397	-0.011
7.353	0.0397	-0.017
7.354	0.0397	-0.021
7.355	0.0397	-0.025
7.356	0.0397	-0.025
7.357	0.0397	-0.024
7.358	0.0397	-0.019
7.359	0.0397	-0.014
7.36	0.0397	-0.006
7.361	0.0397	0.002
7.362	0.0397	0.009
7.363	0.0397	0.014
7.364	0.0386	0.018
7.365	0.0366	0.017
7.366	0.0366	0.014
7.367	0.0366	0.009
7.368	0.0366	0.003
7.369	0.0366	-0.004
7.37	0.0366	-0.008
7.371	0.0366	-0.013
7.372	0.0366	-0.016
7.373	0.0366	-0.015
7.374	0.0366	-0.013
7.375	0.0366	-0.007
7.376	0.0366	-0.002
7.377	0.0366	0.004
7.378	0.0366	0.011
7.379	0.0366	0.016
7.38	0.0366	0.021
7.381	0.0375	0.022
7.382	0.0394	0.021
7.383	0.0394	0.016
7.384	0.0394	0.011
7.385	0.0394	0.004
7.386	0.0394	-0.003
7.387	0.0394	-0.009
7.388	0.0394	-0.013
7.389	0.0394	-0.016
7.39	0.0394	-0.018
7.391	0.0394	-0.013
7.392	0.0394	-0.007
7.393	0.0394	-0.002
7.394	0.0394	0.006
7.395	0.0394	0.012
7.396	0.0394	0.015
7.397	0.0392	0.019
7.398	0.0388	0.019
7.399	0.0388	0.016
7.4	0.0388	0.010
7.401	0.0388	0.004
7.402	0.0388	-0.002
7.403	0.0388	-0.008
7.404	0.0388	-0.013
7.405	0.0388	-0.018
7.406	0.0388	-0.020
7.407	0.0388	-0.018
7.408	0.0388	-0.014
7.409	0.0388	-0.010
7.41	0.0388	-0.004
7.411	0.0388	0.003
7.412	0.0388	0.010
7.413	0.0388	0.016
7.414	0.0437	0.017
7.415	0.0537	0.016
7.416	0.0537	0.013
7.417	0.0537	0.007
7.418	0.0537	0.002
7.419	0.0537	-0.006
7.42	0.0537	-0.011
7.421	0.0537	-0.016
7.422	0.0537	-0.019
7.423	0.0537	-0.019
7.424	0.0537	-0.019
7.425	0.0537	-0.013
7.426	0.0537	-0.009
7.427	0.0537	-0.003
7.428	0.0537	0.005
7.429	0.0537	0.011
7.43	0.0537	0.018
7.431	0.0537	0.024
7.432	0.0537	0.029
7.433	0.0537	0.035
7.434	0.0451	0.039
7.435	0.0278	0.038
7.436	0.0278	0.032
7.437	0.0278	0.022
7.438	0.0278	0.014
7.439	0.0278	0.011
7.44	0.0278	0.011
7.441	0.0278	0.011
7.442	0.0278	0.015
7.443	0.0339	0.016
7.444	0.0459	0.014
7.445	0.0459	0.013
7.446	0.0459	0.014
7.447	0.0459	0.015
7.448	0.0459	0.012
7.449	0.0459	0.009
7.45	0.0459	0.002
7.451	0.0459	-0.005
7.452	0.0459	-0.013
7.453	0.0459	-0.019
7.454	0.0459	-0.025
7.455	0.0459	-0.030
7.456	0.0459	-0.029
7.457	0.0459	-0.029
7.458	0.0459	-0.023
7.459	0.0459	-0.017
7.46	0.0459	-0.010
7.461	0.0459	-0.004
7.462	0.0459	0.003
7.463	0.0459	0.007
7.464	0.0459	0.009
7.465	0.0446	0.010
7.466	0.0419	0.006
7.467	0.0419	0.002
7.468	0.0419	-0.003
7.469	0.0419	-0.010
7.47	0.0419	-0.015
7.471	0.0419	-0.019
7.472	0.0419	-0.023
7.473	0.0419	-0.022
7.474	0.0419	-0.018
7.475	0.0419	-0.013
7.476	0.0419	-0.007
7.477	0.0419	0.001
7.478	0.0419	0.008
7.479	0.0419	0.014
7.48	0.0419	0.018
7.481	0.0409	0.019
7.482	0.0391	0.018
7.483	0.0391	0.013
7.484	0.0391	0.009
7.485	0.0391	0.001
7.486	0.0391	-0.004
7.487	0.0391	-0.009
7.488	0.0391	-0.013
7.489	0.0391	-0.015
7.49	0.0391	-0.015
7.491	0.0391	-0.013
7.492	0.0391	-0.008
7.493	0.0391	-0.002
7.494	0.0391	0.007
7.495	0.0391	0.015
7.496	0.0391	0.020
7.497	0.0391	0.024
7.498	0.0390	0.024
7.499	0.0388	0.022
7.5	0.0388	0.016
7.501	0.0388	0.010
7.502	0.0388	0.004
7.503	0.0388	-0.003
7.504	0.0388	-0.008
7.505	0.0388	-0.013
7.506	0.0388	-0.014
7.507	0.0388	-0.012
7.508	0.0388	-0.008
7.509	0.0388	-0.002
7.51	0.0388	0.003
7.511	0.0388	0.009
7.512	0.0388	0.014
7.513	0.0388	0.018
7.514	0.0436	0.021
7.515	0.0534	0.018
7.516	0.0534	0.015
7.517	0.0534	0.010
7.518	0.0534	0.002
7.519	0.0534	-0.005
7.52	0.0534	-0.013
7.521	0.0534	-0.022
7.522	0.0534	-0.028
7.523	0.0534	-0.029
7.524	0.0534	-0.028
7.525	0.0534	-0.020
7.526	0.0534	-0.011
7.527	0.0534	-0.001
7.528	0.0534	0.009
7.529	0.0534	0.018
7.53	0.0534	0.025
7.531	0.0660	0.027
7.532	0.0913	0.027
7.533	0.0913	0.018
7.534	0.0913	0.009
7.535	0.0913	-0.000
7.536	0.0913	-0.012
7.537	0.0913	-0.021
7.538	0.0913	-0.030
7.539	0.0913	-0.034
7.54	0.0913	-0.034
7.541	0.0913	-0.029
7.542	0.0913	-0.022
7.543	0.0913	-0.011
7.544	0.0913	0.006
7.545	0.0913	0.022
7.546	0.0913	0.040
7.547	0.0913	0.057
7.548	0.0896	0.065
7.549	0.0863	0.064
7.55	0.0863	0.054
7.551	0.0863	0.038
7.552	0.0863	0.025
7.553	0.0863	0.017
7.554	0.0863	0.007
7.555	0.0863	-0.003
7.556	0.0863	-0.008
7.557	0.0863	-0.017
7.558	0.0863	-0.021
7.559	0.0863	-0.018
7.56	0.0863	-0.009
7.561	0.0863	0.001
7.562	0.0863	0.009
7.563	0.0863	0.017
7.564	0.0863	0.019
7.565	0.0782	0.020
7.566	0.0622	0.014
7.567	0.0622	0.003
7.568	0.0622	-0.007
7.569	0.0622	-0.018
7.57	0.0622	-0.027
7.571	0.0622	-0.036
7.572	0.0622	-0.040
7.573	0.0622	-0.043
7.574	0.0622	-0.040
7.575	0.0622	-0.031
7.576	0.0622	-0.022
7.577	0.0622	-0.009
7.578	0.0622	0.000
7.579	0.0622	0.007
7.58	0.0622	0.013
7.581	0.0585	0.016
7.582	0.0512	0.015
7.583	0.0512	0.009
7.584	0.0512	0.004
7.585	0.0512	-0.003
7.586	0.0512	-0.009
7.587	0.0512	-0.013
7.588	0.0512	-0.018
7.589	0.0512	-0.020
7.59	0.0512	-0.020
7.591	0.0512	-0.018
7.592	0.0512	-0.012
7.593	0.0512	-0.004
7.594	0.0512	0.005
7.595	0.0512	0.014
7.596	0.0512	0.025
7.597	0.0512	0.031
7.598	0.0564	0.032
7.599	0.0666	0.030
7.6	0.0666	0.022
7.601	0.0666	0.013
7.602	0.0666	0.000
7.603	0.0666	-0.014
7.604	0.0666	-0.023
7.605	0.0666	-0.030
7.606	0.0666	-0.033
7.607	0.0666	-0.032
7.608	0.0666	-0.025
7.609	0.0666	-0.015
7.61	0.0666	-0.002
7.611	0.0666	0.010
7.612	0.0666	0.021
7.613	0.0666	0.029
7.614	0.0666	0.034
7.615	0.0679	0.034
7.616	0.0706	0.028
7.617	0.0706	0.019
7.618	0.0706	0.008
7.619	0.0706	-0.005
7.62	0.0706	-0.017
7.621	0.0706	-0.027
7.622	0.0706	-0.034
7.623	0.0706	-0.036
7.624	0.0706	-0.034
7.625	0.0706	-0.027
7.626	0.0706	-0.017
7.627	0.0706	-0.003
7.628	0.0706	0.009
7.629	0.0706	0.020
7.63	0.0706	0.029
7.631	0.0821	0.032
7.632	0.1050	0.032
7.633	0.1050	0.024
7.634	0.1050	0.013
7.635	0.1050	0.002
7.636	0.1050	-0.012
7.637	0.1050	-0.023
7.638	0.1050	-0.033
7.639	0.1050	-0.037
7.64	0.1050	-0.039
7.641	0.1050	-0.034
7.642	0.1050	-0.020
7.643	0.1050	-0.003
7.644	0.1050	0.019
7.645	0.1050	0.041
7.646	0.1050	0.058
7.647	0.1050	0.066
7.648	0.1040	0.066
7.649	0.1019	0.056
7.65	0.1019	0.042
7.651	0.1019	0.030
7.652	0.1019	0.016
7.653	0.1019	0.003
7.654	0.1019	-0.005
7.655	0.1019	-0.020
7.656	0.1019	-0.032
7.657	0.1019	-0.036
7.658	0.1019	-0.033
7.659	0.1019	-0.025
7.66	0.1019	-0.017
7.661	0.1019	-0.003
7.662	0.1019	0.008
7.663	0.1019	0.016
7.664	0.1019	0.020
7.665	0.0920	0.021
7.666	0.0722	0.016
7.667	0.0722	0.005
7.668	0.0722	-0.005
7.669	0.0722	-0.017
7.67	0.0722	-0.027
7.671	0.0722	-0.038
7.672	0.0722	-0.044
7.673	0.0722	-0.046
7.674	0.0722	-0.043
7.675	0.0722	-0.034
7.676	0.0722	-0.023
7.677	0.0722	-0.011
7.678	0.0722	0.005
7.679	0.0722	0.016
7.68	0.0722	0.023
7.681	0.0722	0.027
7.682	0.0718	0.027
7.683	0.0709	0.020
7.684	0.0709	0.011
7.685	0.0709	-0.001
7.686	0.0709	-0.014
7.687	0.0709	-0.023
7.688	0.0709	-0.033
7.689	0.0709	-0.037
7.69	0.0709	-0.037
7.691	0.0709	-0.032
7.692	0.0709	-0.022
7.693	0.0709	-0.010
7.694	0.0709	0.003
7.695	0.0709	0.016
7.696	0.0709	0.026
7.697	0.0709	0.034
7.698	0.0658	0.035
7.699	0.0556	0.032
7.7	0.0556	0.023
7.701	0.0556	0.013
7.702	0.0556	0.001
7.703	0.0556	-0.009
7.704	0.0556	-0.016
7.705	0.0556	-0.021
7.706	0.0556	-0.021
7.707	0.0556	-0.021
7.708	0.0556	-0.015
7.709	0.0556	-0.010
7.71	0.0556	-0.003
7.711	0.0556	0.005
7.712	0.0556	0.011
7.713	0.0556	0.016
7.714	0.0556	0.019
7.715	0.0508	0.020
7.716	0.0412	0.014
7.717	0.0412	0.008
7.718	0.0412	0.002
7.719	0.0412	-0.006
7.72	0.0412	-0.010
7.721	0.0412	-0.016
7.722	0.0412	-0.019
7.723	0.0412	-0.021
7.724	0.0412	-0.020
7.725	0.0412	-0.014
7.726	0.0412	-0.010
7.727	0.0412	-0.002
7.728	0.0412	0.004
7.729	0.0412	0.010
7.73	0.0412	0.015
7.731	0.0403	0.017
7.732	0.0384	0.015
7.733	0.0384	0.011
7.734	0.0384	0.006
7.735	0.0384	-0.001
7.736	0.0384	-0.007
7.737	0.0384	-0.014
7.738	0.0384	-0.018
7.739	0.0384	-0.020
7.74	0.0384	-0.022
7.741	0.0384	-0.018
7.742	0.0384	-0.013
7.743	0.0384	-0.007
7.744	0.0384	-0.001
7.745	0.0384	0.004
7.746	0.0384	0.009
7.747	0.0384	0.013
7.748	0.0380	0.014
7.749	0.0372	0.013
7.75	0.0372	0.006
7.751	0.0372	-0.000
7.752	0.0372	-0.007
7.753	0.0372	-0.013
7.754	0.0372	-0.018
7.755	0.0372	-0.021
7.756	0.0372	-0.023
7.757	0.0372	-0.022
7.758	0.0372	-0.018
7.759	0.0372	-0.013
7.76	0.0372	-0.006
7.761	0.0372	0.001
7.762	0.0372	0.006
7.763	0.0372	0.012
7.764	0.0372	0.014
7.765	0.0369	0.014
7.766	0.0362	0.010
7.767	0.0362	0.005
7.768	0.0362	-0.002
7.769	0.0362	-0.009
7.77	0.0362	-0.014
7.771	0.0362	-0.018
7.772	0.0362	-0.022
7.773	0.0362	-0.022
7.774	0.0362	-0.020
7.775	0.0362	-0.016
7.776	0.0362	-0.010
7.777	0.0362	-0.003
7.778	0.0362	0.003
7.779	0.0362	0.009
7.78	0.0362	0.013
7.781	0.0361	0.014
7.782	0.0359	0.014
7.783	0.0359	0.009
7.784	0.0359	0.002
7.785	0.0359	-0.003
7.786	0.0359	-0.009
7.787	0.0359	-0.015
7.788	0.0359	-0.019
7.789	0.0359	-0.022
7.79	0.0359	-0.021
7.791	0.0359	-0.018
7.792	0.0359	-0.013
7.793	0.0359	-0.008
7.794	0.0359	0.000
7.795	0.0359	0.006
7.796	0.0359	0.010
7.797	0.0359	0.014
7.798	0.0442	0.016
7.799	0.0606	0.013
7.8	0.0606	0.007
7.801	0.0606	0.001
7.802	0.0606	-0.006
7.803	0.0606	-0.011
7.804	0.0606	-0.016
7.805	0.0606	-0.020
7.806	0.0606	-0.016
7.807	0.0606	-0.005
7.808	0.0606	0.014
7.809	0.0606	0.030
7.81	0.0606	0.041
7.811	0.0678	0.046
7.812	0.0822	0.045
7.813	0.0822	0.042
7.814	0.0822	0.034
7.815	0.0822	0.028
7.816	0.0822	0.023
7.817	0.0822	0.007
7.818	0.0822	-0.008
7.819	0.0822	-0.022
7.82	0.0822	-0.029
7.821	0.0822	-0.034
7.822	0.0822	-0.036
7.823	0.0822	-0.036
7.824	0.0822	-0.034
7.825	0.0822	-0.029
7.826	0.0822	-0.023
7.827	0.0822	-0.016
7.828	0.0822	-0.009
7.829	0.0822	-0.003
7.83	0.0822	0.003
7.831	0.0684	0.006
7.832	0.0409	0.004
7.833	0.0409	0.000
7.834	0.0409	-0.005
7.835	0.0409	-0.011
7.836	0.0409	-0.017
7.837	0.0409	-0.020
7.838	0.0409	-0.024
7.839	0.0409	-0.025
7.84	0.0409	-0.024
7.841	0.0409	-0.020
7.842	0.0409	-0.013
7.843	0.0409	-0.006
7.844	0.0409	0.002
7.845	0.0409	0.007
7.846	0.0409	0.013
7.847	0.0409	0.016
7.848	0.0394	0.017
7.849	0.0363	0.016
7.85	0.0363	0.011
7.851	0.0363	0.006
7.852	0.0363	-0.000
7.853	0.0363	-0.007
7.854	0.0363	-0.010
7.855	0.0363	-0.013
7.856	0.0363	-0.016
7.857	0.0363	-0.015
7.858	0.0363	-0.011
7.859	0.0363	-0.004
7.86	0.0363	0.003
7.861	0.0363	0.010
7.862	0.0363	0.016
7.863	0.0363	0.021
7.864	0.0372	0.024
7.865	0.0391	0.024
7.866	0.0391	0.019
7.867	0.0391	0.013
7.868	0.0391	0.007
7.869	0.0391	-0.000
7.87	0.0391	-0.005
7.871	0.0391	-0.011
7.872	0.0391	-0.014
7.873	0.0391	-0.015
7.874	0.0391	-0.014
7.875	0.0391	-0.011
7.876	0.0391	-0.006
7.877	0.0391	0.003
7.878	0.0391	0.008
7.879	0.0391	0.014
7.88	0.0391	0.019
7.881	0.0391	0.020
7.882	0.0391	0.020
7.883	0.0391	0.015
7.884	0.0391	0.008
7.885	0.0391	0.003
7.886	0.0391	-0.004
7.887	0.0391	-0.011
7.888	0.0391	-0.015
7.889	0.0391	-0.018
7.89	0.0391	-0.019
7.891	0.0391	-0.015
7.892	0.0391	-0.009
7.893	0.0391	-0.004
7.894	0.0391	0.003
7.895	0.0391	0.009
7.896	0.0391	0.014
7.897	0.0391	0.017
7.898	0.0519	0.018
7.899	0.0775	0.016
7.9	0.0775	0.009
7.901	0.0775	0.003
7.902	0.0775	-0.004
7.903	0.0775	-0.012
7.904	0.0775	-0.017
7.905	0.0775	-0.021
7.906	0.0775	-0.025
7.907	0.0775	-0.025
7.908	0.0775	-0.020
7.909	0.0775	-0.010
7.91	0.0775	0.006
7.911	0.0775	0.023
7.912	0.0775	0.039
7.913	0.0775	0.052
7.914	0.0811	0.056
7.915	0.0884	0.050
7.916	0.0884	0.037
7.917	0.0884	0.021
7.918	0.0884	0.005
7.919	0.0884	-0.007
7.92	0.0884	-0.017
7.921	0.0884	-0.026
7.922	0.0884	-0.032
7.923	0.0884	-0.032
7.924	0.0884	-0.032
7.925	0.0884	-0.026
7.926	0.0884	-0.020
7.927	0.0884	-0.013
7.928	0.0884	-0.004
7.929	0.0884	0.003
7.93	0.0884	0.007
7.931	0.0724	0.010
7.932	0.0403	0.010
7.933	0.0403	0.006
7.934	0.0403	0.002
7.935	0.0403	-0.003
7.936	0.0403	-0.009
7.937	0.0403	-0.013
7.938	0.0403	-0.018
7.939	0.0403	-0.020
7.94	0.0403	-0.020
7.941	0.0403	-0.017
7.942	0.0403	-0.010
7.943	0.0403	-0.003
7.944	0.0403	0.006
7.945	0.0403	0.012
7.946	0.0403	0.017
7.947	0.0403	0.021
7.948	0.0390	0.022
7.949	0.0362	0.020
7.95	0.0362	0.015
7.951	0.0362	0.010
7.952	0.0362	0.003
7.953	0.0362	-0.003
7.954	0.0362	-0.008
7.955	0.0362	-0.013
7.956	0.0362	-0.015
7.957	0.0362	-0.014
7.958	0.0362	-0.010
7.959	0.0362	-0.004
7.96	0.0362	0.002
7.961	0.0362	0.010
7.962	0.0362	0.014
7.963	0.0362	0.019
7.964	0.0362	0.020
7.965	0.0374	0.020
7.966	0.0397	0.015
7.967	0.0397	0.008
7.968	0.0397	0.003
7.969	0.0397	-0.004
7.97	0.0397	-0.011
7.971	0.0397	-0.015
7.972	0.0397	-0.019
7.973	0.0397	-0.020
7.974	0.0397	-0.018
7.975	0.0397	-0.013
7.976	0.0397	-0.009
7.977	0.0397	-0.003
7.978	0.0397	0.004
7.979	0.0397	0.008
7.98	0.0397	0.014
7.981	0.0391	0.016
7.982	0.0378	0.014
7.983	0.0378	0.008
7.984	0.0378	0.003
7.985	0.0378	-0.004
7.986	0.0378	-0.009
7.987	0.0378	-0.014
7.988	0.0378	-0.020
7.989	0.0378	-0.022
7.99	0.0378	-0.022
7.991	0.0378	-0.019
7.992	0.0378	-0.015
7.993	0.0378	-0.009
7.994	0.0378	-0.002
7.995	0.0378	0.003
7.996	0.0378	0.009
7.997	0.0378	0.013
7.998	0.0374	0.013
7.999	0.0366	0.012
8	0.0366	0.006
8.001	0.0366	-0.000
8.002	0.0366	-0.006
8.003	0.0366	-0.011
8.004	0.0366	-0.017
8.005	0.0366	-0.022
8.006	0.0366	-0.024
8.007	0.0366	-0.024
8.008	0.0366	-0.019
8.009	0.0366	-0.014
8.01	0.0366	-0.009
8.011	0.0366	-0.002
8.012	0.0366	0.005
8.013	0.0366	0.011
8.014	0.0362	0.014
8.015	0.0356	0.014
8.016	0.0356	0.010
8.017	0.0356	0.005
8.018	0.0356	-0.000
8.019	0.0356	-0.008
8.02	0.0356	-0.015
8.021	0.0356	-0.019
8.022	0.0356	-0.022
8.023	0.0356	-0.022
8.024	0.0356	-0.020
8.025	0.0356	-0.015
8.026	0.0356	-0.010
8.027	0.0356	-0.003
8.028	0.0356	0.002
8.029	0.0356	0.008
8.03	0.0356	0.012
8.031	0.0656	0.013
8.032	0.1256	0.013
8.033	0.1256	0.010
8.034	0.1256	0.002
8.035	0.1256	-0.004
8.036	0.1256	-0.007
8.037	0.1256	-0.006
8.038	0.1256	-0.001
8.039	0.1256	0.009
8.04	0.1256	0.020
8.041	0.1256	0.033
8.042	0.1256	0.050
8.043	0.1256	0.072
8.044	0.1256	0.097
8.045	0.1256	0.118
8.046	0.1429	0.123
8.047	0.1775	0.107
8.048	0.1775	0.080
8.049	0.1775	0.046
8.05	0.1775	0.011
8.051	0.1775	-0.015
8.052	0.1775	-0.032
8.053	0.1775	-0.042
8.054	0.1775	-0.048
8.055	0.1775	-0.053
8.056	0.1775	-0.054
8.057	0.1775	-0.052
8.058	0.1775	-0.047
8.059	0.1775	-0.039
8.06	0.1775	-0.032
8.061	0.1775	-0.023
8.062	0.1775	-0.015
8.063	0.1775	-0.009
8.064	0.1775	-0.006
8.065	0.1331	-0.004
8.066	0.0444	-0.006
8.067	0.0444	-0.012
8.068	0.0444	-0.017
8.069	0.0444	-0.022
8.07	0.0444	-0.027
8.071	0.0444	-0.031
8.072	0.0444	-0.033
8.073	0.0444	-0.034
8.074	0.0444	-0.032
8.075	0.0444	-0.026
8.076	0.0444	-0.018
8.077	0.0444	-0.011
8.078	0.0444	-0.004
8.079	0.0444	0.003
8.08	0.0444	0.007
8.081	0.0444	0.011
8.082	0.0426	0.011
8.083	0.0391	0.007
8.084	0.0391	0.003
8.085	0.0391	-0.003
8.086	0.0391	-0.009
8.087	0.0391	-0.014
8.088	0.0391	-0.018
8.089	0.0391	-0.020
8.09	0.0391	-0.020
8.091	0.0391	-0.017
8.092	0.0391	-0.012
8.093	0.0391	-0.006
8.094	0.0391	0.002
8.095	0.0391	0.009
8.096	0.0391	0.014
8.097	0.0391	0.019
8.098	0.0389	0.020
8.099	0.0384	0.018
8.1	0.0384	0.013
8.101	0.0384	0.007
8.102	0.0384	0.000
8.103	0.0384	-0.007
8.104	0.0384	-0.012
8.105	0.0384	-0.017
8.106	0.0384	-0.018
8.107	0.0384	-0.019
8.108	0.0384	-0.014
8.109	0.0384	-0.008
8.11	0.0384	-0.003
8.111	0.0384	0.004
8.112	0.0384	0.012
8.113	0.0384	0.016
8.114	0.0384	0.018
8.115	0.0375	0.019
8.116	0.0356	0.015
8.117	0.0356	0.010
8.118	0.0356	0.004
8.119	0.0356	-0.005
8.12	0.0356	-0.009
8.121	0.0356	-0.014
8.122	0.0356	-0.016
8.123	0.0356	-0.017
8.124	0.0356	-0.016
8.125	0.0356	-0.012
8.126	0.0356	-0.007
8.127	0.0356	0.001
8.128	0.0356	0.007
8.129	0.0356	0.013
8.13	0.0356	0.017
8.131	0.0361	0.018
8.132	0.0372	0.017
8.133	0.0372	0.012
8.134	0.0372	0.006
8.135	0.0372	-0.001
8.136	0.0372	-0.007
8.137	0.0372	-0.012
8.138	0.0372	-0.018
8.139	0.0372	-0.019
8.14	0.0372	-0.020
8.141	0.0372	-0.018
8.142	0.0372	-0.012
8.143	0.0372	-0.006
8.144	0.0372	0.001
8.145	0.0372	0.007
8.146	0.0372	0.013
8.147	0.0372	0.016
8.148	0.0372	0.017
8.149	0.0372	0.017
8.15	0.0372	0.010
8.151	0.0372	0.004
8.152	0.0372	-0.001
8.153	0.0372	-0.008
8.154	0.0372	-0.013
8.155	0.0372	-0.018
8.156	0.0372	-0.020
8.157	0.0372	-0.019
8.158	0.0372	-0.016
8.159	0.0372	-0.011
8.16	0.0372	-0.005
8.161	0.0372	0.003
8.162	0.0372	0.009
8.163	0.0372	0.014
8.164	0.0354	0.017
8.165	0.0319	0.017
8.166	0.0319	0.012
8.167	0.0319	0.005
8.168	0.0319	0.001
8.169	0.0319	-0.003
8.17	0.0319	-0.006
8.171	0.0319	-0.007
8.172	0.0319	-0.008
8.173	0.0319	-0.009
8.174	0.0319	-0.009
8.175	0.0319	-0.003
8.176	0.0319	0.006
8.177	0.0319	0.009
8.178	0.0319	0.012
8.179	0.0319	0.018
8.18	0.0319	0.022
8.181	0.0354	0.023
8.182	0.0425	0.022
8.183	0.0425	0.016
8.184	0.0425	0.008
8.185	0.0425	0.002
8.186	0.0425	-0.007
8.187	0.0425	-0.012
8.188	0.0425	-0.016
8.189	0.0425	-0.019
8.19	0.0425	-0.019
8.191	0.0425	-0.017
8.192	0.0425	-0.012
8.193	0.0425	-0.006
8.194	0.0425	0.002
8.195	0.0425	0.007
8.196	0.0425	0.013
8.197	0.0425	0.017
8.198	0.0391	0.018
8.199	0.0322	0.017
8.2	0.0322	0.012
8.201	0.0322	0.007
8.202	0.0322	0.002
8.203	0.0322	-0.005
8.204	0.0322	-0.008
8.205	0.0322	-0.013
8.206	0.0322	-0.013
8.207	0.0322	-0.012
8.208	0.0322	-0.008
8.209	0.0322	-0.001
8.21	0.0322	0.004
8.211	0.0322	0.011
8.212	0.0322	0.016
8.213	0.0322	0.020
8.214	0.0379	0.021
8.215	0.0494	0.019
8.216	0.0494	0.015
8.217	0.0494	0.007
8.218	0.0494	-0.003
8.219	0.0494	-0.012
8.22	0.0494	-0.021
8.221	0.0494	-0.026
8.222	0.0494	-0.029
8.223	0.0494	-0.028
8.224	0.0494	-0.022
8.225	0.0360	-0.017
8.226	0.0094	-0.023
8.227	0.0094	-0.026
8.228	0.0094	-0.024
8.229	0.0094	-0.023
8.23	0.0094	-0.019
8.231	0.0094	-0.018
8.232	0.0288	-0.017
8.233	0.0675	-0.019
8.234	0.0675	-0.023
8.235	0.0675	-0.028
8.236	0.0675	-0.031
8.237	0.0675	-0.030
8.238	0.0675	-0.031
8.239	0.0675	-0.029
8.24	0.0675	-0.025
8.241	0.0675	-0.018
8.242	0.0675	-0.011
8.243	0.0675	-0.001
8.244	0.0675	0.009
8.245	0.0675	0.019
8.246	0.0675	0.028
8.247	0.0675	0.035
8.248	0.0675	0.037
8.249	0.0561	0.039
8.25	0.0334	0.037
8.251	0.0334	0.034
8.252	0.0334	0.029
8.253	0.0334	0.025
8.254	0.0334	0.019
8.255	0.0334	0.012
8.256	0.0334	0.008
8.257	0.0334	0.006
8.258	0.0334	0.007
8.259	0.0334	0.010
8.26	0.0334	0.015
8.261	0.0334	0.024
8.262	0.0334	0.029
8.263	0.0334	0.034
8.264	0.0334	0.034
8.265	0.0468	0.034
8.266	0.0734	0.033
8.267	0.0734	0.032
8.268	0.0734	0.024
8.269	0.0734	0.005
8.27	0.0734	-0.012
8.271	0.0734	-0.024
8.272	0.0734	-0.032
8.273	0.0734	-0.037
8.274	0.0734	-0.039
8.275	0.0734	-0.037
8.276	0.0734	-0.030
8.277	0.0734	-0.022
8.278	0.0734	-0.014
8.279	0.0734	-0.007
8.28	0.0734	-0.002
8.281	0.0734	-0.000
8.282	0.0623	0.001
8.283	0.0400	0.000
8.284	0.0400	-0.004
8.285	0.0400	-0.009
8.286	0.0400	-0.015
8.287	0.0400	-0.021
8.288	0.0400	-0.026
8.289	0.0400	-0.026
8.29	0.0400	-0.027
8.291	0.0400	-0.023
8.292	0.0400	-0.016
8.293	0.0400	-0.011
8.294	0.0400	-0.004
8.295	0.0400	0.003
8.296	0.0400	0.010
8.297	0.0400	0.013
8.298	0.0423	0.014
8.299	0.0469	0.013
8.3	0.0469	0.005
8.301	0.0469	-0.002
8.302	0.0469	-0.011
8.303	0.0469	-0.020
8.304	0.0469	-0.026
8.305	0.0469	-0.030
8.306	0.0469	-0.032
8.307	0.0469	-0.033
8.308	0.0469	-0.031
8.309	0.0469	-0.026
8.31	0.0469	-0.018
8.311	0.0469	-0.008
8.312	0.0698	-0.003
8.313	0.1156	-0.006
8.314	0.1156	-0.009
8.315	0.1156	-0.014
8.316	0.1156	-0.021
8.317	0.1156	-0.029
8.318	0.1156	-0.037
8.319	0.1156	-0.043
8.32	0.1156	-0.047
8.321	0.1156	-0.051
8.322	0.1156	-0.050
8.323	0.1156	-0.044
8.324	0.1156	-0.034
8.325	0.1156	-0.018
8.326	0.1156	0.001
8.327	0.1156	0.018
8.328	0.1156	0.031
8.329	0.1156	0.043
8.33	0.1156	0.055
8.331	0.1156	0.065
8.332	0.0976	0.070
8.333	0.0616	0.070
8.334	0.0616	0.067
8.335	0.0616	0.061
8.336	0.0616	0.054
8.337	0.0616	0.044
8.338	0.0616	0.033
8.339	0.0616	0.021
8.34	0.0616	0.013
8.341	0.0616	0.009
8.342	0.0616	0.010
8.343	0.0616	0.013
8.344	0.0616	0.019
8.345	0.0616	0.026
8.346	0.0616	0.032
8.347	0.0670	0.036
8.348	0.0778	0.036
8.349	0.0778	0.033
8.35	0.0778	0.021
8.351	0.0778	0.002
8.352	0.0778	-0.013
8.353	0.0778	-0.024
8.354	0.0778	-0.033
8.355	0.0778	-0.038
8.356	0.0778	-0.041
8.357	0.0778	-0.042
8.358	0.0778	-0.038
8.359	0.0778	-0.032
8.36	0.0778	-0.025
8.361	0.0778	-0.019
8.362	0.0778	-0.011
8.363	0.0778	-0.005
8.364	0.0778	-0.003
8.365	0.0778	-0.002
8.366	0.0751	-0.002
8.367	0.0697	-0.008
8.368	0.0697	-0.012
8.369	0.0697	-0.017
8.37	0.0697	-0.022
8.371	0.0697	-0.026
8.372	0.0697	-0.029
8.373	0.0697	-0.030
8.374	0.0697	-0.028
8.375	0.0697	-0.021
8.376	0.0697	-0.011
8.377	0.0697	0.002
8.378	0.0697	0.014
8.379	0.0697	0.024
8.38	0.0697	0.034
8.381	0.0697	0.040
8.382	0.0754	0.043
8.383	0.0869	0.039
8.384	0.0869	0.034
8.385	0.0869	0.028
8.386	0.0869	0.022
8.387	0.0869	0.019
8.388	0.0869	0.015
8.389	0.0869	0.013
8.39	0.0869	0.010
8.391	0.0869	-0.001
8.392	0.0869	-0.013
8.393	0.0869	-0.021
8.394	0.0869	-0.026
8.395	0.0869	-0.029
8.396	0.0869	-0.033
8.397	0.0869	-0.035
8.398	0.0869	-0.036
8.399	0.0869	-0.036
8.4	0.0869	-0.038
8.401	0.0869	-0.040
8.402	0.0869	-0.043
8.403	0.0869	-0.044
8.404	0.0869	-0.044
8.405	0.0869	-0.041
8.406	0.0869	-0.035
8.407	0.0869	-0.029
8.408	0.0869	-0.018
8.409	0.0869	-0.007
8.41	0.0869	0.005
8.411	0.0869	0.018
8.412	0.0869	0.029
8.413	0.0869	0.037
8.414	0.0869	0.043
8.415	0.0724	0.043
8.416	0.0434	0.040
8.417	0.0434	0.034
8.418	0.0434	0.028
8.419	0.0434	0.019
8.42	0.0434	0.014
8.421	0.0434	0.007
8.422	0.0434	0.002
8.423	0.0434	0.000
8.424	0.0434	0.001
8.425	0.0434	0.007
8.426	0.0434	0.013
8.427	0.0434	0.018
8.428	0.0434	0.025
8.429	0.0434	0.030
8.43	0.0434	0.035
8.431	0.0407	0.036
8.432	0.0353	0.036
8.433	0.0353	0.031
8.434	0.0353	0.025
8.435	0.0353	0.019
8.436	0.0353	0.013
8.437	0.0353	0.008
8.438	0.0353	0.003
8.439	0.0353	0.001
8.44	0.0353	0.001
8.441	0.0353	0.003
8.442	0.0353	0.007
8.443	0.0353	0.013
8.444	0.0353	0.021
8.445	0.0353	0.028
8.446	0.0353	0.033
8.447	0.0394	0.036
8.448	0.0475	0.036
8.449	0.0475	0.032
8.45	0.0475	0.024
8.451	0.0475	0.020
8.452	0.0475	0.014
8.453	0.0475	0.010
8.454	0.0475	0.004
8.455	0.0475	-0.003
8.456	0.0475	-0.007
8.457	0.0475	-0.011
8.458	0.0475	-0.010
8.459	0.0475	-0.006
8.46	0.0354	-0.002
8.461	0.0112	-0.004
8.462	0.0112	-0.011
8.463	0.0112	-0.009
8.464	0.0112	-0.004
8.465	0.0112	0.000
8.466	0.0201	0.003
8.467	0.0378	0.001
8.468	0.0378	-0.001
8.469	0.0378	-0.003
8.47	0.0378	-0.005
8.471	0.0378	-0.006
8.472	0.0378	-0.007
8.473	0.0378	-0.005
8.474	0.0378	-0.003
8.475	0.0378	0.006
8.476	0.0378	0.013
8.477	0.0378	0.019
8.478	0.0378	0.023
8.479	0.0378	0.029
8.48	0.0378	0.031
8.481	0.0397	0.032
8.482	0.0434	0.030
8.483	0.0434	0.023
8.484	0.0434	0.017
8.485	0.0434	0.011
8.486	0.0434	0.003
8.487	0.0434	-0.003
8.488	0.0434	-0.008
8.489	0.0434	-0.012
8.49	0.0434	-0.012
8.491	0.0434	-0.010
8.492	0.0434	-0.006
8.493	0.0434	0.000
8.494	0.0434	0.008
8.495	0.0434	0.016
8.496	0.0434	0.022
8.497	0.0434	0.027
8.498	0.0445	0.028
8.499	0.0466	0.027
8.5	0.0466	0.022
8.501	0.0466	0.016
8.502	0.0466	0.007
8.503	0.0466	-0.002
8.504	0.0466	-0.010
8.505	0.0466	-0.015
8.506	0.0466	-0.017
8.507	0.0466	-0.018
8.508	0.0466	-0.015
8.509	0.0466	-0.011
8.51	0.0466	-0.006
8.511	0.0466	0.003
8.512	0.0466	0.012
8.513	0.0466	0.020
8.514	0.0466	0.027
8.515	0.0475	0.030
8.516	0.0494	0.030
8.517	0.0494	0.025
8.518	0.0494	0.019
8.519	0.0494	0.012
8.52	0.0494	0.003
8.521	0.0494	-0.006
8.522	0.0494	-0.013
8.523	0.0494	-0.017
8.524	0.0494	-0.016
8.525	0.0494	-0.011
8.526	0.0494	-0.003
8.527	0.0494	0.007
8.528	0.0494	0.016
8.529	0.0494	0.024
8.53	0.0494	0.033
8.531	0.0537	0.035
8.532	0.0625	0.033
8.533	0.0625	0.027
8.534	0.0625	0.018
8.535	0.0625	0.008
8.536	0.0625	-0.004
8.537	0.0625	-0.013
8.538	0.0625	-0.022
8.539	0.0625	-0.028
8.54	0.0625	-0.028
8.541	0.0625	-0.025
8.542	0.0625	-0.018
8.543	0.0625	-0.008
8.544	0.0625	0.002
8.545	0.0625	0.010
8.546	0.0625	0.019
8.547	0.0625	0.026
8.548	0.0611	0.028
8.549	0.0584	0.027
8.55	0.0584	0.019
8.551	0.0584	0.011
8.552	0.0584	0.001
8.553	0.0584	-0.010
8.554	0.0584	-0.019
8.555	0.0584	-0.027
8.556	0.0584	-0.030
8.557	0.0584	-0.030
8.558	0.0584	-0.025
8.559	0.0584	-0.017
8.56	0.0584	-0.007
8.561	0.0584	0.004
8.562	0.0584	0.010
8.563	0.0584	0.015
8.564	0.0584	0.020
8.565	0.0742	0.020
8.566	0.1056	0.017
8.567	0.1056	0.012
8.568	0.1056	0.004
8.569	0.1056	-0.003
8.57	0.1056	-0.008
8.571	0.1056	-0.013
8.572	0.1056	-0.013
8.573	0.1056	-0.007
8.574	0.1056	0.003
8.575	0.1056	0.019
8.576	0.1056	0.039
8.577	0.1056	0.061
8.578	0.1056	0.079
8.579	0.1056	0.092
8.58	0.1190	0.094
8.581	0.1456	0.089
8.582	0.1456	0.081
8.583	0.1456	0.064
8.584	0.1456	0.036
8.585	0.1456	0.005
8.586	0.1456	-0.022
8.587	0.1456	-0.039
8.588	0.1456	-0.048
8.589	0.1456	-0.050
8.59	0.1456	-0.051
8.591	0.1456	-0.047
8.592	0.1456	-0.040
8.593	0.1456	-0.033
8.594	0.1456	-0.025
8.595	0.1456	-0.017
8.596	0.1456	-0.012
8.597	0.1456	-0.007
8.598	0.1112	-0.005
8.599	0.0425	-0.007
8.6	0.0425	-0.011
8.601	0.0425	-0.013
8.602	0.0425	-0.020
8.603	0.0425	-0.026
8.604	0.0425	-0.029
8.605	0.0425	-0.034
8.606	0.0425	-0.035
8.607	0.0425	-0.034
8.608	0.0425	-0.031
8.609	0.0425	-0.024
8.61	0.0425	-0.018
8.611	0.0425	-0.010
8.612	0.0425	-0.003
8.613	0.0425	0.003
8.614	0.0425	0.008
8.615	0.0428	0.009
8.616	0.0434	0.008
8.617	0.0434	0.003
8.618	0.0434	-0.003
8.619	0.0434	-0.009
8.62	0.0434	-0.015
8.621	0.0434	-0.020
8.622	0.0434	-0.024
8.623	0.0434	-0.027
8.624	0.0434	-0.027
8.625	0.0434	-0.022
8.626	0.0434	-0.017
8.627	0.0434	-0.009
8.628	0.0434	-0.000
8.629	0.0434	0.007
8.63	0.0434	0.013
8.631	0.0434	0.017
8.632	0.0510	0.018
8.633	0.0662	0.017
8.634	0.0662	0.014
8.635	0.0662	0.007
8.636	0.0662	0.001
8.637	0.0662	-0.006
8.638	0.0662	-0.011
8.639	0.0662	-0.017
8.64	0.0662	-0.028
8.641	0.0662	-0.038
8.642	0.0662	-0.045
8.643	0.0662	-0.048
8.644	0.0662	-0.044
8.645	0.0662	-0.039
8.646	0.0662	-0.030
8.647	0.0662	-0.024
8.648	0.0662	-0.020
8.649	0.0697	-0.017
8.65	0.0766	-0.019
8.651	0.0766	-0.022
8.652	0.0766	-0.024
8.653	0.0766	-0.025
8.654	0.0766	-0.024
8.655	0.0766	-0.023
8.656	0.0766	-0.020
8.657	0.0766	-0.015
8.658	0.0766	-0.006
8.659	0.0766	0.006
8.66	0.0766	0.015
8.661	0.0766	0.028
8.662	0.0766	0.038
8.663	0.0766	0.046
8.664	0.0766	0.052
8.665	0.0628	0.054
8.666	0.0353	0.051
8.667	0.0353	0.044
8.668	0.0353	0.039
8.669	0.0353	0.030
8.67	0.0353	0.025
8.671	0.0353	0.021
8.672	0.0353	0.019
8.673	0.0353	0.020
8.674	0.0353	0.019
8.675	0.0353	0.023
8.676	0.0353	0.028
8.677	0.0353	0.033
8.678	0.0525	0.036
8.679	0.0869	0.034
8.68	0.0869	0.035
8.681	0.0869	0.033
8.682	0.0869	0.031
8.683	0.0869	0.019
8.684	0.0869	0.005
8.685	0.0869	-0.010
8.686	0.0869	-0.027
8.687	0.0869	-0.038
8.688	0.0869	-0.046
8.689	0.0869	-0.049
8.69	0.0869	-0.051
8.691	0.0869	-0.047
8.692	0.0869	-0.039
8.693	0.0869	-0.031
8.694	0.0869	-0.022
8.695	0.0869	-0.013
8.696	0.0869	-0.006
8.697	0.0869	-0.002
8.698	0.0869	0.001
8.699	0.0724	0.002
8.7	0.0434	-0.003
8.701	0.0434	-0.007
8.702	0.0434	-0.012
8.703	0.0434	-0.017
8.704	0.0434	-0.020
8.705	0.0434	-0.024
8.706	0.0434	-0.025
8.707	0.0434	-0.024
8.708	0.0434	-0.019
8.709	0.0434	-0.013
8.71	0.0434	-0.006
8.711	0.0434	0.003
8.712	0.0434	0.010
8.713	0.0434	0.015
8.714	0.0434	0.019
8.715	0.0413	0.019
8.716	0.0369	0.017
8.717	0.0369	0.010
8.718	0.0369	0.003
8.719	0.0369	-0.003
8.72	0.0369	-0.008
8.721	0.0369	-0.014
8.722	0.0369	-0.018
8.723	0.0369	-0.016
8.724	0.0369	-0.013
8.725	0.0369	-0.004
8.726	0.0369	0.003
8.727	0.0369	0.007
8.728	0.0369	0.014
8.729	0.0369	0.018
8.73	0.0358	0.019
8.731	0.0338	0.019
8.732	0.0338	0.019
8.733	0.0338	0.017
8.734	0.0338	0.009
8.735	0.0338	0.001
8.736	0.0338	-0.004
8.737	0.0338	-0.005
8.738	0.0338	-0.003
8.739	0.0338	0.000
8.74	0.0338	0.003
8.741	0.0338	0.007
8.742	0.0338	0.013
8.743	0.0338	0.017
8.744	0.0338	0.022
8.745	0.0338	0.026
8.746	0.0338	0.029
8.747	0.0377	0.032
8.748	0.0456	0.031
8.749	0.0456	0.028
8.75	0.0456	0.021
8.751	0.0456	0.014
8.752	0.0456	0.007
8.753	0.0456	0.000
8.754	0.0456	-0.006
8.755	0.0456	-0.012
8.756	0.0456	-0.014
8.757	0.0456	-0.013
8.758	0.0456	-0.008
8.759	0.0456	-0.002
8.76	0.0456	0.004
8.761	0.0456	0.011
8.762	0.0456	0.017
8.763	0.0456	0.022
8.764	0.0433	0.025
8.765	0.0388	0.025
8.766	0.0388	0.019
8.767	0.0388	0.014
8.768	0.0388	0.008
8.769	0.0388	0.002
8.77	0.0388	-0.006
8.771	0.0388	-0.011
8.772	0.0388	-0.013
8.773	0.0388	-0.014
8.774	0.0388	-0.012
8.775	0.0388	-0.006
8.776	0.0388	-0.001
8.777	0.0388	0.007
8.778	0.0388	0.013
8.779	0.0388	0.017
8.78	0.0388	0.022
8.781	0.0534	0.025
8.782	0.0828	0.024
8.783	0.0828	0.013
8.784	0.0828	-0.001
8.785	0.0828	-0.015
8.786	0.0828	-0.031
8.787	0.0828	-0.042
8.788	0.0828	-0.051
8.789	0.0828	-0.056
8.79	0.0828	-0.058
8.791	0.0828	-0.056
8.792	0.0828	-0.049
8.793	0.0828	-0.040
8.794	0.0828	-0.032
8.795	0.0828	-0.022
8.796	0.0828	-0.015
8.797	0.0828	-0.009
8.798	0.0828	-0.005
8.799	0.0718	-0.003
8.8	0.0497	-0.005
8.801	0.0497	-0.008
8.802	0.0497	-0.012
8.803	0.0497	-0.016
8.804	0.0497	-0.018
8.805	0.0497	-0.020
8.806	0.0497	-0.021
8.807	0.0497	-0.018
8.808	0.0497	-0.012
8.809	0.0497	-0.004
8.81	0.0497	0.003
8.811	0.0497	0.012
8.812	0.0497	0.019
8.813	0.0497	0.025
8.814	0.0497	0.029
8.815	0.0480	0.030
8.816	0.0447	0.028
8.817	0.0447	0.024
8.818	0.0447	0.021
8.819	0.0447	0.015
8.82	0.0447	0.014
8.821	0.0447	0.013
8.822	0.0447	0.017
8.823	0.0447	0.021
8.824	0.0447	0.024
8.825	0.0447	0.033
8.826	0.0447	0.044
8.827	0.0447	0.052
8.828	0.0447	0.056
8.829	0.0447	0.058
8.83	0.0601	0.062
8.831	0.0909	0.062
8.832	0.0909	0.057
8.833	0.0909	0.043
8.834	0.0909	0.028
8.835	0.0909	0.013
8.836	0.0909	-0.003
8.837	0.0909	-0.015
8.838	0.0909	-0.023
8.839	0.0909	-0.028
8.84	0.0909	-0.029
8.841	0.0909	-0.026
8.842	0.0909	-0.020
8.843	0.0909	-0.014
8.844	0.0909	-0.008
8.845	0.0909	-0.003
8.846	0.0909	0.002
8.847	0.0909	0.005
8.848	0.0765	0.007
8.849	0.0475	0.005
8.85	0.0475	-0.000
8.851	0.0475	-0.005
8.852	0.0475	-0.013
8.853	0.0475	-0.018
8.854	0.0475	-0.021
8.855	0.0475	-0.025
8.856	0.0475	-0.026
8.857	0.0475	-0.025
8.858	0.0475	-0.021
8.859	0.0475	-0.013
8.86	0.0475	-0.005
8.861	0.0475	0.004
8.862	0.0475	0.012
8.863	0.0475	0.019
8.864	0.0475	0.022
8.865	0.0499	0.022
8.866	0.0547	0.020
8.867	0.0547	0.016
8.868	0.0547	0.010
8.869	0.0547	0.005
8.87	0.0547	0.000
8.871	0.0547	-0.003
8.872	0.0547	-0.004
8.873	0.0547	-0.002
8.874	0.0547	0.001
8.875	0.0547	0.009
8.876	0.0547	0.018
8.877	0.0547	0.029
8.878	0.0547	0.042
8.879	0.0547	0.051
8.88	0.0776	0.052
8.881	0.1234	0.044
8.882	0.1234	0.027
8.883	0.1234	0.007
8.884	0.1234	-0.011
8.885	0.1234	-0.026
8.886	0.1234	-0.043
8.887	0.1234	-0.056
8.888	0.1234	-0.067
8.889	0.1234	-0.071
8.89	0.1234	-0.068
8.891	0.1234	-0.061
8.892	0.1234	-0.048
8.893	0.1234	-0.035
8.894	0.1234	-0.021
8.895	0.1234	-0.006
8.896	0.1234	0.009
8.897	0.1234	0.021
8.898	0.1234	0.028
8.899	0.0946	0.032
8.9	0.0369	0.031
8.901	0.0369	0.028
8.902	0.0369	0.022
8.903	0.0369	0.018
8.904	0.0369	0.013
8.905	0.0369	0.008
8.906	0.0369	0.007
8.907	0.0369	0.006
8.908	0.0369	0.009
8.909	0.0369	0.016
8.91	0.0369	0.021
8.911	0.0369	0.028
8.912	0.0369	0.036
8.913	0.0369	0.041
8.914	0.0369	0.043
8.915	0.0396	0.043
8.916	0.0450	0.038
8.917	0.0450	0.031
8.918	0.0450	0.025
8.919	0.0450	0.017
8.92	0.0450	0.011
8.921	0.0450	0.005
8.922	0.0450	0.001
8.923	0.0450	-0.002
8.924	0.0450	-0.001
8.925	0.0450	0.004
8.926	0.0450	0.009
8.927	0.0450	0.014
8.928	0.0450	0.020
8.929	0.0450	0.025
8.93	0.0633	0.029
8.931	0.1000	0.029
8.932	0.1000	0.024
8.933	0.1000	0.016
8.934	0.1000	0.003
8.935	0.1000	-0.008
8.936	0.1000	-0.017
8.937	0.1000	-0.026
8.938	0.1000	-0.037
8.939	0.1000	-0.045
8.94	0.1000	-0.051
8.941	0.1000	-0.053
8.942	0.1000	-0.053
8.943	0.1000	-0.051
8.944	0.1000	-0.048
8.945	0.1000	-0.047
8.946	0.1000	-0.043
8.947	0.1000	-0.041
8.948	0.1000	-0.038
8.949	0.1000	-0.033
8.95	0.1000	-0.030
8.951	0.1000	-0.026
8.952	0.1000	-0.023
8.953	0.1000	-0.022
8.954	0.1000	-0.019
8.955	0.1000	-0.014
8.956	0.1000	-0.009
8.957	0.1000	-0.006
8.958	0.1000	0.004
8.959	0.1000	0.014
8.96	0.1000	0.024
8.961	0.1000	0.033
8.962	0.1000	0.040
8.963	0.1000	0.047
8.964	0.0776	0.051
8.965	0.0328	0.051
8.966	0.0328	0.049
8.967	0.0328	0.043
8.968	0.0328	0.038
8.969	0.0328	0.032
8.97	0.0328	0.027
8.971	0.0328	0.022
8.972	0.0328	0.018
8.973	0.0328	0.018
8.974	0.0328	0.019
8.975	0.0328	0.023
8.976	0.0328	0.028
8.977	0.0328	0.035
8.978	0.0328	0.042
8.979	0.0328	0.048
8.98	0.0516	0.053
8.981	0.0891	0.053
8.982	0.0891	0.048
8.983	0.0891	0.040
8.984	0.0891	0.028
8.985	0.0891	0.018
8.986	0.0891	0.005
8.987	0.0891	-0.008
8.988	0.0891	-0.020
8.989	0.0891	-0.027
8.99	0.0891	-0.032
8.991	0.0891	-0.036
8.992	0.0891	-0.036
8.993	0.0891	-0.036
8.994	0.0891	-0.033
8.995	0.0891	-0.030
8.996	0.0891	-0.025
8.997	0.0891	-0.022
8.998	0.0891	-0.021
8.999	0.0753	-0.020
9	0.0478	-0.022
9.001	0.0478	-0.026
9.002	0.0478	-0.031
9.003	0.0478	-0.033
9.004	0.0478	-0.034
9.005	0.0478	-0.038
9.006	0.0478	-0.037
9.007	0.0478	-0.036
9.008	0.0478	-0.032
9.009	0.0478	-0.023
9.01	0.0478	-0.015
9.011	0.0478	-0.007
9.012	0.0478	0.001
9.013	0.0478	0.007
9.014	0.0478	0.010
9.015	0.0516	0.012
9.016	0.0591	0.010
9.017	0.0591	0.006
9.018	0.0591	0.003
9.019	0.0591	-0.001
9.02	0.0591	-0.005
9.021	0.0591	-0.007
9.022	0.0591	-0.009
9.023	0.0591	-0.007
9.024	0.0591	-0.004
9.025	0.0591	0.005
9.026	0.0591	0.013
9.027	0.0591	0.023
9.028	0.0591	0.034
9.029	0.0591	0.041
9.03	0.0591	0.047
9.031	0.0591	0.050
9.032	0.0673	0.051
9.033	0.0837	0.047
9.034	0.0837	0.038
9.035	0.0837	0.025
9.036	0.0837	0.010
9.037	0.0837	-0.001
9.038	0.0837	-0.010
9.039	0.0837	-0.019
9.04	0.0837	-0.027
9.041	0.0837	-0.033
9.042	0.0837	-0.031
9.043	0.0837	-0.027
9.044	0.0837	-0.019
9.045	0.0837	-0.009
9.046	0.0837	0.001
9.047	0.0837	0.014
9.048	0.0837	0.021
9.049	0.0837	0.026
9.05	0.0656	0.027
9.051	0.0294	0.025
9.052	0.0294	0.022
9.053	0.0294	0.017
9.054	0.0294	0.011
9.055	0.0294	0.005
9.056	0.0294	0.001
9.057	0.0294	-0.002
9.058	0.0294	0.002
9.059	0.0294	0.006
9.06	0.0294	0.011
9.061	0.0294	0.017
9.062	0.0294	0.022
9.063	0.0294	0.027
9.064	0.0327	0.028
9.065	0.0394	0.027
9.066	0.0394	0.023
9.067	0.0394	0.016
9.068	0.0394	0.011
9.069	0.0394	0.003
9.07	0.0394	-0.003
9.071	0.0394	-0.009
9.072	0.0394	-0.012
9.073	0.0394	-0.012
9.074	0.0394	-0.009
9.075	0.0394	-0.002
9.076	0.0394	0.007
9.077	0.0394	0.015
9.078	0.0394	0.018
9.079	0.0394	0.019
9.08	0.0425	0.022
9.081	0.0487	0.019
9.082	0.0487	0.017
9.083	0.0487	0.011
9.084	0.0487	0.006
9.085	0.0487	0.001
9.086	0.0487	-0.007
9.087	0.0487	-0.014
9.088	0.0487	-0.021
9.089	0.0487	-0.025
9.09	0.0487	-0.027
9.091	0.0487	-0.026
9.092	0.0487	-0.021
9.093	0.0487	-0.018
9.094	0.0487	-0.015
9.095	0.0487	-0.013
9.096	0.0487	-0.011
9.097	0.0582	-0.011
9.098	0.0772	-0.013
9.099	0.0772	-0.016
9.1	0.0772	-0.024
9.101	0.0772	-0.029
9.102	0.0772	-0.036
9.103	0.0772	-0.042
9.104	0.0772	-0.045
9.105	0.0772	-0.050
9.106	0.0772	-0.050
9.107	0.0772	-0.047
9.108	0.0772	-0.039
9.109	0.0772	-0.028
9.11	0.0772	-0.016
9.111	0.0772	-0.003
9.112	0.0772	0.007
9.113	0.0772	0.018
9.114	0.0772	0.024
9.115	0.0772	0.027
9.116	0.0578	0.027
9.117	0.0191	0.025
9.118	0.0191	0.024
9.119	0.0191	0.024
9.12	0.0191	0.025
9.121	0.0191	0.027
9.122	0.0191	0.026
9.123	0.0191	0.025
9.124	0.0191	0.022
9.125	0.0191	0.024
9.126	0.0191	0.027
9.127	0.0191	0.031
9.128	0.0191	0.037
9.129	0.0191	0.041
9.13	0.0242	0.045
9.131	0.0344	0.045
9.132	0.0344	0.043
9.133	0.0344	0.037
9.134	0.0344	0.030
9.135	0.0344	0.026
9.136	0.0344	0.020
9.137	0.0344	0.015
9.138	0.0344	0.012
9.139	0.0344	0.010
9.14	0.0344	0.013
9.141	0.0344	0.017
9.142	0.0404	0.018
9.143	0.0525	0.014
9.144	0.0525	0.014
9.145	0.0525	0.013
9.146	0.0525	0.011
9.147	0.0525	0.010
9.148	0.0525	0.006
9.149	0.0525	0.001
9.15	0.0525	-0.005
9.151	0.0525	-0.013
9.152	0.0525	-0.018
9.153	0.0525	-0.025
9.154	0.0525	-0.030
9.155	0.0525	-0.033
9.156	0.0525	-0.035
9.157	0.0525	-0.033
9.158	0.0525	-0.027
9.159	0.0525	-0.021
9.16	0.0525	-0.014
9.161	0.0525	-0.007
9.162	0.0525	-0.001
9.163	0.0525	0.005
9.164	0.0525	0.008
9.165	0.0562	0.008
9.166	0.0637	0.005
9.167	0.0637	-0.001
9.168	0.0637	-0.006
9.169	0.0637	-0.012
9.17	0.0637	-0.017
9.171	0.0637	-0.022
9.172	0.0637	-0.028
9.173	0.0637	-0.028
9.174	0.0637	-0.027
9.175	0.0637	-0.019
9.176	0.0637	-0.011
9.177	0.0637	0.002
9.178	0.0637	0.013
9.179	0.0637	0.024
9.18	0.0637	0.032
9.181	0.0637	0.036
9.182	0.0616	0.037
9.183	0.0572	0.030
9.184	0.0572	0.021
9.185	0.0572	0.009
9.186	0.0572	-0.003
9.187	0.0572	-0.012
9.188	0.0572	-0.019
9.189	0.0572	-0.021
9.19	0.0572	-0.019
9.191	0.0572	-0.019
9.192	0.0572	-0.020
9.193	0.0572	-0.018
9.194	0.0572	-0.013
9.195	0.0572	-0.008
9.196	0.0572	-0.002
9.197	0.0572	0.004
9.198	0.0572	0.007
9.199	0.0470	0.009
9.2	0.0266	0.007
9.201	0.0266	0.006
9.202	0.0266	0.005
9.203	0.0266	0.002
9.204	0.0266	-0.002
9.205	0.0266	-0.003
9.206	0.0266	-0.003
9.207	0.0266	-0.001
9.208	0.0266	0.003
9.209	0.0266	0.009
9.21	0.0266	0.015
9.211	0.0266	0.021
9.212	0.0266	0.023
9.213	0.0317	0.027
9.214	0.0419	0.027
9.215	0.0419	0.025
9.216	0.0419	0.023
9.217	0.0419	0.018
9.218	0.0419	0.014
9.219	0.0419	0.007
9.22	0.0419	-0.000
9.221	0.0419	-0.009
9.222	0.0419	-0.014
9.223	0.0419	-0.015
9.224	0.0419	-0.014
9.225	0.0419	-0.010
9.226	0.0419	-0.005
9.227	0.0419	0.000
9.228	0.0419	0.006
9.229	0.0419	0.013
9.23	0.0419	0.013
9.231	0.0419	0.017
9.232	0.0411	0.023
9.233	0.0397	0.020
9.234	0.0397	0.012
9.235	0.0397	0.002
9.236	0.0397	-0.007
9.237	0.0397	-0.012
9.238	0.0397	-0.014
9.239	0.0397	-0.013
9.24	0.0397	-0.013
9.241	0.0397	-0.016
9.242	0.0397	-0.017
9.243	0.0397	-0.017
9.244	0.0397	-0.014
9.245	0.0397	-0.013
9.246	0.0397	-0.012
9.247	0.0397	-0.011
9.248	0.0424	-0.011
9.249	0.0478	-0.013
9.25	0.0478	-0.019
9.251	0.0478	-0.025
9.252	0.0478	-0.030
9.253	0.0478	-0.034
9.254	0.0478	-0.037
9.255	0.0478	-0.039
9.256	0.0478	-0.039
9.257	0.0478	-0.037
9.258	0.0478	-0.033
9.259	0.0478	-0.028
9.26	0.0478	-0.022
9.261	0.0478	-0.013
9.262	0.0478	-0.005
9.263	0.0478	0.002
9.264	0.0478	0.007
9.265	0.0478	0.008
9.266	0.0493	0.011
9.267	0.0522	0.010
9.268	0.0522	0.009
9.269	0.0522	0.008
9.27	0.0522	0.007
9.271	0.0522	0.005
9.272	0.0522	0.005
9.273	0.0522	0.007
9.274	0.0522	0.010
9.275	0.0522	0.021
9.276	0.0522	0.030
9.277	0.0522	0.042
9.278	0.0522	0.052
9.279	0.0522	0.057
9.28	0.0509	0.062
9.281	0.0484	0.062
9.282	0.0484	0.060
9.283	0.0484	0.054
9.284	0.0484	0.046
9.285	0.0484	0.038
9.286	0.0484	0.028
9.287	0.0484	0.023
9.288	0.0484	0.018
9.289	0.0484	0.014
9.29	0.0484	0.014
9.291	0.0484	0.018
9.292	0.0484	0.025
9.293	0.0484	0.030
9.294	0.0484	0.037
9.295	0.0484	0.041
9.296	0.0484	0.045
9.297	0.0610	0.047
9.298	0.0863	0.046
9.299	0.0863	0.041
9.3	0.0863	0.031
9.301	0.0863	0.020
9.302	0.0863	0.008
9.303	0.0863	-0.005
9.304	0.0863	-0.016
9.305	0.0863	-0.027
9.306	0.0863	-0.035
9.307	0.0863	-0.039
9.308	0.0863	-0.039
9.309	0.0863	-0.036
9.31	0.0863	-0.034
9.311	0.0863	-0.030
9.312	0.0863	-0.025
9.313	0.0863	-0.020
9.314	0.0863	-0.017
9.315	0.1657	-0.014
9.316	0.3247	-0.015
9.317	0.3247	-0.020
9.318	0.3247	-0.024
9.319	0.3247	-0.029
9.32	0.3247	-0.030
9.321	0.3247	-0.031
9.322	0.3247	-0.033
9.323	0.3247	-0.033
9.324	0.3247	-0.030
9.325	0.3247	-0.026
9.326	0.3247	-0.022
9.327	0.3247	-0.010
9.328	0.3247	0.054
9.329	0.3247	0.142
9.33	0.3247	0.238
9.331	0.3247	0.292
9.332	0.4727	0.303
9.333	0.7688	0.265
9.334	0.7688	0.168
9.335	0.7688	0.054
9.336	0.7688	-0.090
9.337	0.7688	-0.221
9.338	0.7688	-0.333
9.339	0.7688	-0.406
9.34	0.7688	-0.423
9.341	0.7688	-0.397
9.342	0.7688	-0.303
9.343	0.7688	-0.181
9.344	0.7688	-0.032
9.345	0.7688	0.121
9.346	0.7688	0.248
9.347	0.7688	0.346
9.348	0.7791	0.383
9.349	0.7997	0.376
9.35	0.7997	0.301
9.351	0.7997	0.187
9.352	0.7997	0.051
9.353	0.7997	-0.106
9.354	0.7997	-0.238
9.355	0.7997	-0.349
9.356	0.7997	-0.408
9.357	0.7997	-0.417
9.358	0.7997	-0.374
9.359	0.7997	-0.271
9.36	0.7997	-0.145
9.361	0.7997	0.011
9.362	0.7997	0.154
9.363	0.7997	0.277
9.364	0.7997	0.361
9.365	0.7767	0.390
9.366	0.7306	0.376
9.367	0.7306	0.293
9.368	0.7306	0.186
9.369	0.7306	0.050
9.37	0.7306	-0.091
9.371	0.7306	-0.208
9.372	0.7306	-0.301
9.373	0.7306	-0.340
9.374	0.7306	-0.338
9.375	0.7306	-0.273
9.376	0.7306	-0.168
9.377	0.7306	-0.044
9.378	0.7306	0.101
9.379	0.7306	0.223
9.38	0.7306	0.328
9.381	0.7306	0.384
9.382	0.7442	0.392
9.383	0.7713	0.349
9.384	0.7713	0.248
9.385	0.7713	0.128
9.386	0.7713	-0.022
9.387	0.7713	-0.159
9.388	0.7713	-0.276
9.389	0.7713	-0.355
9.39	0.7713	-0.380
9.391	0.7713	-0.360
9.392	0.7713	-0.273
9.393	0.7713	-0.159
9.394	0.7713	-0.015
9.395	0.7713	0.133
9.396	0.7713	0.256
9.397	0.7713	0.352
9.398	0.7747	0.391
9.399	0.7816	0.388
9.4	0.7816	0.320
9.401	0.7816	0.211
9.402	0.7816	0.078
9.403	0.7816	-0.076
9.404	0.7816	-0.208
9.405	0.7816	-0.319
9.406	0.7816	-0.379
9.407	0.7816	-0.391
9.408	0.7816	-0.349
9.409	0.7816	-0.248
9.41	0.7816	-0.129
9.411	0.7816	0.020
9.412	0.7816	0.156
9.413	0.7816	0.271
9.414	0.7816	0.347
9.415	0.7833	0.368
9.416	0.7869	0.346
9.417	0.7869	0.254
9.418	0.7869	0.137
9.419	0.7869	-0.007
9.42	0.7869	-0.156
9.421	0.7869	-0.281
9.422	0.7869	-0.378
9.423	0.7869	-0.419
9.424	0.7869	-0.417
9.425	0.7869	-0.349
9.426	0.7869	-0.239
9.427	0.7869	-0.108
9.428	0.7869	0.045
9.429	0.7869	0.173
9.43	0.7869	0.283
9.431	0.7869	0.344
9.432	0.6704	0.354
9.433	0.4375	0.313
9.434	0.4375	0.216
9.435	0.4375	0.101
9.436	0.4375	-0.011
9.437	0.4375	-0.063
9.438	0.4375	-0.080
9.439	0.4375	-0.084
9.44	0.4375	-0.079
9.441	0.4375	-0.072
9.442	0.4375	-0.061
9.443	0.4375	-0.048
9.444	0.4375	-0.032
9.445	0.4375	-0.017
9.446	0.4375	-0.003
9.447	0.4375	0.010
9.448	0.4375	0.016
9.449	0.3078	0.018
9.45	0.0484	0.013
9.451	0.0484	0.009
9.452	0.0484	0.005
9.453	0.0484	0.004
9.454	0.0484	0.003
9.455	0.0484	0.003
9.456	0.0484	0.008
9.457	0.0484	0.012
9.458	0.0484	0.018
9.459	0.0484	0.025
9.46	0.0484	0.033
9.461	0.0484	0.042
9.462	0.0484	0.048
9.463	0.0484	0.052
9.464	0.0598	0.052
9.465	0.0825	0.050
9.466	0.0825	0.041
9.467	0.0825	0.027
9.468	0.0825	0.015
9.469	0.0825	0.003
9.47	0.0825	-0.007
9.471	0.0825	-0.017
9.472	0.0825	-0.024
9.473	0.0825	-0.028
9.474	0.0825	-0.030
9.475	0.0825	-0.028
9.476	0.0825	-0.025
9.477	0.0825	-0.020
9.478	0.0825	-0.014
9.479	0.0825	-0.011
9.48	0.0825	-0.006
9.481	0.0825	-0.005
9.482	0.0697	-0.004
9.483	0.0441	-0.007
9.484	0.0441	-0.011
9.485	0.0441	-0.016
9.486	0.0441	-0.022
9.487	0.0441	-0.026
9.488	0.0441	-0.030
9.489	0.0441	-0.034
9.49	0.0441	-0.036
9.491	0.0441	-0.034
9.492	0.0441	-0.028
9.493	0.0441	-0.023
9.494	0.0441	-0.014
9.495	0.0441	-0.004
9.496	0.0441	0.003
9.497	0.0441	0.008
9.498	0.0452	0.012
9.499	0.0475	0.010
9.5	0.0475	0.005
9.501	0.0475	0.000
9.502	0.0475	-0.004
9.503	0.0475	-0.011
9.504	0.0475	-0.017
9.505	0.0475	-0.023
9.506	0.0475	-0.025
9.507	0.0475	-0.024
9.508	0.0475	-0.022
9.509	0.0475	-0.016
9.51	0.0475	-0.009
9.511	0.0475	0.002
9.512	0.0475	0.008
9.513	0.0475	0.015
9.514	0.0475	0.020
9.515	0.0475	0.022
9.516	0.0521	0.023
9.517	0.0612	0.021
9.518	0.0612	0.016
9.519	0.0612	0.007
9.52	0.0612	-0.005
9.521	0.0612	-0.018
9.522	0.0612	-0.029
9.523	0.0612	-0.036
9.524	0.0612	-0.038
9.525	0.0612	-0.033
9.526	0.0612	-0.027
9.527	0.0612	-0.020
9.528	0.0612	-0.010
9.529	0.0612	-0.002
9.53	0.0612	0.006
9.531	0.0612	0.010
9.532	0.0623	0.011
9.533	0.0644	0.007
9.534	0.0644	-0.002
9.535	0.0644	-0.012
9.536	0.0644	-0.022
9.537	0.0644	-0.032
9.538	0.0644	-0.041
9.539	0.0644	-0.047
9.54	0.0644	-0.048
9.541	0.0644	-0.045
9.542	0.0644	-0.035
9.543	0.0644	-0.025
9.544	0.0644	-0.012
9.545	0.0644	0.001
9.546	0.0644	0.009
9.547	0.0644	0.016
9.548	0.0628	0.019
9.549	0.0597	0.018
9.55	0.0597	0.015
9.551	0.0597	0.009
9.552	0.0597	0.003
9.553	0.0597	0.001
9.554	0.0597	0.000
9.555	0.0597	0.000
9.556	0.0597	0.004
9.557	0.0597	0.009
9.558	0.0597	0.019
9.559	0.0597	0.031
9.56	0.0597	0.040
9.561	0.0597	0.046
9.562	0.0597	0.051
9.563	0.0597	0.056
9.564	0.0597	0.060
9.565	0.0659	0.062
9.566	0.0784	0.058
9.567	0.0784	0.046
9.568	0.0784	0.034
9.569	0.0784	0.022
9.57	0.0784	0.009
9.571	0.0784	-0.002
9.572	0.0784	-0.011
9.573	0.0784	-0.016
9.574	0.0784	-0.017
9.575	0.0784	-0.011
9.576	0.0784	-0.005
9.577	0.0784	0.003
9.578	0.0784	0.012
9.579	0.0784	0.017
9.58	0.0784	0.021
9.581	0.0670	0.021
9.582	0.0441	0.020
9.583	0.0441	0.015
9.584	0.0441	0.009
9.585	0.0441	0.001
9.586	0.0441	-0.009
9.587	0.0441	-0.014
9.588	0.0441	-0.020
9.589	0.0441	-0.023
9.59	0.0441	-0.022
9.591	0.0441	-0.018
9.592	0.0441	-0.013
9.593	0.0441	-0.007
9.594	0.0441	0.000
9.595	0.0441	0.006
9.596	0.0441	0.013
9.597	0.0441	0.016
9.598	0.0439	0.017
9.599	0.0434	0.014
9.6	0.0434	0.007
9.601	0.0434	-0.000
9.602	0.0434	-0.006
9.603	0.0434	-0.014
9.604	0.0434	-0.021
9.605	0.0434	-0.024
9.606	0.0434	-0.025
9.607	0.0434	-0.023
9.608	0.0434	-0.017
9.609	0.0434	-0.009
9.61	0.0434	-0.002
9.611	0.0434	0.008
9.612	0.0434	0.013
9.613	0.0434	0.016
9.614	0.0434	0.019
9.615	0.0533	0.019
9.616	0.0731	0.017
9.617	0.0731	0.011
9.618	0.0731	0.006
9.619	0.0731	-0.001
9.62	0.0731	-0.006
9.621	0.0731	-0.014
9.622	0.0731	-0.027
9.623	0.0731	-0.043
9.624	0.0731	-0.052
9.625	0.0731	-0.054
9.626	0.0731	-0.050
9.627	0.0731	-0.043
9.628	0.0731	-0.032
9.629	0.0731	-0.022
9.63	0.0731	-0.012
9.631	0.0731	-0.005
9.632	0.0731	-0.001
9.633	0.0731	0.001
9.634	0.0731	0.001
9.635	0.0646	0.001
9.636	0.0475	-0.000
9.637	0.0475	-0.002
9.638	0.0475	-0.004
9.639	0.0475	-0.003
9.64	0.0475	-0.002
9.641	0.0475	0.003
9.642	0.0475	0.010
9.643	0.0475	0.018
9.644	0.0475	0.028
9.645	0.0475	0.037
9.646	0.0475	0.043
9.647	0.0426	0.047
9.648	0.0328	0.047
9.649	0.0328	0.044
9.65	0.0328	0.040
9.651	0.0328	0.035
9.652	0.0328	0.031
9.653	0.0328	0.026
9.654	0.0328	0.022
9.655	0.0328	0.018
9.656	0.0328	0.015
9.657	0.0328	0.014
9.658	0.0328	0.016
9.659	0.0328	0.017
9.66	0.0328	0.019
9.661	0.0328	0.023
9.662	0.0328	0.024
9.663	0.0341	0.027
9.664	0.0366	0.026
9.665	0.0366	0.022
9.666	0.0366	0.020
9.667	0.0366	0.015
9.668	0.0366	0.009
9.669	0.0366	0.004
9.67	0.0366	-0.002
9.671	0.0366	-0.007
9.672	0.0366	-0.008
9.673	0.0366	-0.009
9.674	0.0366	-0.009
9.675	0.0366	-0.008
9.676	0.0366	-0.004
9.677	0.0366	-0.002
9.678	0.0366	0.002
9.679	0.0366	0.005
9.68	0.0397	0.006
9.681	0.0459	0.004
9.682	0.0459	0.002
9.683	0.0459	-0.004
9.684	0.0459	-0.009
9.685	0.0459	-0.015
9.686	0.0459	-0.023
9.687	0.0459	-0.028
9.688	0.0459	-0.034
9.689	0.0459	-0.039
9.69	0.0459	-0.040
9.691	0.0459	-0.037
9.692	0.0459	-0.033
9.693	0.0459	-0.027
9.694	0.0459	-0.020
9.695	0.0459	-0.014
9.696	0.0459	-0.008
9.697	0.0459	-0.003
9.698	0.0519	-0.002
9.699	0.0637	-0.003
9.7	0.0637	-0.009
9.701	0.0637	-0.017
9.702	0.0637	-0.024
9.703	0.0637	-0.030
9.704	0.0637	-0.034
9.705	0.0637	-0.037
9.706	0.0637	-0.036
9.707	0.0637	-0.034
9.708	0.0637	-0.028
9.709	0.0637	-0.020
9.71	0.0637	-0.010
9.711	0.0637	0.001
9.712	0.0637	0.011
9.713	0.0637	0.021
9.714	0.0637	0.027
9.715	0.0639	0.028
9.716	0.0641	0.025
9.717	0.0641	0.020
9.718	0.0641	0.015
9.719	0.0641	0.009
9.72	0.0641	0.005
9.721	0.0641	0.002
9.722	0.0641	0.001
9.723	0.0641	0.000
9.724	0.0641	0.002
9.725	0.0641	0.008
9.726	0.0641	0.016
9.727	0.0641	0.029
9.728	0.0641	0.043
9.729	0.0641	0.054
9.73	0.0641	0.064
9.731	0.0701	0.066
9.732	0.0822	0.058
9.733	0.0822	0.048
9.734	0.0822	0.035
9.735	0.0822	0.022
9.736	0.0822	0.011
9.737	0.0822	0.001
9.738	0.0822	-0.009
9.739	0.0822	-0.014
9.74	0.0822	-0.017
9.741	0.0822	-0.016
9.742	0.0822	-0.011
9.743	0.0822	-0.007
9.744	0.0822	-0.002
9.745	0.0822	0.005
9.746	0.0822	0.010
9.747	0.0822	0.013
9.748	0.0687	0.014
9.749	0.0419	0.013
9.75	0.0419	0.007
9.751	0.0419	0.001
9.752	0.0419	-0.005
9.753	0.0419	-0.013
9.754	0.0419	-0.020
9.755	0.0419	-0.026
9.756	0.0419	-0.027
9.757	0.0419	-0.028
9.758	0.0419	-0.024
9.759	0.0419	-0.020
9.76	0.0419	-0.016
9.761	0.0419	-0.008
9.762	0.0419	-0.004
9.763	0.0419	0.001
9.764	0.0419	0.004
9.765	0.0480	0.005
9.766	0.0603	0.004
9.767	0.0603	-0.001
9.768	0.0603	-0.007
9.769	0.0603	-0.013
9.77	0.0603	-0.017
9.771	0.0603	-0.023
9.772	0.0603	-0.028
9.773	0.0603	-0.029
9.774	0.0603	-0.028
9.775	0.0603	-0.024
9.776	0.0603	-0.018
9.777	0.0603	-0.010
9.778	0.0603	-0.003
9.779	0.0603	0.007
9.78	0.0603	0.018
9.781	0.0603	0.025
9.782	0.0603	0.031
9.783	0.0578	0.032
9.784	0.0528	0.027
9.785	0.0528	0.020
9.786	0.0528	0.008
9.787	0.0528	-0.003
9.788	0.0528	-0.011
9.789	0.0528	-0.017
9.79	0.0528	-0.021
9.791	0.0528	-0.021
9.792	0.0528	-0.018
9.793	0.0528	-0.014
9.794	0.0528	-0.008
9.795	0.0528	-0.004
9.796	0.0528	-0.000
9.797	0.0528	0.005
9.798	0.0528	0.007
9.799	0.0451	0.010
9.8	0.0297	0.010
9.801	0.0297	0.009
9.802	0.0297	0.006
9.803	0.0297	0.003
9.804	0.0297	0.004
9.805	0.0297	0.003
9.806	0.0297	0.003
9.807	0.0297	0.004
9.808	0.0297	0.007
9.809	0.0297	0.012
9.81	0.0297	0.018
9.811	0.0297	0.024
9.812	0.0297	0.028
9.813	0.0297	0.032
9.814	0.0338	0.033
9.815	0.0419	0.031
9.816	0.0419	0.028
9.817	0.0419	0.021
9.818	0.0419	0.014
9.819	0.0419	0.008
9.82	0.0419	0.002
9.821	0.0419	-0.003
9.822	0.0419	-0.007
9.823	0.0419	-0.009
9.824	0.0419	-0.009
9.825	0.0419	-0.003
9.826	0.0419	0.003
9.827	0.0419	0.009
9.828	0.0419	0.016
9.829	0.0419	0.021
9.83	0.0419	0.026
9.831	0.0419	0.030
9.832	0.0489	0.032
9.833	0.0628	0.031
9.834	0.0628	0.028
9.835	0.0628	0.023
9.836	0.0628	0.014
9.837	0.0628	0.002
9.838	0.0628	-0.012
9.839	0.0628	-0.023
9.84	0.0628	-0.029
9.841	0.0628	-0.031
9.842	0.0628	-0.029
9.843	0.0628	-0.025
9.844	0.0628	-0.018
9.845	0.0628	-0.012
9.846	0.0628	-0.004
9.847	0.0648	-0.001
9.848	0.0687	-0.001
9.849	0.0687	-0.003
9.85	0.0687	-0.010
9.851	0.0687	-0.018
9.852	0.0687	-0.027
9.853	0.0687	-0.036
9.854	0.0687	-0.042
9.855	0.0687	-0.049
9.856	0.0687	-0.052
9.857	0.0687	-0.053
9.858	0.0687	-0.048
9.859	0.0687	-0.036
9.86	0.0687	-0.024
9.861	0.0687	-0.012
9.862	0.0687	-0.002
9.863	0.0687	0.007
9.864	0.0687	0.013
9.865	0.0687	0.016
9.866	0.0641	0.016
9.867	0.0547	0.014
9.868	0.0547	0.014
9.869	0.0547	0.011
9.87	0.0547	0.007
9.871	0.0547	0.005
9.872	0.0547	0.003
9.873	0.0547	0.005
9.874	0.0547	0.011
9.875	0.0547	0.021
9.876	0.0547	0.029
9.877	0.0547	0.037
9.878	0.0547	0.045
9.879	0.0547	0.050
9.88	0.0547	0.054
9.881	0.0547	0.055
9.882	0.0547	0.057
9.883	0.0533	0.061
9.884	0.0506	0.055
9.885	0.0506	0.046
9.886	0.0506	0.036
9.887	0.0506	0.028
9.888	0.0506	0.018
9.889	0.0506	0.013
9.89	0.0506	0.010
9.891	0.0506	0.010
9.892	0.0506	0.015
9.893	0.0506	0.019
9.894	0.0506	0.024
9.895	0.0506	0.029
9.896	0.0506	0.034
9.897	0.0506	0.035
9.898	0.0464	0.037
9.899	0.0378	0.035
9.9	0.0378	0.029
9.901	0.0378	0.025
9.902	0.0378	0.019
9.903	0.0378	0.012
9.904	0.0378	0.007
9.905	0.0378	0.002
9.906	0.0378	-0.000
9.907	0.0378	-0.001
9.908	0.0378	0.001
9.909	0.0378	0.005
9.91	0.0378	0.010
9.911	0.0378	0.017
9.912	0.0378	0.022
9.913	0.0378	0.029
9.914	0.0374	0.033
9.915	0.0366	0.033
9.916	0.0366	0.032
9.917	0.0366	0.025
9.918	0.0366	0.020
9.919	0.0366	0.013
9.92	0.0366	0.007
9.921	0.0366	0.001
9.922	0.0366	-0.003
9.923	0.0366	-0.003
9.924	0.0366	-0.003
9.925	0.0366	0.001
9.926	0.0366	0.005
9.927	0.0366	0.011
9.928	0.0366	0.017
9.929	0.0366	0.022
9.93	0.0366	0.026
9.931	0.0374	0.027
9.932	0.0391	0.027
9.933	0.0391	0.022
9.934	0.0391	0.017
9.935	0.0391	0.011
9.936	0.0391	0.003
9.937	0.0391	-0.003
9.938	0.0391	-0.007
9.939	0.0391	-0.011
9.94	0.0391	-0.012
9.941	0.0391	-0.009
9.942	0.0391	-0.004
9.943	0.0391	0.002
9.944	0.0391	0.008
9.945	0.0391	0.013
9.946	0.0391	0.018
9.947	0.0391	0.022
9.948	0.0388	0.022
9.949	0.0381	0.021
9.95	0.0381	0.016
9.951	0.0381	0.010
9.952	0.0381	0.005
9.953	0.0381	-0.003
9.954	0.0381	-0.008
9.955	0.0381	-0.014
9.956	0.0381	-0.016
9.957	0.0381	-0.015
9.958	0.0381	-0.013
9.959	0.0381	-0.008
9.96	0.0381	-0.002
9.961	0.0381	0.003
9.962	0.0381	0.012
9.963	0.0381	0.017
9.964	0.0376	0.019
9.965	0.0366	0.019
9.966	0.0366	0.018
9.967	0.0366	0.010
9.968	0.0366	0.006
9.969	0.0366	-0.001
9.97	0.0366	-0.007
9.971	0.0366	-0.012
9.972	0.0366	-0.015
9.973	0.0366	-0.017
9.974	0.0366	-0.016
9.975	0.0366	-0.012
9.976	0.0366	-0.006
9.977	0.0366	0.001
9.978	0.0366	0.008
9.979	0.0366	0.013
9.98	0.0366	0.018
9.981	0.0371	0.020
9.982	0.0381	0.019
9.983	0.0381	0.014
9.984	0.0381	0.009
9.985	0.0381	0.002
9.986	0.0381	-0.005
9.987	0.0381	-0.010
9.988	0.0381	-0.015
9.989	0.0381	-0.018
9.99	0.0381	-0.018
9.991	0.0381	-0.017
9.992	0.0381	-0.011
9.993	0.0381	-0.004
9.994	0.0381	0.003
9.995	0.0381	0.009
9.996	0.0381	0.015
9.997	0.0381	0.020
9.998	0.0476	0.020
9.999	0.0666	0.018
10	0.0666	0.014
