Time,Channel 1,Channel 2,Channel 3
0,72.19,NaN,-0.082
0.001,72.19,NaN,0.011
0.002,94.06,NaN,0.063
0.003,89.22,NaN,0.199
0.004,8.91,0.0247,0.241
0.005,20.78,0.0247,0.217
0.006,11.25,0.2195,0.283
0.007,-68.91,0.6091,0.239
0.008,-70.63,0.6091,0.145
0.009,-88.91,0.6091,0.098
0.01,-132.66,0.6091,-0.033
0.011,-83.28,0.6091,-0.168
0.012,-52.19,0.6091,-0.199
0.013,-63.44,0.6091,-0.272
0.014,19.37,0.6091,-0.326
0.015,95.78,0.6091,-0.233
0.016,72.50,0.6091,-0.135
0.017,85.00,0.6091,-0.088
0.018,121.56,0.6091,0.035
0.019,67.97,0.6091,0.155
0.02,41.72,0.6091,0.171
0.021,63.91,0.6091,0.238
0.022,5.94,0.6097,0.299
0.023,-49.22,0.6109,0.250
0.024,-22.34,0.6109,0.201
0.025,-92.50,0.6109,0.206
0.026,-146.87,0.6109,0.016
0.027,-70.47,0.6109,-0.088
0.028,-69.22,0.6109,-0.125
0.029,-93.28,0.6109,-0.227
0.03,-7.50,0.6109,-0.312
0.031,43.12,0.6109,-0.242
0.032,25.78,0.6109,-0.226
0.033,104.84,0.6109,-0.190
0.034,133.28,0.6109,-0.016
0.035,52.50,0.6109,0.077
0.036,87.03,0.6109,0.089
0.037,90.94,0.6109,0.251
0.038,-10.00,0.4207,0.271
0.039,-2.34,0.0403,0.231
0.04,-5.47,0.2119,0.266
0.041,-100.63,0.5550,0.220
0.042,-107.34,0.5550,0.065
0.043,-76.09,0.5550,0.005
0.044,-120.62,0.5550,-0.087
0.045,-79.06,0.5550,-0.236
0.046,-6.72,0.5550,-0.245
0.047,-21.72,0.5550,-0.250
0.048,20.31,0.5550,-0.289
0.049,92.19,0.5550,-0.209
0.05,90.16,0.5550,-0.104
0.051,90.62,0.5550,-0.029
0.052,105.94,0.5550,0.077
0.053,62.66,0.5550,0.183
0.054,24.84,0.5550,0.202
0.055,42.34,0.5550,0.233
0.056,-7.66,0.5810,0.287
0.057,-69.69,0.6331,0.218
0.058,-56.87,0.6331,0.147
0.059,-106.56,0.6331,0.104
0.06,-136.56,0.6331,-0.066
0.061,-59.22,0.6331,-0.169
0.062,-51.25,0.6331,-0.184
0.063,-81.09,0.6331,-0.272
0.064,8.91,0.6331,-0.346
0.065,81.72,0.6331,-0.254
0.066,61.72,0.6331,-0.183
0.067,113.28,0.6331,-0.131
0.068,121.87,0.6331,0.044
0.069,50.47,0.6331,0.113
0.07,76.09,0.6331,0.145
0.071,69.22,0.6331,0.265
0.072,-24.22,0.4442,0.283
0.073,-17.19,0.0663,0.217
0.074,-24.84,0.2341,0.249
0.075,-139.22,0.5697,0.167
0.076,-124.22,0.5697,-0.030
0.077,-64.06,0.5697,-0.081
0.078,-117.50,0.5697,-0.158
0.079,-77.19,0.5697,-0.316
0.08,35.94,0.5697,-0.312
0.081,42.50,0.5697,-0.244
0.082,36.72,0.5697,-0.227
0.083,102.34,0.5697,-0.171
0.084,107.19,0.5697,-0.022
0.085,69.53,0.5697,0.043
0.086,105.00,0.5697,0.117
0.087,66.72,0.5697,0.253
0.088,-4.37,0.5697,0.250
0.089,14.22,0.5697,0.245
0.09,-26.87,0.5720,0.278
0.091,-103.75,0.5766,0.191
0.092,-87.03,0.5766,0.071
0.093,-84.53,0.5766,0.017
0.094,-126.88,0.5766,-0.098
0.095,-67.81,0.5766,-0.237
0.096,-20.00,0.5766,-0.234
0.097,-32.19,0.5766,-0.277
0.098,54.37,0.5766,-0.298
0.099,98.12,0.5766,-0.168
0.1,65.16,0.5766,-0.102
0.101,108.28,0.5766,-0.038
0.102,115.94,0.5766,0.115
0.103,38.28,0.5766,0.194
0.104,23.59,0.5766,0.191
0.105,37.50,0.5766,0.241
0.106,-17.19,0.5788,0.266
0.107,-48.75,0.5831,0.207
0.108,-58.91,0.5831,0.169
0.109,-122.66,0.5831,0.089
0.11,-124.69,0.5831,-0.077
0.111,-62.81,0.5831,-0.160
0.112,-78.28,0.5831,-0.202
0.113,-56.72,0.5831,-0.317
0.114,51.72,0.5831,-0.316
0.115,69.69,0.5831,-0.213
0.116,58.59,0.5831,-0.176
0.117,124.38,0.5831,-0.096
0.118,98.28,0.5831,0.072
0.119,30.16,0.5831,0.100
0.12,85.78,0.5831,0.133
0.121,62.03,0.4031,0.272
0.122,-21.56,0.0431,0.257
0.123,0.94,0.0431,0.229
0.124,-40.00,0.2133,0.259
0.125,-135.31,0.5537,0.149
0.126,-112.50,0.5537,-0.012
0.127,-80.00,0.5537,-0.076
0.128,-109.37,0.5537,-0.172
0.129,-51.72,0.5537,-0.295
0.13,12.81,0.5537,-0.275
0.131,0.31,0.5537,-0.269
0.132,55.47,0.5537,-0.275
0.133,118.75,0.5537,-0.158
0.134,90.47,0.5537,-0.037
0.135,88.44,0.5537,0.022
0.136,112.50,0.5537,0.140
0.137,45.47,0.3748,0.248
0.138,11.72,0.0169,0.231
0.139,19.22,0.2059,0.271
0.14,-50.78,0.5841,0.269
0.141,-96.09,0.5841,0.169
0.142,-88.75,0.5841,0.077
0.143,-114.06,0.5841,-0.008
0.144,-110.00,0.5841,-0.151
0.145,-49.84,0.5841,-0.228
0.146,-37.50,0.5841,-0.251
0.147,-31.09,0.5841,-0.303
0.148,61.56,0.5841,-0.313
0.149,88.75,0.5841,-0.180
0.15,58.75,0.5841,-0.136
0.151,129.22,0.5841,-0.063
0.152,132.34,0.5841,0.123
0.153,54.22,0.5841,0.202
0.154,48.28,0.5841,0.231
0.155,20.00,0.4240,0.299
0.156,-51.88,0.1038,0.271
0.157,-32.50,0.1038,0.195
0.158,-54.53,0.2434,0.206
0.159,-128.44,0.5228,0.086
0.16,-91.72,0.5228,-0.051
0.161,-75.00,0.5228,-0.098
0.162,-109.53,0.5228,-0.201
0.163,-42.03,0.5228,-0.317
0.164,49.06,0.5228,-0.285
0.165,48.75,0.5228,-0.218
0.166,78.12,0.5228,-0.187
0.167,106.41,0.5228,-0.062
0.168,67.34,0.5228,0.026
0.169,73.91,0.5228,0.072
0.17,92.50,0.5228,0.173
0.171,36.25,0.3628,0.258
0.172,-21.41,0.0428,0.246
0.173,4.53,0.0428,0.215
0.174,-41.41,0.2080,0.255
0.175,-127.34,0.5384,0.132
0.176,-95.00,0.5384,0.000
0.177,-91.88,0.5384,-0.058
0.178,-112.66,0.5384,-0.183
0.179,-28.75,0.5384,-0.283
0.18,9.84,0.5046,-0.241
0.181,-7.19,0.4369,-0.264
0.182,76.25,0.4369,-0.255
0.183,103.44,0.4369,-0.111
0.184,60.31,0.4369,-0.048
0.185,110.78,0.4369,0.009
0.186,103.44,0.4369,0.173
0.187,13.75,0.3220,0.216
0.188,38.28,0.0922,0.201
0.189,46.87,0.0922,0.293
0.19,-62.81,0.2651,0.294
0.191,-84.84,0.6109,0.167
0.192,-77.81,0.6109,0.125
0.193,-129.53,0.6109,0.012
0.194,-105.78,0.6109,-0.134
0.195,-50.31,0.6109,-0.200
0.196,-58.28,0.6109,-0.235
0.197,-20.16,0.6109,-0.317
0.198,77.50,0.6109,-0.275
0.199,63.44,0.6109,-0.162
0.2,74.84,0.6109,-0.148
0.201,143.59,0.6109,-0.012
0.202,77.66,0.6109,0.139
0.203,33.59,0.6109,0.143
0.204,73.13,0.6109,0.206
0.205,22.66,0.4327,0.290
0.206,-38.13,0.0763,0.251
0.207,-11.41,0.0763,0.213
0.208,-77.19,0.2348,0.228
0.209,-162.34,0.5519,0.059
0.21,-90.31,0.5519,-0.096
0.211,-60.62,0.5519,-0.122
0.212,-98.59,0.5519,-0.218
0.213,-32.81,0.5519,-0.319
0.214,38.59,0.5519,-0.283
0.215,28.91,0.5519,-0.242
0.216,78.91,0.5519,-0.225
0.217,130.31,0.5519,-0.084
0.218,79.38,0.5519,0.035
0.219,69.69,0.5519,0.075
0.22,79.06,0.5519,0.175
0.221,28.28,0.5519,0.233
0.222,23.28,0.5519,0.231
0.223,4.53,0.5686,0.280
0.224,-86.56,0.6022,0.240
0.225,-97.03,0.6022,0.107
0.226,-78.44,0.6022,0.046
0.227,-113.59,0.6022,-0.050
0.228,-95.47,0.6022,-0.181
0.229,-33.75,0.6022,-0.241
0.23,-40.62,0.6022,-0.248
0.231,5.47,0.6022,-0.323
0.232,100.16,0.6022,-0.238
0.233,80.16,0.6022,-0.122
0.234,86.56,0.6022,-0.077
0.235,125.31,0.6022,0.051
0.236,69.84,0.6022,0.173
0.237,32.34,0.6022,0.191
0.238,55.62,0.6022,0.238
0.239,-2.81,0.6123,0.302
0.24,-75.94,0.6325,0.233
0.241,-53.28,0.6325,0.150
0.242,-92.50,0.6325,0.126
0.243,-135.47,0.6325,-0.035
0.244,-65.31,0.6325,-0.145
0.245,-49.06,0.6325,-0.166
0.246,-82.50,0.6325,-0.243
0.247,-6.25,0.6325,-0.331
0.248,68.44,0.6325,-0.256
0.249,42.97,0.6325,-0.194
0.25,96.88,0.6325,-0.170
0.251,145.78,0.6325,0.000
0.252,60.16,0.6325,0.122
0.253,54.84,0.6325,0.120
0.254,95.00,0.6325,0.232
0.255,-0.16,0.6303,0.310
0.256,-46.25,0.6259,0.231
0.257,-15.16,0.6259,0.218
0.258,-95.62,0.6259,0.201
0.259,-135.00,0.6259,0.027
0.26,-71.09,0.6259,-0.069
0.261,-92.97,0.6259,-0.116
0.262,-100.00,0.6259,-0.255
0.263,-10.47,0.6259,-0.316
0.264,17.50,0.6259,-0.276
0.265,24.53,0.6259,-0.281
0.266,105.00,0.6259,-0.227
0.267,123.75,0.6259,-0.071
0.268,79.06,0.6259,0.021
0.269,96.88,0.6259,0.088
0.27,83.75,0.6259,0.214
0.271,13.28,0.4220,0.255
0.272,19.06,0.0141,0.241
0.273,-16.87,0.2102,0.293
0.274,-106.09,0.6025,0.207
0.275,-84.38,0.6025,0.081
0.276,-70.94,0.6025,0.038
0.277,-122.19,0.6025,-0.061
0.278,-100.47,0.6025,-0.206
0.279,-33.59,0.6025,-0.262
0.28,-23.75,0.6025,-0.273
0.281,30.78,0.6025,-0.309
0.282,93.59,0.6025,-0.212
0.283,73.12,0.6025,-0.122
0.284,98.12,0.6025,-0.065
0.285,131.25,0.6025,0.074
0.286,60.62,0.6025,0.197
0.287,35.16,0.6025,0.195
0.288,62.34,0.6025,0.268
0.289,-19.22,0.6098,0.320
0.29,-66.87,0.6244,0.229
0.291,-41.56,0.6244,0.186
0.292,-106.25,0.6244,0.146
0.293,-132.66,0.6244,-0.026
0.294,-63.91,0.6244,-0.119
0.295,-70.63,0.6244,-0.154
0.296,-75.16,0.6244,-0.261
0.297,5.94,0.6244,-0.304
0.298,45.78,0.6244,-0.249
0.299,41.87,0.6244,-0.213
0.3,110.63,0.6244,-0.165
0.301,121.72,0.6244,0.008
0.302,52.81,0.6244,0.078
0.303,88.75,0.6244,0.114
0.304,76.72,0.6244,0.256
0.305,-5.62,0.4239,0.268
0.306,2.66,0.0228,0.245
0.307,-14.38,0.2015,0.273
0.308,-113.28,0.5587,0.216
0.309,-123.91,0.5587,0.046
0.31,-78.44,0.5587,-0.032
0.311,-109.22,0.5587,-0.111
0.312,-87.66,0.5587,-0.250
0.313,-10.31,0.5587,-0.286
0.314,5.62,0.5587,-0.271
0.315,57.34,0.5587,-0.275
0.316,103.44,0.5587,-0.156
0.317,80.16,0.5587,-0.068
0.318,81.72,0.5587,0.004
0.319,96.09,0.5587,0.096
0.32,64.53,0.5587,0.196
0.321,26.41,0.5587,0.225
0.322,33.75,0.5587,0.249
0.323,-27.03,0.5812,0.292
0.324,-76.56,0.6263,0.195
0.325,-67.34,0.6263,0.139
0.326,-125.16,0.6263,0.060
0.327,-137.03,0.6263,-0.111
0.328,-51.09,0.6263,-0.214
0.329,-43.28,0.6263,-0.213
0.33,-60.31,0.6263,-0.300
0.331,44.22,0.6263,-0.334
0.332,80.78,0.6263,-0.212
0.333,55.94,0.6263,-0.173
0.334,121.09,0.6263,-0.100
0.335,127.19,0.6263,0.070
0.336,49.06,0.6263,0.154
0.337,54.53,0.6263,0.168
0.338,55.78,0.6263,0.263
0.339,-17.81,0.6147,0.279
0.34,-27.03,0.5916,0.228
0.341,-41.56,0.5916,0.225
0.342,-138.75,0.5916,0.145
0.343,-123.28,0.5916,-0.052
0.344,-60.47,0.5916,-0.102
0.345,-98.91,0.5916,-0.173
0.346,-69.53,0.5916,-0.300
0.347,31.09,0.5916,-0.312
0.348,50.47,0.5916,-0.238
0.349,51.87,0.5916,-0.211
0.35,109.53,0.5916,-0.134
0.351,86.87,0.5916,0.008
0.352,63.28,0.5916,0.040
0.353,115.63,0.5916,0.134
0.354,67.50,0.5916,0.271
0.355,-2.34,0.5916,0.269
0.356,7.34,0.5916,0.267
0.357,-48.13,0.5922,0.284
0.358,-117.81,0.5934,0.170
0.359,-95.94,0.5934,0.048
0.36,-86.09,0.5934,-0.022
0.361,-119.84,0.5934,-0.124
0.362,-63.91,0.5934,-0.261
0.363,-16.72,0.5934,-0.252
0.364,-28.91,0.5934,-0.295
0.365,62.81,0.5934,-0.309
0.366,122.81,0.5934,-0.169
0.367,85.78,0.5934,-0.064
0.368,92.66,0.5934,0.003
0.369,95.94,0.5934,0.122
0.37,47.03,0.5934,0.194
0.371,50.31,0.5934,0.216
0.372,33.28,0.5969,0.295
0.373,-53.28,0.6037,0.282
0.374,-49.84,0.6037,0.188
0.375,-44.06,0.6037,0.183
0.376,-130.16,0.6037,0.100
0.377,-128.28,0.6037,-0.078
0.378,-62.34,0.6037,-0.156
0.379,-68.44,0.6037,-0.203
0.38,-53.12,0.6037,-0.293
0.381,34.53,0.6037,-0.309
0.382,60.16,0.6037,-0.224
0.383,72.03,0.6037,-0.188
0.384,133.44,0.6037,-0.080
0.385,94.06,0.6037,0.078
0.386,47.50,0.6037,0.108
0.387,85.00,0.6037,0.173
0.388,47.19,0.4241,0.278
0.389,-32.34,0.0647,0.268
0.39,-13.91,0.0647,0.213
0.391,-47.66,0.2264,0.240
0.392,-132.50,0.5497,0.118
0.393,-103.75,0.5497,-0.025
0.394,-80.00,0.5497,-0.089
0.395,-96.88,0.5497,-0.185
0.396,-42.50,0.5497,-0.283
0.397,11.56,0.5497,-0.270
0.398,19.38,0.5497,-0.260
0.399,81.41,0.5497,-0.231
0.4,126.72,0.5497,-0.097
0.401,72.34,0.5497,0.022
0.402,76.87,0.5497,0.048
0.403,109.53,0.5497,0.176
0.404,41.41,0.5497,0.267
0.405,4.06,0.5497,0.259
0.406,1.87,0.5691,0.275
0.407,-54.38,0.6078,0.263
0.408,-84.37,0.6078,0.166
0.409,-74.53,0.6078,0.094
0.41,-117.81,0.6078,0.017
0.411,-125.78,0.6078,-0.142
0.412,-61.41,0.6078,-0.235
0.413,-49.22,0.6078,-0.265
0.414,-14.53,0.6078,-0.333
0.415,82.97,0.6078,-0.294
0.416,98.75,0.6078,-0.167
0.417,84.53,0.6078,-0.096
0.418,121.41,0.6078,0.002
0.419,92.50,0.6078,0.147
0.42,26.25,0.6078,0.187
0.421,56.56,0.6078,0.199
0.422,38.13,0.5523,0.300
0.423,-51.09,0.4413,0.275
0.424,-47.81,0.4413,0.198
0.425,-87.81,0.4413,0.180
0.426,-160.47,0.4413,0.022
0.427,-70.31,0.4413,-0.141
0.428,-27.97,0.4684,-0.118
0.429,-93.28,0.5228,-0.197
0.43,-40.47,0.5228,-0.305
0.431,41.41,0.5228,-0.278
0.432,37.03,0.5228,-0.222
0.433,83.75,0.5228,-0.204
0.434,153.75,0.5228,-0.055
0.435,89.69,0.5228,0.103
0.436,57.19,0.5228,0.125
0.437,85.78,0.5228,0.218
0.438,8.28,0.5455,0.296
0.439,-31.25,0.5909,0.234
0.44,0.78,0.5909,0.234
0.441,-73.12,0.5909,0.236
0.442,-129.69,0.5909,0.088
0.443,-74.53,0.5909,-0.023
0.444,-82.66,0.5909,-0.062
0.445,-116.56,0.5909,-0.189
0.446,-38.59,0.5909,-0.295
0.447,11.25,0.5909,-0.266
0.448,17.19,0.5909,-0.272
0.449,98.28,0.5909,-0.232
0.45,110.16,0.5909,-0.076
0.451,55.31,0.5909,-0.011
0.452,99.84,0.5909,0.035
0.453,91.88,0.5909,0.188
0.454,18.59,0.5909,0.219
0.455,44.22,0.5909,0.226
0.456,27.03,0.6059,0.307
0.457,-79.06,0.6359,0.280
0.458,-76.87,0.6359,0.149
0.459,-79.38,0.6359,0.126
0.46,-147.81,0.6359,-0.010
0.461,-100.63,0.6359,-0.170
0.462,-46.88,0.6359,-0.211
0.463,-58.91,0.6359,-0.263
0.464,17.97,0.6359,-0.329
0.465,98.44,0.6359,-0.228
0.466,48.13,0.6359,-0.132
0.467,82.66,0.6359,-0.131
0.468,141.09,0.6359,0.033
0.469,66.88,0.6359,0.151
0.47,40.31,0.6359,0.167
0.471,63.13,0.6359,0.232
0.472,11.56,0.6295,0.293
0.473,-48.13,0.6166,0.255
0.474,-32.97,0.6166,0.197
0.475,-87.19,0.6166,0.189
0.476,-146.41,0.6166,0.023
0.477,-73.59,0.6166,-0.104
0.478,-67.97,0.6166,-0.124
0.479,-99.38,0.6166,-0.240
0.48,-12.97,0.6166,-0.323
0.481,40.16,0.6166,-0.266
0.482,33.59,0.6166,-0.243
0.483,107.34,0.6166,-0.199
0.484,129.06,0.6166,-0.028
0.485,59.22,0.6166,0.059
0.486,89.69,0.6166,0.090
0.487,79.84,0.6166,0.239
0.488,-5.78,0.4186,0.250
0.489,3.91,0.0228,0.227
0.49,0.94,0.2021,0.258
0.491,-77.19,0.5606,0.229
0.492,-108.28,0.5606,0.103
0.493,-88.44,0.5606,0.013
0.494,-115.31,0.5606,-0.073
0.495,-98.44,0.5606,-0.218
0.496,-21.25,0.5606,-0.270
0.497,-16.25,0.5606,-0.261
0.498,13.75,0.5606,-0.303
0.499,87.03,0.5606,-0.233
0.5,91.09,0.5606,-0.129
0.501,83.59,0.5606,-0.051
0.502,108.59,0.5606,0.038
0.503,79.22,0.5606,0.166
0.504,30.31,0.5606,0.197
0.505,53.59,0.5606,0.227
0.506,11.88,0.5885,0.304
0.507,-83.28,0.6444,0.251
0.508,-67.19,0.6444,0.138
0.509,-75.47,0.6444,0.116
0.51,-138.12,0.6444,-0.013
0.511,-101.56,0.6444,-0.160
0.512,-57.50,0.6444,-0.217
0.513,-61.88,0.6444,-0.275
0.514,13.13,0.6444,-0.340
0.515,83.91,0.6444,-0.249
0.516,65.00,0.6444,-0.173
0.517,109.06,0.6444,-0.119
0.518,127.19,0.6444,0.046
0.519,51.41,0.6444,0.136
0.52,61.25,0.6444,0.148
0.521,73.75,0.6444,0.258
0.522,-13.44,0.6369,0.296
0.523,-28.75,0.6219,0.231
0.524,-19.22,0.6219,0.238
0.525,-102.34,0.6219,0.193
0.526,-132.50,0.6219,0.034
0.527,-88.91,0.6219,-0.072
0.528,-115.63,0.6219,-0.144
0.529,-90.94,0.6219,-0.303
0.53,22.19,0.6219,-0.326
0.531,45.00,0.6219,-0.259
0.532,38.59,0.6219,-0.236
0.533,105.94,0.6219,-0.182
0.534,112.03,0.6219,-0.024
0.535,63.59,0.6219,0.042
0.536,97.34,0.6219,0.103
0.537,67.97,0.6219,0.237
0.538,-4.84,0.4185,0.239
0.539,10.31,0.0119,0.227
0.54,-9.84,0.2042,0.260
0.541,-84.38,0.5888,0.208
0.542,-95.62,0.5888,0.091
0.543,-99.38,0.5888,0.016
0.544,-127.97,0.5888,-0.108
0.545,-67.81,0.5888,-0.240
0.546,-30.16,0.5888,-0.243
0.547,-37.03,0.5888,-0.300
0.548,64.06,0.5888,-0.318
0.549,116.25,0.5888,-0.172
0.55,62.66,0.5888,-0.085
0.551,96.88,0.5888,-0.047
0.552,115.00,0.5888,0.109
0.553,43.28,0.5888,0.183
0.554,43.91,0.5888,0.195
0.555,55.00,0.5888,0.271
0.556,-27.19,0.5989,0.305
0.557,-72.19,0.6191,0.217
0.558,-57.66,0.6191,0.161
0.559,-114.53,0.6191,0.102
0.56,-127.81,0.6191,-0.068
0.561,-66.25,0.6191,-0.154
0.562,-79.53,0.6191,-0.201
0.563,-56.56,0.6191,-0.313
0.564,55.63,0.6191,-0.314
0.565,59.22,0.6191,-0.202
0.566,33.75,0.6191,-0.195
0.567,112.50,0.6191,-0.134
0.568,110.78,0.6191,0.030
0.569,46.09,0.6191,0.087
0.57,85.16,0.6191,0.122
0.571,73.59,0.6191,0.258
0.572,-18.91,0.4292,0.269
0.573,-14.22,0.0494,0.220
0.574,-36.09,0.2102,0.241
0.575,-122.34,0.5319,0.147
0.576,-105.47,0.5319,-0.004
0.577,-78.12,0.5319,-0.063
0.578,-113.91,0.5319,-0.160
0.579,-62.97,0.5319,-0.291
0.58,14.22,0.5319,-0.286
0.581,3.44,0.5333,-0.263
0.582,58.59,0.5362,-0.279
0.583,124.22,0.5362,-0.146
0.584,89.38,0.5362,-0.031
0.585,82.97,0.5362,0.033
0.586,103.12,0.5362,0.135
0.587,52.19,0.5362,0.239
0.588,8.75,0.5362,0.239
0.589,21.88,0.5362,0.257
0.59,-41.25,0.5621,0.283
0.591,-93.44,0.6137,0.174
0.592,-74.22,0.6137,0.096
0.593,-106.41,0.6137,0.026
0.594,-114.53,0.6137,-0.117
0.595,-63.28,0.6137,-0.203
0.596,-55.94,0.6137,-0.243
0.597,-43.75,0.6137,-0.315
0.598,59.22,0.6137,-0.331
0.599,92.50,0.6137,-0.197
0.6,77.50,0.6137,-0.146
0.601,129.22,0.6137,-0.042
0.602,103.59,0.6137,0.113
0.603,40.00,0.6137,0.166
0.604,62.19,0.6137,0.193
0.605,48.44,0.4457,0.290
0.606,-54.84,0.1097,0.290
0.607,-45.16,0.1097,0.180
0.608,-51.56,0.2364,0.199
0.609,-137.97,0.4897,0.077
0.61,-98.75,0.4897,-0.077
0.611,-53.44,0.4897,-0.120
0.612,-85.00,0.4897,-0.183
0.613,-52.03,0.4897,-0.290
0.614,37.66,0.4897,-0.288
0.615,38.28,0.4897,-0.215
0.616,47.50,0.4897,-0.211
0.617,128.59,0.4897,-0.120
0.618,101.09,0.4897,0.046
0.619,59.69,0.4897,0.082
0.62,105.62,0.4897,0.166
0.621,46.72,0.3422,0.293
0.622,-23.59,0.0472,0.259
0.623,-1.25,0.0472,0.246
0.624,-50.78,0.2143,0.257
0.625,-129.06,0.5484,0.145
0.626,-99.84,0.5484,-0.002
0.627,-89.84,0.5484,-0.055
0.628,-118.44,0.5484,-0.181
0.629,-42.34,0.5484,-0.292
0.63,4.53,0.5360,-0.266
0.631,-12.66,0.5113,-0.283
0.632,82.03,0.5113,-0.291
0.633,114.84,0.5113,-0.119
0.634,67.34,0.5113,-0.062
0.635,108.59,0.5113,0.016
0.636,100.47,0.5113,0.156
0.637,32.19,0.5113,0.217
0.638,38.59,0.5113,0.220
0.639,29.22,0.5489,0.294
0.64,-62.50,0.6241,0.278
0.641,-72.50,0.6241,0.169
0.642,-74.69,0.6241,0.133
0.643,-139.69,0.6241,0.020
0.644,-106.72,0.6241,-0.146
0.645,-48.28,0.6241,-0.194
0.646,-68.13,0.6241,-0.242
0.647,-26.72,0.6241,-0.330
0.648,69.06,0.6241,-0.296
0.649,63.59,0.6241,-0.192
0.65,62.50,0.6241,-0.169
0.651,134.06,0.6241,-0.067
0.652,100.47,0.6241,0.099
0.653,55.78,0.6241,0.134
0.654,84.53,0.6241,0.211
0.655,34.37,0.6166,0.303
0.656,-34.69,0.6016,0.280
0.657,-32.34,0.6016,0.234
0.658,-70.78,0.6016,0.215
0.659,-123.91,0.6016,0.092
0.66,-90.94,0.6016,-0.033
0.661,-87.97,0.6016,-0.090
0.662,-104.38,0.6016,-0.209
0.663,-29.53,0.6016,-0.298
0.664,31.09,0.6016,-0.268
0.665,16.25,0.6016,-0.236
0.666,76.72,0.6016,-0.235
0.667,131.56,0.6016,-0.083
0.668,69.69,0.6016,0.028
0.669,84.84,0.6016,0.057
0.67,104.22,0.6016,0.198
0.671,9.53,0.4172,0.265
0.672,-7.19,0.0484,0.217
0.673,2.19,0.2140,0.251
0.674,-67.03,0.5450,0.221
0.675,-80.47,0.5450,0.117
0.676,-82.97,0.5450,0.060
0.677,-119.53,0.5450,-0.049
0.678,-96.41,0.5450,-0.179
0.679,-30.47,0.5450,-0.242
0.68,-26.09,0.5450,-0.240
0.681,-5.78,0.5450,-0.294
0.682,78.44,0.5450,-0.252
0.683,90.31,0.5450,-0.138
0.684,85.16,0.5450,-0.071
0.685,124.53,0.5450,0.033
0.686,91.25,0.5450,0.178
0.687,19.06,0.5450,0.215
0.688,33.13,0.5450,0.216
0.689,22.50,0.5660,0.282
0.69,-62.34,0.6081,0.261
0.691,-50.47,0.6081,0.157
0.692,-72.50,0.6081,0.160
0.693,-141.41,0.6081,0.012
0.694,-74.06,0.6081,-0.123
0.695,-47.03,0.6081,-0.136
0.696,-95.16,0.6081,-0.217
0.697,-24.84,0.6081,-0.327
0.698,48.75,0.6081,-0.266
0.699,47.34,0.6081,-0.229
0.7,109.06,0.6081,-0.172
0.701,138.12,0.6081,-0.011
0.702,67.81,0.6081,0.105
0.703,60.16,0.6081,0.125
0.704,91.56,0.6081,0.225
0.705,11.41,0.6118,0.308
0.706,-36.88,0.6191,0.248
0.707,-16.25,0.6191,0.234
0.708,-91.88,0.6191,0.215
0.709,-134.06,0.6191,0.050
0.71,-68.91,0.6191,-0.053
0.711,-87.97,0.6191,-0.088
0.712,-111.87,0.6191,-0.229
0.713,-25.16,0.6191,-0.311
0.714,25.78,0.6191,-0.279
0.715,41.72,0.6191,-0.260
0.716,98.59,0.6191,-0.196
0.717,98.44,0.6191,-0.063
0.718,62.19,0.6191,0.001
0.719,89.38,0.6191,0.062
0.72,81.87,0.6191,0.180
0.721,27.97,0.6191,0.226
0.722,37.97,0.6191,0.236
0.723,7.34,0.6169,0.302
0.724,-83.28,0.6125,0.251
0.725,-78.91,0.6125,0.135
0.726,-84.06,0.6125,0.093
0.727,-140.31,0.6125,-0.033
0.728,-89.53,0.6125,-0.188
0.729,-33.91,0.6125,-0.212
0.73,-49.37,0.6125,-0.256
0.731,20.31,0.6125,-0.311
0.732,82.81,0.6125,-0.215
0.733,62.97,0.6125,-0.145
0.734,98.59,0.6125,-0.089
0.735,122.34,0.6125,0.052
0.736,71.88,0.6125,0.156
0.737,45.16,0.6125,0.196
0.738,49.84,0.6125,0.246
0.739,-4.69,0.6162,0.295
0.74,-52.81,0.6237,0.237
0.741,-39.53,0.6237,0.190
0.742,-94.37,0.6237,0.158
0.743,-137.50,0.6237,0.001
0.744,-75.78,0.6237,-0.118
0.745,-76.88,0.6237,-0.151
0.746,-88.91,0.6237,-0.271
0.747,23.28,0.6237,-0.328
0.748,59.69,0.6237,-0.225
0.749,20.94,0.6237,-0.209
0.75,99.22,0.6237,-0.183
0.751,128.75,0.6237,-0.011
0.752,57.81,0.6237,0.075
0.753,92.34,0.6237,0.105
0.754,84.38,0.6237,0.259
0.755,-21.72,0.4351,0.274
0.756,-20.63,0.0578,0.216
0.757,-9.06,0.2058,0.233
0.758,-93.91,0.5019,0.198
0.759,-113.91,0.5019,0.045
0.76,-72.34,0.5019,-0.030
0.761,-116.41,0.5019,-0.100
0.762,-84.69,0.5019,-0.263
0.763,3.75,0.5019,-0.269
0.764,-8.13,0.5068,-0.255
0.765,35.63,0.5166,-0.286
0.766,103.75,0.5166,-0.184
0.767,89.06,0.5166,-0.078
0.768,86.09,0.5166,-0.006
0.769,96.88,0.5166,0.094
0.77,50.78,0.5166,0.188
0.771,21.56,0.5166,0.196
0.772,43.28,0.5166,0.231
0.773,-26.72,0.5456,0.282
0.774,-80.00,0.6037,0.177
0.775,-50.47,0.6037,0.122
0.776,-100.94,0.6037,0.077
0.777,-128.91,0.6037,-0.080
0.778,-67.19,0.6037,-0.181
0.779,-54.22,0.6037,-0.214
0.78,-53.75,0.6037,-0.290
0.781,40.63,0.6037,-0.322
0.782,85.78,0.6037,-0.208
0.783,49.84,0.6037,-0.150
0.784,113.75,0.6037,-0.109
0.785,130.78,0.6037,0.077
0.786,53.44,0.6037,0.153
0.787,53.44,0.6037,0.184
0.788,40.47,0.6037,0.260
0.789,-22.66,0.4195,0.265
0.79,-20.00,0.0509,0.214
0.791,-33.91,0.2073,0.225
0.792,-121.87,0.5200,0.147
0.793,-124.38,0.5200,-0.018
0.794,-63.44,0.5200,-0.102
0.795,-80.63,0.5200,-0.145
0.796,-63.91,0.5200,-0.263
0.797,26.09,0.5200,-0.273
0.798,26.25,0.5200,-0.211
0.799,30.47,0.5200,-0.221
0.8,113.44,0.5200,-0.150
0.801,101.09,0.5200,0.006
0.802,58.44,0.5200,0.052
0.803,88.75,0.5200,0.123
0.804,61.88,0.5200,0.229
0.805,7.03,0.5200,0.247
0.806,22.34,0.5200,0.243
0.807,-14.22,0.5408,0.292
0.808,-110.94,0.5825,0.215
0.809,-105.16,0.5825,0.070
0.81,-81.72,0.5825,0.005
0.811,-116.09,0.5825,-0.094
0.812,-67.34,0.5825,-0.228
0.813,-31.72,0.5825,-0.228
0.814,-25.78,0.5825,-0.291
0.815,63.28,0.5825,-0.280
0.816,110.63,0.5825,-0.164
0.817,80.63,0.5825,-0.059
0.818,96.09,0.5825,-0.003
0.819,102.34,0.5825,0.133
0.82,43.59,0.5825,0.202
0.821,40.16,0.5825,0.221
0.822,42.81,0.5825,0.282
0.823,-40.31,0.5940,0.306
0.824,-68.28,0.6169,0.201
0.825,-48.91,0.6169,0.170
0.826,-120.62,0.6169,0.103
0.827,-129.06,0.6169,-0.072
0.828,-67.03,0.6169,-0.155
0.829,-72.66,0.6169,-0.206
0.83,-52.50,0.6169,-0.300
0.831,46.25,0.6169,-0.311
0.832,70.62,0.6169,-0.208
0.833,59.84,0.6169,-0.169
0.834,120.31,0.6169,-0.088
0.835,102.81,0.6169,0.071
0.836,43.91,0.6169,0.118
0.837,80.63,0.6169,0.159
0.838,60.31,0.6169,0.279
0.839,-25.94,0.4287,0.280
0.84,-16.09,0.0525,0.227
0.841,-45.78,0.2149,0.248
0.842,-137.81,0.5397,0.136
0.843,-104.37,0.5397,-0.028
0.844,-65.31,0.5397,-0.073
0.845,-109.53,0.5397,-0.159
0.846,-52.97,0.5397,-0.292
0.847,24.22,0.5397,-0.265
0.848,6.56,0.5397,-0.244
0.849,61.88,0.5397,-0.252
0.85,120.94,0.5397,-0.120
0.851,85.78,0.5397,-0.010
0.852,84.38,0.5397,0.052
0.853,108.28,0.5397,0.159
0.854,41.09,0.3688,0.268
0.855,-3.91,0.0269,0.241
0.856,10.47,0.0269,0.260
0.857,-48.28,0.2169,0.262
0.858,-86.88,0.5969,0.164
0.859,-78.59,0.5969,0.088
0.86,-124.06,0.5969,0.007
0.861,-141.56,0.5969,-0.160
0.862,-54.38,0.5969,-0.277
0.863,-24.22,0.5969,-0.268
0.864,-16.25,0.5969,-0.325
0.865,79.53,0.5969,-0.301
0.866,90.94,0.5969,-0.166
0.867,79.53,0.5969,-0.119
0.868,129.06,0.5969,-0.007
0.869,82.50,0.5969,0.139
0.87,17.03,0.5969,0.158
0.871,56.87,0.5969,0.173
0.872,51.41,0.5969,0.272
0.873,-38.75,0.6009,0.276
0.874,-45.16,0.6091,0.194
0.875,-60.16,0.6091,0.186
0.876,-148.59,0.6091,0.074
0.877,-104.84,0.6091,-0.112
0.878,-49.53,0.6091,-0.136
0.879,-98.75,0.6091,-0.211
0.88,-33.59,0.6091,-0.333
0.881,55.47,0.6091,-0.278
0.882,32.03,0.6091,-0.222
0.883,58.13,0.6091,-0.214
0.884,136.09,0.6091,-0.106
0.885,102.81,0.6091,0.058
0.886,56.88,0.6091,0.100
0.887,95.16,0.6091,0.172
0.888,44.69,0.4187,0.290
0.889,-19.06,0.0381,0.262
0.89,0.94,0.0381,0.252
0.891,-63.75,0.2027,0.263
0.892,-127.34,0.5319,0.124
0.893,-88.28,0.5319,0.009
0.894,-92.03,0.5319,-0.052
0.895,-108.13,0.5319,-0.175
0.896,-35.31,0.5319,-0.268
0.897,-3.91,0.5159,-0.246
0.898,5.94,0.4841,-0.276
0.899,90.16,0.4841,-0.234
0.9,102.97,0.4841,-0.096
0.901,61.09,0.4841,-0.028
0.902,86.72,0.4841,0.026
0.903,90.78,0.4841,0.145
0.904,30.16,0.4841,0.208
0.905,31.41,0.4841,0.206
0.906,21.88,0.5266,0.271
0.907,-51.09,0.6116,0.249
0.908,-63.91,0.6116,0.168
0.909,-91.09,0.6116,0.122
0.91,-143.28,0.6116,-0.014
0.911,-101.25,0.6116,-0.165
0.912,-52.34,0.6116,-0.216
0.913,-62.34,0.6116,-0.270
0.914,-2.66,0.6116,-0.341
0.915,93.75,0.6116,-0.275
0.916,81.72,0.6116,-0.153
0.917,79.22,0.6116,-0.112
0.918,127.66,0.6116,0.005
0.919,76.72,0.6116,0.144
0.92,38.75,0.6116,0.158
0.921,67.19,0.6116,0.221
0.922,14.53,0.6125,0.293
0.923,-37.19,0.6144,0.250
0.924,-24.69,0.6144,0.218
0.925,-93.13,0.6144,0.201
0.926,-143.28,0.6144,0.032
0.927,-80.94,0.6144,-0.086
0.928,-86.87,0.6144,-0.130
0.929,-95.94,0.6144,-0.259
0.93,3.91,0.6144,-0.322
0.931,45.78,0.6144,-0.252
0.932,25.47,0.6144,-0.230
0.933,96.25,0.6144,-0.201
0.934,128.75,0.6144,-0.037
0.935,65.62,0.6144,0.057
0.936,85.47,0.6144,0.094
0.937,78.91,0.6144,0.228
0.938,-7.34,0.4224,0.252
0.939,6.41,0.0384,0.213
0.94,10.94,0.2246,0.264
0.941,-76.41,0.5969,0.235
0.942,-107.81,0.5969,0.112
0.943,-90.00,0.5969,0.019
0.944,-123.12,0.5969,-0.068
0.945,-108.75,0.5969,-0.227
0.946,-34.06,0.5969,-0.286
0.947,-23.28,0.5969,-0.295
0.948,35.62,0.5969,-0.333
0.949,106.72,0.5969,-0.224
0.95,96.56,0.5969,-0.119
0.951,94.06,0.5969,-0.031
0.952,105.16,0.5969,0.069
0.953,68.91,0.5969,0.180
0.954,22.81,0.5969,0.207
0.955,54.53,0.5969,0.225
0.956,10.47,0.6116,0.316
0.957,-69.37,0.6409,0.246
0.958,-58.28,0.6409,0.177
0.959,-95.94,0.6409,0.130
0.96,-140.47,0.6409,-0.015
0.961,-83.75,0.6409,-0.151
0.962,-52.03,0.6409,-0.182
0.963,-71.41,0.6409,-0.255
0.964,16.56,0.6409,-0.325
0.965,74.06,0.6409,-0.222
0.966,45.47,0.6409,-0.177
0.967,96.41,0.6409,-0.131
0.968,117.50,0.6409,0.016
0.969,65.47,0.6409,0.104
0.97,75.47,0.6409,0.147
0.971,74.06,0.6409,0.255
0.972,-13.91,0.6278,0.295
0.973,-30.94,0.6016,0.227
0.974,-8.75,0.6016,0.233
0.975,-95.31,0.6016,0.209
0.976,-139.06,0.6016,0.043
0.977,-91.56,0.6016,-0.069
0.978,-103.12,0.6016,-0.141
0.979,-82.97,0.6016,-0.275
0.98,-1.41,0.6016,-0.307
0.981,19.38,0.6016,-0.278
0.982,26.09,0.6016,-0.268
0.983,103.28,0.6016,-0.226
0.984,125.78,0.6016,-0.061
0.985,81.87,0.6016,0.026
0.986,108.91,0.6016,0.103
0.987,83.28,0.6016,0.244
0.988,-5.31,0.4130,0.269
0.989,11.41,0.0359,0.233
0.99,-13.13,0.2283,0.292
0.991,-111.56,0.6131,0.207
0.992,-95.16,0.6131,0.069
0.993,-79.53,0.6131,0.017
0.994,-121.72,0.6131,-0.090
0.995,-79.22,0.6131,-0.227
0.996,-37.50,0.6131,-0.249
0.997,-36.25,0.6131,-0.302
0.998,51.25,0.6131,-0.321
0.999,103.75,0.6131,-0.199
1,64.53,0.6131,-0.114
1.001,99.69,0.6131,-0.070
1.002,127.66,0.6131,0.086
1.003,61.87,0.6131,0.185
1.004,39.69,0.6131,0.209
1.005,46.25,0.6131,0.264
1.006,-36.09,0.6195,0.302
1.007,-85.78,0.6322,0.192
1.008,-37.03,0.6322,0.130
1.009,-88.75,0.6322,0.118
1.01,-124.69,0.6322,-0.047
1.011,-65.62,0.6322,-0.131
1.012,-83.75,0.6322,-0.178
1.013,-75.94,0.6322,-0.299
1.014,33.91,0.6322,-0.330
1.015,60.47,0.6322,-0.231
1.016,44.84,0.6322,-0.209
1.017,122.34,0.6322,-0.141
1.018,114.06,0.6322,0.035
1.019,49.06,0.6322,0.087
1.02,86.41,0.6322,0.133
1.021,70.00,0.6322,0.260
1.022,-19.84,0.4393,0.273
1.023,-9.69,0.0534,0.220
1.024,-17.03,0.2179,0.254
1.025,-120.47,0.5469,0.186
1.026,-113.28,0.5469,0.013
1.027,-64.53,0.5469,-0.041
1.028,-107.66,0.5469,-0.116
1.029,-83.75,0.5469,-0.256
1.03,-18.44,0.5469,-0.283
1.031,-1.72,0.5469,-0.293
1.032,54.69,0.5469,-0.287
1.033,112.03,0.5469,-0.183
1.034,92.81,0.5469,-0.063
1.035,88.91,0.5469,0.002
1.036,114.84,0.5469,0.115
1.037,48.75,0.3734,0.232
1.038,3.59,0.0266,0.212
1.039,36.09,0.0266,0.239
1.04,-21.09,0.2091,0.285
1.041,-74.37,0.5741,0.197
1.042,-68.12,0.5741,0.136
1.043,-115.31,0.5741,0.061
1.044,-129.84,0.5741,-0.095
1.045,-64.53,0.5741,-0.199
1.046,-39.06,0.5741,-0.224
1.047,-32.81,0.5741,-0.277
1.048,47.34,0.5741,-0.289
1.049,63.75,0.5741,-0.183
1.05,52.97,0.5741,-0.162
1.051,125.62,0.5741,-0.077
1.052,112.34,0.5741,0.089
1.053,37.97,0.5741,0.148
1.054,65.00,0.5741,0.165
1.055,59.06,0.5741,0.278
1.056,-39.37,0.5781,0.283
1.057,-41.25,0.5862,0.199
1.058,-38.75,0.5862,0.201
1.059,-118.91,0.5862,0.122
1.06,-124.84,0.5862,-0.037
1.061,-74.37,0.5862,-0.128
1.062,-87.50,0.5862,-0.186
1.063,-42.81,0.5862,-0.303
1.064,34.84,0.5862,-0.271
1.065,28.59,0.5862,-0.233
1.066,58.75,0.5862,-0.214
1.067,113.59,0.5862,-0.116
1.068,97.50,0.5862,0.013
1.069,74.69,0.5862,0.079
1.07,89.69,0.5862,0.163
1.071,37.97,0.3976,0.259
1.072,-3.91,0.0203,0.238
1.073,22.81,0.0203,0.251
1.074,-42.03,0.2073,0.284
1.075,-128.28,0.5813,0.167
1.076,-86.87,0.5813,0.028
1.077,-83.59,0.5813,-0.007
1.078,-124.22,0.5813,-0.140
1.079,-56.41,0.5813,-0.255
1.08,-15.94,0.5813,-0.253
1.081,-22.34,0.5813,-0.287
1.082,72.97,0.5813,-0.297
1.083,120.63,0.5813,-0.141
1.084,68.75,0.5813,-0.056
1.085,95.16,0.5813,-0.004
1.086,100.78,0.5813,0.134
1.087,26.87,0.5813,0.198
1.088,40.94,0.5813,0.188
1.089,50.63,0.5813,0.280
1.09,-35.94,0.5934,0.289
1.091,-64.53,0.6178,0.208
1.092,-68.12,0.6178,0.160
1.093,-131.41,0.6178,0.072
1.094,-110.63,0.6178,-0.103
1.095,-67.19,0.6178,-0.150
1.096,-89.38,0.6178,-0.237
1.097,-24.22,0.6178,-0.328
1.098,73.44,0.6178,-0.285
1.099,56.56,0.6178,-0.182
1.1,66.88,0.6178,-0.172
1.101,140.47,0.6178,-0.048
1.102,79.53,0.6178,0.109
1.103,30.00,0.6178,0.111
1.104,70.63,0.6178,0.169
1.105,49.69,0.6178,0.253
1.106,-15.78,0.4276,0.268
1.107,-16.87,0.0472,0.221
1.108,-52.19,0.2132,0.234
1.109,-148.44,0.5453,0.117
1.11,-99.06,0.5453,-0.063
1.111,-63.28,0.5453,-0.082
1.112,-114.69,0.5453,-0.189
1.113,-50.78,0.5453,-0.311
1.114,38.59,0.5453,-0.291
1.115,31.41,0.5453,-0.234
1.116,67.03,0.5453,-0.228
1.117,115.16,0.5453,-0.100
1.118,76.25,0.5453,0.003
1.119,80.78,0.5453,0.053
1.12,103.75,0.5453,0.164
1.121,40.31,0.5566,0.260
1.122,-6.09,0.5791,0.245
1.123,-3.28,0.5791,0.248
1.124,-57.66,0.5791,0.238
1.125,-94.37,0.5791,0.133
1.126,-80.16,0.5791,0.049
1.127,-101.25,0.5791,-0.028
1.128,-99.38,0.5791,-0.153
1.129,-54.22,0.5791,-0.226
1.13,-46.25,0.5791,-0.262
1.131,6.25,0.5791,-0.319
1.132,99.84,0.5791,-0.249
1.133,88.75,0.5791,-0.119
1.134,62.34,0.5791,-0.072
1.135,115.63,0.5791,0.006
1.136,102.66,0.5791,0.160
1.137,38.91,0.5791,0.211
1.138,51.56,0.5791,0.238
1.139,14.69,0.6000,0.314
1.14,-68.28,0.6419,0.267
1.141,-51.88,0.6419,0.177
1.142,-80.47,0.6419,0.163
1.143,-145.31,0.6419,0.017
1.144,-86.72,0.6419,-0.128
1.145,-61.09,0.6419,-0.157
1.146,-85.47,0.6419,-0.250
1.147,2.81,0.6419,-0.328
1.148,59.22,0.6419,-0.244
1.149,26.09,0.6419,-0.209
1.15,84.38,0.6419,-0.192
1.151,140.00,0.6419,-0.041
1.152,79.84,0.6419,0.088
1.153,59.53,0.6419,0.119
1.154,73.44,0.6419,0.207
1.155,18.75,0.6120,0.266
1.156,-10.16,0.5522,0.245
1.157,-8.59,0.5522,0.246
1.158,-86.09,0.5522,0.228
1.159,-139.84,0.5522,0.073
1.16,-75.94,0.5522,-0.052
1.161,-82.03,0.5522,-0.078
1.162,-103.91,0.5522,-0.216
1.163,-14.69,0.5522,-0.286
1.164,15.00,0.5190,-0.246
1.165,8.44,0.4525,-0.256
1.166,86.56,0.4525,-0.229
1.167,115.47,0.4525,-0.083
1.168,63.28,0.4525,0.002
1.169,97.03,0.4525,0.043
1.17,94.69,0.4525,0.196
1.171,12.34,0.3056,0.233
1.172,23.28,0.0119,0.221
1.173,3.91,0.2184,0.279
1.174,-74.53,0.6316,0.229
1.175,-72.34,0.6316,0.130
1.176,-89.84,0.6316,0.084
1.177,-127.19,0.6316,-0.049
1.178,-84.38,0.6316,-0.170
1.179,-39.37,0.6316,-0.218
1.18,-67.03,0.6316,-0.249
1.181,-1.56,0.6316,-0.352
1.182,93.59,0.6316,-0.252
1.183,70.31,0.6316,-0.165
1.184,95.47,0.6316,-0.112
1.185,132.03,0.6316,0.026
1.186,70.00,0.6316,0.153
1.187,42.34,0.6316,0.166
1.188,67.03,0.6316,0.237
1.189,7.81,0.6230,0.300
1.19,-45.16,0.6059,0.253
1.191,-31.72,0.6059,0.210
1.192,-87.97,0.6059,0.189
1.193,-147.03,0.6059,0.034
1.194,-80.78,0.6059,-0.105
1.195,-72.66,0.6059,-0.128
1.196,-89.06,0.6059,-0.250
1.197,12.34,0.6059,-0.306
1.198,62.50,0.6059,-0.225
1.199,32.03,0.6059,-0.181
1.2,94.53,0.6059,-0.161
1.201,117.81,0.6059,0.008
1.202,45.78,0.6059,0.074
1.203,70.00,0.6059,0.100
1.204,75.78,0.6059,0.214
1.205,-3.59,0.4186,0.251
1.206,7.03,0.0441,0.207
1.207,7.03,0.2168,0.265
1.208,-93.59,0.5622,0.221
1.209,-109.22,0.5622,0.078
1.21,-85.16,0.5622,0.003
1.211,-119.06,0.5622,-0.092
1.212,-86.56,0.5622,-0.235
1.213,-26.41,0.5622,-0.265
1.214,-15.78,0.5622,-0.288
1.215,46.56,0.5622,-0.297
1.216,106.09,0.5622,-0.195
1.217,82.19,0.5622,-0.085
1.218,84.06,0.5622,-0.031
1.219,117.50,0.5622,0.083
1.22,68.12,0.5622,0.204
1.221,20.31,0.5622,0.220
1.222,52.19,0.5622,0.245
1.223,-2.03,0.5934,0.324
1.224,-85.62,0.6559,0.241
1.225,-70.78,0.6559,0.153
1.226,-108.91,0.6559,0.099
1.227,-132.50,0.6559,-0.065
1.228,-62.66,0.6559,-0.166
1.229,-57.81,0.6559,-0.190
1.23,-70.78,0.6559,-0.281
1.231,31.56,0.6559,-0.332
1.232,83.28,0.6559,-0.218
1.233,46.87,0.6559,-0.165
1.234,95.94,0.6559,-0.124
1.235,120.47,0.6559,0.027
1.236,64.22,0.6559,0.117
1.237,78.28,0.6559,0.155
1.238,64.06,0.6559,0.273
1.239,-27.66,0.6379,0.283
1.24,-37.03,0.6019,0.218
1.241,-19.84,0.6019,0.209
1.242,-92.50,0.6019,0.178
1.243,-119.53,0.6019,0.024
1.244,-74.06,0.6019,-0.061
1.245,-110.00,0.6019,-0.124
1.246,-97.34,0.6019,-0.281
1.247,3.28,0.6019,-0.319
1.248,39.53,0.6019,-0.274
1.249,70.78,0.6019,-0.240
1.25,116.72,0.6019,-0.133
1.251,87.66,0.6019,-0.006
1.252,59.06,0.6019,0.043
1.253,95.94,0.6019,0.112
1.254,65.47,0.6019,0.234
1.255,2.34,0.6019,0.243
1.256,16.88,0.6019,0.239
1.257,-19.69,0.5954,0.277
1.258,-98.91,0.5825,0.200
1.259,-80.78,0.5825,0.079
1.26,-84.84,0.5825,0.038
1.261,-137.50,0.5825,-0.091
1.262,-88.13,0.5825,-0.237
1.263,-34.53,0.5825,-0.267
1.264,-14.53,0.5825,-0.306
1.265,77.03,0.5825,-0.296
1.266,105.47,0.5825,-0.152
1.267,50.47,0.5825,-0.085
1.268,98.91,0.5825,-0.051
1.269,110.78,0.5825,0.113
1.27,44.22,0.5825,0.171
1.271,43.13,0.5825,0.201
1.272,46.41,0.5825,0.257
1.273,-25.47,0.5907,0.294
1.274,-64.06,0.6072,0.206
1.275,-51.56,0.6072,0.166
1.276,-107.66,0.6072,0.103
1.277,-118.13,0.6072,-0.050
1.278,-64.84,0.6072,-0.133
1.279,-76.72,0.6072,-0.179
1.28,-67.03,0.6072,-0.287
1.281,42.19,0.6072,-0.313
1.282,69.53,0.6072,-0.203
1.283,47.03,0.6072,-0.174
1.284,123.12,0.6072,-0.108
1.285,104.37,0.6072,0.072
1.286,27.34,0.6072,0.100
1.287,76.72,0.6072,0.127
1.288,70.47,0.6072,0.254
1.289,-8.91,0.5871,0.268
1.29,-14.06,0.5469,0.236
1.291,-48.44,0.5469,0.239
1.292,-132.03,0.5469,0.139
1.293,-105.94,0.5469,-0.025
1.294,-68.12,0.5469,-0.073
1.295,-99.22,0.5469,-0.161
1.296,-59.22,0.5469,-0.271
1.297,4.38,0.5469,-0.279
1.298,11.87,0.5469,-0.263
1.299,55.94,0.5469,-0.256
1.3,115.63,0.5469,-0.151
1.301,85.62,0.5469,-0.024
1.302,88.59,0.5469,0.021
1.303,115.16,0.5469,0.153
1.304,39.22,0.3812,0.251
1.305,15.16,0.0500,0.231
1.306,34.06,0.0500,0.281
1.307,-50.31,0.2295,0.299
1.308,-92.50,0.5884,0.181
1.309,-61.88,0.5884,0.114
1.31,-115.00,0.5884,0.057
1.311,-133.44,0.5884,-0.116
1.312,-52.34,0.5884,-0.210
1.313,-39.53,0.5884,-0.220
1.314,-32.19,0.5884,-0.289
1.315,60.31,0.5884,-0.285
1.316,83.44,0.5884,-0.168
1.317,62.50,0.5884,-0.118
1.318,126.56,0.5884,-0.043
1.319,106.88,0.5884,0.135
1.32,23.44,0.5884,0.170
1.321,53.59,0.5884,0.182
1.322,42.66,0.5966,0.278
1.323,-34.53,0.6128,0.268
1.324,-44.84,0.6128,0.208
1.325,-59.22,0.6128,0.178
1.326,-128.91,0.6128,0.090
1.327,-112.19,0.6128,-0.080
1.328,-69.53,0.6128,-0.134
1.329,-100.47,0.6128,-0.219
1.33,-50.94,0.6128,-0.335
1.331,32.81,0.6128,-0.321
1.332,48.91,0.6128,-0.270
1.333,75.63,0.6128,-0.223
1.334,134.69,0.6128,-0.118
1.335,95.94,0.6128,0.046
1.336,61.88,0.6128,0.073
1.337,92.81,0.6128,0.170
1.338,28.91,0.4211,0.259
1.339,-18.91,0.0378,0.228
1.34,8.44,0.0378,0.221
1.341,-40.94,0.2081,0.245
1.342,-120.00,0.5487,0.139
1.343,-93.13,0.5487,0.005
1.344,-97.03,0.5487,-0.047
1.345,-112.34,0.5487,-0.189
1.346,-36.09,0.5487,-0.272
1.347,-16.25,0.5487,-0.262
1.348,-5.94,0.5487,-0.304
1.349,79.69,0.5487,-0.273
1.35,117.97,0.5487,-0.145
1.351,79.22,0.5487,-0.037
1.352,94.37,0.5487,0.014
1.353,112.34,0.5487,0.151
1.354,35.00,0.3716,0.238
1.355,22.19,0.0172,0.221
1.356,19.37,0.2161,0.283
1.357,-58.28,0.6141,0.260
1.358,-61.41,0.6141,0.166
1.359,-68.12,0.6141,0.137
1.36,-126.72,0.6141,0.030
1.361,-110.31,0.6141,-0.116
1.362,-68.91,0.6141,-0.191
1.363,-70.31,0.6141,-0.254
1.364,-7.03,0.6141,-0.331
1.365,77.34,0.6141,-0.268
1.366,67.19,0.6141,-0.177
1.367,75.16,0.6141,-0.134
1.368,147.03,0.6141,-0.026
1.369,95.47,0.6141,0.160
1.37,28.28,0.6141,0.165
1.371,66.56,0.6141,0.217
1.372,13.75,0.4483,0.298
1.373,-58.44,0.1169,0.244
1.374,-8.44,0.1169,0.181
1.375,-43.44,0.2580,0.228
1.376,-153.91,0.5403,0.094
1.377,-110.47,0.5403,-0.080
1.378,-75.16,0.5403,-0.127
1.379,-92.97,0.5403,-0.231
1.38,-16.87,0.5403,-0.313
1.381,36.41,0.5403,-0.264
1.382,35.94,0.5403,-0.240
1.383,87.97,0.5403,-0.193
1.384,110.00,0.5403,-0.064
1.385,74.37,0.5403,0.028
1.386,94.22,0.5403,0.085
1.387,102.34,0.5403,0.216
1.388,17.97,0.3727,0.289
1.389,-7.66,0.0375,0.252
1.39,-6.88,0.2218,0.274
1.391,-75.94,0.5903,0.238
1.392,-96.41,0.5903,0.122
1.393,-81.41,0.5903,0.045
1.394,-117.81,0.5903,-0.041
1.395,-108.91,0.5903,-0.190
1.396,-45.62,0.5903,-0.258
1.397,-28.91,0.5903,-0.282
1.398,20.16,0.5903,-0.316
1.399,102.03,0.5903,-0.241
1.4,94.84,0.5903,-0.112
1.401,88.75,0.5903,-0.052
1.402,117.66,0.5903,0.065
1.403,67.50,0.5903,0.184
1.404,20.16,0.5903,0.200
1.405,51.25,0.5903,0.224
1.406,15.47,0.6149,0.303
1.407,-77.97,0.6641,0.255
1.408,-58.12,0.6641,0.147
1.409,-67.50,0.6641,0.139
1.41,-139.06,0.6641,0.012
1.411,-87.66,0.6641,-0.139
1.412,-62.50,0.6641,-0.163
1.413,-98.91,0.6641,-0.264
1.414,-3.44,0.6641,-0.361
1.415,83.59,0.6641,-0.271
1.416,53.91,0.6641,-0.194
1.417,93.75,0.6641,-0.163
1.418,144.06,0.6641,-0.007
1.419,71.25,0.6641,0.125
1.42,48.59,0.6641,0.136
1.421,78.28,0.6641,0.222
1.422,9.06,0.6343,0.292
1.423,-30.16,0.5747,0.240
1.424,-8.44,0.5747,0.232
1.425,-86.09,0.5747,0.223
1.426,-142.03,0.5747,0.060
1.427,-76.56,0.5747,-0.061
1.428,-86.87,0.5747,-0.093
1.429,-94.53,0.5747,-0.235
1.43,-8.91,0.5747,-0.282
1.431,9.84,0.5747,-0.253
1.432,18.91,0.5747,-0.263
1.433,118.12,0.5747,-0.215
1.434,122.97,0.5747,-0.026
1.435,53.75,0.5747,0.031
1.436,95.31,0.5747,0.081
1.437,78.28,0.5747,0.222
1.438,2.50,0.3868,0.238
1.439,24.53,0.0109,0.227
1.44,-7.66,0.2133,0.287
1.441,-93.91,0.6181,0.212
1.442,-78.59,0.6181,0.099
1.443,-84.84,0.6181,0.054
1.444,-127.50,0.6181,-0.071
1.445,-85.47,0.6181,-0.201
1.446,-50.16,0.6181,-0.242
1.447,-44.84,0.6181,-0.301
1.448,37.34,0.6181,-0.331
1.449,96.09,0.6181,-0.226
1.45,70.62,0.6181,-0.139
1.451,102.50,0.6181,-0.085
1.452,118.28,0.6181,0.066
1.453,57.81,0.6181,0.152
1.454,40.31,0.6181,0.182
1.455,49.38,0.6181,0.232
1.456,-15.00,0.6101,0.280
1.457,-60.47,0.5941,0.202
1.458,-32.03,0.5941,0.159
1.459,-93.44,0.5941,0.138
1.46,-135.94,0.5941,-0.028
1.461,-63.59,0.5941,-0.134
1.462,-65.00,0.5941,-0.155
1.463,-79.53,0.5941,-0.264
1.464,14.84,0.5941,-0.314
1.465,50.47,0.5941,-0.234
1.466,42.97,0.5941,-0.213
1.467,118.91,0.5941,-0.148
1.468,117.03,0.5941,0.025
1.469,49.69,0.5941,0.086
1.47,87.03,0.5941,0.124
1.471,80.63,0.5941,0.260
1.472,-13.44,0.4135,0.286
1.473,-3.44,0.0525,0.233
1.474,-15.16,0.2239,0.279
1.475,-122.66,0.5666,0.203
1.476,-117.97,0.5666,0.033
1.477,-67.97,0.5666,-0.033
1.478,-105.16,0.5666,-0.103
1.479,-85.94,0.5666,-0.243
1.48,-22.19,0.5666,-0.274
1.481,8.75,0.5666,-0.288
1.482,75.47,0.5666,-0.257
1.483,102.81,0.5666,-0.137
1.484,71.72,0.5666,-0.051
1.485,80.47,0.5666,0.007
1.486,105.31,0.5666,0.110
1.487,66.88,0.5666,0.217
1.488,23.28,0.5666,0.243
1.489,22.50,0.5666,0.264
1.49,-31.72,0.5826,0.288
1.491,-83.75,0.6147,0.200
1.492,-77.03,0.6147,0.121
1.493,-115.47,0.6147,0.046
1.494,-125.63,0.6147,-0.110
1.495,-48.91,0.6147,-0.205
1.496,-38.91,0.6147,-0.208
1.497,-59.22,0.6147,-0.283
1.498,41.09,0.6147,-0.326
1.499,91.87,0.6147,-0.201
1.5,59.69,0.6147,-0.143
1.501,114.53,0.6147,-0.081
1.502,118.13,0.6147,0.087
1.503,49.84,0.6147,0.155
1.504,63.44,0.6147,0.186
1.505,47.34,0.4347,0.282
1.506,-37.34,0.0747,0.281
1.507,-30.94,0.0747,0.207
1.508,-34.22,0.2354,0.219
1.509,-127.03,0.5569,0.139
1.51,-113.44,0.5569,-0.035
1.511,-70.00,0.5569,-0.088
1.512,-96.72,0.5569,-0.175
1.513,-66.25,0.5569,-0.282
1.514,20.63,0.5569,-0.308
1.515,47.81,0.5569,-0.240
1.516,55.47,0.5569,-0.212
1.517,110.00,0.5569,-0.129
1.518,91.88,0.5569,0.008
1.519,55.62,0.5569,0.054
1.52,97.50,0.5569,0.119
1.521,64.53,0.5569,0.249
1.522,-1.09,0.5569,0.248
1.523,12.50,0.5569,0.247
1.524,-29.06,0.5642,0.273
1.525,-105.31,0.5788,0.189
1.526,-87.03,0.5788,0.063
1.527,-94.37,0.5788,0.015
1.528,-129.69,0.5788,-0.126
1.529,-61.72,0.5788,-0.244
1.53,-30.47,0.5788,-0.249
1.531,-15.62,0.5788,-0.305
1.532,68.28,0.5788,-0.281
1.533,92.03,0.5788,-0.169
1.534,76.56,0.5788,-0.097
1.535,117.19,0.5788,-0.016
1.536,105.78,0.5788,0.138
1.537,35.16,0.5788,0.196
1.538,42.03,0.5788,0.208
1.539,35.31,0.5825,0.280
1.54,-53.12,0.5900,0.279
1.541,-58.91,0.5900,0.174
1.542,-54.38,0.5900,0.161
1.543,-134.53,0.5900,0.065
1.544,-109.53,0.5900,-0.108
1.545,-46.25,0.5900,-0.154
1.546,-77.97,0.5900,-0.201
1.547,-46.41,0.5900,-0.310
1.548,69.37,0.5900,-0.293
1.549,58.59,0.5900,-0.171
1.55,41.88,0.5900,-0.176
1.551,126.88,0.5900,-0.088
1.552,112.03,0.5900,0.077
1.553,56.25,0.5900,0.137
1.554,81.25,0.5900,0.190
1.555,35.00,0.5903,0.299
1.556,-41.87,0.5909,0.260
1.557,-17.66,0.5909,0.215
1.558,-40.94,0.5909,0.225
1.559,-130.94,0.5909,0.133
1.56,-103.75,0.5909,-0.037
1.561,-74.22,0.5909,-0.074
1.562,-108.91,0.5909,-0.186
1.563,-50.78,0.5909,-0.292
1.564,12.34,0.5909,-0.287
1.565,28.44,0.5909,-0.267
1.566,78.91,0.5909,-0.230
1.567,121.25,0.5909,-0.109
1.568,86.09,0.5909,0.012
1.569,84.84,0.5909,0.063
1.57,95.94,0.5909,0.182
1.571,25.78,0.4057,0.255
1.572,7.03,0.0353,0.233
1.573,20.16,0.0353,0.269
1.574,-46.72,0.2159,0.274
1.575,-97.19,0.5772,0.175
1.576,-86.72,0.5772,0.079
1.577,-118.59,0.5772,0.002
1.578,-132.81,0.5772,-0.158
1.579,-56.72,0.5772,-0.264
1.58,-19.84,0.5772,-0.271
1.581,1.87,0.5772,-0.303
1.582,89.22,0.5772,-0.268
1.583,105.00,0.5772,-0.125
1.584,76.09,0.5772,-0.058
1.585,112.34,0.5772,0.027
1.586,96.09,0.5772,0.167
1.587,32.81,0.5772,0.219
1.588,39.69,0.5772,0.233
1.589,14.84,0.5878,0.299
1.59,-56.41,0.6091,0.263
1.591,-38.28,0.6091,0.186
1.592,-68.75,0.6091,0.186
1.593,-148.91,0.6091,0.048
1.594,-100.47,0.6091,-0.112
1.595,-59.06,0.6091,-0.153
1.596,-78.91,0.6091,-0.230
1.597,-15.47,0.6091,-0.310
1.598,48.91,0.6091,-0.261
1.599,42.81,0.6091,-0.212
1.6,86.72,0.6091,-0.175
1.601,139.53,0.6091,-0.039
1.602,78.44,0.6091,0.104
1.603,51.56,0.6091,0.118
1.604,79.22,0.6091,0.207
1.605,7.50,0.5931,0.276
1.606,-24.53,0.5612,0.222
1.607,5.00,0.5612,0.227
1.608,-61.56,0.5612,0.232
1.609,-125.31,0.5612,0.104
1.61,-80.47,0.5612,-0.019
1.611,-88.44,0.5612,-0.057
1.612,-114.06,0.5612,-0.196
1.613,-35.00,0.5612,-0.285
1.614,2.34,0.5422,-0.266
1.615,8.91,0.5041,-0.280
1.616,81.88,0.5041,-0.248
1.617,104.84,0.5041,-0.117
1.618,68.59,0.5041,-0.038
1.619,100.16,0.5041,0.021
1.62,100.00,0.5041,0.162
1.621,30.78,0.5041,0.221
1.622,31.25,0.5041,0.224
1.623,6.88,0.5358,0.283
1.624,-69.84,0.5994,0.238
1.625,-70.31,0.5994,0.143
1.626,-80.94,0.5994,0.097
1.627,-136.09,0.5994,-0.018
1.628,-105.00,0.5994,-0.175
1.629,-34.84,0.5994,-0.228
1.63,-43.91,0.5994,-0.245
1.631,-0.94,0.5994,-0.316
1.632,78.28,0.5994,-0.247
1.633,73.59,0.5994,-0.160
1.634,90.00,0.5994,-0.100
1.635,112.19,0.5994,0.020
1.636,65.16,0.5994,0.125
1.637,46.41,0.5994,0.151
1.638,69.37,0.5994,0.218
1.639,14.38,0.6022,0.289
1.64,-43.59,0.6078,0.246
1.641,-33.44,0.6078,0.202
1.642,-86.87,0.6078,0.179
1.643,-139.06,0.6078,0.028
1.644,-87.66,0.6078,-0.099
1.645,-76.72,0.6078,-0.147
1.646,-85.78,0.6078,-0.252
1.647,1.41,0.6078,-0.318
1.648,54.06,0.6078,-0.249
1.649,26.41,0.6078,-0.210
1.65,71.56,0.6078,-0.197
1.651,121.41,0.6078,-0.067
1.652,78.75,0.6078,0.046
1.653,94.84,0.6078,0.090
1.654,88.28,0.6078,0.236
1.655,-2.50,0.4172,0.267
1.656,4.37,0.0359,0.231
1.657,5.00,0.2096,0.276
1.658,-97.81,0.5569,0.241
1.659,-125.00,0.5569,0.080
1.66,-91.25,0.5569,-0.009
1.661,-118.44,0.5569,-0.103
1.662,-89.38,0.5569,-0.246
1.663,-4.53,0.5569,-0.281
1.664,-9.06,0.5531,-0.255
1.665,20.16,0.5456,-0.299
1.666,98.91,0.5456,-0.215
1.667,97.50,0.5456,-0.102
1.668,88.28,0.5456,-0.020
1.669,114.69,0.5456,0.075
1.67,70.94,0.5456,0.210
1.671,18.28,0.5456,0.217
1.672,47.81,0.5456,0.246
1.673,-10.00,0.5819,0.313
1.674,-80.94,0.6544,0.226
1.675,-49.84,0.6544,0.151
1.676,-98.75,0.6544,0.127
1.677,-150.16,0.6544,-0.047
1.678,-77.34,0.6544,-0.174
1.679,-57.66,0.6544,-0.202
1.68,-70.16,0.6544,-0.289
1.681,29.84,0.6544,-0.342
1.682,90.62,0.6544,-0.229
1.683,43.91,0.6544,-0.161
1.684,93.75,0.6544,-0.142
1.685,133.59,0.6544,0.027
1.686,61.09,0.6544,0.126
1.687,68.12,0.6544,0.149
1.688,71.25,0.6544,0.262
1.689,-10.31,0.6310,0.292
1.69,-29.06,0.5844,0.241
1.691,-24.53,0.5844,0.233
1.692,-107.66,0.5844,0.192
1.693,-141.41,0.5844,0.018
1.694,-73.28,0.5844,-0.091
1.695,-92.19,0.5844,-0.128
1.696,-82.19,0.5844,-0.275
1.697,22.03,0.5844,-0.293
1.698,28.75,0.5844,-0.231
1.699,35.16,0.5844,-0.235
1.7,110.47,0.5844,-0.161
1.701,102.66,0.5844,-0.014
1.702,48.59,0.5844,0.045
1.703,82.97,0.5844,0.083
1.704,72.03,0.5844,0.211
1.705,9.38,0.5844,0.227
1.706,20.94,0.5844,0.229
1.707,-22.97,0.5848,0.269
1.708,-100.31,0.5856,0.183
1.709,-87.19,0.5856,0.068
1.71,-92.19,0.5856,0.009
1.711,-129.53,0.5856,-0.116
1.712,-62.81,0.5856,-0.250
1.713,-15.31,0.5856,-0.242
1.714,-36.88,0.5856,-0.281
1.715,47.03,0.5856,-0.316
1.716,99.38,0.5856,-0.187
1.717,53.75,0.5856,-0.117
1.718,94.69,0.5856,-0.079
1.719,116.41,0.5856,0.072
1.72,58.59,0.5856,0.154
1.721,58.13,0.5856,0.190
1.722,54.38,0.5856,0.270
1.723,-23.75,0.6015,0.298
1.724,-59.06,0.6331,0.223
1.725,-61.56,0.6331,0.180
1.726,-124.53,0.6331,0.099
1.727,-123.44,0.6331,-0.069
1.728,-57.50,0.6331,-0.147
1.729,-76.88,0.6331,-0.184
1.73,-75.47,0.6331,-0.301
1.731,42.50,0.6331,-0.335
1.732,70.00,0.6331,-0.216
1.733,32.81,0.6331,-0.195
1.734,120.00,0.6331,-0.151
1.735,123.12,0.6331,0.045
1.736,47.97,0.6331,0.096
1.737,88.44,0.6331,0.141
1.738,61.72,0.4351,0.273
1.739,-19.53,0.0391,0.265
1.74,-1.56,0.0391,0.233
1.741,-27.34,0.2100,0.262
1.742,-118.28,0.5519,0.179
1.743,-108.28,0.5519,0.025
1.744,-82.50,0.5519,-0.038
1.745,-116.41,0.5519,-0.140
1.746,-68.12,0.5519,-0.271
1.747,-9.84,0.5519,-0.276
1.748,-3.91,0.5519,-0.290
1.749,60.31,0.5519,-0.284
1.75,115.47,0.5519,-0.170
1.751,79.06,0.5519,-0.053
1.752,84.84,0.5519,-0.012
1.753,117.19,0.5519,0.117
1.754,48.28,0.5519,0.223
1.755,15.16,0.5519,0.213
1.756,27.19,0.5519,0.253
1.757,-45.16,0.5605,0.268
1.758,-76.41,0.5778,0.163
1.759,-61.88,0.5778,0.115
1.76,-108.44,0.5778,0.039
1.761,-127.50,0.5778,-0.102
1.762,-63.75,0.5778,-0.216
1.763,-32.50,0.5778,-0.230
1.764,-35.47,0.5778,-0.281
1.765,58.12,0.5778,-0.301
1.766,90.94,0.5778,-0.165
1.767,51.41,0.5778,-0.119
1.768,106.41,0.5778,-0.062
1.769,100.16,0.5778,0.094
1.77,40.47,0.5778,0.138
1.771,69.37,0.5778,0.175
1.772,59.37,0.5778,0.277
1.773,-46.25,0.5862,0.294
1.774,-49.69,0.6031,0.185
1.775,-38.12,0.6031,0.194
1.776,-136.72,0.6031,0.108
1.777,-111.56,0.6031,-0.079
1.778,-47.81,0.6031,-0.115
1.779,-92.81,0.6031,-0.175
1.78,-67.34,0.6031,-0.300
1.781,33.59,0.6031,-0.309
1.782,42.50,0.6031,-0.233
1.783,64.06,0.6031,-0.224
1.784,137.03,0.6031,-0.105
1.785,94.69,0.6031,0.050
1.786,56.72,0.6031,0.084
1.787,90.62,0.6031,0.163
1.788,49.84,0.4073,0.266
1.789,-7.81,0.0156,0.263
1.79,0.78,0.0156,0.250
1.791,-56.72,0.1916,0.264
1.792,-128.75,0.5434,0.137
1.793,-98.75,0.5434,0.007
1.794,-92.66,0.5434,-0.061
1.795,-109.06,0.5434,-0.178
1.796,-39.84,0.5434,-0.279
1.797,5.78,0.5434,-0.258
1.798,-3.12,0.5434,-0.268
1.799,72.81,0.5434,-0.264
1.8,98.44,0.5434,-0.122
1.801,62.03,0.5434,-0.068
1.802,115.00,0.5434,0.002
1.803,113.91,0.5434,0.163
1.804,17.81,0.3729,0.230
1.805,26.87,0.0319,0.198
1.806,37.97,0.2195,0.284
1.807,-58.12,0.5947,0.274
1.808,-72.50,0.5947,0.168
1.809,-68.75,0.5947,0.129
1.81,-125.63,0.5947,0.030
1.811,-110.16,0.5947,-0.122
1.812,-53.91,0.5947,-0.190
1.813,-60.31,0.5947,-0.230
1.814,-23.13,0.5947,-0.311
1.815,63.28,0.5947,-0.276
1.816,56.72,0.5947,-0.184
1.817,76.09,0.5947,-0.163
1.818,142.34,0.5947,-0.032
1.819,86.87,0.5947,0.122
1.82,36.88,0.5947,0.142
1.821,63.59,0.5947,0.196
1.822,28.75,0.5886,0.269
1.823,-34.84,0.5766,0.253
1.824,-30.63,0.5766,0.199
1.825,-74.22,0.5766,0.192
1.826,-131.09,0.5766,0.051
1.827,-70.16,0.5766,-0.070
1.828,-66.09,0.5766,-0.090
1.829,-109.06,0.5766,-0.203
1.83,-31.41,0.5766,-0.308
1.831,41.72,0.5766,-0.265
1.832,27.81,0.5766,-0.224
1.833,70.31,0.5766,-0.210
1.834,114.53,0.5766,-0.084
1.835,85.62,0.5766,0.019
1.836,82.50,0.5766,0.088
1.837,79.38,0.5766,0.184
1.838,31.25,0.5766,0.246
1.839,16.25,0.5766,0.247
1.84,-1.87,0.5704,0.279
1.841,-74.53,0.5581,0.243
1.842,-107.66,0.5581,0.130
1.843,-97.34,0.5581,0.028
1.844,-101.72,0.5581,-0.065
1.845,-89.22,0.5581,-0.176
1.846,-32.66,0.5581,-0.243
1.847,-17.97,0.5581,-0.241
1.848,-1.41,0.5581,-0.279
1.849,61.87,0.5581,-0.244
1.85,76.09,0.5581,-0.156
1.851,81.41,0.5581,-0.092
1.852,125.63,0.5581,0.007
1.853,88.59,0.5581,0.160
1.854,26.25,0.5581,0.184
1.855,53.75,0.5581,0.212
1.856,17.34,0.5788,0.292
1.857,-58.59,0.6200,0.247
1.858,-40.00,0.6200,0.175
1.859,-86.25,0.6200,0.167
1.86,-153.13,0.6200,0.002
1.861,-85.16,0.6200,-0.139
1.862,-53.75,0.6200,-0.168
1.863,-80.00,0.6200,-0.247
1.864,2.50,0.6200,-0.328
1.865,71.56,0.6200,-0.242
1.866,37.66,0.6200,-0.185
1.867,83.91,0.6200,-0.167
1.868,134.22,0.6200,-0.017
1.869,69.84,0.6200,0.102
1.87,64.37,0.6200,0.123
1.871,78.44,0.6200,0.231
1.872,9.84,0.6118,0.279
1.873,-18.75,0.5953,0.250
1.874,-22.34,0.5953,0.242
1.875,-81.72,0.5953,0.206
1.876,-116.41,0.5953,0.078
1.877,-83.44,0.5953,-0.027
1.878,-109.06,0.5953,-0.088
1.879,-113.75,0.5953,-0.245
1.88,-5.47,0.5953,-0.316
1.881,24.53,0.5601,-0.256
1.882,26.72,0.4897,-0.267
1.883,98.44,0.4897,-0.203
1.884,108.75,0.4897,-0.070
1.885,65.94,0.4897,0.015
1.886,104.06,0.4897,0.062
1.887,96.41,0.4897,0.223
1.888,5.16,0.3336,0.255
1.889,17.03,0.0216,0.233
1.89,-4.53,0.2137,0.289
1.891,-98.12,0.5981,0.224
1.892,-83.44,0.5981,0.092
1.893,-74.06,0.5981,0.057
1.894,-135.16,0.5981,-0.056
1.895,-93.28,0.5981,-0.213
1.896,-27.97,0.5981,-0.242
1.897,-33.59,0.5981,-0.269
1.898,27.81,0.5981,-0.309
1.899,92.34,0.5981,-0.213
1.9,52.97,0.5981,-0.125
1.901,88.75,0.5981,-0.108
1.902,136.25,0.5981,0.053
1.903,62.34,0.5981,0.165
1.904,43.59,0.5981,0.177
1.905,52.34,0.5981,0.252
1.906,-13.91,0.6029,0.282
1.907,-47.03,0.6125,0.224
1.908,-23.44,0.6125,0.188
1.909,-94.84,0.6125,0.177
1.91,-148.59,0.6125,-0.002
1.911,-75.63,0.6125,-0.120
1.912,-73.44,0.6125,-0.153
1.913,-88.75,0.6125,-0.267
1.914,12.97,0.6125,-0.330
1.915,67.66,0.6125,-0.241
1.916,36.72,0.6125,-0.195
1.917,96.72,0.6125,-0.167
1.918,119.06,0.6125,-0.002
1.919,45.47,0.6125,0.071
1.92,70.78,0.6125,0.089
1.921,77.19,0.6125,0.212
1.922,7.19,0.4140,0.244
1.923,0.94,0.0169,0.227
1.924,-14.22,0.1849,0.246
1.925,-97.66,0.5209,0.198
1.926,-103.91,0.5209,0.050
1.927,-73.59,0.5209,-0.009
1.928,-123.44,0.5209,-0.097
1.929,-89.22,0.5209,-0.256
1.93,-3.12,0.5209,-0.275
1.931,-9.22,0.5255,-0.263
1.932,44.69,0.5347,-0.294
1.933,114.84,0.5347,-0.173
1.934,77.03,0.5347,-0.064
1.935,63.13,0.5347,-0.019
1.936,101.41,0.5347,0.062
1.937,78.12,0.5347,0.184
1.938,28.59,0.5347,0.218
1.939,29.38,0.5347,0.241
1.94,-14.22,0.5558,0.277
1.941,-68.28,0.5981,0.212
1.942,-60.16,0.5981,0.141
1.943,-107.50,0.5981,0.092
1.944,-143.13,0.5981,-0.074
1.945,-65.94,0.5981,-0.194
1.946,-45.16,0.5981,-0.206
1.947,-57.34,0.5981,-0.284
1.948,35.31,0.5981,-0.321
1.949,83.13,0.5981,-0.214
1.95,46.25,0.5981,-0.155
1.951,111.25,0.5981,-0.121
1.952,126.41,0.5981,0.068
1.953,32.50,0.5981,0.132
1.954,52.03,0.5981,0.133
1.955,73.59,0.5981,0.236
1.956,-18.28,0.5967,0.280
1.957,-48.44,0.5937,0.199
1.958,-27.19,0.5937,0.183
1.959,-96.09,0.5937,0.145
1.96,-114.37,0.5937,-0.009
1.961,-72.19,0.5937,-0.084
1.962,-102.97,0.5937,-0.153
1.963,-80.16,0.5937,-0.290
1.964,28.12,0.5937,-0.314
1.965,50.00,0.5937,-0.234
1.966,45.94,0.5937,-0.214
1.967,108.13,0.5937,-0.142
1.968,89.22,0.5937,0.003
1.969,54.06,0.5937,0.037
1.97,105.31,0.5937,0.111
1.971,68.44,0.5937,0.247
1.972,-7.50,0.4009,0.248
1.973,12.97,0.0153,0.232
1.974,-28.44,0.2000,0.273
1.975,-108.75,0.5694,0.175
1.976,-84.06,0.5694,0.056
1.977,-79.06,0.5694,0.007
1.978,-111.56,0.5694,-0.102
1.979,-63.44,0.5694,-0.216
1.98,-30.47,0.5694,-0.229
1.981,-30.31,0.5694,-0.277
1.982,65.94,0.5694,-0.290
1.983,109.69,0.5694,-0.145
1.984,58.12,0.5694,-0.070
1.985,92.03,0.5694,-0.029
1.986,111.87,0.5694,0.114
1.987,49.84,0.5694,0.195
1.988,42.34,0.5694,0.213
1.989,40.00,0.5694,0.280
1.99,-31.09,0.5839,0.293
1.991,-62.34,0.6128,0.218
1.992,-56.56,0.6128,0.169
1.993,-109.69,0.6128,0.104
1.994,-114.06,0.6128,-0.051
1.995,-63.91,0.6128,-0.124
1.996,-86.88,0.6128,-0.178
1.997,-70.47,0.6128,-0.297
1.998,40.78,0.6128,-0.319
1.999,70.47,0.6128,-0.216
2,52.66,0.6128,-0.178
2.001,127.19,0.6128,-0.111
2.002,111.25,0.6128,0.076
2.003,48.91,0.6128,0.112
2.004,85.94,0.6128,0.174
2.005,51.72,0.4252,0.284
2.006,-25.00,0.0500,0.277
2.007,-12.19,0.0500,0.234
2.008,-45.62,0.2181,0.253
2.009,-143.91,0.5544,0.143
2.01,-109.38,0.5544,-0.035
2.011,-78.12,0.5544,-0.076
2.012,-112.66,0.5544,-0.191
2.013,-45.00,0.5544,-0.302
2.014,9.84,0.5544,-0.281
2.015,0.94,0.5544,-0.282
2.016,62.34,0.5544,-0.279
2.017,110.31,0.5544,-0.157
2.018,76.87,0.5544,-0.059
2.019,89.84,0.5544,-0.003
2.02,117.66,0.5544,0.121
2.021,46.25,0.3757,0.232
2.022,16.56,0.0184,0.213
2.023,23.28,0.1954,0.265
2.024,-44.84,0.5494,0.260
2.025,-78.75,0.5494,0.175
2.026,-75.78,0.5494,0.103
2.027,-127.50,0.5494,0.024
2.028,-133.59,0.5494,-0.153
2.029,-40.78,0.5494,-0.243
2.03,-20.47,0.5494,-0.234
2.031,-21.88,0.5494,-0.284
2.032,57.81,0.5494,-0.278
2.033,82.19,0.5494,-0.169
2.034,74.53,0.5494,-0.113
2.035,122.50,0.5494,-0.020
2.036,93.44,0.5494,0.132
2.037,26.56,0.5494,0.167
2.038,41.25,0.5494,0.185
2.039,25.47,0.5598,0.250
2.04,-34.53,0.5806,0.236
2.041,-28.59,0.5806,0.181
2.042,-61.72,0.5806,0.178
2.043,-143.44,0.5806,0.057
2.044,-94.22,0.5806,-0.108
2.045,-62.34,0.5806,-0.131
2.046,-99.84,0.5806,-0.233
2.047,-15.94,0.5806,-0.331
2.048,69.53,0.5806,-0.265
2.049,46.56,0.5806,-0.192
2.05,71.41,0.5806,-0.172
2.051,116.88,0.5806,-0.049
2.052,73.75,0.5806,0.062
2.053,58.59,0.5806,0.098
2.054,88.59,0.5806,0.179
2.055,33.59,0.3969,0.276
2.056,-3.59,0.0294,0.246
2.057,8.28,0.2037,0.268
2.058,-67.97,0.5525,0.263
2.059,-128.28,0.5525,0.133
2.06,-90.47,0.5525,0.006
2.061,-90.00,0.5525,-0.048
2.062,-117.81,0.5525,-0.174
2.063,-36.25,0.5525,-0.284
2.064,8.13,0.5190,-0.246
2.065,-1.72,0.4519,-0.268
2.066,73.75,0.4519,-0.250
2.067,103.28,0.4519,-0.120
2.068,74.37,0.4519,-0.043
2.069,113.59,0.4519,0.028
2.07,99.38,0.4519,0.184
2.071,14.84,0.3057,0.227
2.072,46.25,0.0134,0.214
2.073,25.00,0.2327,0.320
2.074,-77.34,0.6712,0.264
2.075,-76.72,0.6712,0.165
2.076,-90.16,0.6712,0.110
2.077,-133.13,0.6712,-0.015
2.078,-101.09,0.6712,-0.156
2.079,-51.72,0.6712,-0.218
2.08,-67.03,0.6712,-0.259
2.081,-5.62,0.6712,-0.352
2.082,92.34,0.6712,-0.271
2.083,64.22,0.6712,-0.167
2.084,68.12,0.6712,-0.142
2.085,118.59,0.6712,-0.031
2.086,78.28,0.6712,0.095
2.087,52.19,0.6712,0.126
2.088,67.81,0.6712,0.199
2.089,6.72,0.6473,0.262
2.09,-36.41,0.5994,0.213
2.091,-7.19,0.5994,0.189
2.092,-72.66,0.5994,0.198
2.093,-145.00,0.5994,0.043
2.094,-79.38,0.5994,-0.092
2.095,-84.69,0.5994,-0.115
2.096,-111.25,0.5994,-0.261
2.097,-7.34,0.5994,-0.338
2.098,41.09,0.5994,-0.276
2.099,25.31,0.5994,-0.256
2.1,98.28,0.5994,-0.225
2.101,115.47,0.5994,-0.059
2.102,59.22,0.5994,0.006
2.103,104.37,0.5994,0.059
2.104,97.66,0.5994,0.215
2.105,-1.56,0.4140,0.255
2.106,-3.59,0.0431,0.212
2.107,3.59,0.2108,0.248
2.108,-82.19,0.5462,0.219
2.109,-112.50,0.5462,0.083
2.11,-74.37,0.5462,-0.006
2.111,-105.47,0.5462,-0.066
2.112,-100.31,0.5462,-0.217
2.113,-22.97,0.5462,-0.266
2.114,-16.25,0.5462,-0.263
2.115,17.34,0.5462,-0.299
2.116,77.66,0.5462,-0.228
2.117,83.13,0.5462,-0.143
2.118,89.22,0.5462,-0.062
2.119,111.09,0.5462,0.035
2.12,83.59,0.5462,0.160
2.121,28.13,0.5462,0.202
2.122,54.69,0.5462,0.216
2.123,20.31,0.5862,0.312
2.124,-62.19,0.6662,0.257
2.125,-42.19,0.6662,0.187
2.126,-95.62,0.6662,0.173
2.127,-150.78,0.6662,-0.004
2.128,-81.56,0.6662,-0.129
2.129,-80.00,0.6662,-0.167
2.13,-93.75,0.6662,-0.289
2.131,18.28,0.6662,-0.355
2.132,75.94,0.6662,-0.253
2.133,43.12,0.6662,-0.203
2.134,98.75,0.6662,-0.166
2.135,129.69,0.6662,-0.005
2.136,72.03,0.6662,0.093
2.137,68.75,0.6662,0.139
2.138,65.47,0.6662,0.231
2.139,12.19,0.6329,0.270
2.14,-21.56,0.5662,0.255
2.141,-26.09,0.5662,0.227
2.142,-103.91,0.5662,0.203
2.143,-142.34,0.5662,0.019
2.144,-72.34,0.5662,-0.082
2.145,-89.06,0.5662,-0.126
2.146,-85.31,0.5662,-0.260
2.147,-3.91,0.5662,-0.297
2.148,15.78,0.5662,-0.268
2.149,40.47,0.5662,-0.265
2.15,110.94,0.5662,-0.187
2.151,101.09,0.5662,-0.043
2.152,65.00,0.5662,0.015
2.153,95.62,0.5662,0.087
2.154,73.59,0.5662,0.207
2.155,14.38,0.5662,0.234
2.156,27.66,0.5662,0.235
2.157,-6.56,0.5846,0.289
2.158,-94.22,0.6213,0.222
2.159,-91.72,0.6213,0.101
2.16,-87.66,0.6213,0.039
2.161,-122.03,0.6213,-0.074
2.162,-87.03,0.6213,-0.205
2.163,-40.62,0.6213,-0.248
2.164,-41.72,0.6213,-0.287
2.165,37.34,0.6213,-0.332
2.166,92.03,0.6213,-0.212
2.167,68.75,0.6213,-0.148
2.168,115.00,0.6213,-0.074
2.169,122.50,0.6213,0.082
2.17,55.78,0.6213,0.171
2.171,44.38,0.6213,0.194
2.172,40.63,0.6213,0.259
2.173,-34.69,0.6154,0.275
2.174,-44.22,0.6037,0.190
2.175,-29.53,0.6037,0.187
2.176,-112.97,0.6037,0.131
2.177,-140.63,0.6037,-0.039
2.178,-61.41,0.6037,-0.150
2.179,-72.50,0.6037,-0.162
2.18,-83.28,0.6037,-0.295
2.181,31.88,0.6037,-0.329
2.182,68.13,0.6037,-0.232
2.183,50.62,0.6037,-0.193
2.184,113.91,0.6037,-0.130
2.185,111.87,0.6037,0.035
2.186,50.94,0.6037,0.093
2.187,76.87,0.6037,0.137
2.188,57.81,0.6037,0.247
2.189,-6.72,0.5783,0.253
2.19,-5.16,0.5275,0.234
2.191,-31.25,0.5275,0.242
2.192,-101.09,0.5275,0.171
2.193,-95.00,0.5275,0.040
2.194,-92.19,0.5275,-0.019
2.195,-127.97,0.5275,-0.144
2.196,-61.09,0.5275,-0.275
2.197,7.66,0.5275,-0.266
2.198,1.09,0.5275,-0.259
2.199,58.28,0.5275,-0.264
2.2,117.50,0.5275,-0.143
2.201,79.06,0.5275,-0.029
2.202,71.09,0.5275,0.015
2.203,105.31,0.5275,0.113
2.204,52.34,0.5275,0.226
2.205,7.97,0.5275,0.218
2.206,27.81,0.5275,0.242
2.207,-21.72,0.5432,0.273
2.208,-71.88,0.5747,0.198
2.209,-74.69,0.5747,0.130
2.21,-117.81,0.5747,0.049
2.211,-129.84,0.5747,-0.106
2.212,-56.09,0.5747,-0.211
2.213,-44.69,0.5747,-0.218
2.214,-41.56,0.5747,-0.300
2.215,60.94,0.5747,-0.301
2.216,90.31,0.5747,-0.178
2.217,58.59,0.5747,-0.121
2.218,100.63,0.5747,-0.061
2.219,94.37,0.5747,0.081
2.22,43.28,0.5747,0.128
2.221,71.41,0.5747,0.167
2.222,53.12,0.5747,0.271
2.223,-35.78,0.4079,0.273
2.224,-30.78,0.0744,0.199
2.225,-27.66,0.2355,0.212
2.226,-126.09,0.5578,0.144
2.227,-125.16,0.5578,-0.040
2.228,-69.69,0.5578,-0.107
2.229,-99.38,0.5578,-0.180
2.23,-69.53,0.5578,-0.305
2.231,28.91,0.5578,-0.319
2.232,43.91,0.5578,-0.248
2.233,67.97,0.5578,-0.231
2.234,128.44,0.5578,-0.112
2.235,86.56,0.5578,0.026
2.236,52.19,0.5578,0.062
2.237,87.50,0.5578,0.130
2.238,48.75,0.5578,0.237
2.239,1.25,0.5578,0.228
2.24,18.28,0.5578,0.239
2.241,-26.41,0.5556,0.264
2.242,-104.69,0.5512,0.186
2.243,-107.34,0.5512,0.055
2.244,-105.94,0.5512,-0.028
2.245,-129.22,0.5512,-0.157
2.246,-57.34,0.5512,-0.287
2.247,-26.09,0.5564,-0.272
2.248,-20.78,0.5666,-0.339
2.249,94.06,0.5666,-0.313
2.25,115.94,0.5666,-0.151
2.251,66.09,0.5666,-0.081
2.252,107.34,0.5666,-0.019
2.253,116.72,0.5666,0.133
2.254,47.03,0.5666,0.215
2.255,34.84,0.5666,0.228
2.256,21.72,0.5740,0.284
2.257,-60.47,0.5888,0.271
2.258,-67.03,0.5888,0.163
2.259,-55.47,0.5888,0.137
2.26,-114.37,0.5888,0.052
2.261,-104.22,0.5888,-0.092
2.262,-58.91,0.5888,-0.156
2.263,-74.22,0.5888,-0.210
2.264,-35.31,0.5888,-0.304
2.265,56.56,0.5888,-0.280
2.266,67.19,0.5888,-0.191
2.267,77.34,0.5888,-0.146
2.268,119.84,0.5888,-0.037
2.269,69.22,0.5888,0.094
2.27,43.91,0.5888,0.102
2.271,90.94,0.5888,0.182
2.272,47.81,0.5947,0.284
2.273,-34.22,0.6066,0.277
2.274,-26.56,0.6066,0.215
2.275,-57.34,0.6066,0.224
2.276,-137.19,0.6066,0.101
2.277,-102.81,0.6066,-0.050
2.278,-87.34,0.6066,-0.105
2.279,-108.91,0.6066,-0.225
2.28,-16.41,0.6066,-0.323
2.281,26.56,0.5495,-0.258
2.282,11.56,0.4353,-0.270
2.283,80.47,0.4353,-0.235
2.284,130.94,0.4353,-0.109
2.285,83.59,0.4353,0.027
2.286,69.22,0.4353,0.058
2.287,100.63,0.4353,0.166
2.288,42.97,0.4856,0.260
2.289,-1.25,0.5863,0.252
2.29,-9.06,0.5863,0.257
2.291,-78.44,0.5863,0.233
2.292,-96.56,0.5863,0.100
2.293,-63.44,0.5863,0.040
2.294,-129.06,0.5863,-0.027
2.295,-115.16,0.5863,-0.218
2.296,-15.94,0.5863,-0.257
2.297,-34.84,0.5863,-0.250
2.298,-9.53,0.5863,-0.327
2.299,107.81,0.5863,-0.269
2.3,107.03,0.5863,-0.111
2.301,67.50,0.5863,-0.055
2.302,110.47,0.5863,0.024
2.303,83.44,0.5863,0.166
2.304,22.66,0.5863,0.191
2.305,54.69,0.5863,0.212
2.306,33.59,0.6035,0.300
2.307,-67.50,0.6381,0.279
2.308,-58.91,0.6381,0.165
2.309,-69.37,0.6381,0.161
2.31,-149.38,0.6381,0.027
2.311,-89.22,0.6381,-0.138
2.312,-54.22,0.6381,-0.152
2.313,-92.97,0.6381,-0.246
2.314,-12.97,0.6381,-0.338
2.315,61.88,0.6381,-0.272
2.316,39.53,0.6381,-0.214
2.317,88.13,0.6381,-0.193
2.318,133.44,0.6381,-0.038
2.319,62.81,0.6381,0.074
2.32,60.31,0.6381,0.088
2.321,89.06,0.6381,0.194
2.322,5.78,0.6117,0.266
2.323,-30.31,0.5588,0.206
2.324,-1.72,0.5588,0.205
2.325,-69.22,0.5588,0.203
2.326,-117.03,0.5588,0.067
2.327,-71.25,0.5588,-0.032
2.328,-85.94,0.5588,-0.076
2.329,-108.59,0.5588,-0.203
2.33,-21.72,0.5588,-0.293
2.331,16.87,0.5294,-0.247
2.332,7.03,0.4706,-0.259
2.333,93.13,0.4706,-0.233
2.334,111.41,0.4706,-0.073
2.335,64.06,0.4706,-0.010
2.336,110.78,0.4706,0.055
2.337,98.91,0.4706,0.212
2.338,0.16,0.3275,0.253
2.339,30.78,0.0413,0.212
2.34,23.44,0.2424,0.315
2.341,-92.03,0.6447,0.259
2.342,-79.22,0.6447,0.131
2.343,-72.81,0.6447,0.100
2.344,-129.22,0.6447,-0.015
2.345,-83.13,0.6447,-0.158
2.346,-32.34,0.6447,-0.181
2.347,-74.37,0.6447,-0.223
2.348,-2.03,0.6447,-0.330
2.349,96.41,0.6447,-0.227
2.35,69.38,0.6447,-0.137
2.351,85.94,0.6447,-0.088
2.352,116.25,0.6447,0.035
2.353,50.78,0.6447,0.144
2.354,26.56,0.6447,0.136
2.355,66.88,0.6447,0.198
2.356,6.09,0.6286,0.270
2.357,-47.50,0.5966,0.210
2.358,-29.53,0.5966,0.175
2.359,-84.38,0.5966,0.151
2.36,-139.84,0.5966,0.006
2.361,-83.91,0.5966,-0.129
2.362,-68.28,0.5966,-0.162
2.363,-82.50,0.5966,-0.266
2.364,0.62,0.5966,-0.327
2.365,51.87,0.5966,-0.264
2.366,31.41,0.5966,-0.223
2.367,95.31,0.5966,-0.202
2.368,128.12,0.5966,-0.032
2.369,60.00,0.5966,0.055
2.37,85.78,0.5966,0.088
2.371,84.69,0.5966,0.226
2.372,1.25,0.5941,0.257
2.373,-10.16,0.5891,0.229
2.374,-28.13,0.5891,0.237
2.375,-98.28,0.5891,0.173
2.376,-101.41,0.5891,0.040
2.377,-68.59,0.5891,-0.030
2.378,-114.69,0.5891,-0.097
2.379,-95.00,0.5891,-0.260
2.38,-25.00,0.5891,-0.287
2.381,-22.50,0.5891,-0.310
2.382,37.34,0.5891,-0.332
2.383,120.78,0.5891,-0.235
2.384,100.78,0.5891,-0.090
2.385,81.25,0.5891,-0.033
2.386,112.03,0.5891,0.072
2.387,64.37,0.5891,0.191
2.388,31.09,0.5891,0.201
2.389,60.47,0.5891,0.253
2.39,-6.09,0.6183,0.322
2.391,-81.88,0.6769,0.241
2.392,-72.66,0.6769,0.158
2.393,-133.28,0.6769,0.095
2.394,-162.81,0.6769,-0.108
2.395,-56.72,0.6769,-0.230
2.396,-37.66,0.6769,-0.222
2.397,-66.56,0.6769,-0.306
2.398,34.69,0.6769,-0.355
2.399,86.25,0.6769,-0.236
2.4,56.25,0.6769,-0.183
2.401,117.50,0.6769,-0.124
2.402,123.59,0.6769,0.052
2.403,41.09,0.6769,0.123
2.404,76.25,0.6769,0.135
2.405,74.22,0.6769,0.276
2.406,-25.47,0.4706,0.283
2.407,-18.75,0.0581,0.225
2.408,-25.78,0.2215,0.246
2.409,-135.31,0.5481,0.173
2.41,-143.91,0.5481,-0.025
2.411,-64.69,0.5481,-0.114
2.412,-93.13,0.5481,-0.154
2.413,-74.06,0.5481,-0.301
2.414,23.75,0.5481,-0.302
2.415,31.56,0.5481,-0.253
2.416,50.16,0.5481,-0.239
2.417,113.28,0.5481,-0.153
2.418,101.88,0.5481,-0.013
2.419,65.16,0.5481,0.051
2.42,97.50,0.5481,0.118
2.421,58.59,0.3713,0.246
2.422,-8.75,0.0175,0.235
2.423,15.94,0.0175,0.228
2.424,-21.88,0.2061,0.267
2.425,-105.94,0.5834,0.185
2.426,-87.19,0.5834,0.055
2.427,-80.94,0.5834,0.010
2.428,-116.88,0.5834,-0.107
2.429,-69.69,0.5834,-0.223
2.43,-33.91,0.5834,-0.247
2.431,-30.16,0.5834,-0.291
2.432,48.91,0.5834,-0.307
2.433,93.28,0.5834,-0.193
2.434,68.59,0.5834,-0.120
2.435,110.47,0.5834,-0.056
2.436,125.62,0.5834,0.101
2.437,45.94,0.5834,0.195
2.438,40.78,0.5834,0.193
2.439,50.16,0.5834,0.277
2.44,-35.47,0.5929,0.293
2.441,-69.22,0.6119,0.206
2.442,-45.62,0.6119,0.154
2.443,-107.97,0.6119,0.114
2.444,-126.72,0.6119,-0.062
2.445,-55.78,0.6119,-0.139
2.446,-78.59,0.6119,-0.173
2.447,-72.97,0.6119,-0.296
2.448,51.09,0.6119,-0.319
2.449,73.91,0.6119,-0.194
2.45,39.84,0.6119,-0.171
2.451,115.00,0.6119,-0.114
2.452,105.94,0.6119,0.059
2.453,35.78,0.6119,0.098
2.454,90.78,0.6119,0.130
2.455,78.75,0.6119,0.279
2.456,-10.78,0.4180,0.288
2.457,-7.97,0.0303,0.258
2.458,-51.09,0.2048,0.272
2.459,-133.28,0.5538,0.155
2.46,-99.38,0.5538,0.005
2.461,-77.50,0.5538,-0.043
2.462,-119.22,0.5538,-0.150
2.463,-57.81,0.5538,-0.282
2.464,-0.78,0.5410,-0.265
2.465,1.25,0.5156,-0.283
2.466,65.94,0.5156,-0.263
2.467,112.50,0.5156,-0.152
2.468,84.53,0.5156,-0.038
2.469,81.09,0.5156,0.018
2.47,98.75,0.5156,0.124
2.471,48.59,0.5156,0.215
2.472,8.59,0.5156,0.222
2.473,12.97,0.5156,0.232
2.474,-33.91,0.5264,0.248
2.475,-79.84,0.5478,0.164
2.476,-83.13,0.5478,0.088
2.477,-108.13,0.5478,-0.002
2.478,-112.50,0.5478,-0.128
2.479,-58.75,0.5478,-0.227
2.48,-36.72,0.5478,-0.246
2.481,-18.28,0.5478,-0.300
2.482,55.16,0.5478,-0.283
2.483,80.47,0.5478,-0.190
2.484,68.59,0.5478,-0.122
2.485,132.97,0.5478,-0.053
2.486,113.44,0.5478,0.144
2.487,18.75,0.5478,0.174
2.488,46.87,0.5478,0.182
2.489,34.06,0.5579,0.268
2.49,-43.75,0.5781,0.250
2.491,-42.34,0.5781,0.180
2.492,-54.06,0.5781,0.165
2.493,-127.50,0.5781,0.072
2.494,-93.28,0.5781,-0.090
2.495,-53.44,0.5781,-0.114
2.496,-97.97,0.5781,-0.197
2.497,-52.81,0.5781,-0.310
2.498,39.53,0.5781,-0.302
2.499,43.28,0.5781,-0.231
2.5,70.94,0.5781,-0.216
2.501,130.78,0.5781,-0.089
2.502,83.13,0.5781,0.046
2.503,62.19,0.5781,0.077
2.504,89.06,0.5781,0.170
2.505,28.75,0.3945,0.255
2.506,-7.81,0.0272,0.228
2.507,12.66,0.0272,0.239
2.508,-56.56,0.1926,0.253
2.509,-132.97,0.5234,0.126
2.51,-87.03,0.5234,-0.013
2.511,-90.00,0.5234,-0.048
2.512,-111.25,0.5234,-0.193
2.513,-29.22,0.5234,-0.270
2.514,5.47,0.5234,-0.251
2.515,17.66,0.5234,-0.259
2.516,75.94,0.5234,-0.216
2.517,95.47,0.5234,-0.108
2.518,69.53,0.5234,-0.025
2.519,90.62,0.5234,0.032
2.52,90.94,0.5234,0.156
2.521,24.38,0.5234,0.213
2.522,38.91,0.5234,0.205
2.523,27.66,0.5571,0.291
2.524,-62.97,0.6244,0.260
2.525,-68.44,0.6244,0.165
2.526,-71.56,0.6244,0.123
2.527,-126.25,0.6244,0.022
2.528,-91.88,0.6244,-0.129
2.529,-45.94,0.6244,-0.162
2.53,-85.78,0.6244,-0.221
2.531,-35.78,0.6244,-0.333
2.532,83.44,0.6244,-0.292
2.533,72.03,0.6244,-0.166
2.534,68.75,0.6244,-0.148
2.535,129.06,0.6244,-0.029
2.536,83.75,0.6244,0.110
2.537,44.38,0.6244,0.139
2.538,75.94,0.6244,0.198
2.539,29.69,0.6216,0.291
2.54,-39.37,0.6159,0.258
2.541,-24.69,0.6159,0.212
2.542,-75.00,0.6159,0.208
2.543,-143.13,0.6159,0.062
2.544,-84.69,0.6159,-0.078
2.545,-70.94,0.6159,-0.108
2.546,-108.91,0.6159,-0.220
2.547,-27.34,0.6159,-0.325
2.548,46.41,0.6159,-0.274
2.549,19.53,0.6159,-0.233
2.55,73.75,0.6159,-0.235
2.551,131.72,0.6159,-0.085
2.552,74.53,0.6159,0.028
2.553,82.34,0.6159,0.064
2.554,92.81,0.6159,0.193
2.555,5.00,0.4262,0.250
2.556,5.47,0.0469,0.203
2.557,5.94,0.2082,0.261
2.558,-76.56,0.5309,0.215
2.559,-98.59,0.5309,0.108
2.56,-84.84,0.5309,0.018
2.561,-116.88,0.5309,-0.062
2.562,-104.06,0.5309,-0.216
2.563,-18.12,0.5309,-0.270
2.564,-20.47,0.5297,-0.253
2.565,7.97,0.5272,-0.311
2.566,97.97,0.5272,-0.237
2.567,92.50,0.5272,-0.115
2.568,75.47,0.5272,-0.052
2.569,116.09,0.5272,0.036
2.57,89.38,0.5272,0.181
2.571,17.66,0.5272,0.214
2.572,33.91,0.5272,0.216
2.573,0.16,0.5543,0.282
2.574,-68.28,0.6084,0.216
2.575,-41.56,0.6084,0.146
2.576,-80.94,0.6084,0.133
2.577,-142.50,0.6084,-0.016
2.578,-85.16,0.6084,-0.152
2.579,-46.72,0.6084,-0.187
2.58,-69.84,0.6084,-0.245
2.581,4.37,0.6084,-0.326
2.582,64.22,0.6084,-0.237
2.583,25.63,0.6084,-0.198
2.584,100.63,0.6084,-0.185
2.585,147.97,0.6084,0.003
2.586,61.41,0.6084,0.111
2.587,60.31,0.6084,0.126
2.588,67.19,0.6084,0.231
2.589,3.28,0.5873,0.261
2.59,-12.50,0.5450,0.238
2.591,-15.47,0.5450,0.236
2.592,-98.28,0.5450,0.207
2.593,-138.59,0.5450,0.039
2.594,-73.91,0.5450,-0.070
2.595,-77.81,0.5450,-0.109
2.596,-87.81,0.5450,-0.226
2.597,-10.16,0.5450,-0.284
2.598,15.94,0.5450,-0.246
2.599,21.88,0.5450,-0.253
2.6,104.22,0.5450,-0.203
2.601,111.41,0.5450,-0.044
2.602,60.31,0.5450,0.020
2.603,105.47,0.5450,0.077
2.604,84.69,0.5450,0.231
2.605,4.69,0.5450,0.246
2.606,23.13,0.5450,0.241
2.607,-19.22,0.5794,0.292
2.608,-101.09,0.6481,0.202
2.609,-60.47,0.6481,0.090
2.61,-76.09,0.6481,0.081
2.611,-136.41,0.6481,-0.062
2.612,-80.31,0.6481,-0.192
2.613,-52.34,0.6481,-0.223
2.614,-66.56,0.6481,-0.296
2.615,35.62,0.6481,-0.356
2.616,101.25,0.6481,-0.225
2.617,57.81,0.6481,-0.153
2.618,96.41,0.6481,-0.109
2.619,140.00,0.6481,0.039
2.62,73.59,0.6481,0.171
2.621,33.44,0.6481,0.187
2.622,50.47,0.6481,0.238
2.623,-20.78,0.6329,0.288
2.624,-60.16,0.6025,0.196
2.625,-35.00,0.6025,0.167
2.626,-100.63,0.6025,0.126
2.627,-133.44,0.6025,-0.034
2.628,-57.03,0.6025,-0.141
2.629,-61.41,0.6025,-0.148
2.63,-83.44,0.6025,-0.264
2.631,5.47,0.6025,-0.315
2.632,55.47,0.6025,-0.253
2.633,47.03,0.6025,-0.204
2.634,102.66,0.6025,-0.159
2.635,114.06,0.6025,0.001
2.636,52.66,0.6025,0.069
2.637,93.75,0.6025,0.107
2.638,82.66,0.6025,0.257
2.639,-12.81,0.4152,0.272
2.64,-0.94,0.0406,0.231
2.641,-15.47,0.2154,0.270
2.642,-110.00,0.5650,0.200
2.643,-114.84,0.5650,0.050
2.644,-81.25,0.5650,-0.029
2.645,-121.72,0.5650,-0.113
2.646,-79.84,0.5650,-0.273
2.647,-1.09,0.5650,-0.272
2.648,-11.41,0.5650,-0.275
2.649,42.19,0.5650,-0.295
2.65,103.75,0.5650,-0.191
2.651,82.03,0.5650,-0.088
2.652,89.69,0.5650,-0.027
2.653,106.72,0.5650,0.092
2.654,68.59,0.5650,0.187
2.655,32.19,0.5650,0.229
2.656,28.59,0.5650,0.251
2.657,-24.84,0.5848,0.286
2.658,-77.81,0.6244,0.202
2.659,-72.03,0.6244,0.131
2.66,-120.78,0.6244,0.058
2.661,-130.00,0.6244,-0.111
2.662,-65.00,0.6244,-0.203
2.663,-54.06,0.6244,-0.241
2.664,-48.59,0.6244,-0.311
2.665,43.28,0.6244,-0.338
2.666,92.97,0.6244,-0.224
2.667,72.81,0.6244,-0.152
2.668,109.06,0.6244,-0.078
2.669,110.31,0.6244,0.066
2.67,42.50,0.6244,0.142
2.671,59.69,0.6244,0.151
2.672,64.22,0.6244,0.262
2.673,-29.06,0.4416,0.279
2.674,-32.50,0.0759,0.203
2.675,-32.50,0.2251,0.214
2.676,-124.69,0.5234,0.138
2.677,-119.22,0.5234,-0.035
2.678,-66.56,0.5234,-0.100
2.679,-104.53,0.5234,-0.168
2.68,-70.00,0.5234,-0.309
2.681,33.44,0.5234,-0.308
2.682,40.62,0.5234,-0.242
2.683,51.88,0.5234,-0.227
2.684,112.03,0.5234,-0.138
2.685,93.59,0.5234,-0.003
2.686,78.12,0.5234,0.049
2.687,126.09,0.5234,0.153
2.688,58.75,0.3659,0.301
2.689,-25.47,0.0509,0.271
2.69,7.66,0.0509,0.250
2.691,-30.31,0.2312,0.286
2.692,-106.56,0.5919,0.189
2.693,-96.56,0.5919,0.073
2.694,-116.41,0.5919,-0.004
2.695,-138.12,0.5919,-0.160
2.696,-57.66,0.5919,-0.280
2.697,-12.81,0.5919,-0.275
2.698,-14.06,0.5919,-0.306
2.699,78.28,0.5919,-0.303
2.7,119.37,0.5919,-0.149
2.701,74.84,0.5919,-0.064
2.702,89.53,0.5919,0.001
2.703,90.94,0.5919,0.115
2.704,42.66,0.5919,0.183
2.705,36.72,0.5919,0.200
2.706,38.44,0.5919,0.256
2.707,-29.37,0.5957,0.277
2.708,-60.62,0.6034,0.197
2.709,-72.34,0.6034,0.156
2.71,-135.47,0.6034,0.052
2.711,-120.94,0.6034,-0.115
2.712,-64.69,0.6034,-0.189
2.713,-68.59,0.6034,-0.245
2.714,-23.75,0.6034,-0.327
2.715,77.19,0.6034,-0.292
2.716,67.03,0.6034,-0.172
2.717,57.66,0.6034,-0.158
2.718,121.87,0.6034,-0.057
2.719,79.22,0.6034,0.086
2.72,29.37,0.6034,0.102
2.721,85.78,0.6034,0.144
2.722,47.03,0.4308,0.273
2.723,-42.81,0.0856,0.238
2.724,-18.44,0.0856,0.188
2.725,-55.31,0.2212,0.202
2.726,-129.69,0.4925,0.077
2.727,-79.69,0.4925,-0.058
2.728,-56.25,0.4925,-0.083
2.729,-104.22,0.4925,-0.170
2.73,-54.84,0.4925,-0.291
2.731,12.81,0.4925,-0.280
2.732,16.87,0.4925,-0.265
2.733,77.19,0.4925,-0.246
2.734,127.81,0.4925,-0.111
2.735,73.44,0.4925,0.009
2.736,82.66,0.4925,0.036
2.737,107.50,0.4925,0.175
2.738,26.09,0.3364,0.251
2.739,16.09,0.0241,0.227
2.74,18.12,0.2147,0.283
2.741,-68.59,0.5959,0.263
2.742,-103.59,0.5959,0.146
2.743,-91.72,0.5959,0.056
2.744,-111.25,0.5959,-0.037
2.745,-90.78,0.5959,-0.167
2.746,-27.50,0.5959,-0.219
2.747,-46.87,0.5959,-0.222
2.748,-34.37,0.5959,-0.313
2.749,78.59,0.5959,-0.290
2.75,99.06,0.5959,-0.156
2.751,70.47,0.5959,-0.092
2.752,110.78,0.5959,-0.015
2.753,84.22,0.5959,0.129
2.754,24.84,0.5959,0.154
2.755,71.72,0.5959,0.179
2.756,38.75,0.6032,0.297
2.757,-58.13,0.6178,0.257
2.758,-35.47,0.6178,0.181
2.759,-65.94,0.6178,0.186
2.76,-150.47,0.6178,0.049
2.761,-94.69,0.6178,-0.115
2.762,-52.97,0.6178,-0.140
2.763,-90.16,0.6178,-0.221
2.764,-26.41,0.6178,-0.321
2.765,61.25,0.6178,-0.274
2.766,26.88,0.5500,-0.198
2.767,65.16,0.4144,-0.220
2.768,150.63,0.4144,-0.068
2.769,72.66,0.4144,0.081
2.77,56.56,0.4144,0.077
2.771,96.56,0.4144,0.194
2.772,30.16,0.4581,0.271
2.773,-11.87,0.5456,0.254
2.774,-7.66,0.5456,0.247
2.775,-69.37,0.5456,0.239
2.776,-126.09,0.5456,0.108
2.777,-90.16,0.5456,-0.013
2.778,-82.81,0.5456,-0.072
2.779,-96.72,0.5456,-0.179
2.78,-39.37,0.5456,-0.266
2.781,-4.69,0.5456,-0.258
2.782,14.22,0.5456,-0.275
2.783,87.50,0.5456,-0.229
2.784,112.34,0.5456,-0.100
2.785,86.56,0.5456,-0.004
2.786,104.69,0.5456,0.073
2.787,77.66,0.5456,0.205
2.788,0.47,0.3712,0.228
2.789,28.59,0.0225,0.206
2.79,20.78,0.2323,0.286
2.791,-71.88,0.6519,0.248
2.792,-77.81,0.6519,0.142
2.793,-85.31,0.6519,0.092
2.794,-142.66,0.6519,-0.029
2.795,-95.78,0.6519,-0.193
2.796,-40.47,0.6519,-0.220
2.797,-72.97,0.6519,-0.274
2.798,5.62,0.6519,-0.366
2.799,97.81,0.6519,-0.263
2.8,59.69,0.6519,-0.171
2.801,84.53,0.6519,-0.144
2.802,126.09,0.6519,-0.002
2.803,70.94,0.6519,0.108
2.804,58.59,0.6519,0.140
2.805,72.03,0.6519,0.226
2.806,-3.59,0.6334,0.284
2.807,-55.63,0.5966,0.218
2.808,-27.81,0.5966,0.173
2.809,-76.56,0.5966,0.163
2.81,-131.87,0.5966,0.020
2.811,-83.91,0.5966,-0.101
2.812,-68.91,0.5966,-0.148
2.813,-82.19,0.5966,-0.239
2.814,-11.72,0.5966,-0.312
2.815,45.31,0.5966,-0.262
2.816,26.72,0.5966,-0.222
2.817,96.56,0.5966,-0.209
2.818,126.41,0.5966,-0.028
2.819,47.66,0.5966,0.044
2.82,76.25,0.5966,0.067
2.821,89.06,0.5966,0.197
2.822,8.59,0.4081,0.245
2.823,5.47,0.0312,0.214
2.824,1.25,0.2121,0.256
2.825,-82.66,0.5738,0.216
2.826,-93.75,0.5738,0.091
2.827,-72.50,0.5738,0.029
2.828,-117.81,0.5738,-0.054
2.829,-102.34,0.5738,-0.207
2.83,-41.72,0.5738,-0.259
2.831,-29.38,0.5738,-0.290
2.832,20.63,0.5738,-0.318
2.833,102.34,0.5738,-0.249
2.834,105.00,0.5738,-0.113
2.835,101.88,0.5738,-0.039
2.836,110.78,0.5738,0.091
2.837,55.31,0.5738,0.183
2.838,35.31,0.5738,0.201
2.839,56.87,0.5738,0.253
2.84,-6.88,0.5900,0.315
2.841,-81.87,0.6225,0.239
2.842,-56.09,0.6225,0.151
2.843,-89.53,0.6225,0.127
2.844,-137.66,0.6225,-0.028
2.845,-70.63,0.6225,-0.148
2.846,-54.69,0.6225,-0.169
2.847,-69.22,0.6225,-0.258
2.848,13.44,0.6225,-0.308
2.849,72.19,0.6225,-0.231
2.85,40.94,0.6225,-0.163
2.851,97.34,0.6225,-0.149
2.852,132.66,0.6225,0.032
2.853,51.56,0.6225,0.117
2.854,50.62,0.6225,0.135
2.855,62.81,0.6225,0.218
2.856,-10.78,0.6026,0.260
2.857,-30.78,0.5628,0.196
2.858,-12.03,0.5628,0.199
2.859,-91.88,0.5628,0.172
2.86,-122.19,0.5628,0.015
2.861,-66.56,0.5628,-0.072
2.862,-88.59,0.5628,-0.118
2.863,-92.19,0.5628,-0.249
2.864,2.19,0.5628,-0.302
2.865,27.03,0.5628,-0.245
2.866,25.31,0.5628,-0.248
2.867,102.19,0.5628,-0.194
2.868,115.94,0.5628,-0.044
2.869,72.19,0.5628,0.037
2.87,87.03,0.5628,0.100
2.871,65.47,0.5628,0.212
2.872,5.78,0.5628,0.231
2.873,17.81,0.5628,0.223
2.874,-8.44,0.5394,0.267
2.875,-94.69,0.4925,0.206
2.876,-95.47,0.4925,0.077
2.877,-93.59,0.4925,0.015
2.878,-120.47,0.4925,-0.110
2.879,-51.41,0.4925,-0.226
2.88,-25.47,0.5085,-0.212
2.881,-41.09,0.5406,-0.277
2.882,53.28,0.5406,-0.295
2.883,94.69,0.5406,-0.170
2.884,55.31,0.5406,-0.105
2.885,99.84,0.5406,-0.059
2.886,112.97,0.5406,0.094
2.887,42.19,0.5406,0.167
2.888,39.69,0.5406,0.179
2.889,60.78,0.5406,0.246
2.89,-18.28,0.5727,0.300
2.891,-70.16,0.6369,0.209
2.892,-61.56,0.6369,0.160
2.893,-107.81,0.6369,0.086
2.894,-114.69,0.6369,-0.056
2.895,-71.88,0.6369,-0.143
2.896,-86.09,0.6369,-0.199
2.897,-68.59,0.6369,-0.315
2.898,43.28,0.6369,-0.337
2.899,70.00,0.6369,-0.229
2.9,46.56,0.6369,-0.197
2.901,116.56,0.6369,-0.136
2.902,110.94,0.6369,0.037
2.903,60.78,0.6369,0.086
2.904,100.00,0.6369,0.158
2.905,73.91,0.6369,0.286
2.906,-33.13,0.4532,0.306
2.907,-32.97,0.0859,0.220
2.908,-25.47,0.2382,0.240
2.909,-112.19,0.5428,0.169
2.91,-95.94,0.5428,0.016
2.911,-80.00,0.5428,-0.023
2.912,-129.69,0.5428,-0.144
2.913,-69.53,0.5428,-0.282
2.914,-6.88,0.5428,-0.283
2.915,3.75,0.5428,-0.296
2.916,71.88,0.5428,-0.276
2.917,116.25,0.5428,-0.152
2.918,78.91,0.5428,-0.043
2.919,78.12,0.5428,0.006
2.92,102.19,0.5428,0.113
2.921,49.37,0.5428,0.210
2.922,18.44,0.5428,0.212
2.923,23.75,0.5428,0.247
2.924,-31.72,0.5582,0.259
2.925,-80.78,0.5891,0.183
2.926,-81.56,0.5891,0.098
2.927,-117.81,0.5891,0.020
2.928,-120.78,0.5891,-0.138
2.929,-55.94,0.5891,-0.221
2.93,-54.38,0.5891,-0.250
2.931,-32.97,0.5891,-0.330
2.932,67.19,0.5891,-0.316
2.933,84.37,0.5891,-0.196
2.934,64.37,0.5891,-0.147
2.935,121.72,0.5891,-0.067
2.936,106.56,0.5891,0.096
2.937,38.13,0.5891,0.146
2.938,70.94,0.5891,0.173
2.939,57.19,0.5957,0.288
2.94,-39.06,0.6091,0.287
2.941,-42.03,0.6091,0.210
2.942,-44.53,0.6091,0.203
2.943,-132.19,0.6091,0.121
2.944,-118.75,0.6091,-0.062
2.945,-74.53,0.6091,-0.117
2.946,-102.19,0.6091,-0.211
2.947,-51.56,0.6091,-0.321
2.948,53.91,0.6091,-0.314
2.949,53.75,0.6091,-0.213
2.95,51.41,0.6091,-0.206
2.951,122.97,0.6091,-0.110
2.952,101.09,0.6091,0.040
2.953,61.25,0.6091,0.092
2.954,83.28,0.6091,0.162
2.955,32.66,0.4164,0.258
2.956,-11.72,0.0309,0.228
2.957,11.41,0.0309,0.235
2.958,-46.72,0.1974,0.250
2.959,-114.69,0.5303,0.142
2.96,-92.34,0.5303,0.021
2.961,-86.25,0.5303,-0.043
2.962,-118.44,0.5303,-0.152
2.963,-54.38,0.5303,-0.280
2.964,-11.09,0.5274,-0.260
2.965,-1.72,0.5216,-0.302
2.966,96.41,0.5216,-0.264
2.967,107.34,0.5216,-0.109
2.968,62.03,0.5216,-0.049
2.969,95.62,0.5216,0.015
2.97,98.59,0.5216,0.142
2.971,38.59,0.5216,0.212
2.972,32.66,0.5216,0.219
2.973,26.87,0.5406,0.277
2.974,-46.09,0.5788,0.273
2.975,-65.94,0.5788,0.185
2.976,-87.97,0.5788,0.141
2.977,-136.56,0.5788,0.009
2.978,-97.97,0.5788,-0.132
2.979,-43.13,0.5788,-0.187
2.98,-57.34,0.5788,-0.218
2.981,-37.81,0.5788,-0.302
2.982,54.69,0.5788,-0.294
2.983,49.53,0.5788,-0.192
2.984,77.34,0.5788,-0.195
2.985,144.38,0.5788,-0.037
2.986,77.66,0.5788,0.094
2.987,38.44,0.5788,0.118
2.988,77.03,0.5788,0.171
2.989,33.59,0.4077,0.272
2.99,-32.81,0.0656,0.238
2.991,-8.91,0.0656,0.206
2.992,-59.69,0.2142,0.220
2.993,-137.34,0.5113,0.087
2.994,-92.19,0.5113,-0.054
2.995,-79.69,0.5113,-0.098
2.996,-96.72,0.5113,-0.214
2.997,-30.16,0.5113,-0.291
2.998,15.47,0.5113,-0.274
2.999,18.91,0.5113,-0.260
3,87.50,0.5113,-0.236
3.001,127.34,0.5113,-0.085
3.002,74.37,0.5113,0.018
3.003,95.94,0.5113,0.064
3.004,95.00,0.5113,0.210
3.005,3.44,0.3530,0.254
3.006,10.63,0.0366,0.217
3.007,12.19,0.2198,0.275
3.008,-67.81,0.5863,0.242
3.009,-92.50,0.5863,0.139
3.01,-100.16,0.5863,0.057
3.011,-129.06,0.5863,-0.061
3.012,-93.75,0.5863,-0.202
3.013,-26.09,0.5863,-0.248
3.014,-31.41,0.5863,-0.254
3.015,2.97,0.5863,-0.311
3.016,88.44,0.5863,-0.248
3.017,82.50,0.5863,-0.134
3.018,66.72,0.5863,-0.083
3.019,109.84,0.5863,-0.001
3.02,83.59,0.5863,0.137
3.021,31.41,0.5863,0.166
3.022,67.50,0.5863,0.200
3.023,20.94,0.5989,0.301
3.024,-62.19,0.6241,0.242
3.025,-45.94,0.6241,0.177
3.026,-80.94,0.6241,0.150
3.027,-136.87,0.6241,0.015
3.028,-90.78,0.6241,-0.124
3.029,-59.22,0.6241,-0.167
3.03,-78.12,0.6241,-0.242
3.031,1.72,0.6241,-0.323
3.032,60.62,0.6241,-0.239
3.033,31.25,0.6241,-0.202
3.034,84.22,0.6241,-0.177
3.035,125.63,0.6241,-0.033
3.036,71.41,0.6241,0.075
3.037,66.56,0.6241,0.110
3.038,77.03,0.6241,0.208
3.039,4.53,0.6127,0.264
3.04,-24.69,0.5900,0.217
3.041,-2.19,0.5900,0.214
3.042,-68.44,0.5900,0.212
3.043,-119.84,0.5900,0.077
3.044,-83.59,0.5900,-0.027
3.045,-106.25,0.5900,-0.090
3.046,-118.28,0.5900,-0.240
3.047,-24.37,0.5900,-0.326
3.048,21.25,0.5900,-0.288
3.049,28.44,0.5900,-0.284
3.05,101.72,0.5900,-0.232
3.051,110.16,0.5900,-0.080
3.052,77.66,0.5900,-0.011
3.053,104.69,0.5900,0.075
3.054,83.44,0.5900,0.198
3.055,12.81,0.3994,0.242
3.056,21.25,0.0181,0.224
3.057,10.78,0.2153,0.284
3.058,-85.94,0.6097,0.245
3.059,-92.19,0.6097,0.113
3.06,-79.06,0.6097,0.061
3.061,-127.50,0.6097,-0.046
3.062,-84.38,0.6097,-0.194
3.063,-36.56,0.6097,-0.214
3.064,-55.47,0.6097,-0.267
3.065,24.84,0.6097,-0.325
3.066,96.09,0.6097,-0.218
3.067,55.62,0.6097,-0.133
3.068,96.09,0.6097,-0.106
3.069,131.56,0.6097,0.059
3.07,58.91,0.6097,0.157
3.071,43.28,0.6097,0.177
3.072,60.94,0.6097,0.243
3.073,-11.87,0.6210,0.299
3.074,-50.94,0.6438,0.220
3.075,-24.84,0.6438,0.197
3.076,-94.37,0.6438,0.170
3.077,-134.38,0.6438,0.008
3.078,-80.16,0.6438,-0.099
3.079,-92.97,0.6438,-0.152
3.08,-96.41,0.6438,-0.285
3.081,13.44,0.6438,-0.345
3.082,57.97,0.6438,-0.258
3.083,36.88,0.6438,-0.229
3.084,105.16,0.6438,-0.184
3.085,118.59,0.6438,-0.019
3.086,61.25,0.6438,0.053
3.087,91.25,0.6438,0.104
3.088,75.78,0.6438,0.236
3.089,-4.22,0.4385,0.255
3.09,0.94,0.0281,0.227
3.091,-5.94,0.2016,0.257
3.092,-97.81,0.5484,0.215
3.093,-110.16,0.5484,0.062
3.094,-88.75,0.5484,-0.005
3.095,-120.16,0.5484,-0.116
3.096,-72.34,0.5484,-0.245
3.097,-12.03,0.5484,-0.261
3.098,-15.31,0.5484,-0.269
3.099,40.94,0.5484,-0.291
3.1,92.97,0.5484,-0.188
3.101,76.25,0.5484,-0.105
3.102,92.66,0.5484,-0.035
3.103,113.44,0.5484,0.080
3.104,52.66,0.5484,0.192
3.105,14.06,0.5484,0.185
3.106,44.84,0.5484,0.220
3.107,-12.50,0.5636,0.275
3.108,-70.47,0.5941,0.195
3.109,-59.37,0.5941,0.134
3.11,-107.81,0.5941,0.076
3.111,-135.63,0.5941,-0.082
3.112,-68.44,0.5941,-0.195
3.113,-41.56,0.5941,-0.218
3.114,-50.31,0.5941,-0.278
3.115,38.91,0.5941,-0.319
3.116,84.84,0.5941,-0.200
3.117,53.44,0.5941,-0.149
3.118,107.34,0.5941,-0.093
3.119,113.28,0.5941,0.065
3.12,36.09,0.5941,0.133
3.121,60.62,0.5941,0.138
3.122,72.66,0.5941,0.254
3.123,-25.94,0.4228,0.283
3.124,-32.97,0.0803,0.203
3.125,-19.22,0.2234,0.217
3.126,-126.25,0.5097,0.164
3.127,-121.72,0.5097,-0.036
3.128,-57.66,0.5097,-0.079
3.129,-101.56,0.5097,-0.151
3.13,-70.94,0.5097,-0.283
3.131,12.34,0.5097,-0.293
3.132,20.94,0.5097,-0.258
3.133,51.25,0.5097,-0.251
3.134,121.72,0.5097,-0.155
3.135,90.47,0.5097,-0.007
3.136,73.91,0.5097,0.026
3.137,119.37,0.5097,0.140
3.138,52.50,0.3461,0.264
3.139,-0.78,0.0191,0.245
3.14,21.09,0.0191,0.263
3.141,-38.91,0.2105,0.288
3.142,-114.37,0.5934,0.185
3.143,-100.78,0.5934,0.059
3.144,-100.94,0.5934,-0.017
3.145,-109.38,0.5934,-0.143
3.146,-53.91,0.5934,-0.235
3.147,-23.75,0.5934,-0.251
3.148,-27.50,0.5934,-0.283
3.149,61.41,0.5934,-0.306
3.15,98.44,0.5934,-0.160
3.151,59.37,0.5934,-0.109
3.152,110.63,0.5934,-0.041
3.153,108.59,0.5934,0.112
3.154,45.00,0.5934,0.176
3.155,42.19,0.5934,0.202
3.156,45.63,0.5934,0.260
3.157,-27.50,0.6014,0.293
3.158,-62.34,0.6172,0.205
3.159,-54.53,0.6172,0.169
3.16,-127.34,0.6172,0.096
3.161,-119.53,0.6172,-0.086
3.162,-49.22,0.6172,-0.143
3.163,-82.34,0.6172,-0.184
3.164,-69.69,0.6172,-0.308
3.165,53.59,0.6172,-0.324
3.166,63.12,0.6172,-0.200
3.167,37.19,0.6172,-0.198
3.168,122.81,0.6172,-0.126
3.169,118.75,0.6172,0.048
3.17,59.38,0.6172,0.112
3.171,83.28,0.6172,0.167
3.172,37.81,0.4252,0.278
3.173,-20.62,0.0413,0.242
3.174,3.28,0.0413,0.237
3.175,-52.50,0.2117,0.249
3.176,-134.53,0.5525,0.132
3.177,-87.66,0.5525,-0.020
3.178,-72.66,0.5525,-0.043
3.179,-130.00,0.5525,-0.165
3.18,-50.00,0.5525,-0.303
3.181,10.63,0.5158,-0.265
3.182,5.47,0.4425,-0.282
3.183,78.28,0.4425,-0.254
3.184,120.78,0.4425,-0.126
3.185,87.34,0.4425,-0.013
3.186,86.56,0.4425,0.049
3.187,92.03,0.4425,0.160
3.188,27.66,0.3068,0.233
3.189,8.91,0.0353,0.216
3.19,18.44,0.0353,0.251
3.191,-41.09,0.2159,0.253
3.192,-72.97,0.5772,0.169
3.193,-79.22,0.5772,0.107
3.194,-128.44,0.5772,0.010
3.195,-120.47,0.5772,-0.150
3.196,-54.53,0.5772,-0.231
3.197,-47.03,0.5772,-0.259
3.198,-13.44,0.5772,-0.325
3.199,80.94,0.5772,-0.286
3.2,77.34,0.5772,-0.163
3.201,60.78,0.5772,-0.132
3.202,127.66,0.5772,-0.041
3.203,102.03,0.5772,0.124
3.204,44.38,0.5772,0.163
3.205,69.84,0.5772,0.212
3.206,37.66,0.4270,0.302
3.207,-63.28,0.1266,0.288
3.208,-50.00,0.1266,0.176
3.209,-66.72,0.2592,0.188
3.21,-154.37,0.5244,0.043
3.211,-90.78,0.5244,-0.121
3.212,-57.66,0.5244,-0.139
3.213,-98.75,0.5244,-0.236
3.214,-30.31,0.5244,-0.337
3.215,57.34,0.5244,-0.297
3.216,46.56,0.5244,-0.222
3.217,68.59,0.5244,-0.204
3.218,125.94,0.5244,-0.085
3.219,82.81,0.5244,0.048
3.22,63.59,0.5244,0.081
3.221,90.47,0.5244,0.175
3.222,38.28,0.5313,0.262
3.223,-18.13,0.5450,0.252
3.224,-14.06,0.5450,0.226
3.225,-60.00,0.5450,0.224
3.226,-115.00,0.5450,0.106
3.227,-88.75,0.5450,-0.006
3.228,-88.91,0.5450,-0.072
3.229,-105.63,0.5450,-0.184
3.23,-33.44,0.5450,-0.283
3.231,-6.56,0.5149,-0.251
3.232,4.37,0.4547,-0.296
3.233,93.28,0.4547,-0.242
3.234,96.41,0.4547,-0.110
3.235,70.16,0.4547,-0.049
3.236,103.91,0.4547,0.031
3.237,90.16,0.4547,0.158
3.238,18.44,0.3083,0.211
3.239,41.72,0.0156,0.195
3.24,27.50,0.2191,0.294
3.241,-65.31,0.6259,0.250
3.242,-63.28,0.6259,0.164
3.243,-80.31,0.6259,0.124
3.244,-137.50,0.6259,0.003
3.245,-97.81,0.6259,-0.151
3.246,-55.94,0.6259,-0.193
3.247,-69.53,0.6259,-0.263
3.248,15.94,0.6259,-0.332
3.249,104.84,0.6259,-0.231
3.25,60.31,0.6259,-0.122
3.251,71.88,0.6259,-0.111
3.252,125.63,0.6259,0.022
3.253,65.31,0.6259,0.141
3.254,30.94,0.6259,0.153
3.255,69.22,0.6259,0.203
3.256,22.19,0.6165,0.291
3.257,-43.28,0.5975,0.247
3.258,-39.06,0.5975,0.204
3.259,-88.91,0.5975,0.169
3.26,-139.37,0.5975,0.027
3.261,-69.69,0.5975,-0.110
3.262,-62.03,0.5975,-0.113
3.263,-96.88,0.5975,-0.234
3.264,-16.09,0.5975,-0.307
3.265,30.31,0.5975,-0.266
3.266,28.13,0.5975,-0.246
3.267,94.69,0.5975,-0.210
3.268,127.34,0.5975,-0.057
3.269,57.19,0.5975,0.045
3.27,83.28,0.5975,0.058
3.271,87.19,0.5975,0.211
3.272,5.78,0.5975,0.232
3.273,7.66,0.5975,0.223
3.274,-7.97,0.5797,0.248
3.275,-74.22,0.5441,0.207
3.276,-87.50,0.5441,0.099
3.277,-74.69,0.5441,0.032
3.278,-114.53,0.5441,-0.050
3.279,-99.84,0.5441,-0.197
3.28,-28.59,0.5441,-0.250
3.281,-23.28,0.5441,-0.254
3.282,25.63,0.5441,-0.297
3.283,99.22,0.5441,-0.203
3.284,66.72,0.5441,-0.098
3.285,77.19,0.5441,-0.070
3.286,124.69,0.5441,0.056
3.287,64.69,0.5441,0.180
3.288,28.13,0.5441,0.186
3.289,51.88,0.5441,0.236
3.29,-5.63,0.5759,0.289
3.291,-59.84,0.6397,0.225
3.292,-42.81,0.6397,0.170
3.293,-90.78,0.6397,0.139
3.294,-142.97,0.6397,-0.012
3.295,-83.75,0.6397,-0.147
3.296,-61.41,0.6397,-0.179
3.297,-85.47,0.6397,-0.270
3.298,10.16,0.6397,-0.350
3.299,71.25,0.6397,-0.249
3.3,43.28,0.6397,-0.208
3.301,118.28,0.6397,-0.163
3.302,133.75,0.6397,0.029
3.303,46.87,0.6397,0.105
3.304,64.06,0.6397,0.123
3.305,77.50,0.6397,0.233
3.306,-3.12,0.6144,0.278
3.307,-23.13,0.5638,0.227
3.308,-16.41,0.5638,0.231
3.309,-97.34,0.5638,0.194
3.31,-131.56,0.5638,0.037
3.311,-81.72,0.5638,-0.069
3.312,-99.84,0.5638,-0.127
3.313,-79.69,0.5638,-0.269
3.314,7.03,0.5638,-0.286
3.315,10.78,0.5638,-0.255
3.316,29.06,0.5638,-0.265
3.317,97.03,0.5638,-0.197
3.318,96.88,0.5638,-0.071
3.319,79.22,0.5638,-0.003
3.32,116.88,0.5638,0.088
3.321,78.75,0.5638,0.231
3.322,0.00,0.3807,0.245
3.323,12.03,0.0147,0.231
3.324,-4.06,0.2129,0.269
3.325,-75.63,0.6094,0.223
3.326,-81.56,0.6094,0.118
3.327,-106.72,0.6094,0.059
3.328,-137.03,0.6094,-0.095
3.329,-73.75,0.6094,-0.215
3.33,-44.38,0.6094,-0.243
3.331,-48.59,0.6094,-0.303
3.332,45.31,0.6094,-0.340
3.333,92.50,0.6094,-0.213
3.334,58.44,0.6094,-0.155
3.335,113.28,0.6094,-0.096
3.336,132.66,0.6094,0.072
3.337,58.75,0.6094,0.169
3.338,35.47,0.6094,0.189
3.339,43.75,0.6094,0.240
3.34,-18.75,0.6024,0.277
3.341,-48.75,0.5884,0.203
3.342,-37.03,0.5884,0.179
3.343,-121.56,0.5884,0.129
3.344,-130.47,0.5884,-0.064
3.345,-53.75,0.5884,-0.132
3.346,-76.41,0.5884,-0.172
3.347,-70.16,0.5884,-0.285
3.348,34.37,0.5884,-0.312
3.349,62.03,0.5884,-0.216
3.35,41.72,0.5884,-0.188
3.351,102.50,0.5884,-0.133
3.352,91.41,0.5884,0.017
3.353,48.75,0.5884,0.050
3.354,103.75,0.5884,0.115
3.355,74.53,0.5884,0.258
3.356,-15.94,0.4050,0.264
3.357,-1.56,0.0381,0.226
3.358,-26.87,0.2058,0.261
3.359,-115.00,0.5412,0.172
3.36,-93.28,0.5412,0.031
3.361,-75.47,0.5412,-0.015
3.362,-129.53,0.5412,-0.120
3.363,-80.16,0.5412,-0.274
3.364,1.41,0.5412,-0.281
3.365,5.00,0.5412,-0.271
3.366,54.38,0.5412,-0.271
3.367,100.94,0.5412,-0.162
3.368,77.81,0.5412,-0.069
3.369,88.28,0.5412,-0.007
3.37,110.78,0.5412,0.108
3.371,47.03,0.3722,0.215
3.372,10.47,0.0341,0.202
3.373,35.78,0.0341,0.236
3.374,-28.13,0.2197,0.273
3.375,-77.03,0.5909,0.180
3.376,-66.41,0.5909,0.119
3.377,-106.09,0.5909,0.047
3.378,-109.84,0.5909,-0.093
3.379,-54.22,0.5909,-0.173
3.38,-67.34,0.5909,-0.201
3.381,-58.12,0.5909,-0.308
3.382,62.19,0.5909,-0.318
3.383,89.22,0.5909,-0.183
3.384,58.44,0.5909,-0.139
3.385,126.56,0.5909,-0.066
3.386,102.34,0.5909,0.114
3.387,31.56,0.5909,0.138
3.388,74.22,0.5909,0.177
3.389,50.00,0.5973,0.287
3.39,-42.03,0.6100,0.277
3.391,-34.69,0.6100,0.203
3.392,-35.94,0.6100,0.208
3.393,-130.16,0.6100,0.131
3.394,-114.22,0.6100,-0.052
3.395,-67.03,0.6100,-0.098
3.396,-112.81,0.6100,-0.187
3.397,-46.25,0.6100,-0.323
3.398,46.56,0.6100,-0.279
3.399,36.25,0.6100,-0.230
3.4,67.50,0.6100,-0.207
3.401,122.03,0.6100,-0.095
3.402,73.75,0.6100,0.037
3.403,49.22,0.6100,0.052
3.404,104.37,0.6100,0.136
3.405,67.50,0.6100,0.261
3.406,5.47,0.6100,0.271
3.407,2.19,0.6100,0.272
3.408,-60.78,0.5981,0.275
3.409,-117.50,0.5744,0.151
3.41,-91.25,0.5744,0.040
3.411,-101.09,0.5744,-0.032
3.412,-121.56,0.5744,-0.162
3.413,-55.78,0.5744,-0.275
3.414,-12.03,0.5744,-0.273
3.415,-2.19,0.5744,-0.299
3.416,69.37,0.5744,-0.278
3.417,92.50,0.5744,-0.160
3.418,71.41,0.5744,-0.093
3.419,110.31,0.5744,-0.018
3.42,99.53,0.5744,0.128
3.421,27.34,0.5744,0.182
3.422,49.06,0.5744,0.183
3.423,34.69,0.5764,0.280
3.424,-57.34,0.5803,0.252
3.425,-53.28,0.5803,0.165
3.426,-67.81,0.5803,0.145
3.427,-133.13,0.5803,0.029
3.428,-102.97,0.5803,-0.121
3.429,-53.44,0.5803,-0.177
3.43,-62.03,0.5803,-0.228
3.431,-26.88,0.5803,-0.301
3.432,45.62,0.5803,-0.282
3.433,59.84,0.5803,-0.209
3.434,85.78,0.5803,-0.162
3.435,128.28,0.5803,-0.038
3.436,88.13,0.5803,0.095
3.437,52.97,0.5803,0.138
3.438,74.69,0.5803,0.201
3.439,20.78,0.4090,0.288
3.44,-33.13,0.0662,0.242
3.441,1.72,0.0662,0.222
3.442,-70.63,0.2291,0.246
3.443,-141.56,0.5547,0.080
3.444,-84.69,0.5547,-0.037
3.445,-81.25,0.5547,-0.089
3.446,-110.00,0.5547,-0.200
3.447,-38.75,0.5547,-0.309
3.448,22.19,0.5547,-0.278
3.449,20.47,0.5547,-0.265
3.45,78.75,0.5547,-0.237
3.451,116.72,0.5547,-0.107
3.452,69.22,0.5547,-0.003
3.453,76.56,0.5547,0.031
3.454,100.94,0.5547,0.150
3.455,38.44,0.5547,0.233
3.456,17.97,0.5547,0.227
3.457,7.81,0.5668,0.269
3.458,-72.03,0.5909,0.242
3.459,-102.97,0.5909,0.125
3.46,-83.91,0.5909,0.037
3.461,-113.59,0.5909,-0.043
3.462,-94.37,0.5909,-0.191
3.463,-38.59,0.5909,-0.232
3.464,-45.16,0.5909,-0.268
3.465,7.19,0.5909,-0.322
3.466,95.00,0.5909,-0.253
3.467,89.53,0.5909,-0.132
3.468,75.00,0.5909,-0.074
3.469,100.94,0.5909,0.018
3.47,77.97,0.5909,0.128
3.471,52.19,0.5909,0.174
3.472,69.84,0.5909,0.232
3.473,11.56,0.5955,0.314
3.474,-62.81,0.6047,0.255
3.475,-36.56,0.6047,0.188
3.476,-75.00,0.6047,0.182
3.477,-154.06,0.6047,0.038
3.478,-95.94,0.6047,-0.126
3.479,-40.62,0.6047,-0.154
3.48,-68.59,0.6047,-0.208
3.481,-17.19,0.6047,-0.291
3.482,40.31,0.6047,-0.242
3.483,23.28,0.6047,-0.210
3.484,90.31,0.6047,-0.195
3.485,134.69,0.6047,-0.030
3.486,58.44,0.6047,0.074
3.487,77.19,0.6047,0.087
3.488,89.06,0.6047,0.228
3.489,6.09,0.4114,0.265
3.49,-6.41,0.0247,0.241
3.491,-1.87,0.2010,0.253
3.492,-82.19,0.5538,0.237
3.493,-133.44,0.5538,0.088
3.494,-83.13,0.5538,-0.030
3.495,-99.06,0.5538,-0.078
3.496,-111.56,0.5538,-0.228
3.497,-25.31,0.5538,-0.301
3.498,12.19,0.5538,-0.279
3.499,27.81,0.5538,-0.277
3.5,89.53,0.5538,-0.223
3.501,101.09,0.5538,-0.098
3.502,67.66,0.5538,-0.021
3.503,100.00,0.5538,0.037
3.504,87.50,0.5538,0.179
3.505,23.13,0.5538,0.212
3.506,27.50,0.5538,0.225
3.507,9.53,0.5648,0.268
3.508,-78.75,0.5869,0.244
3.509,-88.28,0.5869,0.110
3.51,-73.12,0.5869,0.068
3.511,-121.56,0.5869,-0.036
3.512,-85.00,0.5869,-0.175
3.513,-45.47,0.5869,-0.206
3.514,-56.56,0.5869,-0.266
3.515,24.06,0.5869,-0.319
3.516,92.19,0.5869,-0.218
3.517,58.75,0.5869,-0.135
3.518,92.66,0.5869,-0.101
3.519,142.03,0.5869,0.050
3.52,64.69,0.5869,0.183
3.521,31.56,0.5869,0.180
3.522,59.22,0.5869,0.247
3.523,-9.06,0.5976,0.298
3.524,-46.56,0.6191,0.228
3.525,-31.09,0.6191,0.205
3.526,-107.03,0.6191,0.166
3.527,-142.34,0.6191,-0.009
3.528,-71.25,0.6191,-0.118
3.529,-72.81,0.6191,-0.152
3.53,-84.69,0.6191,-0.264
3.531,-6.41,0.6191,-0.321
3.532,45.63,0.6191,-0.277
3.533,48.59,0.6191,-0.230
3.534,114.22,0.6191,-0.180
3.535,122.81,0.6191,-0.001
3.536,63.91,0.6191,0.066
3.537,97.66,0.6191,0.127
3.538,76.72,0.6191,0.261
3.539,-14.37,0.4285,0.280
3.54,-15.47,0.0475,0.233
3.541,-20.16,0.2235,0.249
3.542,-92.19,0.5756,0.192
3.543,-89.69,0.5756,0.065
3.544,-87.97,0.5756,0.013
3.545,-127.34,0.5756,-0.111
3.546,-76.25,0.5756,-0.242
3.547,-33.28,0.5756,-0.264
3.548,-31.41,0.5756,-0.308
3.549,43.12,0.5756,-0.327
3.55,120.00,0.5756,-0.222
3.551,96.56,0.5756,-0.087
3.552,78.59,0.5756,-0.029
3.553,103.44,0.5756,0.071
3.554,63.28,0.5756,0.178
3.555,33.44,0.5756,0.197
3.556,55.94,0.5756,0.245
3.557,-17.97,0.5896,0.309
3.558,-83.91,0.6175,0.209
3.559,-51.09,0.6175,0.141
3.56,-93.59,0.6175,0.107
3.561,-123.12,0.6175,-0.046
3.562,-61.09,0.6175,-0.140
3.563,-60.47,0.6175,-0.168
3.564,-70.16,0.6175,-0.261
3.565,26.25,0.6175,-0.308
3.566,66.87,0.6175,-0.208
3.567,47.03,0.6175,-0.175
3.568,100.47,0.6175,-0.114
3.569,112.19,0.6175,0.026
3.57,54.38,0.6175,0.110
3.571,77.50,0.6175,0.135
3.572,72.66,0.6175,0.265
3.573,-12.50,0.6078,0.280
3.574,-26.41,0.5884,0.240
3.575,-39.06,0.5884,0.228
3.576,-118.28,0.5884,0.162
3.577,-124.84,0.5884,-0.009
3.578,-66.56,0.5884,-0.088
3.579,-95.62,0.5884,-0.142
3.58,-79.84,0.5884,-0.279
3.581,-14.69,0.5884,-0.302
3.582,13.13,0.5884,-0.308
3.583,69.06,0.5884,-0.276
3.584,130.62,0.5884,-0.170
3.585,96.41,0.5884,-0.014
3.586,53.91,0.5884,0.023
3.587,104.53,0.5884,0.093
3.588,64.84,0.3964,0.232
3.589,-6.09,0.0122,0.223
3.59,19.53,0.0122,0.220
3.591,-23.44,0.2036,0.262
3.592,-101.88,0.5866,0.173
3.593,-71.41,0.5866,0.058
3.594,-81.09,0.5866,0.030
3.595,-127.97,0.5866,-0.104
3.596,-73.91,0.5866,-0.226
3.597,-39.69,0.5866,-0.252
3.598,-28.28,0.5866,-0.305
3.599,67.66,0.5866,-0.308
3.6,103.28,0.5866,-0.170
3.601,63.59,0.5866,-0.102
3.602,100.00,0.5866,-0.043
3.603,106.56,0.5866,0.098
3.604,48.59,0.5866,0.170
3.605,54.06,0.5866,0.196
3.606,46.09,0.5866,0.278
3.607,-45.78,0.5851,0.288
3.608,-50.16,0.5822,0.187
3.609,-57.34,0.5822,0.188
3.61,-136.72,0.5822,0.072
3.611,-108.91,0.5822,-0.086
3.612,-52.97,0.5822,-0.146
3.613,-74.37,0.5822,-0.192
3.614,-49.53,0.5822,-0.294
3.615,39.37,0.5822,-0.291
3.616,40.16,0.5822,-0.216
3.617,57.19,0.5822,-0.211
3.618,135.00,0.5822,-0.101
3.619,91.88,0.5822,0.059
3.62,34.69,0.5822,0.083
3.621,79.53,0.5822,0.129
3.622,60.78,0.5822,0.242
3.623,-8.28,0.3966,0.250
3.624,0.78,0.0253,0.225
3.625,-46.09,0.1976,0.252
3.626,-133.13,0.5422,0.133
3.627,-92.34,0.5422,-0.014
3.628,-75.31,0.5422,-0.052
3.629,-113.75,0.5422,-0.165
3.63,-52.97,0.5422,-0.279
3.631,-5.47,0.5422,-0.271
3.632,-0.47,0.5422,-0.290
3.633,75.00,0.5422,-0.272
3.634,109.06,0.5422,-0.140
3.635,68.44,0.5422,-0.054
3.636,90.31,0.5422,-0.003
3.637,111.56,0.5422,0.127
3.638,42.03,0.5422,0.220
3.639,14.69,0.5422,0.211
3.64,25.94,0.5422,0.249
3.641,-24.38,0.5403,0.263
3.642,-70.78,0.5366,0.200
3.643,-89.53,0.5366,0.121
3.644,-124.53,0.5366,0.021
3.645,-106.72,0.5366,-0.128
3.646,-34.06,0.5366,-0.192
3.647,-39.84,0.5366,-0.196
3.648,-38.91,0.5366,-0.272
3.649,55.78,0.5366,-0.274
3.65,70.78,0.5366,-0.160
3.651,58.91,0.5366,-0.132
3.652,125.47,0.5366,-0.043
3.653,104.06,0.5366,0.119
3.654,40.31,0.5366,0.166
3.655,61.41,0.5366,0.199
3.656,27.34,0.5627,0.288
3.657,-53.28,0.6150,0.254
3.658,-31.41,0.6150,0.182
3.659,-50.78,0.6150,0.191
3.66,-145.47,0.6150,0.080
3.661,-106.41,0.6150,-0.100
3.662,-58.12,0.6150,-0.133
3.663,-97.03,0.6150,-0.216
3.664,-38.91,0.6150,-0.327
3.665,50.62,0.6150,-0.294
3.666,51.87,0.6150,-0.225
3.667,79.84,0.6150,-0.190
3.668,126.88,0.6150,-0.066
3.669,73.12,0.6150,0.064
3.67,67.66,0.6150,0.081
3.671,110.00,0.6150,0.199
3.672,31.41,0.4315,0.301
3.673,-32.19,0.0644,0.262
3.674,-6.09,0.0644,0.236
3.675,-52.19,0.2161,0.250
3.676,-117.03,0.5197,0.132
3.677,-95.00,0.5197,0.016
3.678,-101.25,0.5197,-0.058
3.679,-105.94,0.5197,-0.187
3.68,-35.31,0.5197,-0.270
3.681,-3.75,0.4856,-0.258
3.682,12.81,0.4175,-0.278
3.683,82.34,0.4175,-0.232
3.684,84.53,0.4175,-0.113
3.685,67.50,0.4175,-0.063
3.686,101.41,0.4175,0.022
3.687,94.06,0.4175,0.140
3.688,29.22,0.2823,0.210
3.689,41.25,0.0119,0.198
3.69,16.87,0.2206,0.293
3.691,-75.16,0.6381,0.232
3.692,-60.62,0.6381,0.143
3.693,-80.31,0.6381,0.111
3.694,-142.03,0.6381,-0.018
3.695,-97.34,0.6381,-0.173
3.696,-47.50,0.6381,-0.213
3.697,-66.25,0.6381,-0.268
3.698,-1.56,0.6381,-0.345
3.699,81.25,0.6381,-0.271
3.7,53.12,0.6381,-0.183
3.701,66.41,0.6381,-0.165
3.702,134.84,0.6381,-0.050
3.703,84.06,0.6381,0.105
3.704,50.16,0.6381,0.118
3.705,92.03,0.6381,0.205
3.706,33.75,0.6239,0.302
3.707,-39.84,0.5953,0.273
3.708,-32.50,0.5953,0.223
3.709,-76.09,0.5953,0.208
3.71,-132.19,0.5953,0.070
3.711,-92.81,0.5953,-0.057
3.712,-75.94,0.5953,-0.115
3.713,-88.91,0.5953,-0.209
3.714,-19.69,0.5953,-0.293
3.715,27.97,0.5953,-0.248
3.716,11.56,0.5953,-0.237
3.717,90.62,0.5953,-0.225
3.718,131.72,0.5953,-0.056
3.719,62.19,0.5953,0.038
3.72,78.44,0.5953,0.068
3.721,83.59,0.5953,0.195
3.722,8.28,0.4048,0.236
3.723,33.59,0.0238,0.212
3.724,19.84,0.2246,0.303
3.725,-84.69,0.6263,0.252
3.726,-104.69,0.6263,0.133
3.727,-97.50,0.6263,0.042
3.728,-127.03,0.6263,-0.062
3.729,-96.56,0.6263,-0.212
3.73,-29.69,0.6263,-0.255
3.731,-34.38,0.6263,-0.271
3.732,8.91,0.6263,-0.323
3.733,97.66,0.6263,-0.253
3.734,79.84,0.6263,-0.128
3.735,82.81,0.6263,-0.094
3.736,131.56,0.6263,0.037
3.737,72.97,0.6263,0.169
3.738,29.53,0.6263,0.183
3.739,63.75,0.6263,0.228
3.74,4.38,0.6376,0.311
3.741,-71.56,0.6603,0.237
3.742,-54.53,0.6603,0.168
3.743,-106.41,0.6603,0.128
3.744,-143.44,0.6603,-0.045
3.745,-58.12,0.6603,-0.159
3.746,-51.72,0.6603,-0.161
3.747,-94.06,0.6603,-0.262
3.748,15.16,0.6603,-0.349
3.749,94.38,0.6603,-0.232
3.75,26.72,0.5823,-0.161
3.751,80.63,0.4262,-0.178
3.752,141.41,0.4262,0.001
3.753,70.94,0.4262,0.104
3.754,71.72,0.4262,0.143
3.755,67.19,0.4262,0.248
3.756,-7.66,0.4674,0.277
3.757,-21.87,0.5497,0.233
3.758,-28.44,0.5497,0.233
3.759,-91.56,0.5497,0.176
3.76,-102.97,0.5497,0.050
3.761,-83.91,0.5497,-0.030
3.762,-107.03,0.5497,-0.118
3.763,-77.50,0.5497,-0.244
3.764,-6.88,0.5497,-0.273
3.765,20.47,0.5497,-0.258
3.766,44.69,0.5497,-0.232
3.767,98.12,0.5497,-0.169
3.768,85.94,0.5497,-0.036
3.769,53.28,0.5497,0.003
3.77,98.75,0.5497,0.071
3.771,73.12,0.5497,0.201
3.772,8.59,0.5497,0.217
3.773,26.56,0.5497,0.218
3.774,-4.37,0.5645,0.270
3.775,-84.53,0.5941,0.209
3.776,-57.34,0.5941,0.101
3.777,-81.72,0.5941,0.094
3.778,-144.69,0.5941,-0.062
3.779,-79.06,0.5941,-0.195
3.78,-41.56,0.5941,-0.220
3.781,-51.72,0.5941,-0.278
3.782,36.72,0.5941,-0.324
3.783,85.00,0.5941,-0.205
3.784,53.12,0.5941,-0.154
3.785,113.59,0.5941,-0.098
3.786,135.47,0.5941,0.073
3.787,54.53,0.5941,0.173
3.788,41.09,0.5941,0.183
3.789,55.47,0.5941,0.255
3.79,-8.91,0.6059,0.293
3.791,-43.75,0.6297,0.237
3.792,-42.97,0.6297,0.206
3.793,-116.25,0.6297,0.151
3.794,-137.50,0.6297,-0.027
3.795,-68.91,0.6297,-0.124
3.796,-82.03,0.6297,-0.164
3.797,-85.94,0.6297,-0.288
3.798,22.81,0.6297,-0.336
3.799,60.00,0.6297,-0.242
3.8,56.09,0.6297,-0.216
3.801,118.13,0.6297,-0.130
3.802,110.16,0.6297,0.020
3.803,59.22,0.6297,0.090
3.804,79.69,0.6297,0.138
3.805,67.50,0.6297,0.249
3.806,5.47,0.4242,0.273
3.807,2.97,0.0131,0.260
3.808,-30.78,0.2026,0.279
3.809,-117.50,0.5816,0.199
3.81,-111.87,0.5816,0.044
3.811,-84.53,0.5816,-0.025
3.812,-119.69,0.5816,-0.125
3.813,-84.69,0.5816,-0.264
3.814,-18.91,0.5816,-0.294
3.815,6.72,0.5816,-0.302
3.816,75.78,0.5816,-0.281
3.817,106.41,0.5816,-0.151
3.818,56.41,0.5816,-0.068
3.819,87.19,0.5816,-0.038
3.82,126.72,0.5816,0.107
3.821,59.84,0.5816,0.216
3.822,26.09,0.5816,0.226
3.823,34.69,0.5816,0.268
3.824,-31.09,0.5910,0.296
3.825,-72.50,0.6100,0.206
3.826,-61.72,0.6100,0.151
3.827,-117.19,0.6100,0.082
3.828,-131.72,0.6100,-0.084
3.829,-56.25,0.6100,-0.181
3.83,-61.25,0.6100,-0.196
3.831,-59.06,0.6100,-0.304
3.832,62.66,0.6100,-0.314
3.833,89.84,0.6100,-0.178
3.834,45.00,0.6100,-0.135
3.835,99.69,0.6100,-0.088
3.836,93.44,0.6100,0.065
3.837,37.66,0.6100,0.098
3.838,82.81,0.6100,0.140
3.839,70.47,0.6100,0.264
3.84,-35.78,0.4361,0.281
3.841,-38.91,0.0884,0.193
3.842,-41.25,0.2322,0.203
3.843,-129.53,0.5197,0.110
3.844,-110.31,0.5197,-0.056
3.845,-70.16,0.5197,-0.111
3.846,-102.97,0.5197,-0.196
3.847,-54.69,0.5197,-0.317
3.848,25.00,0.5197,-0.306
3.849,29.22,0.5197,-0.267
3.85,69.84,0.5197,-0.247
3.851,140.94,0.5197,-0.127
3.852,96.41,0.5197,0.035
3.853,63.13,0.5197,0.066
3.854,98.75,0.5197,0.161
3.855,36.72,0.3576,0.263
3.856,2.19,0.0334,0.234
3.857,25.31,0.0334,0.268
3.858,-46.25,0.2196,0.285
3.859,-113.75,0.5919,0.175
3.86,-81.72,0.5919,0.058
3.861,-87.97,0.5919,0.012
3.862,-136.72,0.5919,-0.118
3.863,-67.97,0.5919,-0.262
3.864,-22.66,0.5919,-0.254
3.865,-23.59,0.5919,-0.307
3.866,71.41,0.5919,-0.302
3.867,97.97,0.5919,-0.164
3.868,69.06,0.5919,-0.106
3.869,115.94,0.5919,-0.026
3.87,110.78,0.5919,0.126
3.871,29.38,0.3981,0.196
3.872,44.84,0.0106,0.185
3.873,42.81,0.2145,0.285
3.874,-57.50,0.6222,0.271
3.875,-58.91,0.6222,0.170
3.876,-48.44,0.6222,0.153
3.877,-143.28,0.6222,0.073
3.878,-135.63,0.6222,-0.134
3.879,-50.94,0.6222,-0.198
3.88,-69.53,0.6222,-0.236
3.881,-40.78,0.6222,-0.337
3.882,49.06,0.6222,-0.317
3.883,50.47,0.6222,-0.239
3.884,71.88,0.6222,-0.216
3.885,134.84,0.6222,-0.095
3.886,98.44,0.6222,0.053
3.887,65.62,0.6222,0.102
3.888,88.28,0.6222,0.185
3.889,31.56,0.4399,0.278
3.89,-37.66,0.0753,0.248
3.891,-16.09,0.0753,0.203
3.892,-52.97,0.2337,0.216
3.893,-121.87,0.5506,0.097
3.894,-81.25,0.5506,-0.028
3.895,-81.41,0.5506,-0.065
3.896,-118.91,0.5506,-0.191
3.897,-41.25,0.5506,-0.303
3.898,20.78,0.5506,-0.273
3.899,17.66,0.5506,-0.262
3.9,69.06,0.5506,-0.238
3.901,107.03,0.5506,-0.123
3.902,84.06,0.5506,-0.024
3.903,109.84,0.5506,0.045
3.904,96.41,0.5506,0.196
3.905,25.94,0.5506,0.238
3.906,28.44,0.5506,0.248
3.907,15.31,0.5786,0.294
3.908,-75.16,0.6347,0.278
3.909,-100.31,0.6347,0.144
3.91,-80.94,0.6347,0.077
3.911,-128.12,0.6347,-0.018
3.912,-113.75,0.6347,-0.179
3.913,-47.03,0.6347,-0.245
3.914,-47.50,0.6347,-0.273
3.915,-2.50,0.6347,-0.340
3.916,90.78,0.6347,-0.278
3.917,80.78,0.6347,-0.159
3.918,81.87,0.6347,-0.116
3.919,128.91,0.6347,0.005
3.92,83.28,0.6347,0.142
3.921,32.03,0.6347,0.172
3.922,56.56,0.6347,0.206
3.923,25.94,0.4533,0.285
3.924,-45.31,0.0906,0.258
3.925,-25.62,0.0906,0.194
3.926,-72.34,0.2434,0.206
3.927,-147.97,0.5491,0.049
3.928,-76.87,0.5491,-0.090
3.929,-70.31,0.5491,-0.104
3.93,-116.09,0.5491,-0.230
3.931,-20.31,0.5491,-0.337
3.932,62.34,0.5491,-0.271
3.933,37.50,0.5491,-0.212
3.934,81.41,0.5491,-0.196
3.935,136.87,0.5491,-0.049
3.936,67.66,0.5491,0.078
3.937,67.34,0.5491,0.086
3.938,93.13,0.5491,0.212
3.939,6.25,0.5483,0.273
3.94,-27.50,0.5469,0.225
3.941,-7.19,0.5469,0.218
3.942,-62.03,0.5469,0.211
3.943,-107.50,0.5469,0.093
3.944,-80.78,0.5469,-0.004
3.945,-99.84,0.5469,-0.068
3.946,-103.12,0.5469,-0.204
3.947,-18.12,0.5469,-0.274
3.948,0.16,0.5161,-0.240
3.949,8.44,0.4547,-0.274
3.95,88.75,0.4547,-0.223
3.951,94.06,0.4547,-0.097
3.952,75.63,0.4547,-0.035
3.953,107.97,0.4547,0.055
3.954,81.87,0.4547,0.181
3.955,12.50,0.3074,0.218
3.956,27.34,0.0128,0.206
3.957,19.53,0.2181,0.273
3.958,-63.75,0.6287,0.245
3.959,-62.34,0.6287,0.146
3.96,-89.06,0.6287,0.120
3.961,-147.81,0.6287,-0.033
3.962,-94.06,0.6287,-0.176
3.963,-49.53,0.6287,-0.221
3.964,-67.50,0.6287,-0.275
3.965,0.16,0.6287,-0.356
3.966,80.94,0.6287,-0.274
3.967,62.19,0.6287,-0.194
3.968,94.22,0.6287,-0.150
3.969,130.16,0.6287,-0.005
3.97,63.75,0.6287,0.110
3.971,49.84,0.6287,0.122
3.972,74.37,0.6287,0.210
3.973,3.75,0.6170,0.271
3.974,-36.41,0.5934,0.218
3.975,-10.47,0.5934,0.198
3.976,-75.31,0.5934,0.197
3.977,-133.28,0.5934,0.048
3.978,-85.47,0.5934,-0.070
3.979,-101.88,0.5934,-0.123
3.98,-99.53,0.5934,-0.274
3.981,0.94,0.5934,-0.323
3.982,39.06,0.5934,-0.272
3.983,41.56,0.5934,-0.244
3.984,106.72,0.5934,-0.189
3.985,113.59,0.5934,-0.031
3.986,62.50,0.5934,0.038
3.987,95.78,0.5934,0.094
3.988,77.34,0.5934,0.230
3.989,-10.00,0.4085,0.249
3.99,12.19,0.0387,0.210
3.991,-6.41,0.2160,0.273
3.992,-109.38,0.5706,0.197
3.993,-93.91,0.5706,0.054
3.994,-72.19,0.5706,0.009
3.995,-123.59,0.5706,-0.090
3.996,-89.69,0.5706,-0.238
3.997,-15.00,0.5706,-0.269
3.998,-14.06,0.5706,-0.268
3.999,39.84,0.5706,-0.297
4,92.50,0.5706,-0.188
4.001,70.16,0.5706,-0.113
4.002,80.78,0.5706,-0.048
4.003,114.53,0.5706,0.049
4.004,75.16,0.5706,0.181
4.005,24.22,0.5706,0.199
4.006,53.44,0.5706,0.230
4.007,3.13,0.5896,0.306
4.008,-69.37,0.6275,0.236
4.009,-55.94,0.6275,0.168
4.01,-110.47,0.6275,0.124
4.011,-152.03,0.6275,-0.053
4.012,-65.31,0.6275,-0.180
4.013,-53.75,0.6275,-0.184
4.014,-68.59,0.6275,-0.288
4.015,30.31,0.6275,-0.321
4.016,68.44,0.6275,-0.227
4.017,44.22,0.6275,-0.184
4.018,107.50,0.6275,-0.138
4.019,123.44,0.6275,0.031
4.02,44.84,0.6275,0.108
4.021,63.59,0.6275,0.120
4.022,70.94,0.6275,0.236
4.023,-5.63,0.4309,0.262
4.024,-10.31,0.0378,0.224
4.025,-15.63,0.1962,0.242
4.026,-102.97,0.5131,0.193
4.027,-110.47,0.5131,0.036
4.028,-67.19,0.5131,-0.028
4.029,-104.22,0.5131,-0.099
4.03,-86.41,0.5131,-0.236
4.031,-8.91,0.5131,-0.272
4.032,7.50,0.5131,-0.254
4.033,34.38,0.5131,-0.257
4.034,110.47,0.5131,-0.185
4.035,99.69,0.5131,-0.036
4.036,68.44,0.5131,0.014
4.037,106.25,0.5131,0.101
4.038,61.56,0.5131,0.227
4.039,-1.56,0.5131,0.224
4.04,12.66,0.5131,0.223
4.041,-18.13,0.5398,0.250
4.042,-79.06,0.5931,0.187
4.043,-75.47,0.5931,0.092
4.044,-92.81,0.5931,0.036
4.045,-126.25,0.5931,-0.094
4.046,-61.87,0.5931,-0.216
4.047,-22.66,0.5931,-0.218
4.048,-46.41,0.5931,-0.262
4.049,31.09,0.5931,-0.311
4.05,92.19,0.5931,-0.199
4.051,65.31,0.5931,-0.126
4.052,118.28,0.5931,-0.069
4.053,123.91,0.5931,0.110
4.054,36.25,0.5931,0.179
4.055,51.72,0.5931,0.183
4.056,51.88,0.5931,0.283
4.057,-38.28,0.5998,0.287
4.058,-42.34,0.6131,0.206
4.059,-40.94,0.6131,0.202
4.06,-123.91,0.6131,0.124
4.061,-120.94,0.6131,-0.046
4.062,-62.03,0.6131,-0.118
4.063,-92.66,0.6131,-0.170
4.064,-78.28,0.6131,-0.303
4.065,51.25,0.6131,-0.327
4.066,67.66,0.6131,-0.201
4.067,47.66,0.6131,-0.191
4.068,125.47,0.6131,-0.105
4.069,108.75,0.6131,0.060
4.07,49.38,0.6131,0.112
4.071,82.97,0.6131,0.158
4.072,54.22,0.4297,0.278
4.073,-31.41,0.0628,0.267
4.074,-17.19,0.0628,0.215
4.075,-24.38,0.2340,0.233
4.076,-118.59,0.5762,0.167
4.077,-105.94,0.5762,-0.005
4.078,-85.94,0.5762,-0.045
4.079,-128.28,0.5762,-0.177
4.08,-56.56,0.5762,-0.302
4.081,5.78,0.5762,-0.290
4.082,6.41,0.5762,-0.290
4.083,72.50,0.5762,-0.277
4.084,110.78,0.5762,-0.145
4.085,74.53,0.5762,-0.055
4.086,80.78,0.5762,0.004
4.087,102.19,0.5762,0.106
4.088,57.81,0.5762,0.208
4.089,33.13,0.5762,0.222
4.09,31.56,0.5762,0.274
4.091,-38.44,0.5923,0.285
4.092,-80.31,0.6244,0.198
4.093,-88.28,0.6244,0.124
4.094,-130.62,0.6244,0.021
4.095,-123.75,0.6244,-0.137
4.096,-59.06,0.6244,-0.227
4.097,-48.75,0.6244,-0.255
4.098,-42.19,0.6244,-0.324
4.099,59.06,0.6244,-0.339
4.1,91.56,0.6244,-0.206
4.101,70.78,0.6244,-0.156
4.102,122.19,0.6244,-0.064
4.103,96.72,0.6244,0.088
4.104,58.91,0.6244,0.129
4.105,77.66,0.6244,0.206
4.106,25.94,0.4434,0.284
4.107,-40.78,0.0816,0.258
4.108,-20.94,0.0816,0.203
4.109,-48.12,0.2289,0.216
4.11,-132.03,0.5234,0.107
4.111,-112.03,0.5234,-0.048
4.112,-76.87,0.5234,-0.118
4.113,-95.00,0.5234,-0.202
4.114,-42.81,0.5234,-0.308
4.115,35.78,0.5234,-0.288
4.116,27.19,0.5234,-0.236
4.117,76.72,0.5234,-0.233
4.118,128.59,0.5234,-0.083
4.119,68.28,0.5234,0.024
4.12,74.06,0.5234,0.054
4.121,99.06,0.5234,0.172
4.122,31.56,0.3546,0.252
4.123,-2.34,0.0169,0.235
4.124,11.25,0.0169,0.248
4.125,-57.19,0.1861,0.258
4.126,-124.53,0.5247,0.133
4.127,-87.97,0.5247,0.009
4.128,-93.28,0.5247,-0.043
4.129,-107.50,0.5247,-0.178
4.13,-38.91,0.5247,-0.258
4.131,-4.53,0.5247,-0.256
4.132,4.38,0.5247,-0.267
4.133,81.41,0.5247,-0.247
4.134,100.31,0.5247,-0.104
4.135,52.34,0.5247,-0.046
4.136,102.66,0.5247,0.001
4.137,101.41,0.5247,0.159
4.138,33.59,0.5247,0.203
4.139,54.84,0.5247,0.226
4.14,25.94,0.5688,0.313
4.141,-56.88,0.6569,0.278
4.142,-57.34,0.6569,0.199
4.143,-88.91,0.6569,0.163
4.144,-144.22,0.6569,0.022
4.145,-97.66,0.6569,-0.125
4.146,-69.22,0.6569,-0.174
4.147,-85.00,0.6569,-0.263
4.148,-1.09,0.6569,-0.344
4.149,81.25,0.6569,-0.266
4.15,45.62,0.6569,-0.181
4.151,72.03,0.6569,-0.174
4.152,133.28,0.6569,-0.037
4.153,71.88,0.6569,0.092
4.154,54.22,0.6569,0.107
4.155,89.38,0.6569,0.201
4.156,27.97,0.6365,0.285
4.157,-30.47,0.5956,0.257
4.158,-18.75,0.5956,0.224
4.159,-76.72,0.5956,0.219
4.16,-149.38,0.5956,0.071
4.161,-83.44,0.5956,-0.080
4.162,-69.53,0.5956,-0.096
4.163,-107.19,0.5956,-0.219
4.164,-20.31,0.5956,-0.310
4.165,31.09,0.5956,-0.259
4.166,21.72,0.5956,-0.248
4.167,87.03,0.5956,-0.216
4.168,107.97,0.5956,-0.074
4.169,61.56,0.5956,0.000
4.17,85.47,0.5956,0.049
4.171,82.97,0.5956,0.171
4.172,25.94,0.5956,0.215
4.173,22.66,0.5956,0.223
4.174,13.59,0.5990,0.260
4.175,-58.59,0.6056,0.250
4.176,-94.37,0.6056,0.143
4.177,-101.25,0.6056,0.061
4.178,-133.44,0.6056,-0.059
4.179,-96.41,0.6056,-0.206
4.18,-37.81,0.6056,-0.252
4.181,-46.56,0.6056,-0.281
4.182,8.28,0.6056,-0.345
4.183,95.31,0.6056,-0.265
4.184,81.41,0.6056,-0.155
4.185,88.59,0.6056,-0.102
4.186,117.66,0.6056,0.022
4.187,76.72,0.6056,0.133
4.188,41.72,0.6056,0.176
4.189,50.31,0.6056,0.217
4.19,13.44,0.6075,0.277
4.191,-52.50,0.6113,0.244
4.192,-46.72,0.6113,0.172
4.193,-83.28,0.6113,0.150
4.194,-134.22,0.6113,0.005
4.195,-82.34,0.6113,-0.118
4.196,-67.50,0.6113,-0.160
4.197,-87.50,0.6113,-0.253
4.198,-0.94,0.6113,-0.335
4.199,70.00,0.6113,-0.255
4.2,43.12,0.6113,-0.195
4.201,95.16,0.6113,-0.169
4.202,128.91,0.6113,-0.004
4.203,55.62,0.6113,0.089
4.204,77.34,0.6113,0.107
4.205,90.31,0.6113,0.244
4.206,-7.34,0.4270,0.288
4.207,-17.97,0.0584,0.229
4.208,-15.47,0.2198,0.252
4.209,-89.53,0.5425,0.198
4.21,-108.75,0.5425,0.072
4.211,-81.87,0.5425,-0.019
4.212,-110.16,0.5425,-0.091
4.213,-99.84,0.5425,-0.240
4.214,-12.03,0.5425,-0.291
4.215,12.66,0.5425,-0.264
4.216,32.03,0.5425,-0.266
4.217,95.62,0.5425,-0.200
4.218,93.28,0.5425,-0.074
4.219,69.84,0.5425,-0.013
4.22,103.44,0.5425,0.065
4.221,66.88,0.5425,0.194
4.222,1.72,0.5425,0.199
4.223,33.13,0.5425,0.197
4.224,-3.12,0.5654,0.265
4.225,-79.53,0.6112,0.191
4.226,-64.06,0.6112,0.106
4.227,-89.06,0.6112,0.063
4.228,-138.75,0.6112,-0.072
4.229,-82.50,0.6112,-0.215
4.23,-47.34,0.6112,-0.237
4.231,-54.53,0.6112,-0.309
4.232,42.97,0.6112,-0.346
4.233,98.91,0.6112,-0.223
4.234,61.88,0.6112,-0.148
4.235,101.25,0.6112,-0.100
4.236,121.09,0.6112,0.054
4.237,45.62,0.6112,0.143
4.238,60.16,0.6112,0.146
4.239,94.06,0.6112,0.263
4.24,-6.88,0.6206,0.334
4.241,-62.66,0.6394,0.249
4.242,-44.69,0.6394,0.208
4.243,-101.72,0.6394,0.160
4.244,-119.69,0.6394,0.005
4.245,-75.47,0.6394,-0.080
4.246,-102.03,0.6394,-0.146
4.247,-79.84,0.6394,-0.284
4.248,34.06,0.6394,-0.306
4.249,52.50,0.6394,-0.216
4.25,40.94,0.6394,-0.201
4.251,109.53,0.6394,-0.134
4.252,105.16,0.6394,0.018
4.253,47.81,0.6394,0.077
4.254,87.03,0.6394,0.114
4.255,77.03,0.6394,0.251
4.256,-9.84,0.4386,0.268
4.257,-1.56,0.0372,0.231
4.258,-20.78,0.2100,0.265
4.259,-107.03,0.5556,0.189
4.26,-96.25,0.5556,0.051
4.261,-75.78,0.5556,-0.003
4.262,-122.66,0.5556,-0.101
4.263,-77.66,0.5556,-0.248
4.264,-4.69,0.5556,-0.256
4.265,-12.81,0.5556,-0.258
4.266,42.66,0.5556,-0.282
4.267,100.63,0.5556,-0.173
4.268,75.47,0.5556,-0.080
4.269,93.59,0.5556,-0.022
4.27,110.00,0.5556,0.107
4.271,51.87,0.5556,0.198
4.272,37.81,0.5556,0.211
4.273,47.03,0.5556,0.274
4.274,-36.88,0.5881,0.305
4.275,-77.34,0.6531,0.200
4.276,-56.09,0.6531,0.150
4.277,-105.31,0.6531,0.088
4.278,-130.16,0.6531,-0.061
4.279,-82.19,0.6531,-0.172
4.28,-75.47,0.6531,-0.225
4.281,-61.72,0.6531,-0.323
4.282,43.44,0.6531,-0.348
4.283,76.56,0.6531,-0.236
4.284,58.59,0.6531,-0.195
4.285,115.63,0.6531,-0.119
4.286,113.12,0.6531,0.036
4.287,54.22,0.6531,0.107
4.288,86.09,0.6531,0.144
4.289,60.31,0.4649,0.279
4.29,-44.22,0.0884,0.265
4.291,-23.44,0.0884,0.191
4.292,-35.63,0.2574,0.218
4.293,-140.94,0.5953,0.120
4.294,-114.69,0.5953,-0.064
4.295,-62.50,0.5953,-0.110
4.296,-110.78,0.5953,-0.189
4.297,-65.62,0.5953,-0.331
4.298,31.41,0.5953,-0.320
4.299,31.25,0.5953,-0.268
4.3,59.06,0.5953,-0.258
4.301,139.22,0.5953,-0.150
4.302,102.97,0.5953,0.021
4.303,59.37,0.5953,0.056
4.304,95.31,0.5953,0.140
4.305,48.75,0.5953,0.246
4.306,8.91,0.5953,0.237
4.307,20.47,0.5953,0.264
4.308,-38.75,0.5750,0.278
4.309,-106.09,0.5344,0.187
4.31,-90.62,0.5344,0.066
4.311,-110.31,0.5344,0.005
4.312,-130.78,0.5344,-0.155
4.313,-45.62,0.5344,-0.256
4.314,-27.34,0.5311,-0.246
4.315,-22.81,0.5247,-0.311
4.316,76.41,0.5247,-0.292
4.317,87.19,0.5247,-0.158
4.318,61.25,0.5247,-0.117
4.319,125.16,0.5247,-0.036
4.32,114.84,0.5247,0.133
4.321,40.31,0.5247,0.194
4.322,46.41,0.5247,0.214
4.323,30.94,0.5543,0.287
4.324,-43.28,0.6134,0.276
4.325,-50.31,0.6134,0.200
4.326,-53.44,0.6134,0.175
4.327,-124.38,0.6134,0.093
4.328,-119.53,0.6134,-0.074
4.329,-71.56,0.6134,-0.146
4.33,-87.66,0.6134,-0.217
4.331,-54.84,0.6134,-0.321
4.332,39.53,0.6134,-0.327
4.333,50.16,0.6134,-0.242
4.334,63.59,0.6134,-0.226
4.335,147.03,0.6134,-0.115
4.336,116.56,0.6134,0.068
4.337,53.91,0.6134,0.118
4.338,80.78,0.6134,0.176
4.339,42.66,0.6008,0.280
4.34,-24.53,0.5756,0.261
4.341,-23.13,0.5756,0.231
4.342,-47.81,0.5756,0.215
4.343,-107.34,0.5756,0.135
4.344,-90.00,0.5756,0.000
4.345,-87.03,0.5756,-0.045
4.346,-125.47,0.5756,-0.174
4.347,-42.97,0.5756,-0.296
4.348,6.87,0.5333,-0.260
4.349,12.34,0.4488,-0.282
4.35,78.59,0.4488,-0.235
4.351,99.53,0.4488,-0.125
4.352,66.56,0.4488,-0.036
4.353,101.56,0.4488,0.008
4.354,116.41,0.4488,0.167
4.355,22.03,0.3093,0.241
4.356,10.94,0.0303,0.211
4.357,25.78,0.2174,0.263
4.358,-45.16,0.5916,0.263
4.359,-80.00,0.5916,0.173
4.36,-77.19,0.5916,0.103
4.361,-111.09,0.5916,0.018
4.362,-116.09,0.5916,-0.120
4.363,-73.28,0.5916,-0.214
4.364,-57.34,0.5916,-0.266
4.365,3.91,0.5916,-0.328
4.366,90.78,0.5916,-0.258
4.367,72.97,0.5916,-0.147
4.368,67.66,0.5916,-0.113
4.369,128.44,0.5916,-0.012
4.37,85.16,0.5916,0.144
4.371,27.81,0.5916,0.159
4.372,68.75,0.5916,0.200
4.373,20.00,0.5996,0.296
4.374,-47.97,0.6156,0.240
4.375,-15.47,0.6156,0.200
4.376,-63.44,0.6156,0.209
4.377,-143.44,0.6156,0.073
4.378,-93.91,0.6156,-0.078
4.379,-71.41,0.6156,-0.114
4.38,-102.50,0.6156,-0.221
4.381,-25.47,0.6156,-0.319
4.382,49.53,0.6156,-0.272
4.383,24.84,0.6156,-0.220
4.384,80.94,0.6156,-0.222
4.385,136.72,0.6156,-0.058
4.386,66.88,0.6156,0.052
4.387,74.06,0.6156,0.075
4.388,105.94,0.6156,0.200
4.389,25.94,0.6016,0.287
4.39,-14.69,0.5734,0.252
4.391,-14.22,0.5734,0.258
4.392,-69.22,0.5734,0.223
4.393,-95.00,0.5734,0.119
4.394,-76.87,0.5734,0.033
4.395,-112.19,0.5734,-0.034
4.396,-125.94,0.5734,-0.191
4.397,-34.22,0.5734,-0.286
4.398,-1.87,0.5473,-0.260
4.399,18.44,0.4950,-0.290
4.4,90.62,0.4950,-0.223
4.401,93.44,0.4950,-0.109
4.402,77.81,0.4950,-0.036
4.403,97.50,0.4950,0.047
4.404,78.75,0.4950,0.159
4.405,22.97,0.4950,0.204
4.406,40.94,0.4950,0.205
4.407,15.63,0.5419,0.286
4.408,-66.56,0.6356,0.236
4.409,-66.88,0.6356,0.153
4.41,-93.44,0.6356,0.103
4.411,-141.88,0.6356,-0.034
4.412,-85.00,0.6356,-0.181
4.413,-44.53,0.6356,-0.204
4.414,-72.81,0.6356,-0.270
4.415,7.81,0.6356,-0.349
4.416,83.91,0.6356,-0.255
4.417,60.78,0.6356,-0.182
4.418,96.09,0.6356,-0.133
4.419,128.59,0.6356,0.011
4.42,59.22,0.6356,0.124
4.421,52.50,0.6356,0.129
4.422,80.47,0.6356,0.229
4.423,9.53,0.6259,0.290
4.424,-28.28,0.6066,0.248
4.425,-17.50,0.6066,0.233
4.426,-89.53,0.6066,0.213
4.427,-141.72,0.6066,0.054
4.428,-95.00,0.6066,-0.070
4.429,-96.41,0.6066,-0.136
4.43,-90.47,0.6066,-0.263
4.431,-8.44,0.6066,-0.317
4.432,28.44,0.6066,-0.280
4.433,34.06,0.6066,-0.260
4.434,114.22,0.6066,-0.212
4.435,120.00,0.6066,-0.031
4.436,55.47,0.6066,0.028
4.437,96.56,0.6066,0.080
4.438,91.56,0.6066,0.221
4.439,8.91,0.4123,0.263
4.44,-1.25,0.0238,0.239
4.441,-10.63,0.2071,0.260
4.442,-73.59,0.5738,0.218
4.443,-84.53,0.5738,0.113
4.444,-89.84,0.5738,0.049
4.445,-135.94,0.5738,-0.067
4.446,-89.22,0.5738,-0.223
4.447,-21.25,0.5738,-0.245
4.448,-34.22,0.5738,-0.266
4.449,11.72,0.5738,-0.313
4.45,88.13,0.5738,-0.242
4.451,78.12,0.5738,-0.137
4.452,91.25,0.5738,-0.086
4.453,135.94,0.5738,0.045
4.454,75.78,0.5738,0.186
4.455,24.69,0.5738,0.197
4.456,52.50,0.5738,0.235
4.457,-12.66,0.6077,0.302
4.458,-69.69,0.6756,0.210
4.459,-43.28,0.6756,0.163
4.46,-102.81,0.6756,0.123
4.461,-142.97,0.6756,-0.043
4.462,-72.03,0.6756,-0.163
4.463,-69.84,0.6756,-0.187
4.464,-93.28,0.6756,-0.302
4.465,22.03,0.6756,-0.374
4.466,84.69,0.6756,-0.258
4.467,51.09,0.6756,-0.204
4.468,117.81,0.6756,-0.156
4.469,137.34,0.6756,0.031
4.47,54.22,0.6756,0.119
4.471,72.81,0.6756,0.140
4.472,77.97,0.6756,0.264
4.473,-20.16,0.4743,0.296
4.474,-28.44,0.0716,0.224
4.475,-23.13,0.2353,0.239
4.476,-112.66,0.5628,0.178
4.477,-112.97,0.5628,0.013
4.478,-71.88,0.5628,-0.048
4.479,-115.47,0.5628,-0.130
4.48,-94.37,0.5628,-0.279
4.481,0.31,0.5628,-0.319
4.482,25.00,0.5628,-0.278
4.483,45.16,0.5628,-0.269
4.484,108.75,0.5628,-0.188
4.485,104.37,0.5628,-0.052
4.486,78.44,0.5628,0.021
4.487,98.91,0.5628,0.105
4.488,57.81,0.5628,0.218
4.489,12.66,0.5628,0.221
4.49,27.97,0.5628,0.244
4.491,-19.53,0.5783,0.277
4.492,-88.75,0.6094,0.205
4.493,-73.44,0.6094,0.099
4.494,-91.09,0.6094,0.058
4.495,-124.69,0.6094,-0.083
4.496,-72.03,0.6094,-0.192
4.497,-47.34,0.6094,-0.227
4.498,-52.81,0.6094,-0.286
4.499,33.91,0.6094,-0.333
4.5,91.09,0.6094,-0.218
4.501,66.25,0.6094,-0.150
4.502,110.63,0.6094,-0.086
4.503,122.50,0.6094,0.071
4.504,65.94,0.6094,0.159
4.505,56.72,0.6094,0.203
4.506,54.38,0.6094,0.273
4.507,-25.63,0.6160,0.312
4.508,-52.81,0.6294,0.221
4.509,-46.72,0.6294,0.206
4.51,-117.34,0.6294,0.128
4.511,-121.87,0.6294,-0.029
4.512,-63.75,0.6294,-0.116
4.513,-87.19,0.6294,-0.156
4.514,-80.78,0.6294,-0.290
4.515,22.50,0.6294,-0.318
4.516,32.97,0.6294,-0.245
4.517,40.31,0.6294,-0.252
4.518,131.87,0.6294,-0.165
4.519,112.19,0.6294,0.012
4.52,57.81,0.6294,0.060
4.521,106.25,0.6294,0.128
4.522,70.00,0.4377,0.272
4.523,-27.19,0.0544,0.268
4.524,-2.19,0.0544,0.218
4.525,-19.22,0.2129,0.263
4.526,-128.75,0.5300,0.179
4.527,-105.31,0.5300,0.006
4.528,-66.88,0.5300,-0.031
4.529,-111.41,0.5300,-0.128
4.53,-60.94,0.5300,-0.254
4.531,-5.31,0.5300,-0.250
4.532,-8.44,0.5300,-0.265
4.533,53.59,0.5300,-0.267
4.534,97.34,0.5300,-0.158
4.535,83.75,0.5300,-0.072
4.536,99.53,0.5300,0.010
4.537,105.78,0.5300,0.127
4.538,40.47,0.3680,0.222
4.539,15.16,0.0441,0.208
4.54,44.84,0.0441,0.252
4.541,-29.22,0.2372,0.297
4.542,-80.63,0.6234,0.193
4.543,-70.63,0.6234,0.136
4.544,-127.81,0.6234,0.052
4.545,-128.75,0.6234,-0.119
4.546,-56.87,0.6234,-0.205
4.547,-60.31,0.6234,-0.233
4.548,-46.25,0.6234,-0.326
4.549,58.75,0.6234,-0.326
4.55,79.38,0.6234,-0.208
4.551,69.37,0.6234,-0.167
4.552,130.00,0.6234,-0.070
4.553,105.16,0.6234,0.093
4.554,35.63,0.6234,0.141
4.555,67.66,0.6234,0.164
4.556,50.78,0.6117,0.276
4.557,-31.56,0.5881,0.266
4.558,-23.59,0.5881,0.213
4.559,-49.69,0.5881,0.219
4.56,-145.94,0.5881,0.113
4.561,-100.94,0.5881,-0.073
4.562,-58.91,0.5881,-0.088
4.563,-111.87,0.5881,-0.191
4.564,-51.56,0.5881,-0.312
4.565,23.28,0.5881,-0.294
4.566,20.31,0.5881,-0.266
4.567,96.56,0.5881,-0.253
4.568,149.53,0.5881,-0.072
4.569,97.50,0.5881,0.046
4.57,66.72,0.5881,0.123
4.571,78.12,0.5881,0.179
4.572,28.91,0.4060,0.279
4.573,-8.75,0.0419,0.237
4.574,7.66,0.2257,0.261
4.575,-52.81,0.5934,0.252
4.576,-110.00,0.5934,0.156
4.577,-100.78,0.5934,0.032
4.578,-108.59,0.5934,-0.046
4.579,-116.09,0.5934,-0.185
4.58,-50.00,0.5934,-0.278
4.581,-15.31,0.5934,-0.285
4.582,3.28,0.5934,-0.309
4.583,74.37,0.5934,-0.278
4.584,89.06,0.5934,-0.160
4.585,75.63,0.5934,-0.100
4.586,120.63,0.5934,-0.009
4.587,91.72,0.5934,0.141
4.588,29.22,0.5934,0.175
4.589,55.00,0.5934,0.199
4.59,46.87,0.5934,0.285
4.591,-41.25,0.5994,0.293
4.592,-58.59,0.6113,0.202
4.593,-66.41,0.6113,0.176
4.594,-134.06,0.6113,0.069
4.595,-111.87,0.6113,-0.092
4.596,-62.97,0.6113,-0.154
4.597,-81.88,0.6113,-0.218
4.598,-32.34,0.6113,-0.318
4.599,59.84,0.6113,-0.283
4.6,37.97,0.6113,-0.198
4.601,75.47,0.6113,-0.207
4.602,153.91,0.6113,-0.048
4.603,85.16,0.6113,0.101
4.604,40.31,0.6113,0.123
4.605,73.12,0.6113,0.182
4.606,23.44,0.6071,0.269
4.607,-25.31,0.5987,0.228
4.608,-5.78,0.5987,0.218
4.609,-71.56,0.5987,0.217
4.61,-139.22,0.5987,0.075
4.611,-89.69,0.5987,-0.062
4.612,-75.47,0.5987,-0.104
4.613,-112.81,0.5987,-0.212
4.614,-39.69,0.5987,-0.330
4.615,20.47,0.5987,-0.292
4.616,10.16,0.5987,-0.289
4.617,88.59,0.5987,-0.272
4.618,132.97,0.5987,-0.112
4.619,76.41,0.5987,-0.006
4.62,95.62,0.5987,0.041
4.621,101.09,0.5987,0.186
4.622,14.53,0.4087,0.243
4.623,14.69,0.0288,0.215
4.624,21.88,0.2122,0.273
4.625,-64.69,0.5791,0.258
4.626,-79.38,0.5791,0.143
4.627,-72.34,0.5791,0.100
4.628,-133.59,0.5791,-0.001
4.629,-107.03,0.5791,-0.168
4.63,-48.75,0.5791,-0.215
4.631,-45.47,0.5791,-0.265
4.632,11.72,0.5791,-0.306
4.633,78.75,0.5791,-0.242
4.634,67.81,0.5791,-0.149
4.635,72.34,0.5791,-0.106
4.636,122.97,0.5791,-0.004
4.637,84.22,0.5791,0.140
4.638,35.78,0.5791,0.164
4.639,65.00,0.5791,0.212
4.64,20.31,0.5997,0.294
4.641,-60.62,0.6409,0.252
4.642,-39.84,0.6409,0.173
4.643,-85.16,0.6409,0.173
4.644,-161.56,0.6409,0.003
4.645,-89.84,0.6409,-0.151
4.646,-52.50,0.6409,-0.177
4.647,-84.84,0.6409,-0.256
4.648,-13.75,0.6409,-0.347
4.649,55.62,0.6409,-0.283
4.65,38.91,0.6409,-0.235
4.651,87.34,0.6409,-0.205
4.652,128.12,0.6409,-0.061
4.653,85.78,0.6409,0.051
4.654,84.22,0.6409,0.111
4.655,89.53,0.6409,0.219
4.656,28.12,0.6217,0.290
4.657,-12.34,0.5831,0.276
4.658,-17.50,0.5831,0.265
4.659,-87.50,0.5831,0.241
4.66,-126.72,0.5831,0.090
4.661,-82.81,0.5831,-0.013
4.662,-106.56,0.5831,-0.075
4.663,-108.91,0.5831,-0.226
4.664,-31.25,0.5831,-0.293
4.665,0.00,0.5831,-0.288
4.666,34.84,0.5831,-0.293
4.667,99.38,0.5831,-0.219
4.668,100.16,0.5831,-0.094
4.669,71.88,0.5831,-0.018
4.67,90.00,0.5831,0.049
4.671,79.53,0.5831,0.162
4.672,18.91,0.5831,0.208
4.673,40.16,0.5831,0.199
4.674,12.50,0.5941,0.289
4.675,-76.72,0.6159,0.224
4.676,-71.72,0.6159,0.135
4.677,-85.31,0.6159,0.081
4.678,-114.22,0.6159,-0.035
4.679,-81.72,0.6159,-0.147
4.68,-57.81,0.6159,-0.199
4.681,-64.22,0.6159,-0.263
4.682,26.56,0.6159,-0.327
4.683,87.50,0.6159,-0.210
4.684,41.87,0.6159,-0.152
4.685,88.44,0.6159,-0.126
4.686,128.28,0.6159,0.025
4.687,66.88,0.6159,0.130
4.688,61.09,0.6159,0.158
4.689,76.72,0.6159,0.253
4.69,-8.59,0.6137,0.312
4.691,-44.22,0.6094,0.235
4.692,-17.34,0.6094,0.223
4.693,-97.19,0.6094,0.201
4.694,-132.03,0.6094,0.029
4.695,-70.31,0.6094,-0.063
4.696,-97.03,0.6094,-0.112
4.697,-92.97,0.6094,-0.258
4.698,-3.91,0.6094,-0.297
4.699,27.97,0.6094,-0.265
4.7,30.94,0.6094,-0.242
4.701,109.84,0.6094,-0.203
4.702,128.12,0.6094,-0.022
4.703,56.56,0.6094,0.053
4.704,92.66,0.6094,0.091
4.705,77.34,0.6094,0.238
4.706,-6.56,0.4132,0.246
4.707,-0.94,0.0209,0.225
4.708,-17.66,0.1970,0.244
4.709,-94.37,0.5491,0.190
4.71,-96.88,0.5491,0.055
4.711,-75.94,0.5491,-0.004
4.712,-132.97,0.5491,-0.097
4.713,-92.81,0.5491,-0.270
4.714,-14.06,0.5491,-0.282
4.715,-10.00,0.5491,-0.298
4.716,47.81,0.5491,-0.302
4.717,93.44,0.5491,-0.203
4.718,78.59,0.5491,-0.115
4.719,85.16,0.5491,-0.045
4.72,109.22,0.5491,0.055
4.721,77.19,0.5491,0.173
4.722,36.88,0.5491,0.209
4.723,36.88,0.5491,0.247
4.724,-27.81,0.5741,0.283
4.725,-67.50,0.6241,0.191
4.726,-53.12,0.6241,0.148
4.727,-107.19,0.6241,0.085
4.728,-135.94,0.6241,-0.066
4.729,-76.56,0.6241,-0.187
4.73,-60.78,0.6241,-0.219
4.731,-60.78,0.6241,-0.308
4.732,39.69,0.6241,-0.341
4.733,75.00,0.6241,-0.229
4.734,45.78,0.6241,-0.191
4.735,119.53,0.6241,-0.138
4.736,132.50,0.6241,0.048
4.737,49.37,0.6241,0.128
4.738,74.53,0.6241,0.147
4.739,61.56,0.4381,0.277
4.74,-33.13,0.0663,0.270
4.741,-14.06,0.0663,0.210
4.742,-23.28,0.2218,0.242
4.743,-112.66,0.5328,0.164
4.744,-114.53,0.5328,0.017
4.745,-84.84,0.5328,-0.065
4.746,-97.81,0.5328,-0.153
4.747,-65.63,0.5328,-0.261
4.748,11.25,0.5328,-0.284
4.749,28.28,0.5328,-0.238
4.75,50.78,0.5328,-0.228
4.751,105.94,0.5328,-0.137
4.752,87.66,0.5328,-0.016
4.753,63.28,0.5328,0.038
4.754,91.72,0.5328,0.111
4.755,57.19,0.5328,0.222
4.756,13.28,0.5328,0.225
4.757,40.16,0.5328,0.248
4.758,-22.34,0.5542,0.305
4.759,-100.00,0.5969,0.204
4.76,-88.44,0.5969,0.105
4.761,-109.53,0.5969,0.027
4.762,-134.38,0.5969,-0.114
4.763,-66.56,0.5969,-0.242
4.764,-23.44,0.5969,-0.247
4.765,-22.34,0.5969,-0.289
4.766,56.09,0.5969,-0.292
4.767,91.09,0.5969,-0.177
4.768,63.13,0.5969,-0.109
4.769,116.72,0.5969,-0.050
4.77,109.38,0.5969,0.124
4.771,23.12,0.5969,0.168
4.772,55.78,0.5969,0.170
4.773,57.34,0.5969,0.280
4.774,-44.53,0.5920,0.285
4.775,-53.44,0.5822,0.191
4.776,-40.47,0.5822,0.178
4.777,-128.44,0.5822,0.110
4.778,-123.12,0.5822,-0.079
4.779,-60.78,0.5822,-0.136
4.78,-80.47,0.5822,-0.200
4.781,-47.66,0.5822,-0.297
4.782,50.78,0.5822,-0.296
4.783,50.47,0.5822,-0.196
4.784,43.91,0.5822,-0.195
4.785,121.72,0.5822,-0.108
4.786,96.09,0.5822,0.049
4.787,50.00,0.5822,0.084
4.788,86.72,0.5822,0.149
4.789,49.69,0.4038,0.258
4.79,-23.44,0.0469,0.248
4.791,-6.41,0.0469,0.211
4.792,-31.88,0.2055,0.235
4.793,-116.41,0.5228,0.147
4.794,-85.62,0.5228,0.003
4.795,-80.63,0.5228,-0.024
4.796,-131.72,0.5228,-0.159
4.797,-51.41,0.5228,-0.288
4.798,-8.44,0.5025,-0.262
4.799,-18.91,0.4619,-0.304
4.8,69.37,0.4619,-0.299
4.801,126.09,0.4619,-0.166
4.802,81.87,0.4619,-0.047
4.803,102.34,0.4619,-0.002
4.804,130.00,0.4619,0.158
4.805,32.50,0.3198,0.258
4.806,-3.75,0.0356,0.223
4.807,12.81,0.2063,0.251
4.808,-50.16,0.5475,0.248
4.809,-76.25,0.5475,0.150
4.81,-82.50,0.5475,0.096
4.811,-123.91,0.5475,-0.015
4.812,-96.72,0.5475,-0.152
4.813,-36.56,0.5475,-0.208
4.814,-44.38,0.5475,-0.225
4.815,-35.78,0.5475,-0.297
4.816,63.28,0.5475,-0.297
4.817,85.94,0.5475,-0.170
4.818,76.09,0.5475,-0.125
4.819,127.50,0.5475,-0.018
4.82,85.94,0.5475,0.130
4.821,31.72,0.5475,0.154
4.822,71.41,0.5475,0.193
4.823,29.69,0.5669,0.297
4.824,-54.53,0.6056,0.253
4.825,-32.19,0.6056,0.188
4.826,-55.94,0.6056,0.188
4.827,-142.50,0.6056,0.076
4.828,-93.13,0.6056,-0.097
4.829,-65.00,0.6056,-0.111
4.83,-99.22,0.6056,-0.227
4.831,-34.84,0.6056,-0.309
4.832,36.09,0.6056,-0.296
4.833,39.69,0.6056,-0.237
4.834,75.78,0.6056,-0.217
4.835,139.84,0.6056,-0.085
4.836,87.34,0.6056,0.063
4.837,65.16,0.6056,0.089
4.838,95.00,0.6056,0.193
4.839,27.50,0.4142,0.279
4.84,-10.62,0.0312,0.248
4.841,3.59,0.2047,0.258
4.842,-61.25,0.5516,0.255
4.843,-109.06,0.5516,0.136
4.844,-74.84,0.5516,0.037
4.845,-95.31,0.5516,-0.014
4.846,-126.09,0.5516,-0.153
4.847,-55.00,0.5516,-0.266
4.848,-13.59,0.5516,-0.263
4.849,22.34,0.5516,-0.293
4.85,93.91,0.5516,-0.219
4.851,89.38,0.5516,-0.106
4.852,71.56,0.5516,-0.040
4.853,108.44,0.5516,0.037
4.854,82.97,0.5516,0.177
4.855,15.00,0.5516,0.203
4.856,47.03,0.5516,0.207
4.857,28.13,0.5858,0.297
4.858,-68.44,0.6544,0.263
4.859,-57.34,0.6544,0.161
4.86,-70.00,0.6544,0.148
4.861,-151.25,0.6544,0.021
4.862,-107.03,0.6544,-0.154
4.863,-54.69,0.6544,-0.193
4.864,-81.72,0.6544,-0.263
4.865,-11.72,0.6544,-0.357
4.866,80.63,0.6544,-0.287
4.867,60.00,0.6544,-0.196
4.868,88.28,0.6544,-0.167
4.869,144.38,0.6544,-0.019
4.87,69.06,0.6544,0.122
4.871,42.34,0.6544,0.119
4.872,79.06,0.6544,0.207
4.873,19.06,0.6336,0.277
4.874,-32.97,0.5922,0.245
4.875,-22.81,0.5922,0.211
4.876,-79.53,0.5922,0.199
4.877,-123.59,0.5922,0.052
4.878,-75.16,0.5922,-0.048
4.879,-91.72,0.5922,-0.098
4.88,-108.44,0.5922,-0.232
4.881,-16.41,0.5922,-0.315
4.882,15.94,0.5614,-0.264
4.883,28.44,0.4997,-0.283
4.884,114.38,0.4997,-0.208
4.885,103.12,0.4997,-0.054
4.886,69.06,0.4997,-0.001
4.887,108.91,0.4997,0.084
4.888,80.63,0.4997,0.217
4.889,-4.22,0.3454,0.245
4.89,14.84,0.0369,0.208
4.891,9.53,0.2319,0.275
4.892,-73.12,0.6219,0.227
4.893,-79.69,0.6219,0.128
4.894,-92.50,0.6219,0.068
4.895,-129.22,0.6219,-0.057
4.896,-97.19,0.6219,-0.191
4.897,-40.94,0.6219,-0.251
4.898,-48.13,0.6219,-0.273
4.899,18.91,0.6219,-0.347
4.9,121.72,0.6219,-0.235
4.901,81.41,0.6219,-0.104
4.902,65.47,0.6219,-0.072
4.903,98.91,0.6219,0.027
4.904,67.66,0.6219,0.126
4.905,50.47,0.6219,0.163
4.906,64.84,0.6219,0.227
4.907,4.22,0.6260,0.292
4.908,-46.56,0.6344,0.235
4.909,-31.56,0.6344,0.199
4.91,-107.50,0.6344,0.172
4.911,-152.03,0.6344,-0.016
4.912,-68.75,0.6344,-0.132
4.913,-61.41,0.6344,-0.153
4.914,-94.37,0.6344,-0.255
4.915,-4.69,0.6344,-0.342
4.916,65.00,0.6344,-0.264
4.917,43.12,0.6344,-0.212
4.918,101.56,0.6344,-0.178
4.919,130.00,0.6344,-0.009
4.92,64.37,0.6344,0.082
4.921,92.81,0.6344,0.120
4.922,97.66,0.6344,0.268
4.923,-0.47,0.6239,0.315
4.924,-29.84,0.6028,0.267
4.925,-28.75,0.6028,0.255
4.926,-100.16,0.6028,0.209
4.927,-123.75,0.6028,0.055
4.928,-74.06,0.6028,-0.038
4.929,-103.28,0.6028,-0.093
4.93,-97.34,0.6028,-0.245
4.931,-11.41,0.6028,-0.288
4.932,5.62,0.6028,-0.268
4.933,30.94,0.6028,-0.277
4.934,99.38,0.6028,-0.206
4.935,93.28,0.6028,-0.078
4.936,68.75,0.6028,-0.019
4.937,108.13,0.6028,0.060
4.938,84.22,0.6028,0.197
4.939,17.81,0.6028,0.228
4.94,32.97,0.6028,0.233
4.941,-10.47,0.6097,0.294
4.942,-91.88,0.6234,0.212
4.943,-68.91,0.6234,0.110
4.944,-96.88,0.6234,0.074
4.945,-132.66,0.6234,-0.083
4.946,-64.69,0.6234,-0.191
4.947,-58.59,0.6234,-0.213
4.948,-58.28,0.6234,-0.308
4.949,40.16,0.6234,-0.329
4.95,80.00,0.6234,-0.228
4.951,63.28,0.6234,-0.169
4.952,126.41,0.6234,-0.102
4.953,129.22,0.6234,0.083
4.954,39.69,0.6234,0.157
4.955,55.00,0.6234,0.163
4.956,68.12,0.6234,0.267
4.957,-31.41,0.6224,0.299
4.958,-56.09,0.6203,0.204
4.959,-38.59,0.6203,0.187
4.96,-116.09,0.6203,0.127
4.961,-128.28,0.6203,-0.045
4.962,-69.53,0.6203,-0.130
4.963,-91.72,0.6203,-0.184
4.964,-68.44,0.6203,-0.313
4.965,34.38,0.6203,-0.321
4.966,50.62,0.6203,-0.244
4.967,42.19,0.6203,-0.220
4.968,123.59,0.6203,-0.160
4.969,115.94,0.6203,0.027
4.97,47.34,0.6203,0.072
4.971,88.59,0.6203,0.122
4.972,64.84,0.6203,0.249
4.973,-11.72,0.4222,0.252
4.974,1.25,0.0259,0.226
4.975,-24.38,0.2066,0.254
4.976,-106.56,0.5678,0.177
4.977,-88.44,0.5678,0.041
4.978,-80.78,0.5678,0.000
4.979,-130.47,0.5678,-0.121
4.98,-69.22,0.5678,-0.261
4.981,-19.22,0.5678,-0.259
4.982,-16.25,0.5678,-0.299
4.983,60.16,0.5678,-0.292
4.984,109.53,0.5678,-0.179
4.985,88.44,0.5678,-0.072
4.986,99.38,0.5678,-0.002
4.987,113.91,0.5678,0.126
4.988,54.22,0.5678,0.226
4.989,21.41,0.5678,0.235
4.99,25.62,0.5678,0.268
4.991,-39.53,0.5812,0.286
4.992,-75.16,0.6081,0.189
4.993,-57.03,0.6081,0.136
4.994,-121.41,0.6081,0.075
4.995,-131.41,0.6081,-0.107
4.996,-58.13,0.6081,-0.188
4.997,-67.34,0.6081,-0.223
4.998,-47.81,0.6081,-0.322
4.999,60.78,0.6081,-0.319
5,67.81,0.6081,-0.201
5.001,40.47,0.6081,-0.183
5.002,126.25,0.6081,-0.120
5.003,116.41,0.6081,0.069
5.004,50.31,0.6081,0.113
5.005,94.06,0.6081,0.170
5.006,51.09,0.4349,0.301
5.007,-44.22,0.0884,0.272
5.008,-18.28,0.0884,0.213
5.009,-37.50,0.2364,0.235
5.01,-141.56,0.5322,0.138
5.011,-103.91,0.5322,-0.048
5.012,-65.47,0.5322,-0.070
5.013,-113.44,0.5322,-0.179
5.014,-50.00,0.5322,-0.297
5.015,25.78,0.5322,-0.279
5.016,28.59,0.5322,-0.245
5.017,60.78,0.5322,-0.222
5.018,107.81,0.5322,-0.124
5.019,84.84,0.5322,-0.006
5.02,90.78,0.5322,0.046
5.021,111.72,0.5322,0.176
5.022,28.75,0.3669,0.269
5.023,-16.09,0.0362,0.233
5.024,6.09,0.0362,0.237
5.025,-42.81,0.1953,0.245
5.026,-101.72,0.5134,0.152
5.027,-73.28,0.5134,0.042
5.028,-104.37,0.5134,0.005
5.029,-136.56,0.5134,-0.167
5.03,-40.62,0.5134,-0.268
5.031,-25.78,0.5204,-0.248
5.032,-22.34,0.5344,-0.320
5.033,77.19,0.5344,-0.293
5.034,101.72,0.5344,-0.165
5.035,80.47,0.5344,-0.089
5.036,105.00,0.5344,-0.004
5.037,101.41,0.5344,0.121
5.038,47.03,0.5344,0.198
5.039,46.88,0.5344,0.215
5.04,35.16,0.5609,0.292
5.041,-59.53,0.6141,0.285
5.042,-61.56,0.6141,0.173
5.043,-57.66,0.6141,0.162
5.044,-137.34,0.6141,0.058
5.045,-103.28,0.6141,-0.113
5.046,-54.69,0.6141,-0.149
5.047,-86.56,0.6141,-0.222
5.048,-29.53,0.6141,-0.322
5.049,71.56,0.6141,-0.281
5.05,42.03,0.5346,-0.179
5.051,42.03,0.3756,-0.197
5.052,123.44,0.3756,-0.095
5.053,81.72,0.3756,0.050
5.054,64.37,0.3756,0.069
5.055,108.44,0.3756,0.178
5.056,28.75,0.4515,0.286
5.057,-32.50,0.6031,0.236
5.058,-10.47,0.6031,0.221
5.059,-65.16,0.6031,0.215
5.06,-131.41,0.6031,0.090
5.061,-82.66,0.6031,-0.048
5.062,-81.72,0.6031,-0.075
5.063,-121.25,0.6031,-0.211
5.064,-40.47,0.6031,-0.318
5.065,20.94,0.6031,-0.292
5.066,28.28,0.6031,-0.276
5.067,105.00,0.6031,-0.236
5.068,117.50,0.6031,-0.066
5.069,58.75,0.6031,-0.001
5.07,90.47,0.6031,0.052
5.071,93.13,0.6031,0.180
5.072,4.69,0.4182,0.238
5.073,8.75,0.0484,0.190
5.074,30.62,0.2227,0.256
5.075,-56.09,0.5713,0.251
5.076,-81.72,0.5713,0.143
5.077,-78.12,0.5713,0.088
5.078,-129.53,0.5713,-0.013
5.079,-110.16,0.5713,-0.172
5.08,-51.56,0.5713,-0.233
5.081,-41.25,0.5713,-0.275
5.082,12.97,0.5713,-0.316
5.083,89.22,0.5713,-0.249
5.084,69.69,0.5713,-0.137
5.085,75.16,0.5713,-0.109
5.086,121.41,0.5713,0.013
5.087,69.37,0.5713,0.133
5.088,44.53,0.5713,0.152
5.089,79.22,0.5713,0.223
5.09,15.00,0.5900,0.310
5.091,-71.41,0.6275,0.253
5.092,-43.28,0.6275,0.168
5.093,-78.28,0.6275,0.166
5.094,-147.03,0.6275,0.011
5.095,-72.66,0.6275,-0.128
5.096,-53.75,0.6275,-0.134
5.097,-91.41,0.6275,-0.236
5.098,-15.47,0.6275,-0.317
5.099,53.75,0.6275,-0.267
5.1,40.16,0.6275,-0.210
5.101,85.78,0.6275,-0.186
5.102,125.78,0.6275,-0.038
5.103,50.00,0.6275,0.065
5.104,65.94,0.6275,0.062
5.105,107.50,0.6275,0.197
5.106,25.62,0.6067,0.277
5.107,-18.28,0.5650,0.248
5.108,-17.50,0.5650,0.240
5.109,-90.78,0.5650,0.213
5.11,-114.22,0.5650,0.059
5.111,-73.28,0.5650,-0.015
5.112,-110.63,0.5650,-0.088
5.113,-100.16,0.5650,-0.236
5.114,-23.44,0.5650,-0.288
5.115,0.00,0.5650,-0.283
5.116,31.25,0.5650,-0.288
5.117,99.38,0.5650,-0.221
5.118,90.00,0.5650,-0.089
5.119,72.81,0.5650,-0.041
5.12,119.84,0.5650,0.056
5.121,101.09,0.5650,0.199
5.122,25.31,0.5650,0.258
5.123,40.94,0.5650,0.250
5.124,8.44,0.6035,0.340
5.125,-101.09,0.6806,0.267
5.126,-87.50,0.6806,0.138
5.127,-98.91,0.6806,0.092
5.128,-135.16,0.6806,-0.060
5.129,-73.44,0.6806,-0.179
5.13,-44.69,0.6806,-0.207
5.131,-66.88,0.6806,-0.268
5.132,20.00,0.6806,-0.340
5.133,83.44,0.6806,-0.228
5.134,43.91,0.6806,-0.173
5.135,104.37,0.6806,-0.140
5.136,131.87,0.6806,0.035
5.137,56.87,0.6806,0.123
5.138,73.44,0.6806,0.149
5.139,76.09,0.6806,0.270
5.14,-15.00,0.6573,0.301
5.141,-43.28,0.6106,0.240
5.142,-18.28,0.6106,0.215
5.143,-87.97,0.6106,0.204
5.144,-139.69,0.6106,0.039
5.145,-77.19,0.6106,-0.076
5.146,-88.59,0.6106,-0.116
5.147,-96.87,0.6106,-0.253
5.148,3.44,0.6106,-0.309
5.149,48.28,0.6106,-0.246
5.15,27.50,0.6106,-0.213
5.151,98.12,0.6106,-0.191
5.152,122.19,0.6106,-0.017
5.153,60.78,0.6106,0.053
5.154,88.91,0.6106,0.105
5.155,72.34,0.6106,0.231
5.156,-2.50,0.4149,0.250
5.157,4.84,0.0234,0.226
5.158,-3.75,0.1982,0.259
5.159,-85.94,0.5478,0.219
5.16,-89.84,0.5478,0.088
5.161,-82.34,0.5478,0.039
5.162,-134.53,0.5478,-0.077
5.163,-88.44,0.5478,-0.230
5.164,-18.59,0.5478,-0.254
5.165,-17.19,0.5478,-0.267
5.166,39.06,0.5478,-0.288
5.167,101.72,0.5478,-0.189
5.168,66.41,0.5478,-0.085
5.169,80.78,0.5478,-0.056
5.17,120.31,0.5478,0.077
5.171,59.53,0.5478,0.184
5.172,26.25,0.5478,0.196
5.173,38.12,0.5478,0.237
5.174,-15.31,0.5675,0.272
5.175,-57.19,0.6069,0.206
5.176,-61.41,0.6069,0.158
5.177,-109.06,0.6069,0.083
5.178,-119.22,0.6069,-0.061
5.179,-60.00,0.6069,-0.155
5.18,-70.16,0.6069,-0.181
5.181,-77.19,0.6069,-0.295
5.182,25.62,0.6069,-0.335
5.183,74.06,0.6069,-0.244
5.184,51.56,0.6069,-0.187
5.185,106.56,0.6069,-0.141
5.186,107.03,0.6069,0.026
5.187,46.87,0.6069,0.073
5.188,81.25,0.6069,0.120
5.189,70.16,0.6069,0.236
5.19,-16.87,0.4241,0.260
5.191,-11.41,0.0584,0.202
5.192,-17.19,0.2258,0.238
5.193,-111.56,0.5606,0.168
5.194,-103.91,0.5606,0.014
5.195,-71.09,0.5606,-0.040
5.196,-125.31,0.5606,-0.128
5.197,-88.91,0.5606,-0.291
5.198,5.47,0.5606,-0.306
5.199,16.41,0.5606,-0.280
5.2,51.41,0.5606,-0.273
5.201,122.97,0.5606,-0.177
5.202,89.38,0.5606,-0.027
5.203,56.09,0.5606,0.002
5.204,112.50,0.5606,0.085
5.205,75.63,0.5606,0.227
5.206,14.22,0.5606,0.237
5.207,32.50,0.5606,0.255
5.208,-24.06,0.5759,0.302
5.209,-95.47,0.6066,0.207
5.21,-83.75,0.6066,0.111
5.211,-110.47,0.6066,0.039
5.212,-135.31,0.6066,-0.110
5.213,-63.75,0.6066,-0.231
5.214,-24.06,0.6066,-0.238
5.215,-33.59,0.6066,-0.279
5.216,51.25,0.6066,-0.305
5.217,89.06,0.6066,-0.177
5.218,59.84,0.6066,-0.127
5.219,121.25,0.6066,-0.057
5.22,112.03,0.6066,0.116
5.221,34.37,0.6066,0.167
5.222,52.81,0.6066,0.184
5.223,56.56,0.6066,0.273
5.224,-29.06,0.6125,0.297
5.225,-47.34,0.6244,0.214
5.226,-50.94,0.6244,0.203
5.227,-128.59,0.6244,0.113
5.228,-119.53,0.6244,-0.054
5.229,-77.50,0.6244,-0.127
5.23,-100.16,0.6244,-0.209
5.231,-53.28,0.6244,-0.327
5.232,54.22,0.6244,-0.316
5.233,51.41,0.6244,-0.218
5.234,47.81,0.6244,-0.213
5.235,133.28,0.6244,-0.123
5.236,114.37,0.6244,0.053
5.237,52.97,0.6244,0.106
5.238,86.09,0.6244,0.159
5.239,61.56,0.6244,0.278
5.24,-21.87,0.4323,0.283
5.241,-1.25,0.0481,0.234
5.242,-24.53,0.2152,0.280
5.243,-118.44,0.5494,0.185
5.244,-111.87,0.5494,0.043
5.245,-91.56,0.5494,-0.038
5.246,-115.47,0.5494,-0.140
5.247,-55.78,0.5494,-0.269
5.248,-10.47,0.5524,-0.252
5.249,4.06,0.5584,-0.290
5.25,77.03,0.5584,-0.243
5.251,96.88,0.5584,-0.136
5.252,81.56,0.5584,-0.050
5.253,101.56,0.5584,0.027
5.254,98.12,0.5584,0.153
5.255,35.31,0.5584,0.223
5.256,22.50,0.5584,0.224
5.257,25.94,0.5584,0.268
5.258,-51.56,0.5707,0.276
5.259,-87.50,0.5953,0.165
5.26,-71.72,0.5953,0.101
5.261,-118.59,0.5953,0.022
5.262,-110.00,0.5953,-0.136
5.263,-38.28,0.5953,-0.198
5.264,-58.75,0.5953,-0.213
5.265,-43.44,0.5953,-0.316
5.266,64.69,0.5953,-0.300
5.267,69.69,0.5953,-0.187
5.268,63.44,0.5953,-0.160
5.269,132.19,0.5953,-0.060
5.27,88.13,0.5953,0.104
5.271,34.84,0.5953,0.117
5.272,81.41,0.5953,0.174
5.273,55.31,0.5953,0.279
5.274,-33.28,0.6015,0.284
5.275,-32.03,0.6137,0.213
5.276,-49.53,0.6137,0.220
5.277,-147.34,0.6137,0.114
5.278,-112.66,0.6137,-0.074
5.279,-74.06,0.6137,-0.112
5.28,-108.91,0.6137,-0.223
5.281,-32.34,0.6137,-0.329
5.282,41.56,0.6137,-0.287
5.283,22.34,0.6137,-0.246
5.284,77.19,0.6137,-0.242
5.285,145.00,0.6137,-0.092
5.286,80.94,0.6137,0.048
5.287,69.53,0.6137,0.070
5.288,97.19,0.6137,0.187
5.289,34.06,0.5881,0.264
5.29,-10.62,0.5369,0.255
5.291,-5.78,0.5369,0.243
5.292,-58.13,0.5369,0.243
5.293,-109.06,0.5369,0.127
5.294,-80.16,0.5369,0.025
5.295,-100.47,0.5369,-0.033
5.296,-119.53,0.5369,-0.176
5.297,-39.84,0.5369,-0.273
5.298,-21.09,0.5266,-0.256
5.299,-6.41,0.5059,-0.315
5.3,91.41,0.5059,-0.268
5.301,100.00,0.5059,-0.132
5.302,72.19,0.5059,-0.068
5.303,111.72,0.5059,0.013
5.304,78.59,0.5059,0.155
5.305,18.12,0.5059,0.170
5.306,50.47,0.5059,0.191
5.307,31.25,0.5346,0.271
5.308,-45.16,0.5919,0.254
5.309,-49.69,0.5919,0.180
5.31,-78.91,0.5919,0.154
5.311,-153.13,0.5919,0.022
5.312,-101.41,0.5919,-0.152
5.313,-53.91,0.5919,-0.180
5.314,-70.47,0.5919,-0.260
5.315,5.78,0.5919,-0.321
5.316,75.47,0.5919,-0.248
5.317,48.44,0.5919,-0.170
5.318,72.50,0.5919,-0.151
5.319,125.94,0.5919,-0.025
5.32,72.81,0.5919,0.101
5.321,66.56,0.5919,0.120
5.322,93.13,0.5919,0.234
5.323,10.62,0.5945,0.307
5.324,-42.19,0.5997,0.255
5.325,-19.37,0.5997,0.222
5.326,-85.00,0.5997,0.216
5.327,-133.44,0.5997,0.052
5.328,-77.66,0.5997,-0.051
5.329,-90.31,0.5997,-0.103
5.33,-95.00,0.5997,-0.231
5.331,-15.78,0.5997,-0.293
5.332,11.72,0.5997,-0.263
5.333,19.84,0.5997,-0.270
5.334,106.72,0.5997,-0.223
5.335,129.06,0.5997,-0.056
5.336,58.44,0.5997,0.035
5.337,85.78,0.5997,0.061
5.338,106.87,0.5997,0.207
5.339,21.56,0.4080,0.274
5.34,14.84,0.0247,0.250
5.341,1.56,0.2261,0.304
5.342,-80.47,0.6291,0.253
5.343,-82.97,0.6291,0.143
5.344,-88.28,0.6291,0.087
5.345,-140.47,0.6291,-0.033
5.346,-107.19,0.6291,-0.194
5.347,-31.09,0.6291,-0.248
5.348,-38.59,0.6291,-0.256
5.349,6.41,0.6291,-0.325
5.35,94.53,0.6291,-0.243
5.351,73.75,0.6291,-0.136
5.352,91.72,0.6291,-0.096
5.353,128.44,0.6291,0.048
5.354,59.06,0.6291,0.161
5.355,27.97,0.6291,0.166
5.356,66.09,0.6291,0.217
5.357,9.53,0.6325,0.298
5.358,-60.94,0.6394,0.236
5.359,-42.66,0.6394,0.176
5.36,-91.72,0.6394,0.151
5.361,-144.22,0.6394,-0.007
5.362,-78.44,0.6394,-0.138
5.363,-74.37,0.6394,-0.164
5.364,-88.59,0.6394,-0.287
5.365,23.91,0.6394,-0.342
5.366,66.72,0.6394,-0.239
5.367,37.81,0.6394,-0.208
5.368,112.81,0.6394,-0.163
5.369,118.44,0.6394,0.018
5.37,49.06,0.6394,0.074
5.371,83.28,0.6394,0.116
5.372,80.31,0.6394,0.240
5.373,-4.22,0.4410,0.276
5.374,-10.78,0.0444,0.232
5.375,-4.69,0.2183,0.255
5.376,-84.06,0.5662,0.223
5.377,-117.81,0.5662,0.087
5.378,-93.75,0.5662,-0.013
5.379,-120.63,0.5662,-0.101
5.38,-88.44,0.5662,-0.254
5.381,-13.75,0.5662,-0.278
5.382,-16.87,0.5662,-0.282
5.383,36.72,0.5662,-0.312
5.384,119.84,0.5662,-0.208
5.385,99.38,0.5662,-0.072
5.386,69.69,0.5662,-0.010
5.387,98.28,0.5662,0.068
5.388,79.69,0.5662,0.187
5.389,16.87,0.5662,0.227
5.39,30.94,0.5662,0.221
5.391,9.06,0.5858,0.289
5.392,-70.31,0.6250,0.239
5.393,-75.31,0.6250,0.148
5.394,-110.31,0.6250,0.088
5.395,-135.00,0.6250,-0.072
5.396,-64.69,0.6250,-0.182
5.397,-47.34,0.6250,-0.202
5.398,-67.19,0.6250,-0.277
5.399,27.19,0.6250,-0.336
5.4,88.28,0.6250,-0.222
5.401,45.16,0.6250,-0.160
5.402,99.06,0.6250,-0.132
5.403,128.75,0.6250,0.038
5.404,56.56,0.6250,0.126
5.405,66.56,0.6250,0.152
5.406,62.19,0.6250,0.259
5.407,-20.00,0.6154,0.276
5.408,-34.22,0.5962,0.219
5.409,-40.94,0.5962,0.208
5.41,-125.31,0.5962,0.137
5.411,-135.47,0.5962,-0.043
5.412,-65.31,0.5962,-0.134
5.413,-90.47,0.5962,-0.174
5.414,-73.28,0.5962,-0.315
5.415,31.25,0.5962,-0.320
5.416,40.94,0.5962,-0.253
5.417,42.34,0.5962,-0.238
5.418,123.75,0.5962,-0.168
5.419,111.87,0.5962,0.009
5.42,47.03,0.5962,0.056
5.421,95.62,0.5962,0.103
5.422,77.03,0.5962,0.247
5.423,-12.50,0.4092,0.257
5.424,-2.03,0.0350,0.222
5.425,-13.28,0.2089,0.253
5.426,-92.34,0.5566,0.196
5.427,-97.66,0.5566,0.068
5.428,-93.75,0.5566,0.000
5.429,-125.16,0.5566,-0.119
5.43,-63.28,0.5566,-0.250
5.431,-24.38,0.5566,-0.246
5.432,-28.91,0.5566,-0.299
5.433,67.50,0.5566,-0.303
5.434,113.44,0.5566,-0.164
5.435,73.59,0.5566,-0.077
5.436,95.31,0.5566,-0.017
5.437,112.34,0.5566,0.114
5.438,56.25,0.5566,0.208
5.439,22.34,0.5566,0.227
5.44,30.94,0.5566,0.253
5.441,-27.97,0.5758,0.288
5.442,-65.47,0.6144,0.197
5.443,-56.41,0.6144,0.158
5.444,-132.81,0.6144,0.084
5.445,-135.94,0.6144,-0.108
5.446,-54.53,0.6144,-0.188
5.447,-64.84,0.6144,-0.217
5.448,-54.38,0.6144,-0.318
5.449,57.50,0.6144,-0.326
5.45,81.72,0.6144,-0.203
5.451,52.81,0.6144,-0.163
5.452,117.34,0.6144,-0.097
5.453,110.63,0.6144,0.072
5.454,36.41,0.6144,0.124
5.455,75.47,0.6144,0.145
5.456,68.12,0.6144,0.275
5.457,-27.50,0.4299,0.281
5.458,-19.84,0.0609,0.220
5.459,-26.41,0.2244,0.242
5.46,-125.16,0.5512,0.168
5.461,-116.88,0.5512,-0.009
5.462,-79.53,0.5512,-0.066
5.463,-121.72,0.5512,-0.168
5.464,-69.84,0.5512,-0.310
5.465,21.56,0.5512,-0.308
5.466,23.59,0.5512,-0.267
5.467,66.25,0.5512,-0.260
5.468,124.69,0.5512,-0.134
5.469,77.34,0.5512,-0.011
5.47,65.00,0.5512,0.021
5.471,117.81,0.5512,0.119
5.472,50.00,0.3799,0.256
5.473,-5.31,0.0372,0.219
5.474,24.06,0.0372,0.246
5.475,-40.31,0.2179,0.267
5.476,-95.47,0.5794,0.165
5.477,-85.00,0.5794,0.076
5.478,-107.81,0.5794,-0.005
5.479,-130.78,0.5794,-0.139
5.48,-67.03,0.5794,-0.267
5.481,-22.81,0.5794,-0.273
5.482,-10.00,0.5794,-0.312
5.483,73.91,0.5794,-0.293
5.484,97.66,0.5794,-0.164
5.485,77.66,0.5794,-0.098
5.486,120.47,0.5794,-0.009
5.487,94.22,0.5794,0.143
5.488,22.50,0.5794,0.179
5.489,50.16,0.5794,0.188
5.49,43.44,0.5807,0.280
5.491,-42.19,0.5834,0.275
5.492,-42.03,0.5834,0.195
5.493,-62.34,0.5834,0.191
5.494,-130.00,0.5834,0.071
5.495,-95.94,0.5834,-0.069
5.496,-62.34,0.5834,-0.121
5.497,-91.25,0.5834,-0.194
5.498,-48.13,0.5834,-0.304
5.499,54.22,0.5834,-0.290
5.5,54.53,0.5834,-0.195
5.501,50.94,0.5834,-0.181
5.502,110.94,0.5834,-0.093
5.503,95.62,0.5834,0.041
5.504,67.19,0.5834,0.098
5.505,80.16,0.5834,0.175
5.506,33.44,0.4031,0.258
5.507,-21.25,0.0425,0.242
5.508,1.25,0.0425,0.216
5.509,-48.91,0.2032,0.244
5.51,-127.03,0.5247,0.118
5.511,-89.69,0.5247,-0.010
5.512,-81.09,0.5247,-0.062
5.513,-109.38,0.5247,-0.172
5.514,-44.22,0.5247,-0.280
5.515,5.16,0.5247,-0.260
5.516,-3.28,0.5247,-0.270
5.517,71.25,0.5247,-0.267
5.518,123.28,0.5247,-0.128
5.519,72.19,0.5247,-0.020
5.52,96.72,0.5247,0.017
5.521,112.19,0.5247,0.173
5.522,33.75,0.5247,0.241
5.523,23.28,0.5247,0.241
5.524,9.69,0.5493,0.288
5.525,-74.06,0.5984,0.260
5.526,-102.34,0.5984,0.140
5.527,-82.66,0.5984,0.055
5.528,-102.19,0.5984,-0.026
5.529,-92.50,0.5984,-0.149
5.53,-48.44,0.5984,-0.211
5.531,-50.00,0.5984,-0.246
5.532,-8.13,0.5984,-0.311
5.533,70.16,0.5984,-0.262
5.534,62.34,0.5984,-0.170
5.535,78.12,0.5984,-0.138
5.536,135.94,0.5984,-0.014
5.537,82.97,0.5984,0.134
5.538,35.94,0.5984,0.152
5.539,71.56,0.5984,0.206
5.54,11.88,0.4354,0.295
5.541,-54.69,0.1094,0.230
5.542,-13.13,0.1094,0.186
5.543,-57.97,0.2435,0.204
5.544,-151.88,0.5119,0.070
5.545,-94.69,0.5119,-0.100
5.546,-64.84,0.5119,-0.120
5.547,-94.22,0.5119,-0.230
5.548,-10.78,0.5119,-0.308
5.549,41.87,0.5119,-0.251
5.55,25.16,0.5119,-0.224
5.551,91.41,0.5119,-0.201
5.552,126.25,0.5119,-0.042
5.553,64.53,0.5119,0.052
5.554,70.78,0.5119,0.088
5.555,100.78,0.5119,0.193
5.556,20.47,0.3596,0.289
5.557,-9.06,0.0550,0.234
5.558,4.69,0.2253,0.271
5.559,-79.22,0.5659,0.243
5.56,-100.00,0.5659,0.113
5.561,-76.72,0.5659,0.043
5.562,-120.47,0.5659,-0.041
5.563,-116.56,0.5659,-0.198
5.564,-35.00,0.5659,-0.274
5.565,-10.47,0.5659,-0.268
5.566,26.88,0.5659,-0.295
5.567,97.66,0.5659,-0.214
5.568,78.91,0.5659,-0.100
5.569,58.44,0.5659,-0.056
5.57,118.44,0.5659,0.017
5.571,98.75,0.5659,0.181
5.572,24.84,0.5659,0.215
5.573,42.81,0.5659,0.231
5.574,15.63,0.6028,0.300
5.575,-70.62,0.6766,0.262
5.576,-67.03,0.6766,0.159
5.577,-80.94,0.6766,0.128
5.578,-147.97,0.6766,-0.003
5.579,-100.47,0.6766,-0.168
5.58,-60.78,0.6766,-0.204
5.581,-86.25,0.6766,-0.290
5.582,12.19,0.6766,-0.376
5.583,101.88,0.6766,-0.265
5.584,52.19,0.6766,-0.173
5.585,83.59,0.6766,-0.161
5.586,137.66,0.6766,-0.005
5.587,67.81,0.6766,0.114
5.588,62.97,0.6766,0.130
5.589,76.72,0.6766,0.240
5.59,-2.66,0.6485,0.284
5.591,-22.97,0.5925,0.235
5.592,-2.03,0.5925,0.238
5.593,-86.72,0.5925,0.231
5.594,-140.00,0.5925,0.064
5.595,-81.25,0.5925,-0.049
5.596,-101.25,0.5925,-0.098
5.597,-105.31,0.5925,-0.252
5.598,2.03,0.5925,-0.309
5.599,38.59,0.5925,-0.248
5.6,32.34,0.5925,-0.232
5.601,100.47,0.5925,-0.183
5.602,117.66,0.5925,-0.031
5.603,64.06,0.5925,0.052
5.604,85.00,0.5925,0.098
5.605,73.44,0.5925,0.223
5.606,-10.47,0.4093,0.244
5.607,10.47,0.0428,0.202
5.608,12.66,0.2237,0.265
5.609,-85.78,0.5856,0.227
5.61,-102.03,0.5856,0.094
5.611,-89.06,0.5856,0.023
5.612,-128.75,0.5856,-0.084
5.613,-81.41,0.5856,-0.235
5.614,-26.72,0.5856,-0.247
5.615,-36.56,0.5856,-0.288
5.616,38.91,0.5856,-0.320
5.617,109.84,0.5856,-0.210
5.618,82.03,0.5856,-0.101
5.619,85.31,0.5856,-0.046
5.62,104.69,0.5856,0.070
5.621,53.44,0.5856,0.163
5.622,49.84,0.5856,0.177
5.623,64.53,0.5856,0.263
5.624,-18.12,0.5979,0.306
5.625,-63.75,0.6225,0.227
5.626,-39.22,0.6225,0.178
5.627,-112.19,0.6225,0.148
5.628,-131.56,0.6225,-0.046
5.629,-45.16,0.6225,-0.115
5.63,-70.47,0.6225,-0.136
5.631,-90.16,0.6225,-0.256
5.632,20.47,0.6225,-0.317
5.633,56.25,0.6225,-0.215
5.634,34.06,0.6225,-0.204
5.635,111.56,0.6225,-0.147
5.636,126.88,0.6225,0.019
5.637,51.41,0.6225,0.107
5.638,71.88,0.6225,0.122
5.639,71.72,0.6225,0.251
5.64,-13.13,0.4286,0.265
5.641,-1.09,0.0409,0.224
5.642,-11.87,0.2196,0.263
5.643,-120.31,0.5769,0.201
5.644,-129.69,0.5769,0.022
5.645,-82.66,0.5769,-0.059
5.646,-114.69,0.5769,-0.143
5.647,-85.47,0.5769,-0.288
5.648,2.19,0.5769,-0.314
5.649,16.09,0.5769,-0.284
5.65,59.22,0.5769,-0.282
5.651,123.44,0.5769,-0.165
5.652,94.53,0.5769,-0.035
5.653,76.25,0.5769,0.024
5.654,104.84,0.5769,0.118
5.655,67.97,0.5769,0.233
5.656,6.09,0.5769,0.254
5.657,7.97,0.5769,0.246
5.658,-23.13,0.5791,0.270
5.659,-81.41,0.5834,0.199
5.66,-87.97,0.5834,0.107
5.661,-101.41,0.5834,0.023
5.662,-118.75,0.5834,-0.096
5.663,-62.03,0.5834,-0.214
5.664,-46.09,0.5834,-0.220
5.665,-46.87,0.5834,-0.306
5.666,63.28,0.5834,-0.314
5.667,96.88,0.5834,-0.180
5.668,55.16,0.5834,-0.120
5.669,100.94,0.5834,-0.069
5.67,107.81,0.5834,0.082
5.671,38.28,0.5834,0.146
5.672,52.66,0.5834,0.158
5.673,61.56,0.5834,0.252
5.674,-20.63,0.5936,0.282
5.675,-41.56,0.6141,0.210
5.676,-50.47,0.6141,0.198
5.677,-131.41,0.6141,0.109
5.678,-128.75,0.6141,-0.064
5.679,-65.16,0.6141,-0.148
5.68,-92.19,0.6141,-0.195
5.681,-66.88,0.6141,-0.333
5.682,36.56,0.6141,-0.328
5.683,50.16,0.6141,-0.259
5.684,57.50,0.6141,-0.228
5.685,130.94,0.6141,-0.144
5.686,112.50,0.6141,0.034
5.687,48.59,0.6141,0.081
5.688,95.78,0.6141,0.131
5.689,54.69,0.4259,0.272
5.69,-24.84,0.0497,0.240
5.691,12.03,0.0497,0.223
5.692,-35.78,0.2194,0.264
5.693,-132.19,0.5588,0.151
5.694,-91.41,0.5588,0.000
5.695,-74.37,0.5588,-0.032
5.696,-112.97,0.5588,-0.149
5.697,-54.06,0.5588,-0.258
5.698,-18.28,0.5588,-0.257
5.699,-16.25,0.5588,-0.294
5.7,72.50,0.5588,-0.289
5.701,115.00,0.5588,-0.149
5.702,74.37,0.5588,-0.059
5.703,97.34,0.5588,-0.001
5.704,114.53,0.5588,0.135
5.705,32.81,0.3892,0.228
5.706,11.25,0.0500,0.201
5.707,35.47,0.0500,0.251
5.708,-37.50,0.2304,0.272
5.709,-71.41,0.5913,0.176
5.71,-68.91,0.5913,0.129
5.711,-116.09,0.5913,0.038
5.712,-105.62,0.5913,-0.103
5.713,-53.91,0.5913,-0.173
5.714,-71.88,0.5913,-0.211
5.715,-54.22,0.5913,-0.317
5.716,57.34,0.5913,-0.319
5.717,82.34,0.5913,-0.202
5.718,82.66,0.5913,-0.155
5.719,140.16,0.5913,-0.037
5.72,81.56,0.5913,0.126
5.721,36.09,0.5913,0.126
5.722,83.44,0.5913,0.198
5.723,44.38,0.4209,0.293
5.724,-40.16,0.0803,0.287
5.725,-29.38,0.0803,0.213
5.726,-51.41,0.2385,0.228
5.727,-136.25,0.5550,0.110
5.728,-97.19,0.5550,-0.045
5.729,-81.09,0.5550,-0.084
5.73,-121.41,0.5550,-0.207
5.731,-27.81,0.5550,-0.327
5.732,49.84,0.5550,-0.263
5.733,6.25,0.5140,-0.228
5.734,60.47,0.4319,-0.250
5.735,126.09,0.4319,-0.107
5.736,74.22,0.4319,0.002
5.737,89.84,0.4319,0.042
5.738,95.94,0.4319,0.182
5.739,16.87,0.2940,0.234
5.74,8.75,0.0181,0.216
5.741,12.19,0.2016,0.251
5.742,-67.66,0.5684,0.240
5.743,-108.59,0.5684,0.116
5.744,-61.41,0.5684,0.023
5.745,-83.59,0.5684,-0.007
5.746,-115.94,0.5684,-0.144
5.747,-56.88,0.5684,-0.239
5.748,-39.22,0.5684,-0.258
5.749,-15.78,0.5684,-0.317
5.75,89.84,0.5684,-0.290
5.751,110.16,0.5684,-0.138
5.752,71.72,0.5684,-0.069
5.753,115.63,0.5684,0.006
5.754,90.94,0.5684,0.162
5.755,22.50,0.5684,0.188
5.756,59.38,0.5684,0.207
5.757,29.53,0.5891,0.307
5.758,-76.88,0.6303,0.266
5.759,-56.72,0.6303,0.153
5.76,-62.97,0.6303,0.153
5.761,-137.97,0.6303,0.027
5.762,-99.53,0.6303,-0.123
5.763,-57.19,0.6303,-0.172
5.764,-75.78,0.6303,-0.238
5.765,-23.75,0.6303,-0.324
5.766,57.81,0.6303,-0.285
5.767,56.25,0.6303,-0.208
5.768,78.28,0.6303,-0.173
5.769,127.19,0.6303,-0.052
5.77,76.56,0.6303,0.082
5.771,56.87,0.6303,0.102
5.772,97.97,0.6303,0.195
5.773,22.19,0.6226,0.297
5.774,-35.31,0.6072,0.240
5.775,-2.19,0.6072,0.227
5.776,-66.88,0.6072,0.235
5.777,-146.87,0.6072,0.093
5.778,-87.66,0.6072,-0.058
5.779,-75.16,0.6072,-0.082
5.78,-113.75,0.6072,-0.209
5.781,-28.59,0.6072,-0.310
5.782,30.00,0.6072,-0.266
5.783,20.31,0.6072,-0.250
5.784,80.16,0.6072,-0.225
5.785,106.41,0.6072,-0.089
5.786,71.25,0.6072,-0.013
5.787,105.47,0.6072,0.053
5.788,93.44,0.6072,0.198
5.789,13.28,0.4098,0.240
5.79,22.50,0.0150,0.225
5.791,19.37,0.2139,0.285
5.792,-63.44,0.6116,0.264
5.793,-93.75,0.6116,0.158
5.794,-96.72,0.6116,0.076
5.795,-127.19,0.6116,-0.035
5.796,-92.66,0.6116,-0.178
5.797,-32.97,0.6116,-0.221
5.798,-52.97,0.6116,-0.244
5.799,-4.69,0.6116,-0.327
5.8,93.91,0.6116,-0.253
5.801,80.62,0.6116,-0.139
5.802,88.75,0.6116,-0.092
5.803,128.91,0.6116,0.039
5.804,76.87,0.6116,0.166
5.805,39.37,0.6116,0.193
5.806,52.03,0.6116,0.244
5.807,4.22,0.6171,0.297
5.808,-62.03,0.6281,0.253
5.809,-38.28,0.6281,0.173
5.81,-81.09,0.6281,0.176
5.811,-153.59,0.6281,0.010
5.812,-80.78,0.6281,-0.131
5.813,-60.47,0.6281,-0.151
5.814,-90.16,0.6281,-0.252
5.815,-9.84,0.6281,-0.332
5.816,54.22,0.6281,-0.272
5.817,43.75,0.6281,-0.223
5.818,92.66,0.6281,-0.184
5.819,127.03,0.6281,-0.038
5.82,64.84,0.6281,0.070
5.821,75.47,0.6281,0.092
5.822,85.62,0.6281,0.221
5.823,9.37,0.4266,0.263
5.824,-1.25,0.0234,0.240
5.825,-5.94,0.1998,0.261
5.826,-87.50,0.5525,0.228
5.827,-108.91,0.5525,0.086
5.828,-77.03,0.5525,0.010
5.829,-115.16,0.5525,-0.068
5.83,-107.34,0.5525,-0.220
5.831,-29.06,0.5525,-0.283
5.832,-4.37,0.5525,-0.278
5.833,24.84,0.5525,-0.292
5.834,110.00,0.5525,-0.229
5.835,107.50,0.5525,-0.072
5.836,64.53,0.5525,-0.014
5.837,105.00,0.5525,0.057
5.838,85.00,0.5525,0.196
5.839,23.75,0.5525,0.227
5.84,35.94,0.5525,0.244
5.841,-6.41,0.5711,0.299
5.842,-74.37,0.6084,0.231
5.843,-70.16,0.6084,0.150
5.844,-95.94,0.6084,0.091
5.845,-139.37,0.6084,-0.042
5.846,-89.06,0.6084,-0.188
5.847,-39.53,0.6084,-0.220
5.848,-44.84,0.6084,-0.267
5.849,27.19,0.6084,-0.309
5.85,81.25,0.6084,-0.213
5.851,42.03,0.6084,-0.147
5.852,96.88,0.6084,-0.129
5.853,139.84,0.6084,0.047
5.854,52.81,0.6084,0.151
5.855,43.44,0.6084,0.153
5.856,54.53,0.6084,0.238
5.857,-19.69,0.4267,0.262
5.858,-17.19,0.0631,0.198
5.859,-12.34,0.2370,0.227
5.86,-113.59,0.5847,0.174
5.861,-133.59,0.5847,0.000
5.862,-84.22,0.5847,-0.093
5.863,-102.03,0.5847,-0.168
5.864,-85.94,0.5847,-0.297
5.865,6.72,0.5847,-0.340
5.866,52.81,0.5847,-0.284
5.867,66.56,0.5847,-0.235
5.868,121.87,0.5847,-0.151
5.869,115.63,0.5847,0.009
5.87,59.53,0.5847,0.080
5.871,82.03,0.5847,0.128
5.872,72.81,0.5847,0.244
5.873,5.47,0.3959,0.274
5.874,3.75,0.0184,0.255
5.875,-23.44,0.2077,0.281
5.876,-103.12,0.5863,0.208
5.877,-99.53,0.5863,0.075
5.878,-91.56,0.5863,0.009
5.879,-132.34,0.5863,-0.108
5.88,-78.91,0.5863,-0.255
5.881,-19.06,0.5863,-0.266
5.882,-19.53,0.5863,-0.293
5.883,56.41,0.5863,-0.305
5.884,109.84,0.5863,-0.181
5.885,79.53,0.5863,-0.085
5.886,93.91,0.5863,-0.022
5.887,110.78,0.5863,0.103
5.888,50.63,0.5863,0.200
5.889,22.81,0.5863,0.204
5.89,47.34,0.5863,0.246
5.891,-20.78,0.5978,0.298
5.892,-70.16,0.6209,0.204
5.893,-56.72,0.6209,0.158
5.894,-110.31,0.6209,0.091
5.895,-135.47,0.6209,-0.063
5.896,-74.84,0.6209,-0.180
5.897,-63.59,0.6209,-0.212
5.898,-55.16,0.6209,-0.308
5.899,40.63,0.6209,-0.323
5.9,61.09,0.6209,-0.226
5.901,55.16,0.6209,-0.200
5.902,133.13,0.6209,-0.116
5.903,112.97,0.6209,0.066
5.904,48.13,0.6209,0.110
5.905,95.94,0.6209,0.162
5.906,62.03,0.4396,0.302
5.907,-38.44,0.0769,0.286
5.908,-15.63,0.0769,0.225
5.909,-23.28,0.2331,0.255
5.91,-117.19,0.5456,0.178
5.911,-117.81,0.5456,0.021
5.912,-95.00,0.5456,-0.057
5.913,-116.72,0.5456,-0.169
5.914,-47.97,0.5456,-0.291
5.915,8.44,0.5456,-0.265
5.916,-2.19,0.5456,-0.274
5.917,53.28,0.5456,-0.270
5.918,129.53,0.5456,-0.167
5.919,95.78,0.5456,-0.011
5.92,73.75,0.5456,0.024
5.921,110.63,0.5456,0.137
5.922,37.66,0.3749,0.246
5.923,-0.94,0.0334,0.212
5.924,28.59,0.0334,0.244
5.925,-23.44,0.2122,0.269
5.926,-91.72,0.5697,0.197
5.927,-99.53,0.5697,0.086
5.928,-104.53,0.5697,-0.002
5.929,-102.81,0.5697,-0.123
5.93,-58.75,0.5697,-0.208
5.931,-46.25,0.5697,-0.241
5.932,-15.16,0.5697,-0.300
5.933,79.22,0.5697,-0.271
5.934,88.13,0.5697,-0.142
5.935,58.59,0.5697,-0.095
5.936,102.50,0.5697,-0.025
5.937,90.47,0.5697,0.110
5.938,33.59,0.5697,0.156
5.939,65.62,0.5697,0.177
5.94,44.22,0.4157,0.288
5.941,-53.91,0.1078,0.266
5.942,-30.31,0.1078,0.180
5.943,-35.63,0.2402,0.205
5.944,-131.56,0.5050,0.108
5.945,-115.78,0.5050,-0.058
5.946,-68.91,0.5050,-0.123
5.947,-80.16,0.5050,-0.196
5.948,-52.03,0.5050,-0.283
5.949,31.41,0.5050,-0.300
5.95,49.38,0.5050,-0.221
5.951,56.87,0.5050,-0.201
5.952,118.44,0.5050,-0.107
5.953,79.69,0.5050,0.036
5.954,55.94,0.5050,0.052
5.955,97.66,0.5050,0.148
5.956,38.59,0.3484,0.248
5.957,-17.66,0.0353,0.225
5.958,7.19,0.0353,0.212
5.959,-45.94,0.1969,0.239
5.96,-130.00,0.5200,0.121
5.961,-89.38,0.5200,-0.021
5.962,-66.88,0.5200,-0.058
5.963,-111.25,0.5200,-0.154
5.964,-50.00,0.5200,-0.281
5.965,8.91,0.5200,-0.254
5.966,-2.50,0.5200,-0.263
5.967,59.69,0.5200,-0.259
5.968,108.91,0.5200,-0.143
5.969,84.84,0.5200,-0.042
5.97,106.09,0.5200,0.026
5.971,101.25,0.5200,0.171
5.972,19.84,0.3528,0.229
5.973,33.12,0.0184,0.210
5.974,35.63,0.2214,0.295
5.975,-66.87,0.6272,0.282
5.976,-84.22,0.6272,0.161
5.977,-60.16,0.6272,0.113
5.978,-124.38,0.6272,0.041
5.979,-116.88,0.6272,-0.136
5.98,-62.19,0.6272,-0.193
5.981,-69.69,0.6272,-0.260
5.982,-17.97,0.6272,-0.332
5.983,70.00,0.6272,-0.296
5.984,84.06,0.6272,-0.192
5.985,91.72,0.6272,-0.128
5.986,125.47,0.6272,-0.009
5.987,80.94,0.6272,0.123
5.988,39.84,0.6272,0.153
5.989,67.19,0.6272,0.203
5.99,30.94,0.4471,0.288
5.991,-43.44,0.0869,0.265
5.992,-22.19,0.0869,0.201
5.993,-60.16,0.2429,0.220
5.994,-147.81,0.5550,0.080
5.995,-88.28,0.5550,-0.075
5.996,-71.09,0.5550,-0.096
5.997,-119.22,0.5550,-0.218
5.998,-36.56,0.5550,-0.335
5.999,46.25,0.5550,-0.291
6,42.66,0.5550,-0.242
6.001,79.22,0.5550,-0.205
6.002,124.69,0.5550,-0.084
6.003,81.87,0.5550,0.044
6.004,80.63,0.5550,0.080
6.005,93.13,0.5550,0.205
6.006,15.47,0.5548,0.266
6.007,-12.66,0.5544,0.236
6.008,-1.41,0.5544,0.241
6.009,-61.25,0.5544,0.233
6.01,-102.19,0.5544,0.118
6.011,-83.59,0.5544,0.029
6.012,-103.59,0.5544,-0.049
6.013,-101.09,0.5544,-0.178
6.014,-36.09,0.5544,-0.251
6.015,-18.59,0.5544,-0.250
6.016,0.94,0.5544,-0.288
6.017,80.78,0.5544,-0.248
6.018,80.78,0.5544,-0.127
6.019,79.22,0.5544,-0.087
6.02,119.53,0.5544,0.032
6.021,83.44,0.5544,0.152
6.022,37.66,0.5544,0.199
6.023,46.09,0.5544,0.228
6.024,4.53,0.5897,0.291
6.025,-76.72,0.6603,0.237
6.026,-46.56,0.6603,0.138
6.027,-65.78,0.6603,0.143
6.028,-135.78,0.6603,0.006
6.029,-83.28,0.6603,-0.128
6.03,-77.81,0.6603,-0.161
6.031,-104.37,0.6603,-0.284
6.032,0.62,0.6603,-0.369
6.033,93.28,0.6603,-0.283
6.034,65.94,0.6603,-0.183
6.035,94.69,0.6603,-0.151
6.036,130.16,0.6603,0.007
6.037,64.06,0.6603,0.110
6.038,63.59,0.6603,0.135
6.039,77.66,0.6603,0.237
6.04,5.16,0.6371,0.290
6.041,-36.72,0.5906,0.247
6.042,-29.84,0.5906,0.217
6.043,-92.81,0.5906,0.188
6.044,-130.78,0.5906,0.031
6.045,-60.16,0.5906,-0.074
6.046,-79.53,0.5906,-0.089
6.047,-105.62,0.5906,-0.233
6.048,-12.50,0.5906,-0.301
6.049,22.97,0.5906,-0.258
6.05,30.62,0.5906,-0.255
6.051,102.81,0.5906,-0.197
6.052,92.03,0.5906,-0.049
6.053,45.47,0.5906,-0.013
6.054,111.72,0.5906,0.042
6.055,112.81,0.5906,0.211
6.056,6.56,0.4083,0.268
6.057,17.19,0.0437,0.224
6.058,-0.31,0.2471,0.302
6.059,-106.09,0.6538,0.223
6.06,-89.53,0.6538,0.090
6.061,-75.63,0.6538,0.044
6.062,-133.75,0.6538,-0.062
6.063,-102.19,0.6538,-0.223
6.064,-42.50,0.6538,-0.266
6.065,-42.97,0.6538,-0.308
6.066,35.31,0.6538,-0.352
6.067,115.31,0.6538,-0.238
6.068,90.94,0.6538,-0.121
6.069,79.53,0.6538,-0.056
6.07,108.44,0.6538,0.038
6.071,68.28,0.6538,0.161
6.072,33.13,0.6538,0.174
6.073,56.56,0.6538,0.227
6.074,-0.62,0.6417,0.288
6.075,-57.66,0.6175,0.226
6.076,-48.44,0.6175,0.172
6.077,-105.00,0.6175,0.129
6.078,-132.50,0.6175,-0.038
6.079,-59.06,0.6175,-0.136
6.08,-62.66,0.6175,-0.156
6.081,-87.03,0.6175,-0.261
6.082,12.19,0.6175,-0.330
6.083,60.31,0.6175,-0.237
6.084,33.59,0.6175,-0.209
6.085,112.50,0.6175,-0.170
6.086,125.78,0.6175,0.016
6.087,50.78,0.6175,0.082
6.088,88.13,0.6175,0.117
6.089,79.69,0.6175,0.258
6.09,-6.56,0.4222,0.277
6.091,5.31,0.0316,0.245
6.092,-22.34,0.2112,0.287
6.093,-128.59,0.5706,0.200
6.094,-118.28,0.5706,0.030
6.095,-66.41,0.5706,-0.036
6.096,-112.03,0.5706,-0.103
6.097,-90.31,0.5706,-0.260
6.098,-4.06,0.5706,-0.283
6.099,1.56,0.5445,-0.268
6.1,49.22,0.4922,-0.280
6.101,117.19,0.4922,-0.170
6.102,86.09,0.4922,-0.046
6.103,69.06,0.4922,0.002
6.104,95.78,0.4922,0.092
6.105,51.72,0.4922,0.194
6.106,9.06,0.4922,0.196
6.107,39.53,0.4922,0.212
6.108,-1.88,0.5236,0.275
6.109,-85.00,0.5866,0.208
6.11,-67.03,0.5866,0.105
6.111,-90.16,0.5866,0.074
6.112,-132.66,0.5866,-0.076
6.113,-76.25,0.5866,-0.191
6.114,-50.16,0.5866,-0.228
6.115,-41.25,0.5866,-0.292
6.116,50.31,0.5866,-0.311
6.117,84.06,0.5866,-0.191
6.118,46.72,0.5866,-0.143
6.119,117.97,0.5866,-0.098
6.12,125.94,0.5866,0.093
6.121,48.13,0.5866,0.154
6.122,60.78,0.5866,0.190
6.123,46.25,0.5866,0.276
6.124,-36.88,0.5883,0.282
6.125,-42.19,0.5919,0.202
6.126,-40.94,0.5919,0.198
6.127,-123.28,0.5919,0.120
6.128,-127.97,0.5919,-0.049
6.129,-63.28,0.5919,-0.136
6.13,-81.56,0.5919,-0.175
6.131,-67.19,0.5919,-0.299
6.132,37.81,0.5919,-0.310
6.133,50.31,0.5919,-0.223
6.134,47.97,0.5919,-0.209
6.135,128.44,0.5919,-0.127
6.136,111.09,0.5919,0.048
6.137,41.25,0.5919,0.095
6.138,70.16,0.5919,0.130
6.139,53.12,0.5919,0.235
6.14,-12.50,0.4033,0.237
6.141,2.97,0.0262,0.210
6.142,-27.34,0.1983,0.242
6.143,-115.47,0.5425,0.156
6.144,-91.72,0.5425,0.012
6.145,-84.22,0.5425,-0.028
6.146,-118.91,0.5425,-0.157
6.147,-55.00,0.5425,-0.266
6.148,-2.81,0.5425,-0.267
6.149,-5.31,0.5425,-0.271
6.15,62.03,0.5425,-0.278
6.151,103.59,0.5425,-0.147
6.152,72.19,0.5425,-0.070
6.153,104.06,0.5425,-0.003
6.154,103.91,0.5425,0.138
6.155,50.00,0.5425,0.205
6.156,30.00,0.5425,0.238
6.157,17.34,0.5425,0.265
6.158,-50.62,0.5558,0.273
6.159,-71.09,0.5825,0.164
6.16,-55.78,0.5825,0.130
6.161,-117.50,0.5825,0.052
6.162,-108.44,0.5825,-0.105
6.163,-55.16,0.5825,-0.165
6.164,-72.66,0.5825,-0.215
6.165,-43.13,0.5825,-0.310
6.166,57.19,0.5825,-0.301
6.167,69.69,0.5825,-0.196
6.168,59.06,0.5825,-0.162
6.169,126.72,0.5825,-0.077
6.17,112.34,0.5825,0.092
6.171,47.50,0.5825,0.147
6.172,72.19,0.5825,0.187
6.173,40.94,0.5806,0.292
6.174,-25.00,0.5769,0.268
6.175,-25.63,0.5769,0.242
6.176,-63.59,0.5769,0.217
6.177,-125.94,0.5769,0.114
6.178,-90.47,0.5769,-0.035
6.179,-67.34,0.5769,-0.067
6.18,-109.38,0.5769,-0.169
6.181,-42.34,0.5769,-0.285
6.182,28.91,0.5769,-0.254
6.183,22.81,0.5769,-0.228
6.184,65.00,0.5769,-0.208
6.185,107.66,0.5769,-0.098
6.186,81.72,0.5769,0.007
6.187,79.69,0.5769,0.066
6.188,92.03,0.5769,0.166
6.189,35.78,0.3886,0.250
6.19,5.00,0.0122,0.238
6.191,8.44,0.1928,0.260
6.192,-35.16,0.5541,0.255
6.193,-86.56,0.5541,0.190
6.194,-100.63,0.5541,0.082
6.195,-119.69,0.5541,-0.012
6.196,-120.62,0.5541,-0.158
6.197,-50.31,0.5541,-0.253
6.198,-20.62,0.5541,-0.258
6.199,-0.31,0.5541,-0.294
6.2,76.72,0.5541,-0.259
6.201,74.22,0.5541,-0.141
6.202,62.03,0.5541,-0.111
6.203,137.81,0.5541,-0.017
6.204,115.16,0.5541,0.165
6.205,25.31,0.5541,0.214
6.206,36.41,0.5541,0.216
6.207,19.06,0.5673,0.287
6.208,-59.22,0.5937,0.254
6.209,-45.62,0.5937,0.168
6.21,-72.81,0.5937,0.163
6.211,-141.41,0.5937,0.022
6.212,-85.31,0.5937,-0.120
6.213,-62.97,0.5937,-0.148
6.214,-79.53,0.5937,-0.246
6.215,-7.50,0.5937,-0.307
6.216,52.50,0.5937,-0.261
6.217,39.53,0.5937,-0.202
6.218,81.25,0.5937,-0.182
6.219,135.63,0.5937,-0.040
6.22,70.78,0.5937,0.089
6.221,49.69,0.5937,0.102
6.222,97.97,0.5937,0.188
6.223,28.28,0.5892,0.298
6.224,-37.03,0.5800,0.245
6.225,-7.81,0.5800,0.224
6.226,-56.56,0.5800,0.229
6.227,-128.59,0.5800,0.111
6.228,-81.25,0.5800,-0.028
6.229,-80.00,0.5800,-0.052
6.23,-115.16,0.5800,-0.188
6.231,-38.59,0.5800,-0.282
6.232,-2.03,0.5439,-0.265
6.233,6.72,0.4716,-0.286
6.234,92.50,0.4716,-0.252
6.235,115.94,0.4716,-0.101
6.236,65.94,0.4716,-0.020
6.237,102.50,0.4716,0.031
6.238,118.59,0.4716,0.185
6.239,17.97,0.3299,0.268
6.24,-4.53,0.0466,0.221
6.241,-1.56,0.2265,0.259
6.242,-65.16,0.5862,0.218
6.243,-79.53,0.5862,0.128
6.244,-86.09,0.5862,0.059
6.245,-122.34,0.5862,-0.044
6.246,-83.13,0.5862,-0.186
6.247,-28.75,0.5862,-0.210
6.248,-58.75,0.5862,-0.243
6.249,-15.16,0.5862,-0.328
6.25,85.78,0.5862,-0.273
6.251,72.34,0.5862,-0.156
6.252,76.09,0.5862,-0.129
6.253,132.81,0.5862,-0.004
6.254,91.88,0.5862,0.137
6.255,53.91,0.5862,0.180
6.256,63.28,0.5862,0.245
6.257,8.75,0.6093,0.307
6.258,-47.66,0.6553,0.262
6.259,-39.06,0.6553,0.211
6.26,-99.06,0.6553,0.184
6.261,-148.91,0.6553,0.013
6.262,-69.84,0.6553,-0.114
6.263,-73.91,0.6553,-0.127
6.264,-111.09,0.6553,-0.262
6.265,-3.28,0.6553,-0.349
6.266,60.94,0.6553,-0.268
6.267,31.25,0.6553,-0.227
6.268,97.66,0.6553,-0.206
6.269,144.53,0.6553,-0.032
6.27,68.12,0.6553,0.083
6.271,62.50,0.6553,0.105
6.272,81.25,0.6553,0.208
6.273,21.41,0.4422,0.267
6.274,-0.78,0.0159,0.251
6.275,-17.34,0.2031,0.266
6.276,-98.75,0.5775,0.217
6.277,-117.19,0.5775,0.068
6.278,-71.25,0.5775,-0.018
6.279,-101.72,0.5775,-0.074
6.28,-101.87,0.5775,-0.221
6.281,-24.53,0.5775,-0.278
6.282,-16.87,0.5775,-0.270
6.283,29.69,0.5775,-0.312
6.284,111.87,0.5775,-0.211
6.285,92.03,0.5775,-0.088
6.286,82.66,0.5775,-0.027
6.287,113.75,0.5775,0.077
6.288,76.25,0.5775,0.201
6.289,24.38,0.5775,0.230
6.29,46.25,0.5775,0.249
6.291,-8.28,0.5992,0.322
6.292,-88.28,0.6425,0.233
6.293,-64.84,0.6425,0.146
6.294,-98.28,0.6425,0.103
6.295,-143.28,0.6425,-0.051
6.296,-80.00,0.6425,-0.183
6.297,-39.38,0.6425,-0.211
6.298,-54.69,0.6425,-0.262
6.299,27.34,0.6425,-0.320
6.3,87.97,0.6425,-0.208
6.301,37.34,0.6425,-0.144
6.302,91.25,0.6425,-0.133
6.303,129.53,0.6425,0.038
6.304,57.19,0.6425,0.126
6.305,55.62,0.6425,0.153
6.306,67.81,0.6425,0.238
6.307,2.50,0.6354,0.288
6.308,-33.28,0.6213,0.242
6.309,-31.88,0.6213,0.222
6.31,-103.12,0.6213,0.179
6.311,-134.53,0.6213,0.015
6.312,-77.34,0.6213,-0.090
6.313,-99.84,0.6213,-0.139
6.314,-96.88,0.6213,-0.290
6.315,6.56,0.6213,-0.333
6.316,35.94,0.6213,-0.277
6.317,40.94,0.6213,-0.261
6.318,110.16,0.6213,-0.195
6.319,112.97,0.6213,-0.041
6.32,62.97,0.6213,0.031
6.321,96.09,0.6213,0.085
6.322,79.22,0.6213,0.223
6.323,11.09,0.6213,0.243
6.324,15.63,0.6213,0.245
6.325,-28.44,0.6069,0.275
6.326,-94.22,0.5781,0.188
6.327,-79.84,0.5781,0.086
6.328,-91.25,0.5781,0.029
6.329,-133.28,0.5781,-0.096
6.33,-79.53,0.5781,-0.238
6.331,-23.13,0.5781,-0.255
6.332,-24.06,0.5781,-0.284
6.333,44.06,0.5781,-0.303
6.334,100.16,0.5781,-0.196
6.335,79.22,0.5781,-0.103
6.336,106.25,0.5781,-0.037
6.337,114.06,0.5781,0.109
6.338,35.31,0.4127,0.191
6.339,35.63,0.0819,0.180
6.34,54.53,0.0819,0.262
6.341,-15.94,0.2661,0.289
6.342,-54.84,0.6347,0.230
6.343,-49.22,0.6347,0.179
6.344,-111.25,0.6347,0.132
6.345,-142.19,0.6347,-0.043
6.346,-64.69,0.6347,-0.153
6.347,-78.28,0.6347,-0.173
6.348,-86.56,0.6347,-0.309
6.349,37.66,0.6347,-0.346
6.35,71.41,0.6347,-0.234
6.351,39.22,0.6347,-0.203
6.352,111.56,0.6347,-0.156
6.353,133.75,0.6347,0.020
6.354,68.28,0.6347,0.112
6.355,78.91,0.6347,0.157
6.356,63.13,0.6347,0.270
6.357,-16.41,0.6138,0.283
6.358,-21.41,0.5719,0.237
6.359,-36.88,0.5719,0.240
6.36,-117.03,0.5719,0.163
6.361,-106.72,0.5719,0.006
6.362,-70.31,0.5719,-0.050
6.363,-119.22,0.5719,-0.134
6.364,-71.56,0.5719,-0.289
6.365,12.34,0.5719,-0.278
6.366,-0.78,0.5608,-0.264
6.367,57.03,0.5388,-0.279
6.368,139.37,0.5388,-0.150
6.369,91.72,0.5388,-0.000
6.37,58.59,0.5388,0.033
6.371,97.34,0.5388,0.117
6.372,54.53,0.5388,0.228
6.373,15.78,0.5388,0.226
6.374,39.06,0.5388,0.260
6.375,-22.03,0.5673,0.304
6.376,-95.62,0.6244,0.216
6.377,-86.56,0.6244,0.113
6.378,-129.37,0.6244,0.043
6.379,-137.34,0.6244,-0.146
6.38,-45.31,0.6244,-0.232
6.381,-44.06,0.6244,-0.237
6.382,-40.31,0.6244,-0.320
6.383,70.94,0.6244,-0.317
6.384,87.19,0.6244,-0.178
6.385,47.50,0.6244,-0.143
6.386,118.13,0.6244,-0.083
6.387,124.69,0.6244,0.093
6.388,48.91,0.6244,0.166
6.389,58.59,0.6244,0.191
6.39,37.97,0.4464,0.283
6.391,-45.16,0.0903,0.267
6.392,-31.56,0.0903,0.193
6.393,-42.50,0.2342,0.204
6.394,-137.03,0.5219,0.108
6.395,-118.44,0.5219,-0.070
6.396,-70.16,0.5219,-0.129
6.397,-94.37,0.5219,-0.210
6.398,-50.16,0.5219,-0.318
6.399,46.09,0.5219,-0.311
6.4,49.22,0.5219,-0.226
6.401,57.19,0.5219,-0.212
6.402,122.34,0.5219,-0.111
6.403,99.22,0.5219,0.033
6.404,69.06,0.5219,0.087
6.405,96.09,0.5219,0.171
6.406,42.19,0.5345,0.279
6.407,-16.72,0.5597,0.255
6.408,-1.87,0.5597,0.246
6.409,-49.06,0.5597,0.251
6.41,-120.00,0.5597,0.148
6.411,-89.22,0.5597,0.011
6.412,-86.09,0.5597,-0.031
6.413,-124.84,0.5597,-0.161
6.414,-46.09,0.5597,-0.280
6.415,4.84,0.5130,-0.253
6.416,-4.06,0.4197,-0.271
6.417,71.56,0.4197,-0.261
6.418,100.00,0.4197,-0.128
6.419,64.37,0.4197,-0.061
6.42,105.16,0.4197,0.001
6.421,122.97,0.4197,0.149
6.422,38.75,0.2970,0.247
6.423,15.47,0.0516,0.227
6.424,26.41,0.0516,0.278
6.425,-57.50,0.2418,0.279
6.426,-76.09,0.6222,0.163
6.427,-71.25,0.6222,0.127
6.428,-142.97,0.6222,0.021
6.429,-123.28,0.6222,-0.159
6.43,-53.59,0.6222,-0.226
6.431,-58.44,0.6222,-0.266
6.432,-23.44,0.6222,-0.343
6.433,79.06,0.6222,-0.313
6.434,89.38,0.6222,-0.185
6.435,71.41,0.6222,-0.134
6.436,120.62,0.6222,-0.042
6.437,102.66,0.6222,0.107
6.438,47.50,0.6222,0.163
6.439,63.59,0.6222,0.202
6.44,41.56,0.6167,0.291
6.441,-40.00,0.6056,0.285
6.442,-35.31,0.6056,0.211
6.443,-56.87,0.6056,0.215
6.444,-144.38,0.6056,0.097
6.445,-92.03,0.6056,-0.074
6.446,-69.06,0.6056,-0.087
6.447,-113.91,0.6056,-0.212
6.448,-29.38,0.6056,-0.315
6.449,42.03,0.6056,-0.271
6.45,24.06,0.6056,-0.231
6.451,74.37,0.6056,-0.223
6.452,131.56,0.6056,-0.082
6.453,69.53,0.6056,0.040
6.454,79.53,0.6056,0.057
6.455,119.69,0.6056,0.199
6.456,25.78,0.6084,0.296
6.457,-20.62,0.6141,0.251
6.458,4.38,0.6141,0.255
6.459,-62.81,0.6141,0.260
6.46,-118.59,0.6141,0.129
6.461,-91.56,0.6141,0.022
6.462,-112.03,0.6141,-0.054
6.463,-112.66,0.6141,-0.202
6.464,-34.84,0.6141,-0.279
6.465,-19.37,0.6141,-0.271
6.466,9.22,0.6141,-0.318
6.467,92.03,0.6141,-0.253
6.468,81.25,0.6141,-0.134
6.469,82.19,0.6141,-0.090
6.47,121.25,0.6141,0.031
6.471,86.09,0.6141,0.152
6.472,26.72,0.6141,0.203
6.473,45.47,0.6141,0.206
6.474,24.22,0.6211,0.294
6.475,-59.53,0.6353,0.254
6.476,-55.16,0.6353,0.175
6.477,-78.12,0.6353,0.144
6.478,-147.97,0.6353,0.018
6.479,-97.34,0.6353,-0.152
6.48,-57.66,0.6353,-0.176
6.481,-82.66,0.6353,-0.268
6.482,5.47,0.6353,-0.342
6.483,83.13,0.6353,-0.257
6.484,60.16,0.6353,-0.175
6.485,86.41,0.6353,-0.136
6.486,131.87,0.6353,-0.003
6.487,61.09,0.6353,0.128
6.488,37.34,0.6353,0.120
6.489,75.94,0.6353,0.202
6.49,12.19,0.6184,0.272
6.491,-42.03,0.5847,0.227
6.492,-17.19,0.5847,0.188
6.493,-63.91,0.5847,0.192
6.494,-120.94,0.5847,0.060
6.495,-70.78,0.5847,-0.050
6.496,-87.66,0.5847,-0.082
6.497,-115.63,0.5847,-0.225
6.498,-22.03,0.5847,-0.313
6.499,31.41,0.5847,-0.269
6.5,36.25,0.5847,-0.250
6.501,101.41,0.5847,-0.197
6.502,109.22,0.5847,-0.048
6.503,67.66,0.5847,0.022
6.504,92.03,0.5847,0.088
6.505,88.91,0.5847,0.206
6.506,19.84,0.3965,0.266
6.507,8.44,0.0200,0.246
6.508,-8.91,0.2132,0.283
6.509,-86.41,0.5997,0.228
6.51,-82.81,0.5997,0.110
6.511,-76.41,0.5997,0.062
6.512,-130.31,0.5997,-0.043
6.513,-92.03,0.5997,-0.198
6.514,-26.41,0.5997,-0.227
6.515,-45.00,0.5997,-0.251
6.516,24.22,0.5997,-0.317
6.517,97.03,0.5997,-0.203
6.518,53.44,0.5997,-0.123
6.519,76.87,0.5997,-0.096
6.52,128.44,0.5997,0.031
6.521,78.75,0.5997,0.161
6.522,36.25,0.5997,0.188
6.523,63.13,0.5997,0.233
6.524,1.72,0.6111,0.314
6.525,-66.25,0.6341,0.237
6.526,-47.50,0.6341,0.182
6.527,-99.06,0.6341,0.142
6.528,-137.81,0.6341,-0.016
6.529,-70.31,0.6341,-0.134
6.53,-53.44,0.6341,-0.157
6.531,-81.41,0.6341,-0.241
6.532,4.84,0.6341,-0.320
6.533,57.03,0.6341,-0.231
6.534,37.81,0.6341,-0.206
6.535,112.66,0.6341,-0.155
6.536,123.59,0.6341,0.020
6.537,53.75,0.6341,0.092
6.538,77.50,0.6341,0.127
6.539,76.09,0.6341,0.247
6.54,-9.22,0.4397,0.279
6.541,-14.53,0.0509,0.228
6.542,-7.66,0.2150,0.250
6.543,-86.87,0.5431,0.213
6.544,-115.00,0.5431,0.077
6.545,-79.38,0.5431,-0.017
6.546,-111.09,0.5431,-0.082
6.547,-90.62,0.5431,-0.239
6.548,-20.78,0.5431,-0.263
6.549,-14.69,0.5431,-0.281
6.55,40.31,0.5431,-0.293
6.551,116.09,0.5431,-0.200
6.552,91.25,0.5431,-0.061
6.553,75.94,0.5431,-0.018
6.554,117.81,0.5431,0.091
6.555,70.94,0.5431,0.218
6.556,14.38,0.5431,0.233
6.557,36.25,0.5431,0.247
6.558,-18.44,0.5604,0.306
6.559,-96.72,0.5950,0.210
6.56,-74.06,0.5950,0.112
6.561,-98.12,0.5950,0.062
6.562,-132.81,0.5950,-0.084
6.563,-67.34,0.5950,-0.204
6.564,-34.38,0.5950,-0.219
6.565,-35.31,0.5950,-0.273
6.566,38.59,0.5950,-0.289
6.567,64.06,0.5950,-0.195
6.568,39.53,0.5950,-0.161
6.569,119.84,0.5950,-0.116
6.57,139.69,0.5950,0.078
6.571,49.22,0.5950,0.163
6.572,47.50,0.5950,0.177
6.573,59.06,0.5950,0.258
6.574,-10.00,0.5932,0.295
6.575,-40.31,0.5897,0.238
6.576,-46.72,0.5897,0.214
6.577,-113.44,0.5897,0.145
6.578,-116.56,0.5897,-0.013
6.579,-80.78,0.5897,-0.088
6.58,-103.13,0.5897,-0.174
6.581,-55.47,0.5897,-0.295
6.582,29.84,0.5897,-0.285
6.583,32.03,0.5897,-0.235
6.584,44.53,0.5897,-0.221
6.585,115.00,0.5897,-0.146
6.586,106.41,0.5897,0.009
6.587,58.59,0.5897,0.067
6.588,99.38,0.5897,0.126
6.589,62.97,0.4023,0.266
6.59,-13.75,0.0275,0.252
6.591,6.56,0.0275,0.238
6.592,-29.84,0.2021,0.265
6.593,-98.91,0.5512,0.178
6.594,-96.56,0.5512,0.068
6.595,-93.91,0.5512,-0.015
6.596,-110.78,0.5512,-0.120
6.597,-62.03,0.5512,-0.236
6.598,-20.00,0.5512,-0.244
6.599,-20.78,0.5512,-0.276
6.6,51.41,0.5512,-0.286
6.601,91.25,0.5512,-0.173
6.602,57.50,0.5512,-0.103
6.603,99.69,0.5512,-0.058
6.604,132.34,0.5512,0.096
6.605,58.28,0.5512,0.206
6.606,35.63,0.5512,0.212
6.607,30.94,0.5682,0.278
6.608,-44.84,0.6022,0.274
6.609,-58.44,0.6022,0.188
6.61,-52.19,0.6022,0.158
6.611,-126.72,0.6022,0.083
6.612,-121.87,0.6022,-0.096
6.613,-53.12,0.6022,-0.160
6.614,-66.41,0.6022,-0.202
6.615,-61.25,0.6022,-0.293
6.616,31.72,0.6022,-0.325
6.617,73.75,0.6022,-0.230
6.618,57.34,0.6022,-0.177
6.619,110.31,0.6022,-0.115
6.62,103.28,0.6022,0.043
6.621,45.00,0.6022,0.092
6.622,78.44,0.6022,0.133
6.623,49.84,0.4220,0.248
6.624,-30.78,0.0616,0.233
6.625,-4.53,0.0616,0.187
6.626,-38.13,0.2191,0.224
6.627,-142.66,0.5341,0.111
6.628,-99.06,0.5341,-0.061
6.629,-71.09,0.5341,-0.088
6.63,-111.25,0.5341,-0.203
6.631,-33.28,0.5341,-0.310
6.632,27.97,0.5341,-0.270
6.633,0.78,0.4889,-0.254
6.634,56.56,0.3984,-0.268
6.635,125.47,0.3984,-0.141
6.636,89.22,0.3984,-0.018
6.637,73.75,0.3984,0.037
6.638,99.84,0.3984,0.130
6.639,32.50,0.2843,0.237
6.64,6.87,0.0559,0.195
6.641,42.34,0.0559,0.251
6.642,-35.31,0.2277,0.280
6.643,-87.03,0.5712,0.180
6.644,-77.66,0.5712,0.106
6.645,-117.97,0.5712,0.025
6.646,-129.53,0.5712,-0.130
6.647,-53.44,0.5712,-0.234
6.648,-28.75,0.5712,-0.237
6.649,-18.12,0.5712,-0.292
6.65,73.75,0.5712,-0.273
6.651,94.69,0.5712,-0.144
6.652,68.44,0.5712,-0.084
6.653,116.25,0.5712,-0.007
6.654,100.00,0.5712,0.148
6.655,30.62,0.5712,0.193
6.656,34.06,0.5712,0.210
6.657,30.31,0.5712,0.261
6.658,-25.16,0.5758,0.270
6.659,-42.81,0.5850,0.211
6.66,-70.47,0.5850,0.185
6.661,-140.78,0.5850,0.070
6.662,-107.34,0.5850,-0.097
6.663,-77.03,0.5850,-0.145
6.664,-84.84,0.5850,-0.251
6.665,-12.81,0.5850,-0.315
6.666,44.84,0.5850,-0.277
6.667,37.50,0.5850,-0.225
6.668,73.12,0.5850,-0.202
6.669,144.22,0.5850,-0.079
6.67,91.88,0.5850,0.087
6.671,51.56,0.5850,0.105
6.672,89.84,0.5850,0.190
6.673,28.13,0.5907,0.285
6.674,-35.31,0.6022,0.246
6.675,-12.81,0.6022,0.214
6.676,-55.47,0.6022,0.221
6.677,-122.03,0.6022,0.103
6.678,-91.25,0.6022,-0.023
6.679,-89.38,0.6022,-0.079
6.68,-119.06,0.6022,-0.202
6.681,-46.09,0.6022,-0.318
6.682,2.03,0.5699,-0.294
6.683,23.13,0.5053,-0.313
6.684,112.97,0.5053,-0.248
6.685,123.28,0.5053,-0.088
6.686,77.03,0.5053,-0.002
6.687,96.72,0.5053,0.067
6.688,96.09,0.5053,0.192
6.689,9.53,0.3528,0.259
6.69,9.22,0.0478,0.211
6.691,18.59,0.2388,0.277
6.692,-61.25,0.6206,0.248
6.693,-79.22,0.6206,0.155
6.694,-93.91,0.6206,0.090
6.695,-136.41,0.6206,-0.033
6.696,-96.09,0.6206,-0.183
6.697,-42.66,0.6206,-0.225
6.698,-59.06,0.6206,-0.268
6.699,-0.47,0.6206,-0.343
6.7,92.19,0.6206,-0.269
6.701,65.31,0.6206,-0.159
6.702,71.09,0.6206,-0.139
6.703,125.47,0.6206,-0.017
6.704,83.13,0.6206,0.112
6.705,58.59,0.6206,0.149
6.706,82.97,0.6206,0.229
6.707,11.41,0.4611,0.315
6.708,-71.09,0.1422,0.252
6.709,-27.66,0.1422,0.173
6.71,-48.28,0.2815,0.197
6.711,-140.47,0.5600,0.077
6.712,-97.03,0.5600,-0.084
6.713,-65.78,0.5600,-0.118
6.714,-102.03,0.5600,-0.216
6.715,-23.13,0.5600,-0.322
6.716,42.34,0.5600,-0.262
6.717,28.91,0.5600,-0.237
6.718,100.63,0.5600,-0.204
6.719,127.34,0.5600,-0.036
6.72,62.66,0.5600,0.051
6.721,93.91,0.5600,0.090
6.722,94.53,0.5600,0.238
6.723,2.19,0.3853,0.279
6.724,-0.78,0.0359,0.243
6.725,4.84,0.2140,0.277
6.726,-73.75,0.5700,0.253
6.727,-107.19,0.5700,0.130
6.728,-93.28,0.5700,0.038
6.729,-127.50,0.5700,-0.057
6.73,-101.56,0.5700,-0.217
6.731,-18.28,0.5700,-0.260
6.732,-16.41,0.5700,-0.253
6.733,10.78,0.5700,-0.293
6.734,91.41,0.5700,-0.232
6.735,87.19,0.5700,-0.110
6.736,79.38,0.5700,-0.058
6.737,116.88,0.5700,0.049
6.738,84.69,0.5700,0.176
6.739,26.41,0.5700,0.218
6.74,46.56,0.5700,0.229
6.741,-10.62,0.5933,0.311
6.742,-98.91,0.6400,0.208
6.743,-50.94,0.6400,0.113
6.744,-72.34,0.6400,0.106
6.745,-121.72,0.6400,-0.031
6.746,-78.75,0.6400,-0.138
6.747,-69.69,0.6400,-0.189
6.748,-70.00,0.6400,-0.277
6.749,26.72,0.6400,-0.329
6.75,76.88,0.6400,-0.223
6.751,40.31,0.6400,-0.175
6.752,93.59,0.6400,-0.143
6.753,138.44,0.6400,0.012
6.754,69.22,0.6400,0.134
6.755,60.62,0.6400,0.151
6.756,70.00,0.6400,0.255
6.757,-17.19,0.4499,0.291
6.758,-26.41,0.0697,0.221
6.759,-2.97,0.2240,0.238
6.76,-102.03,0.5325,0.215
6.761,-139.22,0.5325,0.034
6.762,-91.25,0.5325,-0.063
6.763,-98.75,0.5325,-0.149
6.764,-72.97,0.5325,-0.261
6.765,5.47,0.5325,-0.295
6.766,23.13,0.5325,-0.250
6.767,24.22,0.5325,-0.248
6.768,102.34,0.5325,-0.202
6.769,118.44,0.5325,-0.044
6.77,72.34,0.5325,0.035
6.771,100.47,0.5325,0.101
6.772,56.72,0.3680,0.236
6.773,-19.53,0.0391,0.214
6.774,13.28,0.0391,0.197
6.775,-6.25,0.2229,0.241
6.776,-85.94,0.5906,0.185
6.777,-91.41,0.5906,0.069
6.778,-92.34,0.5906,0.002
6.779,-117.03,0.5906,-0.116
6.78,-64.22,0.5906,-0.232
6.781,-20.78,0.5906,-0.244
6.782,-48.13,0.5906,-0.274
6.783,36.88,0.5906,-0.340
6.784,107.97,0.5906,-0.200
6.785,65.62,0.5906,-0.124
6.786,95.94,0.5906,-0.069
6.787,124.69,0.5906,0.068
6.788,62.34,0.5906,0.181
6.789,34.84,0.5906,0.192
6.79,62.97,0.5906,0.250
6.791,-6.09,0.5950,0.318
6.792,-70.47,0.6037,0.238
6.793,-46.87,0.6037,0.177
6.794,-99.06,0.6037,0.144
6.795,-139.84,0.6037,-0.021
6.796,-83.59,0.6037,-0.135
6.797,-64.53,0.6037,-0.188
6.798,-48.75,0.6037,-0.264
6.799,27.66,0.6037,-0.286
6.8,41.72,0.6037,-0.209
6.801,32.81,0.6037,-0.202
6.802,116.09,0.6037,-0.143
6.803,123.59,0.6037,0.030
6.804,62.97,0.6037,0.104
6.805,90.16,0.6037,0.156
6.806,66.88,0.6037,0.284
6.807,-25.31,0.4212,0.290
6.808,-10.16,0.0563,0.233
6.809,-21.72,0.2191,0.269
6.81,-124.53,0.5447,0.190
6.811,-112.19,0.5447,0.020
6.812,-72.81,0.5447,-0.034
6.813,-120.47,0.5447,-0.125
6.814,-72.66,0.5447,-0.275
6.815,5.16,0.5447,-0.271
6.816,-3.44,0.5439,-0.265
6.817,39.22,0.5422,-0.278
6.818,106.88,0.5422,-0.187
6.819,92.97,0.5422,-0.064
6.82,87.19,0.5422,-0.001
6.821,105.16,0.5422,0.111
6.822,54.69,0.5422,0.210
6.823,27.50,0.5422,0.220
6.824,47.03,0.5422,0.265
6.825,-22.19,0.5672,0.314
6.826,-94.06,0.6172,0.220
6.827,-76.72,0.6172,0.126
6.828,-106.41,0.6172,0.067
6.829,-124.84,0.6172,-0.087
6.83,-57.66,0.6172,-0.183
6.831,-58.44,0.6172,-0.202
6.832,-50.47,0.6172,-0.300
6.833,59.84,0.6172,-0.303
6.834,78.59,0.6172,-0.180
6.835,47.34,0.6172,-0.146
6.836,127.81,0.6172,-0.085
6.837,113.91,0.6172,0.110
6.838,31.41,0.6172,0.143
6.839,80.63,0.6172,0.173
6.84,71.41,0.6172,0.304
6.841,-29.38,0.6109,0.315
6.842,-42.03,0.5984,0.245
6.843,-55.62,0.5984,0.231
6.844,-141.56,0.5984,0.134
6.845,-119.37,0.5984,-0.052
6.846,-58.59,0.5984,-0.105
6.847,-87.81,0.5984,-0.169
6.848,-57.03,0.5984,-0.281
6.849,30.00,0.5984,-0.283
6.85,30.63,0.5984,-0.221
6.851,47.50,0.5984,-0.222
6.852,123.59,0.5984,-0.126
6.853,105.47,0.5984,0.025
6.854,67.34,0.5984,0.085
6.855,85.62,0.5984,0.160
6.856,38.91,0.4052,0.257
6.857,-2.19,0.0188,0.238
6.858,7.19,0.0188,0.252
6.859,-52.34,0.1868,0.252
6.86,-116.25,0.5228,0.147
6.861,-92.81,0.5228,0.020
6.862,-92.19,0.5228,-0.038
6.863,-116.25,0.5228,-0.165
6.864,-47.97,0.5228,-0.271
6.865,-5.63,0.4920,-0.261
6.866,-3.44,0.4303,-0.282
6.867,73.59,0.4303,-0.268
6.868,109.22,0.4303,-0.135
6.869,77.66,0.4303,-0.049
6.87,98.75,0.4303,0.021
6.871,102.03,0.4303,0.148
6.872,31.09,0.2916,0.225
6.873,25.31,0.0141,0.211
6.874,28.28,0.2150,0.275
6.875,-53.91,0.6169,0.267
6.876,-62.34,0.6169,0.168
6.877,-65.16,0.6169,0.143
6.878,-130.62,0.6169,0.037
6.879,-116.09,0.6169,-0.119
6.88,-69.69,0.6169,-0.195
6.881,-73.28,0.6169,-0.258
6.882,-18.28,0.6169,-0.342
6.883,77.03,0.6169,-0.295
6.884,71.41,0.6169,-0.188
6.885,69.84,0.6169,-0.152
6.886,138.28,0.6169,-0.048
6.887,95.94,0.6169,0.125
6.888,28.28,0.6169,0.144
6.889,74.37,0.6169,0.181
6.89,39.69,0.4430,0.293
6.891,-47.66,0.0953,0.261
6.892,-18.59,0.0953,0.198
6.893,-51.09,0.2491,0.223
6.894,-136.56,0.5566,0.095
6.895,-77.03,0.5566,-0.050
6.896,-65.94,0.5566,-0.059
6.897,-121.41,0.5566,-0.182
6.898,-52.19,0.5566,-0.302
6.899,31.25,0.5566,-0.286
6.9,35.94,0.5566,-0.239
6.901,76.25,0.5566,-0.214
6.902,116.72,0.5566,-0.087
6.903,65.62,0.5566,0.019
6.904,72.66,0.5566,0.045
6.905,100.00,0.5566,0.165
6.906,35.78,0.5566,0.245
6.907,5.16,0.5566,0.236
6.908,11.41,0.5566,0.255
6.909,-60.47,0.5632,0.259
6.91,-98.91,0.5766,0.134
6.911,-76.56,0.5766,0.061
6.912,-109.22,0.5766,-0.019
6.913,-102.81,0.5766,-0.157
6.914,-50.31,0.5766,-0.225
6.915,-46.41,0.5766,-0.258
6.916,-0.31,0.5766,-0.318
6.917,91.25,0.5766,-0.258
6.918,83.44,0.5766,-0.135
6.919,65.78,0.5766,-0.092
6.92,109.38,0.5766,-0.003
6.921,96.88,0.5766,0.127
6.922,41.09,0.5766,0.190
6.923,44.38,0.5766,0.209
6.924,2.66,0.5890,0.279
6.925,-73.59,0.6137,0.215
6.926,-36.56,0.6137,0.132
6.927,-70.31,0.6137,0.142
6.928,-150.63,0.6137,-0.009
6.929,-88.91,0.6137,-0.160
6.93,-52.03,0.6137,-0.187
6.931,-74.06,0.6137,-0.264
6.932,3.44,0.6137,-0.335
6.933,72.03,0.6137,-0.257
6.934,40.63,0.6137,-0.191
6.935,65.16,0.6137,-0.176
6.936,138.59,0.6137,-0.060
6.937,93.44,0.6137,0.102
6.938,55.00,0.6137,0.127
6.939,82.66,0.6137,0.212
6.94,17.81,0.6072,0.292
6.941,-32.34,0.5941,0.247
6.942,-26.56,0.5941,0.227
6.943,-85.47,0.5941,0.194
6.944,-105.94,0.5941,0.056
6.945,-63.44,0.5941,-0.018
6.946,-104.53,0.5941,-0.071
6.947,-115.78,0.5941,-0.227
6.948,-22.81,0.5941,-0.302
6.949,4.06,0.5579,-0.273
6.95,16.25,0.4856,-0.294
6.951,97.97,0.4856,-0.240
6.952,115.16,0.4856,-0.098
6.953,77.97,0.4856,-0.010
6.954,100.63,0.4856,0.058
6.955,88.75,0.4856,0.192
6.956,15.94,0.3277,0.235
6.957,26.87,0.0119,0.223
6.958,13.59,0.2141,0.289
6.959,-68.91,0.6184,0.251
6.96,-74.38,0.6184,0.151
6.961,-95.78,0.6184,0.102
6.962,-136.87,0.6184,-0.040
6.963,-92.03,0.6184,-0.172
6.964,-50.78,0.6184,-0.224
6.965,-52.50,0.6184,-0.273
6.966,23.44,0.6184,-0.329
6.967,95.00,0.6184,-0.227
6.968,45.78,0.6184,-0.139
6.969,79.84,0.6184,-0.135
6.97,138.59,0.6184,0.020
6.971,67.81,0.6184,0.142
6.972,49.69,0.6184,0.156
6.973,78.28,0.6184,0.242
6.974,3.28,0.6226,0.313
6.975,-55.00,0.6309,0.248
6.976,-27.03,0.6309,0.203
6.977,-96.09,0.6309,0.194
6.978,-157.81,0.6309,0.010
6.979,-70.47,0.6309,-0.122
6.98,-61.09,0.6309,-0.131
6.981,-93.91,0.6309,-0.244
6.982,-2.50,0.6309,-0.318
6.983,52.50,0.6309,-0.249
6.984,45.00,0.6309,-0.213
6.985,100.16,0.6309,-0.159
6.986,114.37,0.6309,-0.013
6.987,62.19,0.6309,0.070
6.988,86.87,0.6309,0.111
6.989,81.25,0.6309,0.244
6.99,-5.31,0.4342,0.274
6.991,-10.00,0.0406,0.233
6.992,-15.94,0.2104,0.254
6.993,-92.97,0.5500,0.201
6.994,-107.19,0.5500,0.068
6.995,-86.87,0.5500,-0.013
6.996,-119.22,0.5500,-0.106
6.997,-95.16,0.5500,-0.252
6.998,-16.87,0.5500,-0.296
6.999,-2.03,0.5489,-0.285
7,40.78,0.5466,-0.300
7.001,101.56,0.5466,-0.204
7.002,80.16,0.5466,-0.097
7.003,83.28,0.5466,-0.043
7.004,122.50,0.5466,0.069
7.005,83.91,0.5466,0.202
7.006,22.34,0.5466,0.237
7.007,22.19,0.5466,0.246
7.008,-20.00,0.5730,0.282
7.009,-74.06,0.6259,0.206
7.01,-57.19,0.6259,0.133
7.011,-102.19,0.6259,0.092
7.012,-138.44,0.6259,-0.071
7.013,-69.22,0.6259,-0.185
7.014,-56.88,0.6259,-0.209
7.015,-67.50,0.6259,-0.299
7.016,32.97,0.6259,-0.344
7.017,85.78,0.6259,-0.233
7.018,56.41,0.6259,-0.173
7.019,115.63,0.6259,-0.120
7.02,130.62,0.6259,0.058
7.021,47.66,0.6259,0.141
7.022,60.00,0.6259,0.154
7.023,60.31,0.6259,0.261
7.024,-27.19,0.6085,0.274
7.025,-29.53,0.5738,0.207
7.026,-19.37,0.5738,0.215
7.027,-110.47,0.5738,0.168
7.028,-135.63,0.5738,-0.006
7.029,-73.75,0.5738,-0.103
7.03,-89.69,0.5738,-0.153
7.031,-73.12,0.5738,-0.283
7.032,25.00,0.5738,-0.299
7.033,46.41,0.5738,-0.233
7.034,42.19,0.5738,-0.207
7.035,98.44,0.5738,-0.148
7.036,103.44,0.5738,-0.010
7.037,69.84,0.5738,0.059
7.038,98.75,0.5738,0.130
7.039,60.31,0.3944,0.256
7.04,-17.81,0.0356,0.251
7.041,-1.72,0.0356,0.221
7.042,-25.62,0.2105,0.247
7.043,-91.88,0.5603,0.169
7.044,-86.72,0.5603,0.063
7.045,-89.22,0.5603,-0.004
7.046,-118.59,0.5603,-0.115
7.047,-65.62,0.5603,-0.241
7.048,-5.94,0.5603,-0.246
7.049,-16.41,0.5603,-0.253
7.05,40.47,0.5603,-0.279
7.051,91.72,0.5603,-0.172
7.052,77.81,0.5603,-0.096
7.053,106.09,0.5603,-0.017
7.054,114.84,0.5603,0.117
7.055,44.69,0.5603,0.213
7.056,34.06,0.5603,0.206
7.057,49.37,0.5603,0.281
7.058,-37.19,0.5878,0.305
7.059,-58.12,0.6428,0.207
7.06,-51.09,0.6428,0.188
7.061,-132.66,0.6428,0.105
7.062,-144.06,0.6428,-0.077
7.063,-67.97,0.6428,-0.183
7.064,-71.88,0.6428,-0.213
7.065,-62.66,0.6428,-0.327
7.066,42.97,0.6428,-0.338
7.067,68.12,0.6428,-0.241
7.068,69.69,0.6428,-0.202
7.069,134.69,0.6428,-0.102
7.07,114.53,0.6428,0.068
7.071,57.50,0.6428,0.127
7.072,83.13,0.6428,0.183
7.073,48.75,0.4544,0.293
7.074,-38.75,0.0775,0.280
7.075,-16.09,0.0775,0.216
7.076,-25.31,0.2180,0.248
7.077,-114.84,0.4991,0.165
7.078,-93.91,0.4991,0.018
7.079,-69.22,0.4991,-0.022
7.08,-113.75,0.4991,-0.120
7.081,-62.50,0.4991,-0.250
7.082,-0.62,0.4991,-0.245
7.083,-1.25,0.4991,-0.251
7.084,53.12,0.4991,-0.248
7.085,117.03,0.4991,-0.145
7.086,95.94,0.4991,-0.014
7.087,84.38,0.4991,0.047
7.088,97.81,0.4991,0.155
7.089,18.75,0.3527,0.242
7.09,5.00,0.0600,0.193
7.091,47.50,0.0600,0.253
7.092,-39.84,0.2395,0.288
7.093,-94.06,0.5984,0.173
7.094,-83.44,0.5984,0.099
7.095,-118.59,0.5984,0.006
7.096,-126.09,0.5984,-0.138
7.097,-50.78,0.5984,-0.246
7.098,-32.34,0.5984,-0.239
7.099,-26.09,0.5984,-0.311
7.1,69.22,0.5984,-0.292
7.101,80.78,0.5984,-0.173
7.102,69.22,0.5984,-0.130
7.103,126.56,0.5984,-0.034
7.104,102.97,0.5984,0.123
7.105,42.50,0.5984,0.172
7.106,67.50,0.5984,0.208
7.107,43.44,0.4368,0.307
7.108,-56.72,0.1134,0.295
7.109,-43.59,0.1134,0.193
7.11,-52.81,0.2520,0.208
7.111,-147.19,0.5291,0.088
7.112,-102.03,0.5291,-0.087
7.113,-56.72,0.5291,-0.116
7.114,-102.50,0.5291,-0.200
7.115,-46.25,0.5291,-0.321
7.116,50.16,0.5291,-0.292
7.117,46.09,0.5291,-0.221
7.118,65.31,0.5291,-0.200
7.119,128.59,0.5291,-0.090
7.12,89.84,0.5291,0.057
7.121,61.41,0.5291,0.089
7.122,93.59,0.5291,0.180
7.123,35.47,0.3614,0.277
7.124,-4.84,0.0259,0.251
7.125,-4.84,0.2029,0.267
7.126,-77.34,0.5569,0.241
7.127,-121.09,0.5569,0.112
7.128,-95.47,0.5569,-0.001
7.129,-110.94,0.5569,-0.079
7.13,-105.62,0.5569,-0.223
7.131,-23.13,0.5569,-0.290
7.132,12.34,0.5569,-0.269
7.133,25.31,0.5569,-0.265
7.134,89.38,0.5569,-0.219
7.135,94.84,0.5569,-0.087
7.136,57.81,0.5569,-0.029
7.137,95.78,0.5569,0.029
7.138,101.88,0.5569,0.163
7.139,23.44,0.3791,0.233
7.14,33.59,0.0234,0.209
7.141,30.00,0.2282,0.300
7.142,-62.50,0.6378,0.269
7.143,-62.50,0.6378,0.175
7.144,-75.31,0.6378,0.144
7.145,-120.62,0.6378,0.024
7.146,-94.53,0.6378,-0.097
7.147,-72.97,0.6378,-0.165
7.148,-86.56,0.6378,-0.243
7.149,-29.06,0.6378,-0.338
7.15,65.78,0.6378,-0.301
7.151,80.16,0.6378,-0.206
7.152,97.50,0.6378,-0.141
7.153,129.84,0.6378,-0.011
7.154,80.00,0.6378,0.119
7.155,51.25,0.6378,0.149
7.156,71.09,0.6378,0.222
7.157,14.06,0.4671,0.291
7.158,-62.81,0.1256,0.250
7.159,-29.53,0.1256,0.165
7.16,-59.69,0.2560,0.191
7.161,-142.34,0.5169,0.046
7.162,-84.38,0.5169,-0.094
7.163,-69.22,0.5169,-0.123
7.164,-95.31,0.5169,-0.233
7.165,-16.88,0.5169,-0.313
7.166,41.25,0.5169,-0.266
7.167,25.00,0.5169,-0.231
7.168,82.97,0.5169,-0.216
7.169,130.16,0.5169,-0.065
7.17,76.87,0.5169,0.044
7.171,79.69,0.5169,0.089
7.172,77.81,0.5169,0.203
7.173,13.28,0.3494,0.244
7.174,13.75,0.0144,0.230
7.175,15.00,0.2033,0.272
7.176,-75.78,0.5812,0.260
7.177,-112.97,0.5812,0.120
7.178,-89.22,0.5812,0.034
7.179,-107.34,0.5812,-0.058
7.18,-92.34,0.5812,-0.181
7.181,-43.91,0.5812,-0.243
7.182,-33.28,0.5812,-0.268
7.183,16.25,0.5812,-0.309
7.184,88.75,0.5812,-0.236
7.185,85.16,0.5812,-0.132
7.186,84.84,0.5812,-0.066
7.187,123.59,0.5812,0.038
7.188,91.25,0.5812,0.182
7.189,30.31,0.5812,0.220
7.19,42.03,0.5812,0.242
7.191,9.22,0.5991,0.304
7.192,-61.87,0.6347,0.261
7.193,-60.94,0.6347,0.181
7.194,-90.31,0.6347,0.139
7.195,-147.34,0.6347,0.000
7.196,-87.34,0.6347,-0.156
7.197,-49.06,0.6347,-0.175
7.198,-77.81,0.6347,-0.254
7.199,-0.78,0.6347,-0.330
7.2,62.97,0.6347,-0.256
7.201,51.72,0.6347,-0.204
7.202,116.56,0.6347,-0.152
7.203,138.91,0.6347,0.029
7.204,58.75,0.6347,0.126
7.205,63.13,0.6347,0.146
7.206,71.09,0.6347,0.252
7.207,-9.06,0.6209,0.288
7.208,-29.37,0.5934,0.234
7.209,-18.75,0.5934,0.230
7.21,-104.22,0.5934,0.196
7.211,-133.91,0.5934,0.021
7.212,-74.69,0.5934,-0.072
7.213,-92.03,0.5934,-0.128
7.214,-88.44,0.5934,-0.256
7.215,-11.41,0.5934,-0.305
7.216,18.59,0.5934,-0.278
7.217,32.03,0.5934,-0.268
7.218,103.91,0.5934,-0.214
7.219,117.81,0.5934,-0.060
7.22,71.25,0.5934,0.021
7.221,95.47,0.5934,0.083
7.222,75.31,0.5934,0.212
7.223,8.91,0.5934,0.233
7.224,20.47,0.5934,0.230
7.225,-13.75,0.5935,0.274
7.226,-96.56,0.5937,0.203
7.227,-77.81,0.5937,0.081
7.228,-75.16,0.5937,0.047
7.229,-126.56,0.5937,-0.069
7.23,-83.28,0.5937,-0.206
7.231,-33.13,0.5937,-0.236
7.232,-41.87,0.5937,-0.273
7.233,27.97,0.5937,-0.320
7.234,89.84,0.5937,-0.217
7.235,62.81,0.5937,-0.140
7.236,98.28,0.5937,-0.091
7.237,125.47,0.5937,0.057
7.238,53.12,0.5937,0.160
7.239,38.75,0.5937,0.163
7.24,65.47,0.5937,0.238
7.241,-12.81,0.5940,0.294
7.242,-52.34,0.5944,0.212
7.243,-36.88,0.5944,0.189
7.244,-111.09,0.5944,0.138
7.245,-139.84,0.5944,-0.033
7.246,-68.12,0.5944,-0.142
7.247,-62.34,0.5944,-0.169
7.248,-65.62,0.5944,-0.266
7.249,23.13,0.5944,-0.301
7.25,50.94,0.5944,-0.220
7.251,29.84,0.5944,-0.199
7.252,111.25,0.5944,-0.160
7.253,127.81,0.5944,0.024
7.254,46.09,0.5944,0.095
7.255,80.16,0.5944,0.116
7.256,77.34,0.5944,0.256
7.257,-12.97,0.4099,0.271
7.258,-6.25,0.0409,0.230
7.259,-11.87,0.2096,0.258
7.26,-111.09,0.5469,0.206
7.261,-110.16,0.5469,0.036
7.262,-71.72,0.5469,-0.014
7.263,-118.44,0.5469,-0.108
7.264,-83.75,0.5469,-0.251
7.265,-8.91,0.5469,-0.275
7.266,-6.87,0.5469,-0.269
7.267,38.75,0.5469,-0.289
7.268,107.66,0.5469,-0.192
7.269,93.91,0.5469,-0.073
7.27,92.97,0.5469,-0.004
7.271,107.97,0.5469,0.113
7.272,50.63,0.5469,0.212
7.273,15.00,0.5469,0.214
7.274,30.16,0.5469,0.242
7.275,-22.81,0.5676,0.274
7.276,-76.09,0.6091,0.197
7.277,-60.94,0.6091,0.122
7.278,-98.28,0.6091,0.075
7.279,-130.16,0.6091,-0.075
7.28,-62.66,0.6091,-0.186
7.281,-54.22,0.6091,-0.200
7.282,-67.50,0.6091,-0.294
7.283,50.62,0.6091,-0.335
7.284,86.88,0.6091,-0.193
7.285,48.13,0.6091,-0.161
7.286,117.19,0.6091,-0.097
7.287,112.66,0.6091,0.073
7.288,46.25,0.6091,0.129
7.289,76.41,0.6091,0.166
7.29,54.22,0.4377,0.282
7.291,-47.50,0.0950,0.274
7.292,-27.03,0.0950,0.187
7.293,-29.37,0.2348,0.220
7.294,-137.81,0.5144,0.128
7.295,-114.22,0.5144,-0.056
7.296,-55.00,0.5144,-0.101
7.297,-96.88,0.5144,-0.166
7.298,-61.25,0.5144,-0.294
7.299,31.72,0.5144,-0.288
7.3,27.66,0.5144,-0.231
7.301,46.72,0.5144,-0.233
7.302,123.59,0.5144,-0.138
7.303,95.62,0.5144,0.014
7.304,64.53,0.5144,0.054
7.305,102.34,0.5144,0.143
7.306,51.56,0.3547,0.258
7.307,-17.66,0.0353,0.247
7.308,2.66,0.0353,0.223
7.309,-26.87,0.1973,0.252
7.31,-96.09,0.5213,0.169
7.311,-98.12,0.5213,0.060
7.312,-99.84,0.5213,-0.027
7.313,-121.25,0.5213,-0.140
7.314,-55.16,0.5213,-0.269
7.315,-16.09,0.5095,-0.250
7.316,-22.19,0.4859,-0.302
7.317,80.47,0.4859,-0.295
7.318,110.47,0.4859,-0.141
7.319,64.06,0.4859,-0.074
7.32,104.06,0.4859,-0.013
7.321,92.50,0.4859,0.134
7.322,25.00,0.4859,0.173
7.323,55.00,0.4859,0.184
7.324,49.06,0.5229,0.283
7.325,-52.81,0.5969,0.283
7.326,-63.91,0.5969,0.177
7.327,-52.50,0.5969,0.155
7.328,-130.16,0.5969,0.072
7.329,-120.31,0.5969,-0.106
7.33,-61.25,0.5969,-0.169
7.331,-72.81,0.5969,-0.228
7.332,-34.69,0.5969,-0.314
7.333,61.56,0.5969,-0.297
7.334,75.31,0.5969,-0.191
7.335,56.87,0.5969,-0.147
7.336,118.12,0.5969,-0.077
7.337,106.72,0.5969,0.089
7.338,58.75,0.5969,0.136
7.339,84.84,0.5969,0.207
7.34,31.56,0.6018,0.306
7.341,-39.37,0.6116,0.270
7.342,-22.03,0.6116,0.227
7.343,-60.62,0.6116,0.226
7.344,-136.25,0.6116,0.106
7.345,-93.28,0.6116,-0.047
7.346,-67.03,0.6116,-0.081
7.347,-112.50,0.6116,-0.181
7.348,-37.81,0.6116,-0.306
7.349,31.41,0.6116,-0.256
7.35,13.59,0.6116,-0.243
7.351,65.94,0.6116,-0.229
7.352,104.53,0.6116,-0.111
7.353,81.25,0.6116,-0.020
7.354,106.88,0.6116,0.051
7.355,112.97,0.6116,0.194
7.356,26.88,0.4176,0.277
7.357,-4.22,0.0297,0.248
7.358,1.09,0.2157,0.269
7.359,-57.19,0.5878,0.250
7.36,-95.16,0.5878,0.154
7.361,-84.06,0.5878,0.059
7.362,-101.09,0.5878,-0.014
7.363,-107.50,0.5878,-0.143
7.364,-57.50,0.5878,-0.229
7.365,-45.16,0.5878,-0.258
7.366,-4.22,0.5878,-0.319
7.367,78.44,0.5878,-0.266
7.368,72.19,0.5878,-0.162
7.369,64.53,0.5878,-0.122
7.37,132.81,0.5878,-0.033
7.371,109.53,0.5878,0.144
7.372,29.38,0.5878,0.186
7.373,52.34,0.5878,0.203
7.374,26.09,0.6008,0.291
7.375,-43.44,0.6269,0.255
7.376,-31.25,0.6269,0.204
7.377,-69.06,0.6269,0.192
7.378,-149.69,0.6269,0.066
7.379,-106.25,0.6269,-0.107
7.38,-63.44,0.6269,-0.147
7.381,-94.69,0.6269,-0.234
7.382,-25.78,0.6269,-0.336
7.383,61.41,0.6269,-0.286
7.384,45.47,0.6269,-0.213
7.385,97.66,0.6269,-0.195
7.386,160.16,0.6269,-0.018
7.387,70.16,0.6269,0.126
7.388,42.50,0.6269,0.122
7.389,84.06,0.6269,0.211
7.39,29.38,0.6174,0.290
7.391,-13.59,0.5984,0.269
7.392,-10.94,0.5984,0.263
7.393,-68.91,0.5984,0.248
7.394,-120.78,0.5984,0.125
7.395,-102.97,0.5984,0.006
7.396,-107.50,0.5984,-0.081
7.397,-113.75,0.5984,-0.209
7.398,-30.47,0.5984,-0.308
7.399,20.31,0.5984,-0.270
7.4,24.06,0.5984,-0.268
7.401,97.19,0.5984,-0.222
7.402,113.91,0.5984,-0.073
7.403,63.91,0.5984,0.006
7.404,84.06,0.5984,0.055
7.405,92.03,0.5984,0.174
7.406,14.37,0.4109,0.239
7.407,25.94,0.0359,0.203
7.408,14.69,0.2282,0.291
7.409,-80.16,0.6128,0.232
7.41,-68.44,0.6128,0.130
7.411,-73.91,0.6128,0.095
7.412,-120.62,0.6128,-0.018
7.413,-95.78,0.6128,-0.146
7.414,-57.50,0.6128,-0.209
7.415,-56.56,0.6128,-0.261
7.416,17.34,0.6128,-0.322
7.417,90.78,0.6128,-0.226
7.418,47.50,0.6128,-0.141
7.419,78.91,0.6128,-0.131
7.42,132.97,0.6128,0.017
7.421,60.62,0.6128,0.135
7.422,49.06,0.6128,0.138
7.423,88.44,0.6128,0.233
7.424,7.97,0.6177,0.315
7.425,-60.62,0.6275,0.249
7.426,-50.63,0.6275,0.194
7.427,-102.34,0.6275,0.147
7.428,-129.37,0.6275,-0.011
7.429,-52.50,0.6275,-0.111
7.43,-64.22,0.6275,-0.116
7.431,-98.28,0.6275,-0.240
7.432,0.78,0.6275,-0.312
7.433,37.81,0.6275,-0.238
7.434,19.06,0.6275,-0.237
7.435,101.88,0.6275,-0.200
7.436,122.50,0.6275,-0.033
7.437,53.12,0.6275,0.045
7.438,87.50,0.6275,0.073
7.439,91.87,0.6275,0.220
7.44,-1.25,0.4316,0.257
7.441,5.63,0.0397,0.218
7.442,7.50,0.2237,0.268
7.443,-89.38,0.5919,0.233
7.444,-108.59,0.5919,0.090
7.445,-86.25,0.5919,0.015
7.446,-120.47,0.5919,-0.083
7.447,-76.09,0.5919,-0.226
7.448,-26.09,0.5919,-0.235
7.449,-44.22,0.5919,-0.278
7.45,27.34,0.5919,-0.323
7.451,110.47,0.5919,-0.223
7.452,85.31,0.5919,-0.103
7.453,80.63,0.5919,-0.052
7.454,112.97,0.5919,0.059
7.455,76.41,0.5919,0.173
7.456,45.00,0.5919,0.212
7.457,49.69,0.5919,0.263
7.458,-27.50,0.5984,0.311
7.459,-87.66,0.6116,0.208
7.46,-55.00,0.6116,0.136
7.461,-91.88,0.6116,0.098
7.462,-133.59,0.6116,-0.048
7.463,-71.88,0.6116,-0.169
7.464,-48.75,0.6116,-0.192
7.465,-54.38,0.6116,-0.266
7.466,40.47,0.6116,-0.301
7.467,86.25,0.6116,-0.185
7.468,40.62,0.6116,-0.128
7.469,92.66,0.6116,-0.104
7.47,126.72,0.6116,0.057
7.471,40.78,0.4450,0.149
7.472,50.63,0.1119,0.139
7.473,66.56,0.1119,0.251
7.474,-21.09,0.0957,0.272
7.475,-19.53,0.0634,0.208
7.476,-8.28,0.2151,0.233
7.477,-103.28,0.5184,0.192
7.478,-122.03,0.5184,0.026
7.479,-76.56,0.5184,-0.052
7.48,-97.66,0.5184,-0.127
7.481,-79.38,0.5184,-0.248
7.482,-0.78,0.5184,-0.286
7.483,25.00,0.5184,-0.249
7.484,42.19,0.5184,-0.236
7.485,109.38,0.5184,-0.165
7.486,101.72,0.5184,-0.017
7.487,57.19,0.5184,0.039
7.488,93.75,0.5184,0.098
7.489,65.47,0.5184,0.226
7.49,-5.94,0.3503,0.228
7.491,20.47,0.0141,0.214
7.492,-25.78,0.2063,0.269
7.493,-108.75,0.5906,0.163
7.494,-76.41,0.5906,0.052
7.495,-77.97,0.5906,0.010
7.496,-123.12,0.5906,-0.104
7.497,-77.19,0.5906,-0.236
7.498,-24.53,0.5906,-0.258
7.499,-30.47,0.5906,-0.285
7.5,48.44,0.5906,-0.319
7.501,115.47,0.5906,-0.188
7.502,74.37,0.5906,-0.088
7.503,86.56,0.5906,-0.040
7.504,108.59,0.5906,0.085
7.505,53.59,0.5906,0.177
7.506,46.88,0.5906,0.192
7.507,51.25,0.5906,0.271
7.508,-29.06,0.5957,0.294
7.509,-48.59,0.6059,0.213
7.51,-40.94,0.6059,0.197
7.511,-122.03,0.6059,0.131
7.512,-129.53,0.6059,-0.047
7.513,-68.75,0.6059,-0.128
7.514,-79.84,0.6059,-0.184
7.515,-63.59,0.6059,-0.288
7.516,41.72,0.6059,-0.312
7.517,70.63,0.6059,-0.204
7.518,51.56,0.6059,-0.170
7.519,116.72,0.6059,-0.101
7.52,111.25,0.6059,0.063
7.521,48.91,0.6059,0.122
7.522,80.16,0.6059,0.161
7.523,47.50,0.4300,0.282
7.524,-39.06,0.0781,0.256
7.525,-18.12,0.0781,0.204
7.526,-31.09,0.2218,0.220
7.527,-102.97,0.5091,0.142
7.528,-95.47,0.5091,0.014
7.529,-81.56,0.5091,-0.049
7.53,-113.28,0.5091,-0.149
7.531,-63.44,0.5091,-0.276
7.532,-6.72,0.5091,-0.276
7.533,-1.56,0.5091,-0.289
7.534,66.88,0.5091,-0.279
7.535,109.53,0.5091,-0.156
7.536,79.53,0.5091,-0.060
7.537,88.13,0.5091,0.003
7.538,108.44,0.5091,0.116
7.539,46.72,0.3502,0.220
7.54,10.78,0.0325,0.209
7.541,20.47,0.0325,0.242
7.542,-43.44,0.2060,0.250
7.543,-73.59,0.5531,0.155
7.544,-50.00,0.5531,0.103
7.545,-107.34,0.5531,0.055
7.546,-131.72,0.5531,-0.112
7.547,-60.16,0.5531,-0.208
7.548,-47.19,0.5531,-0.232
7.549,-34.84,0.5531,-0.303
7.55,59.37,0.5531,-0.302
7.551,85.47,0.5531,-0.184
7.552,66.56,0.5531,-0.131
7.553,116.09,0.5531,-0.051
7.554,105.47,0.5531,0.102
7.555,37.66,0.5531,0.160
7.556,58.91,0.5531,0.177
7.557,44.06,0.4043,0.278
7.558,-53.28,0.1066,0.265
7.559,-37.81,0.1066,0.171
7.56,-33.13,0.2486,0.189
7.561,-125.00,0.5328,0.105
7.562,-105.00,0.5328,-0.061
7.563,-78.12,0.5328,-0.105
7.564,-111.09,0.5328,-0.217
7.565,-42.03,0.5328,-0.327
7.566,46.25,0.5328,-0.301
7.567,36.72,0.5328,-0.235
7.568,69.69,0.5328,-0.228
7.569,140.94,0.5328,-0.095
7.57,93.28,0.5328,0.054
7.571,75.63,0.5328,0.091
7.572,97.81,0.5328,0.206
7.573,22.66,0.5337,0.287
7.574,-17.66,0.5356,0.251
7.575,3.12,0.5356,0.252
7.576,-48.28,0.5356,0.257
7.577,-115.00,0.5356,0.155
7.578,-95.16,0.5356,0.027
7.579,-92.03,0.5356,-0.035
7.58,-106.72,0.5356,-0.157
7.581,-33.91,0.5356,-0.249
7.582,-9.38,0.5186,-0.225
7.583,-24.22,0.4847,-0.268
7.584,69.53,0.4847,-0.273
7.585,111.56,0.4847,-0.128
7.586,75.16,0.4847,-0.050
7.587,95.47,0.4847,0.022
7.588,94.84,0.4847,0.141
7.589,30.78,0.4847,0.212
7.59,33.28,0.4847,0.203
7.591,30.16,0.5239,0.278
7.592,-66.09,0.6022,0.263
7.593,-77.03,0.6022,0.146
7.594,-68.59,0.6022,0.109
7.595,-120.62,0.6022,0.009
7.596,-98.91,0.6022,-0.133
7.597,-53.59,0.6022,-0.189
7.598,-67.50,0.6022,-0.240
7.599,-22.19,0.6022,-0.324
7.6,65.94,0.6022,-0.284
7.601,59.53,0.6022,-0.192
7.602,90.16,0.6022,-0.165
7.603,146.56,0.6022,-0.012
7.604,75.78,0.6022,0.128
7.605,45.00,0.6022,0.140
7.606,85.62,0.6022,0.218
7.607,17.19,0.4380,0.311
7.608,-54.84,0.1097,0.253
7.609,-19.06,0.1097,0.201
7.61,-52.03,0.2517,0.214
7.611,-140.47,0.5356,0.097
7.612,-109.69,0.5356,-0.067
7.613,-91.09,0.5356,-0.122
7.614,-99.53,0.5356,-0.249
7.615,-14.22,0.5356,-0.321
7.616,33.75,0.5356,-0.277
7.617,17.50,0.5356,-0.254
7.618,86.25,0.5356,-0.242
7.619,133.91,0.5356,-0.081
7.62,74.06,0.5356,0.026
7.621,90.00,0.5356,0.067
7.622,95.62,0.5356,0.206
7.623,7.19,0.3698,0.258
7.624,7.50,0.0381,0.220
7.625,8.59,0.2268,0.273
7.626,-82.97,0.6041,0.237
7.627,-108.91,0.6041,0.107
7.628,-78.44,0.6041,0.019
7.629,-97.81,0.6041,-0.050
7.63,-91.09,0.6041,-0.176
7.631,-35.31,0.6041,-0.232
7.632,-49.53,0.6041,-0.247
7.633,2.81,0.6041,-0.331
7.634,101.72,0.6041,-0.241
7.635,80.78,0.6041,-0.128
7.636,70.94,0.6041,-0.080
7.637,119.22,0.6041,0.014
7.638,77.81,0.6041,0.159
7.639,27.19,0.6041,0.170
7.64,54.06,0.6041,0.213
7.641,10.62,0.5975,0.278
7.642,-54.06,0.5844,0.234
7.643,-44.06,0.5844,0.170
7.644,-82.97,0.5844,0.146
7.645,-134.22,0.5844,0.004
7.646,-79.06,0.5844,-0.122
7.647,-46.87,0.5844,-0.154
7.648,-76.09,0.5844,-0.216
7.649,-16.09,0.5844,-0.306
7.65,55.16,0.5844,-0.248
7.651,44.69,0.5844,-0.196
7.652,102.34,0.5844,-0.159
7.653,119.69,0.5844,0.009
7.654,52.81,0.5844,0.081
7.655,76.87,0.5844,0.114
7.656,89.84,0.5844,0.234
7.657,5.63,0.4057,0.294
7.658,-16.41,0.0484,0.246
7.659,-8.12,0.2192,0.261
7.66,-106.87,0.5606,0.229
7.661,-127.81,0.5606,0.048
7.662,-62.19,0.5606,-0.026
7.663,-102.03,0.5606,-0.077
7.664,-111.25,0.5606,-0.230
7.665,-18.28,0.5606,-0.299
7.666,6.25,0.5519,-0.267
7.667,23.59,0.5344,-0.287
7.668,106.41,0.5344,-0.220
7.669,113.12,0.5344,-0.074
7.67,80.63,0.5344,0.007
7.671,104.22,0.5344,0.087
7.672,80.16,0.5344,0.215
7.673,13.59,0.5344,0.248
7.674,26.41,0.5344,0.242
7.675,-2.81,0.5672,0.300
7.676,-101.09,0.6328,0.237
7.677,-89.84,0.6328,0.098
7.678,-85.78,0.6328,0.057
7.679,-132.50,0.6328,-0.073
7.68,-73.75,0.6328,-0.208
7.681,-35.31,0.6328,-0.221
7.682,-55.78,0.6328,-0.279
7.683,32.81,0.6328,-0.333
7.684,88.59,0.6328,-0.213
7.685,58.13,0.6328,-0.155
7.686,99.84,0.6328,-0.097
7.687,116.88,0.6328,0.044
7.688,57.19,0.6328,0.137
7.689,58.75,0.6328,0.159
7.69,65.16,0.6328,0.254
7.691,-29.22,0.6259,0.289
7.692,-55.00,0.6122,0.196
7.693,-20.94,0.6122,0.179
7.694,-105.00,0.6122,0.154
7.695,-141.41,0.6122,-0.031
7.696,-61.87,0.6122,-0.129
7.697,-74.37,0.6122,-0.155
7.698,-84.22,0.6122,-0.278
7.699,19.38,0.6122,-0.323
7.7,60.00,0.6122,-0.239
7.701,52.81,0.6122,-0.203
7.702,115.16,0.6122,-0.133
7.703,104.22,0.6122,0.027
7.704,42.81,0.6122,0.075
7.705,83.91,0.6122,0.113
7.706,74.06,0.6122,0.243
7.707,-8.91,0.4200,0.261
7.708,-0.78,0.0356,0.225
7.709,-7.03,0.2035,0.259
7.71,-96.09,0.5394,0.211
7.711,-105.94,0.5394,0.067
7.712,-81.09,0.5394,-0.001
7.713,-119.69,0.5394,-0.095
7.714,-78.28,0.5394,-0.240
7.715,-8.59,0.5394,-0.252
7.716,-14.22,0.5394,-0.257
7.717,50.78,0.5394,-0.280
7.718,106.25,0.5394,-0.156
7.719,69.53,0.5394,-0.068
7.72,95.16,0.5394,-0.017
7.721,113.59,0.5394,0.123
7.722,42.81,0.5394,0.211
7.723,13.91,0.5394,0.208
7.724,42.97,0.5394,0.238
7.725,-16.87,0.5654,0.294
7.726,-82.34,0.6175,0.205
7.727,-65.63,0.6175,0.130
7.728,-107.97,0.6175,0.073
7.729,-128.12,0.6175,-0.086
7.73,-60.16,0.6175,-0.183
7.731,-56.41,0.6175,-0.207
7.732,-58.28,0.6175,-0.296
7.733,55.00,0.6175,-0.323
7.734,98.59,0.6175,-0.186
7.735,59.53,0.6175,-0.126
7.736,108.44,0.6175,-0.067
7.737,107.34,0.6175,0.091
7.738,39.22,0.6175,0.148
7.739,63.91,0.6175,0.169
7.74,60.16,0.6175,0.276
7.741,-17.19,0.4277,0.290
7.742,-16.25,0.0481,0.242
7.743,-30.47,0.2109,0.257
7.744,-137.81,0.5366,0.181
7.745,-126.72,0.5366,-0.018
7.746,-54.84,0.5366,-0.073
7.747,-103.28,0.5366,-0.128
7.748,-74.37,0.5366,-0.279
7.749,18.12,0.5366,-0.277
7.75,25.47,0.5366,-0.243
7.751,60.31,0.5366,-0.226
7.752,122.97,0.5366,-0.123
7.753,107.19,0.5366,0.020
7.754,70.94,0.5366,0.092
7.755,80.16,0.5366,0.162
7.756,42.03,0.5366,0.252
7.757,-2.81,0.5366,0.246
7.758,8.75,0.5366,0.247
7.759,-36.56,0.5318,0.263
7.76,-101.88,0.5222,0.173
7.761,-82.81,0.5222,0.060
7.762,-98.44,0.5222,0.008
7.763,-133.28,0.5222,-0.137
7.764,-49.84,0.5222,-0.259
7.765,-1.87,0.5111,-0.237
7.766,-24.38,0.4891,-0.263
7.767,51.87,0.4891,-0.286
7.768,99.69,0.4891,-0.159
7.769,64.37,0.4891,-0.086
7.77,98.44,0.4891,-0.030
7.771,104.84,0.4891,0.111
7.772,46.41,0.4891,0.180
7.773,45.78,0.4891,0.203
7.774,29.69,0.5306,0.271
7.775,-52.19,0.6137,0.263
7.776,-55.94,0.6137,0.167
7.777,-51.56,0.6137,0.151
7.778,-124.22,0.6137,0.064
7.779,-109.53,0.6137,-0.098
7.78,-57.03,0.6137,-0.155
7.781,-93.59,0.6137,-0.212
7.782,-54.38,0.6137,-0.343
7.783,71.56,0.6137,-0.320
7.784,65.16,0.6137,-0.199
7.785,62.66,0.6137,-0.190
7.786,140.31,0.6137,-0.074
7.787,94.53,0.6137,0.091
7.788,37.34,0.6137,0.115
7.789,74.37,0.6137,0.165
7.79,33.91,0.4303,0.264
7.791,-31.72,0.0634,0.233
7.792,4.84,0.0634,0.200
7.793,-30.78,0.2233,0.243
7.794,-130.16,0.5431,0.139
7.795,-97.97,0.5431,-0.018
7.796,-72.81,0.5431,-0.057
7.797,-121.56,0.5431,-0.163
7.798,-61.41,0.5431,-0.300
7.799,23.91,0.5431,-0.286
7.8,24.53,0.5431,-0.253
7.801,64.53,0.5431,-0.237
7.802,125.78,0.5431,-0.123
7.803,90.16,0.5431,0.015
7.804,72.66,0.5431,0.057
7.805,104.84,0.5431,0.160
7.806,36.25,0.3734,0.267
7.807,-10.47,0.0341,0.233
7.808,3.91,0.2139,0.246
7.809,-49.38,0.5734,0.240
7.81,-80.78,0.5734,0.147
7.811,-72.66,0.5734,0.079
7.812,-112.81,0.5734,0.002
7.813,-109.22,0.5734,-0.147
7.814,-51.56,0.5734,-0.217
7.815,-55.47,0.5734,-0.250
7.816,-10.47,0.5734,-0.328
7.817,88.44,0.5734,-0.271
7.818,80.94,0.5734,-0.151
7.819,71.56,0.5734,-0.109
7.82,130.47,0.5734,-0.008
7.821,90.62,0.5734,0.152
7.822,17.50,0.5734,0.173
7.823,70.31,0.5734,0.187
7.824,37.03,0.4310,0.314
7.825,-73.13,0.1463,0.261
7.826,-38.91,0.1463,0.168
7.827,-53.59,0.2633,0.183
7.828,-137.97,0.4975,0.061
7.829,-82.97,0.4975,-0.093
7.83,-46.87,0.4975,-0.105
7.831,-99.06,0.4975,-0.187
7.832,-37.97,0.4975,-0.303
7.833,39.53,0.4975,-0.263
7.834,24.06,0.4975,-0.224
7.835,85.31,0.4975,-0.214
7.836,136.41,0.4975,-0.054
7.837,78.91,0.4975,0.058
7.838,67.81,0.4975,0.104
7.839,83.44,0.4975,0.194
7.84,18.91,0.3511,0.271
7.841,-29.22,0.0584,0.232
7.842,-0.31,0.0584,0.212
7.843,-47.34,0.2156,0.231
7.844,-109.38,0.5300,0.118
7.845,-83.91,0.5300,0.013
7.846,-92.97,0.5300,-0.050
7.847,-107.03,0.5300,-0.173
7.848,-46.87,0.5300,-0.264
7.849,-17.34,0.5300,-0.267
7.85,8.75,0.5300,-0.299
7.851,94.53,0.5300,-0.250
7.852,102.97,0.5300,-0.110
7.853,68.12,0.5300,-0.044
7.854,104.84,0.5300,0.027
7.855,93.59,0.5300,0.166
7.856,22.97,0.5300,0.214
7.857,39.06,0.5300,0.212
7.858,27.50,0.5594,0.292
7.859,-68.75,0.6181,0.267
7.86,-76.87,0.6181,0.154
7.861,-89.22,0.6181,0.113
7.862,-137.19,0.6181,-0.024
7.863,-87.81,0.6181,-0.161
7.864,-48.28,0.6181,-0.200
7.865,-63.28,0.6181,-0.258
7.866,5.63,0.6181,-0.326
7.867,84.06,0.6181,-0.247
7.868,53.75,0.6181,-0.158
7.869,77.34,0.6181,-0.139
7.87,126.72,0.6181,-0.003
7.871,73.91,0.6181,0.114
7.872,57.34,0.6181,0.144
7.873,77.34,0.6181,0.229
7.874,5.78,0.6196,0.299
7.875,-59.84,0.6225,0.241
7.876,-39.84,0.6225,0.179
7.877,-70.62,0.6225,0.161
7.878,-133.59,0.6225,0.038
7.879,-80.78,0.6225,-0.106
7.88,-67.66,0.6225,-0.123
7.881,-100.00,0.6225,-0.242
7.882,-3.75,0.6225,-0.323
7.883,41.72,0.6225,-0.249
7.884,16.72,0.6225,-0.240
7.885,89.22,0.6225,-0.216
7.886,129.37,0.6225,-0.062
7.887,75.94,0.6225,0.043
7.888,87.81,0.6225,0.090
7.889,86.87,0.6225,0.219
7.89,9.84,0.4235,0.264
7.891,6.25,0.0256,0.238
7.892,-13.28,0.2135,0.277
7.893,-91.56,0.5894,0.212
7.894,-97.81,0.5894,0.093
7.895,-91.09,0.5894,0.016
7.896,-115.16,0.5894,-0.089
7.897,-85.00,0.5894,-0.214
7.898,-29.69,0.5894,-0.259
7.899,-27.03,0.5894,-0.273
7.9,30.31,0.5894,-0.313
7.901,109.06,0.5894,-0.213
7.902,84.84,0.5894,-0.095
7.903,67.03,0.5894,-0.043
7.904,102.03,0.5894,0.039
7.905,83.28,0.5894,0.161
7.906,33.75,0.5894,0.206
7.907,48.59,0.5894,0.228
7.908,6.09,0.6056,0.303
7.909,-67.03,0.6381,0.241
7.91,-55.00,0.6381,0.169
7.911,-105.16,0.6381,0.131
7.912,-143.13,0.6381,-0.041
7.913,-76.72,0.6381,-0.156
7.914,-53.12,0.6381,-0.195
7.915,-70.16,0.6381,-0.262
7.916,12.03,0.6381,-0.335
7.917,80.63,0.6381,-0.238
7.918,39.22,0.6381,-0.174
7.919,86.09,0.6381,-0.159
7.92,128.91,0.6381,-0.002
7.921,69.84,0.6381,0.098
7.922,78.12,0.6381,0.138
7.923,81.56,0.6381,0.255
7.924,-7.81,0.6190,0.301
7.925,-26.56,0.5806,0.239
7.926,-29.53,0.5806,0.248
7.927,-115.63,0.5806,0.180
7.928,-124.38,0.5806,0.017
7.929,-75.94,0.5806,-0.069
7.93,-97.97,0.5806,-0.135
7.931,-72.19,0.5806,-0.265
7.932,4.06,0.5806,-0.279
7.933,9.53,0.5806,-0.257
7.934,44.06,0.5806,-0.260
7.935,112.97,0.5806,-0.168
7.936,104.53,0.5806,-0.034
7.937,63.13,0.5806,0.041
7.938,92.34,0.5806,0.092
7.939,74.37,0.5806,0.225
7.94,11.56,0.5806,0.241
7.941,21.72,0.5806,0.248
7.942,-23.75,0.5852,0.284
7.943,-93.91,0.5944,0.201
7.944,-74.22,0.5944,0.096
7.945,-90.62,0.5944,0.052
7.946,-138.12,0.5944,-0.085
7.947,-72.97,0.5944,-0.224
7.948,-24.38,0.5944,-0.231
7.949,-37.66,0.5944,-0.273
7.95,41.41,0.5944,-0.306
7.951,100.47,0.5944,-0.190
7.952,63.13,0.5944,-0.105
7.953,93.75,0.5944,-0.063
7.954,120.00,0.5944,0.082
7.955,43.75,0.5944,0.177
7.956,55.78,0.5944,0.170
7.957,76.88,0.5944,0.288
7.958,-32.19,0.6176,0.323
7.959,-80.16,0.6641,0.224
7.96,-55.16,0.6641,0.163
7.961,-114.06,0.6641,0.113
7.962,-129.84,0.6641,-0.065
7.963,-55.16,0.6641,-0.146
7.964,-65.63,0.6641,-0.175
7.965,-82.66,0.6641,-0.278
7.966,16.56,0.6641,-0.341
7.967,81.09,0.6641,-0.244
7.968,58.44,0.6641,-0.178
7.969,109.84,0.6641,-0.128
7.97,111.09,0.6641,0.041
7.971,45.31,0.6641,0.095
7.972,77.19,0.6641,0.132
7.973,65.94,0.6641,0.249
7.974,-14.22,0.4571,0.264
7.975,-11.25,0.0431,0.221
7.976,-24.69,0.2023,0.241
7.977,-96.09,0.5206,0.171
7.978,-101.09,0.5206,0.049
7.979,-96.25,0.5206,-0.031
7.98,-108.91,0.5206,-0.143
7.981,-49.69,0.5206,-0.249
7.982,-1.41,0.5206,-0.243
7.983,-10.47,0.5206,-0.252
7.984,48.44,0.5206,-0.264
7.985,97.97,0.5206,-0.155
7.986,77.03,0.5206,-0.068
7.987,92.81,0.5206,-0.001
7.988,104.22,0.5206,0.118
7.989,54.22,0.5206,0.208
7.99,24.53,0.5206,0.226
7.991,21.56,0.5206,0.257
7.992,-36.25,0.5428,0.269
7.993,-81.09,0.5872,0.184
7.994,-75.47,0.5872,0.107
7.995,-113.91,0.5872,0.033
7.996,-120.62,0.5872,-0.121
7.997,-54.53,0.5872,-0.208
7.998,-50.63,0.5872,-0.230
7.999,-44.06,0.5872,-0.309
8,56.25,0.5872,-0.318
8.001,93.91,0.5872,-0.197
8.002,71.88,0.5872,-0.130
8.003,127.81,0.5872,-0.053
8.004,113.91,0.5872,0.126
8.005,41.25,0.5872,0.175
8.006,58.75,0.5872,0.208
8.007,30.00,0.5963,0.292
8.008,-44.22,0.6144,0.268
8.009,-40.47,0.6144,0.204
8.01,-61.56,0.6144,0.187
8.011,-131.09,0.6144,0.081
8.012,-93.28,0.6144,-0.075
8.013,-59.53,0.6144,-0.106
8.014,-108.13,0.6144,-0.194
8.015,-52.34,0.6144,-0.322
8.016,42.97,0.6144,-0.299
8.017,38.91,0.6144,-0.236
8.018,59.22,0.6144,-0.221
8.019,123.12,0.6144,-0.118
8.02,97.81,0.6144,0.025
8.021,67.34,0.6144,0.078
8.022,95.31,0.6144,0.160
8.023,44.69,0.4160,0.269
8.024,-5.31,0.0194,0.249
8.025,19.38,0.0194,0.258
8.026,-43.44,0.2094,0.288
8.027,-120.94,0.5894,0.171
8.028,-79.22,0.5894,0.046
8.029,-88.59,0.5894,0.013
8.03,-130.31,0.5894,-0.131
8.031,-67.34,0.5894,-0.248
8.032,-26.72,0.5894,-0.266
8.033,0.62,0.5894,-0.301
8.034,92.81,0.5894,-0.264
8.035,108.91,0.5894,-0.116
8.036,58.44,0.5894,-0.047
8.037,101.09,0.5894,0.001
8.038,105.94,0.5894,0.156
8.039,27.19,0.5894,0.213
8.04,44.06,0.5894,0.210
8.041,41.56,0.6028,0.301
8.042,-49.84,0.6297,0.293
8.043,-67.97,0.6297,0.202
8.044,-77.19,0.6297,0.157
8.045,-145.62,0.6297,0.047
8.046,-117.19,0.6297,-0.134
8.047,-46.41,0.6297,-0.187
8.048,-70.63,0.6297,-0.227
8.049,-29.06,0.6297,-0.328
8.05,89.22,0.6297,-0.285
8.051,73.59,0.6297,-0.150
8.052,53.28,0.6297,-0.138
8.053,124.84,0.6297,-0.043
8.054,86.56,0.6297,0.112
8.055,36.09,0.6297,0.130
8.056,80.16,0.6297,0.184
8.057,35.63,0.4450,0.290
8.058,-37.81,0.0756,0.255
8.059,-11.88,0.0756,0.214
8.06,-57.34,0.2234,0.232
8.061,-137.50,0.5191,0.100
8.062,-86.72,0.5191,-0.043
8.063,-73.59,0.5191,-0.074
8.064,-106.88,0.5191,-0.191
8.065,-40.62,0.5191,-0.288
8.066,10.47,0.5191,-0.272
8.067,19.84,0.5191,-0.267
8.068,83.59,0.5191,-0.232
8.069,122.50,0.5191,-0.099
8.07,81.87,0.5191,0.013
8.071,87.97,0.5191,0.064
8.072,95.31,0.5191,0.189
8.073,19.06,0.3554,0.255
8.074,2.50,0.0281,0.227
8.075,4.22,0.2118,0.260
8.076,-60.62,0.5791,0.235
8.077,-80.63,0.5791,0.139
8.078,-80.31,0.5791,0.074
8.079,-127.81,0.5791,-0.022
8.08,-112.50,0.5791,-0.182
8.081,-40.16,0.5791,-0.247
8.082,-36.09,0.5791,-0.262
8.083,-10.00,0.5791,-0.319
8.084,79.38,0.5791,-0.282
8.085,101.09,0.5791,-0.160
8.086,81.87,0.5791,-0.080
8.087,112.50,0.5791,0.003
8.088,91.09,0.5791,0.145
8.089,30.62,0.5791,0.186
8.09,46.56,0.5791,0.207
8.091,24.53,0.5921,0.279
8.092,-40.00,0.6181,0.256
8.093,-32.81,0.6181,0.199
8.094,-80.94,0.6181,0.190
8.095,-152.50,0.6181,0.037
8.096,-75.78,0.6181,-0.115
8.097,-59.53,0.6181,-0.115
8.098,-112.34,0.6181,-0.234
8.099,-10.47,0.6181,-0.339
8.1,82.50,0.6181,-0.255
8.101,40.00,0.6181,-0.174
8.102,73.12,0.6181,-0.175
8.103,121.09,0.6181,-0.028
8.104,54.06,0.6181,0.067
8.105,67.66,0.6181,0.080
8.106,96.25,0.6181,0.203
8.107,22.50,0.5952,0.273
8.108,-10.47,0.5494,0.248
8.109,-12.19,0.5494,0.252
8.11,-76.56,0.5494,0.223
8.111,-128.28,0.5494,0.098
8.112,-96.41,0.5494,-0.033
8.113,-99.06,0.5494,-0.094
8.114,-91.25,0.5494,-0.232
8.115,-14.69,0.5494,-0.277
8.116,6.09,0.5494,-0.261
8.117,22.97,0.5494,-0.265
8.118,98.75,0.5494,-0.215
8.119,107.97,0.5494,-0.067
8.12,72.97,0.5494,0.001
8.121,105.94,0.5494,0.079
8.122,85.62,0.5494,0.213
8.123,15.94,0.5494,0.250
8.124,27.50,0.5494,0.245
8.125,0.78,0.5819,0.305
8.126,-73.75,0.6469,0.246
8.127,-74.06,0.6469,0.158
8.128,-94.84,0.6469,0.098
8.129,-136.09,0.6469,-0.032
8.13,-95.94,0.6469,-0.174
8.131,-48.44,0.6469,-0.224
8.132,-58.91,0.6469,-0.271
8.133,20.00,0.6469,-0.342
8.134,86.09,0.6469,-0.231
8.135,55.62,0.6469,-0.170
8.136,100.78,0.6469,-0.120
8.137,122.66,0.6469,0.032
8.138,55.78,0.6469,0.126
8.139,53.91,0.6469,0.143
8.14,67.81,0.6469,0.233
8.141,-1.87,0.6381,0.279
8.142,-38.59,0.6206,0.230
8.143,-31.41,0.6206,0.202
8.144,-108.28,0.6206,0.167
8.145,-138.91,0.6206,-0.015
8.146,-67.19,0.6206,-0.111
8.147,-86.25,0.6206,-0.149
8.148,-96.25,0.6206,-0.283
8.149,10.78,0.6206,-0.342
8.15,61.09,0.6206,-0.262
8.151,52.50,0.6206,-0.219
8.152,111.72,0.6206,-0.157
8.153,120.94,0.6206,0.004
8.154,57.19,0.6206,0.085
8.155,82.34,0.6206,0.118
8.156,67.66,0.6206,0.250
8.157,-16.87,0.4264,0.254
8.158,-4.53,0.0378,0.216
8.159,-21.56,0.2078,0.245
8.16,-102.81,0.5478,0.173
8.161,-95.78,0.5478,0.039
8.162,-78.59,0.5478,-0.019
8.163,-114.22,0.5478,-0.118
8.164,-66.41,0.5478,-0.247
8.165,-7.50,0.5478,-0.251
8.166,-25.16,0.5478,-0.262
8.167,23.91,0.5478,-0.301
8.168,100.16,0.5478,-0.214
8.169,93.59,0.5478,-0.101
8.17,91.56,0.5478,-0.027
8.171,107.66,0.5478,0.082
8.172,62.50,0.5478,0.188
8.173,29.22,0.5478,0.207
8.174,36.87,0.5478,0.247
8.175,-17.19,0.5661,0.281
8.176,-68.28,0.6028,0.212
8.177,-69.06,0.6028,0.144
8.178,-111.56,0.6028,0.074
8.179,-116.41,0.6028,-0.079
8.18,-59.38,0.6028,-0.159
8.181,-67.97,0.6028,-0.198
8.182,-62.19,0.6028,-0.295
8.183,50.78,0.6028,-0.322
8.184,87.34,0.6028,-0.193
8.185,42.50,0.6028,-0.147
8.186,104.84,0.6028,-0.108
8.187,119.06,0.6028,0.063
8.188,51.09,0.6028,0.130
8.189,57.97,0.6028,0.165
8.19,48.75,0.6028,0.246
8.191,-15.94,0.4179,0.262
8.192,-16.25,0.0481,0.214
8.193,-13.28,0.2046,0.230
8.194,-109.69,0.5175,0.188
8.195,-124.84,0.5175,0.010
8.196,-76.87,0.5175,-0.062
8.197,-108.13,0.5175,-0.143
8.198,-72.19,0.5175,-0.278
8.199,20.94,0.5175,-0.288
8.2,27.97,0.5175,-0.237
8.201,38.91,0.5175,-0.232
8.202,109.53,0.5175,-0.159
8.203,100.00,0.5175,-0.013
8.204,80.16,0.5175,0.041
8.205,110.00,0.5175,0.147
8.206,39.69,0.3565,0.261
8.207,-16.56,0.0344,0.227
8.208,19.22,0.0344,0.228
8.209,-26.88,0.2172,0.265
8.21,-98.91,0.5828,0.174
8.211,-83.91,0.5828,0.068
8.212,-95.78,0.5828,0.007
8.213,-133.91,0.5828,-0.124
8.214,-64.84,0.5828,-0.261
8.215,-20.47,0.5828,-0.254
8.216,-23.59,0.5828,-0.302
8.217,58.13,0.5828,-0.301
8.218,104.37,0.5828,-0.186
8.219,82.66,0.5828,-0.092
8.22,106.41,0.5828,-0.021
8.221,108.75,0.5828,0.121
8.222,42.03,0.5828,0.197
8.223,41.87,0.5828,0.205
8.224,44.06,0.5828,0.281
8.225,-46.41,0.5836,0.293
8.226,-61.56,0.5853,0.188
8.227,-50.47,0.5853,0.170
8.228,-137.34,0.5853,0.087
8.229,-119.69,0.5853,-0.105
8.23,-37.34,0.5853,-0.153
8.231,-70.00,0.5853,-0.180
8.232,-52.19,0.5853,-0.292
8.233,52.97,0.5853,-0.284
8.234,56.41,0.5853,-0.187
8.235,37.34,0.5853,-0.171
8.236,115.94,0.5853,-0.112
8.237,102.66,0.5853,0.061
8.238,45.31,0.5853,0.093
8.239,80.94,0.5853,0.151
8.24,44.84,0.4068,0.255
8.241,-24.84,0.0497,0.241
8.242,4.69,0.0497,0.206
8.243,-24.22,0.2084,0.250
8.244,-128.75,0.5259,0.157
8.245,-99.22,0.5259,-0.007
8.246,-76.56,0.5259,-0.041
8.247,-116.88,0.5259,-0.160
8.248,-57.66,0.5259,-0.275
8.249,8.13,0.5259,-0.276
8.25,7.97,0.5259,-0.259
8.251,56.87,0.5259,-0.260
8.252,111.56,0.5259,-0.145
8.253,87.97,0.5259,-0.037
8.254,98.75,0.5259,0.031
8.255,109.06,0.5259,0.161
8.256,31.56,0.3653,0.249
8.257,9.53,0.0441,0.224
8.258,22.19,0.0441,0.268
8.259,-50.00,0.2232,0.268
8.26,-80.63,0.5816,0.168
8.261,-64.37,0.5816,0.107
8.262,-116.56,0.5816,0.039
8.263,-136.09,0.5816,-0.126
8.264,-65.16,0.5816,-0.233
8.265,-40.16,0.5816,-0.256
8.266,-12.97,0.5816,-0.313
8.267,80.16,0.5816,-0.282
8.268,89.06,0.5816,-0.153
8.269,62.81,0.5816,-0.104
8.27,107.66,0.5816,-0.027
8.271,81.25,0.5816,0.111
8.272,36.25,0.5816,0.135
8.273,80.47,0.5816,0.184
8.274,36.25,0.4271,0.296
8.275,-59.06,0.1181,0.256
8.276,-29.84,0.1181,0.178
8.277,-51.72,0.2527,0.197
8.278,-138.91,0.5219,0.075
8.279,-86.09,0.5219,-0.081
8.28,-58.44,0.5219,-0.098
8.281,-113.91,0.5219,-0.198
8.282,-44.38,0.5219,-0.325
8.283,47.03,0.5219,-0.287
8.284,46.09,0.5219,-0.231
8.285,75.47,0.5219,-0.195
8.286,123.12,0.5219,-0.080
8.287,95.78,0.5219,0.052
8.288,70.31,0.5219,0.111
8.289,83.28,0.5219,0.192
8.29,25.00,0.5329,0.278
8.291,-16.41,0.5550,0.242
8.292,-5.78,0.5550,0.245
8.293,-70.16,0.5550,0.231
8.294,-119.69,0.5550,0.105
8.295,-78.59,0.5550,-0.009
8.296,-91.25,0.5550,-0.052
8.297,-112.34,0.5550,-0.191
8.298,-34.37,0.5550,-0.277
8.299,-11.88,0.5277,-0.260
8.3,9.37,0.4731,-0.301
8.301,96.56,0.4731,-0.241
8.302,97.19,0.4731,-0.108
8.303,63.28,0.4731,-0.047
8.304,109.53,0.4731,0.019
8.305,106.56,0.4731,0.172
8.306,18.12,0.3232,0.232
8.307,16.25,0.0234,0.208
8.308,14.06,0.2083,0.264
8.309,-50.16,0.5781,0.237
8.31,-42.81,0.5781,0.164
8.311,-72.97,0.5781,0.151
8.312,-145.31,0.5781,0.018
8.313,-98.12,0.5781,-0.140
8.314,-49.22,0.5781,-0.178
8.315,-67.81,0.5781,-0.238
8.316,-10.47,0.5781,-0.314
8.317,69.84,0.5781,-0.259
8.318,52.66,0.5781,-0.174
8.319,81.72,0.5781,-0.154
8.32,138.59,0.5781,-0.011
8.321,85.47,0.5781,0.123
8.322,58.75,0.5781,0.160
8.323,68.12,0.5781,0.241
8.324,3.28,0.5907,0.297
8.325,-35.62,0.6159,0.248
8.326,-17.97,0.6159,0.225
8.327,-77.34,0.6159,0.212
8.328,-138.91,0.6159,0.071
8.329,-78.75,0.6159,-0.066
8.33,-67.03,0.6159,-0.087
8.331,-116.25,0.6159,-0.200
8.332,-36.56,0.6159,-0.319
8.333,44.84,0.6159,-0.273
8.334,39.22,0.6159,-0.230
8.335,110.00,0.6159,-0.195
8.336,141.72,0.6159,-0.010
8.337,57.34,0.6159,0.088
8.338,82.66,0.6159,0.105
8.339,78.59,0.6159,0.254
8.34,-12.19,0.4216,0.262
8.341,12.19,0.0328,0.229
8.342,12.81,0.2268,0.287
8.343,-87.97,0.6147,0.255
8.344,-103.75,0.6147,0.111
8.345,-88.28,0.6147,0.048
8.346,-130.00,0.6147,-0.066
8.347,-90.31,0.6147,-0.212
8.348,-30.16,0.6147,-0.247
8.349,-40.78,0.6147,-0.273
8.35,14.22,0.6147,-0.328
8.351,100.63,0.6147,-0.244
8.352,86.72,0.6147,-0.127
8.353,79.69,0.6147,-0.071
8.354,128.28,0.6147,0.033
8.355,83.75,0.6147,0.186
8.356,11.25,0.6147,0.200
8.357,39.06,0.6147,0.208
8.358,7.50,0.6126,0.278
8.359,-56.25,0.6084,0.223
8.36,-37.34,0.6084,0.166
8.361,-86.72,0.6084,0.148
8.362,-144.22,0.6084,-0.008
8.363,-78.59,0.6084,-0.140
8.364,-59.37,0.6084,-0.165
8.365,-82.66,0.6084,-0.259
8.366,4.37,0.6084,-0.330
8.367,63.12,0.6084,-0.250
8.368,34.37,0.6084,-0.204
8.369,107.81,0.6084,-0.181
8.37,146.87,0.6084,0.012
8.371,58.91,0.6084,0.113
8.372,60.00,0.6084,0.129
8.373,69.53,0.6084,0.233
8.374,4.69,0.5933,0.268
8.375,-16.09,0.5631,0.242
8.376,-12.50,0.5631,0.236
8.377,-91.25,0.5631,0.217
8.378,-122.50,0.5631,0.054
8.379,-82.50,0.5631,-0.028
8.38,-111.88,0.5631,-0.111
8.381,-91.72,0.5631,-0.252
8.382,5.31,0.5631,-0.295
8.383,8.44,0.5446,-0.241
8.384,23.75,0.5075,-0.278
8.385,120.16,0.5075,-0.194
8.386,98.44,0.5075,-0.037
8.387,50.78,0.5075,0.003
8.388,101.41,0.5075,0.064
8.389,82.81,0.5075,0.206
8.39,7.81,0.5075,0.230
8.391,28.44,0.5075,0.222
8.392,3.28,0.5386,0.287
8.393,-85.00,0.6009,0.228
8.394,-85.78,0.6009,0.117
8.395,-100.31,0.6009,0.057
8.396,-142.19,0.6009,-0.084
8.397,-67.19,0.6009,-0.228
8.398,-22.19,0.6009,-0.218
8.399,-47.97,0.6009,-0.272
8.4,42.50,0.6009,-0.314
8.401,86.56,0.6009,-0.187
8.402,57.34,0.6009,-0.141
8.403,111.09,0.6009,-0.072
8.404,125.00,0.6009,0.081
8.405,59.53,0.6009,0.177
8.406,41.25,0.6009,0.200
8.407,49.38,0.6009,0.260
8.408,-26.72,0.6060,0.299
8.409,-55.00,0.6163,0.207
8.41,-25.63,0.6163,0.189
8.411,-110.78,0.6163,0.155
8.412,-131.56,0.6163,-0.033
8.413,-65.16,0.6163,-0.108
8.414,-83.91,0.6163,-0.163
8.415,-77.19,0.6163,-0.276
8.416,25.16,0.6163,-0.318
8.417,59.69,0.6163,-0.225
8.418,40.78,0.6163,-0.198
8.419,117.03,0.6163,-0.144
8.42,114.37,0.6163,0.036
8.421,40.62,0.6163,0.085
8.422,87.97,0.6163,0.117
8.423,73.91,0.6163,0.261
8.424,-16.41,0.4231,0.265
8.425,-3.59,0.0369,0.228
8.426,-15.94,0.2074,0.258
8.427,-103.75,0.5484,0.196
8.428,-109.06,0.5484,0.050
8.429,-97.19,0.5484,-0.022
8.43,-134.38,0.5484,-0.144
8.431,-66.25,0.5484,-0.291
8.432,15.78,0.5484,-0.277
8.433,-8.44,0.5081,-0.259
8.434,44.38,0.4275,-0.293
8.435,122.66,0.4275,-0.170
8.436,84.38,0.4275,-0.048
8.437,91.09,0.4275,-0.002
8.438,114.84,0.4275,0.134
8.439,41.41,0.2923,0.228
8.44,5.31,0.0219,0.217
8.441,43.59,0.0219,0.239
8.442,-9.84,0.2182,0.304
8.443,-87.03,0.6109,0.219
8.444,-83.28,0.6109,0.130
8.445,-115.78,0.6109,0.052
8.446,-128.75,0.6109,-0.102
8.447,-71.88,0.6109,-0.205
8.448,-47.81,0.6109,-0.245
8.449,-30.78,0.6109,-0.301
8.45,44.84,0.6109,-0.307
8.451,61.56,0.6109,-0.211
8.452,57.97,0.6109,-0.184
8.453,134.38,0.6109,-0.095
8.454,119.84,0.6109,0.085
8.455,40.16,0.6109,0.145
8.456,72.81,0.6109,0.165
8.457,54.84,0.6107,0.290
8.458,-36.72,0.6103,0.275
8.459,-25.63,0.6103,0.217
8.46,-41.09,0.6103,0.224
8.461,-136.41,0.6103,0.135
8.462,-116.09,0.6103,-0.049
8.463,-66.88,0.6103,-0.098
8.464,-111.25,0.6103,-0.183
8.465,-61.72,0.6103,-0.320
8.466,28.44,0.6103,-0.306
8.467,26.56,0.6103,-0.263
8.468,63.28,0.6103,-0.253
8.469,137.97,0.6103,-0.137
8.47,100.16,0.6103,0.023
8.471,68.28,0.6103,0.064
8.472,95.94,0.6103,0.159
8.473,42.34,0.4119,0.256
8.474,-7.50,0.0150,0.244
8.475,10.94,0.0150,0.241
8.476,-25.00,0.1967,0.266
8.477,-98.28,0.5600,0.191
8.478,-94.22,0.5600,0.069
8.479,-97.50,0.5600,0.002
8.48,-118.91,0.5600,-0.126
8.481,-51.25,0.5600,-0.236
8.482,-29.22,0.5600,-0.228
8.483,-29.69,0.5600,-0.294
8.484,78.44,0.5600,-0.288
8.485,113.59,0.5600,-0.137
8.486,64.84,0.5600,-0.060
8.487,94.53,0.5600,-0.007
8.488,92.19,0.5600,0.129
8.489,27.03,0.5600,0.177
8.49,41.56,0.5600,0.183
8.491,33.44,0.5703,0.260
8.492,-41.72,0.5909,0.250
8.493,-39.37,0.5909,0.177
8.494,-60.16,0.5909,0.171
8.495,-149.53,0.5909,0.056
8.496,-110.94,0.5909,-0.128
8.497,-56.09,0.5909,-0.166
8.498,-82.66,0.5909,-0.240
8.499,-35.63,0.5909,-0.331
8.5,62.50,0.5909,-0.312
8.501,67.03,0.5909,-0.206
8.502,70.31,0.5909,-0.177
8.503,129.06,0.5909,-0.065
8.504,90.94,0.5909,0.081
8.505,57.50,0.5909,0.117
8.506,79.53,0.5909,0.196
8.507,29.53,0.4099,0.276
8.508,-23.91,0.0478,0.255
8.509,-0.78,0.0478,0.228
8.51,-46.09,0.2100,0.253
8.511,-139.22,0.5344,0.136
8.512,-107.19,0.5344,-0.025
8.513,-77.81,0.5344,-0.079
8.514,-101.25,0.5344,-0.181
8.515,-38.75,0.5344,-0.281
8.516,15.63,0.5344,-0.258
8.517,17.81,0.5344,-0.250
8.518,82.50,0.5344,-0.223
8.519,110.78,0.5344,-0.085
8.52,68.44,0.5344,-0.001
8.521,88.28,0.5344,0.052
8.522,91.09,0.5344,0.175
8.523,17.50,0.3674,0.234
8.524,4.84,0.0334,0.210
8.525,17.50,0.0334,0.244
8.526,-50.16,0.2043,0.245
8.527,-91.25,0.5459,0.143
8.528,-82.34,0.5459,0.063
8.529,-109.53,0.5459,-0.021
8.53,-99.53,0.5459,-0.156
8.531,-43.13,0.5459,-0.220
8.532,-40.16,0.5459,-0.242
8.533,-10.62,0.5459,-0.301
8.534,79.06,0.5459,-0.264
8.535,79.06,0.5459,-0.143
8.536,69.06,0.5459,-0.106
8.537,121.72,0.5459,-0.004
8.538,87.50,0.5459,0.138
8.539,32.81,0.5459,0.171
8.54,56.25,0.5459,0.203
8.541,14.22,0.5615,0.283
8.542,-54.22,0.5925,0.232
8.543,-28.75,0.5925,0.175
8.544,-73.59,0.5925,0.174
8.545,-141.25,0.5925,0.028
8.546,-82.03,0.5925,-0.108
8.547,-58.28,0.5925,-0.137
8.548,-86.41,0.5925,-0.225
8.549,-19.38,0.5925,-0.309
8.55,42.81,0.5925,-0.263
8.551,29.38,0.5925,-0.224
8.552,81.56,0.5925,-0.205
8.553,138.59,0.5925,-0.061
8.554,87.03,0.5925,0.072
8.555,67.03,0.5925,0.113
8.556,84.37,0.5925,0.207
8.557,17.81,0.5860,0.282
8.558,-26.41,0.5731,0.242
8.559,-10.94,0.5731,0.229
8.56,-70.94,0.5731,0.220
8.561,-121.25,0.5731,0.088
8.562,-75.31,0.5731,-0.022
8.563,-95.78,0.5731,-0.063
8.564,-113.91,0.5731,-0.214
8.565,-24.37,0.5731,-0.291
8.566,10.94,0.5731,-0.263
8.567,15.16,0.5731,-0.269
8.568,81.25,0.5731,-0.232
8.569,99.53,0.5731,-0.107
8.57,73.12,0.5731,-0.033
8.571,105.47,0.5731,0.040
8.572,88.44,0.5731,0.178
8.573,15.63,0.5731,0.217
8.574,48.75,0.5731,0.209
8.575,26.56,0.5929,0.314
8.576,-90.47,0.6325,0.262
8.577,-84.06,0.6325,0.133
8.578,-67.50,0.6325,0.094
8.579,-116.72,0.6325,-0.002
8.58,-91.25,0.6325,-0.139
8.581,-56.41,0.6325,-0.184
8.582,-67.03,0.6325,-0.252
8.583,8.12,0.6325,-0.318
8.584,79.69,0.6325,-0.236
8.585,61.72,0.6325,-0.159
8.586,100.16,0.6325,-0.113
8.587,122.66,0.6325,0.041
8.588,49.22,0.6325,0.133
8.589,49.06,0.6325,0.140
8.59,78.91,0.6325,0.231
8.591,-1.09,0.6220,0.297
8.592,-40.00,0.6009,0.229
8.593,-14.06,0.6009,0.218
8.594,-91.56,0.6009,0.201
8.595,-148.75,0.6009,0.034
8.596,-83.91,0.6009,-0.097
8.597,-73.44,0.6009,-0.133
8.598,-85.00,0.6009,-0.244
8.599,-7.50,0.6009,-0.303
8.6,36.72,0.6009,-0.259
8.601,26.56,0.6009,-0.230
8.602,101.56,0.6009,-0.206
8.603,136.56,0.6009,-0.027
8.604,72.81,0.6009,0.068
8.605,85.00,0.6009,0.119
8.606,67.50,0.6009,0.238
8.607,6.56,0.6009,0.254
8.608,19.22,0.6009,0.251
8.609,-20.31,0.6000,0.292
8.61,-111.41,0.5981,0.210
8.611,-102.50,0.5981,0.069
8.612,-76.09,0.5981,0.005
8.613,-118.44,0.5981,-0.083
8.614,-88.91,0.5981,-0.232
8.615,-29.06,0.5981,-0.261
8.616,-22.66,0.5981,-0.290
8.617,50.00,0.5981,-0.306
8.618,97.81,0.5981,-0.190
8.619,67.81,0.5981,-0.110
8.62,75.63,0.5981,-0.054
8.621,121.72,0.5981,0.041
8.622,84.53,0.5981,0.189
8.623,33.59,0.5981,0.210
8.624,46.25,0.5981,0.256
8.625,-24.53,0.6050,0.302
8.626,-76.41,0.6187,0.207
8.627,-35.31,0.6187,0.150
8.628,-93.28,0.6187,0.137
8.629,-151.25,0.6187,-0.037
8.63,-75.78,0.6187,-0.166
8.631,-59.22,0.6187,-0.188
8.632,-63.91,0.6187,-0.284
8.633,25.94,0.6187,-0.316
8.634,64.37,0.6187,-0.233
8.635,40.00,0.6187,-0.188
8.636,117.03,0.6187,-0.153
8.637,132.66,0.6187,0.047
8.638,48.59,0.6187,0.113
8.639,69.22,0.6187,0.144
8.64,63.28,0.6187,0.251
8.641,-12.34,0.5946,0.270
8.642,-22.97,0.5462,0.227
8.643,-25.31,0.5462,0.224
8.644,-115.31,0.5462,0.176
8.645,-117.50,0.5462,-0.006
8.646,-62.19,0.5462,-0.059
8.647,-99.38,0.5462,-0.131
8.648,-72.66,0.5462,-0.258
8.649,20.47,0.5462,-0.276
8.65,27.97,0.5462,-0.217
8.651,37.34,0.5462,-0.220
8.652,105.94,0.5462,-0.142
8.653,98.91,0.5462,-0.008
8.654,65.00,0.5462,0.056
8.655,86.41,0.5462,0.122
8.656,51.87,0.5462,0.228
8.657,14.37,0.5462,0.226
8.658,33.75,0.5462,0.257
8.659,-29.53,0.5665,0.293
8.66,-107.81,0.6069,0.198
8.661,-87.34,0.6069,0.077
8.662,-89.06,0.6069,0.023
8.663,-129.53,0.6069,-0.101
8.664,-66.41,0.6069,-0.236
8.665,-19.06,0.6069,-0.233
8.666,-40.16,0.6069,-0.274
8.667,46.25,0.6069,-0.314
8.668,107.19,0.6069,-0.181
8.669,70.31,0.6069,-0.099
8.67,92.66,0.6069,-0.041
8.671,101.25,0.6069,0.086
8.672,48.75,0.6069,0.162
8.673,47.81,0.6069,0.183
8.674,45.47,0.6069,0.258
8.675,-37.81,0.5970,0.274
8.676,-45.62,0.5772,0.182
8.677,-41.41,0.5772,0.183
8.678,-131.56,0.5772,0.099
8.679,-120.47,0.5772,-0.080
8.68,-56.87,0.5772,-0.142
8.681,-75.63,0.5772,-0.194
8.682,-54.53,0.5772,-0.293
8.683,45.00,0.5772,-0.303
8.684,65.62,0.5772,-0.203
8.685,43.75,0.5772,-0.172
8.686,107.19,0.5772,-0.116
8.687,110.47,0.5772,0.043
8.688,58.91,0.5772,0.105
8.689,81.09,0.5772,0.161
8.69,45.94,0.5667,0.268
8.691,-14.69,0.5456,0.253
8.692,-3.59,0.5456,0.238
8.693,-44.69,0.5456,0.245
8.694,-123.12,0.5456,0.149
8.695,-100.16,0.5456,-0.001
8.696,-71.41,0.5456,-0.052
8.697,-113.28,0.5456,-0.144
8.698,-52.97,0.5456,-0.278
8.699,0.47,0.5526,-0.250
8.7,-0.31,0.5666,-0.277
8.701,75.31,0.5666,-0.250
8.702,105.16,0.5666,-0.127
8.703,82.19,0.5666,-0.040
8.704,99.84,0.5666,0.038
8.705,98.28,0.5666,0.160
8.706,35.31,0.5666,0.234
8.707,27.50,0.5666,0.230
8.708,35.62,0.5666,0.289
8.709,-54.69,0.5883,0.302
8.71,-87.66,0.6319,0.180
8.711,-77.34,0.6319,0.126
8.712,-135.78,0.6319,0.025
8.713,-130.16,0.6319,-0.145
8.714,-56.09,0.6319,-0.235
8.715,-47.66,0.6319,-0.258
8.716,-23.28,0.6319,-0.330
8.717,69.53,0.6319,-0.304
8.718,78.75,0.6319,-0.191
8.719,71.09,0.6319,-0.147
8.72,130.16,0.6319,-0.049
8.721,90.47,0.6319,0.114
8.722,38.44,0.6319,0.132
8.723,71.72,0.6319,0.191
8.724,39.53,0.4560,0.275
8.725,-52.19,0.1044,0.270
8.726,-32.03,0.1044,0.171
8.727,-40.00,0.2391,0.206
8.728,-151.09,0.5084,0.091
8.729,-116.25,0.5084,-0.097
8.73,-63.13,0.5084,-0.142
8.731,-80.62,0.5084,-0.223
8.732,-25.63,0.5084,-0.303
8.733,30.00,0.5084,-0.274
8.734,21.09,0.5084,-0.243
8.735,70.78,0.5084,-0.232
8.736,138.12,0.5084,-0.101
8.737,86.87,0.5084,0.044
8.738,70.63,0.5084,0.072
8.739,93.13,0.5084,0.186
8.74,27.34,0.3451,0.259
8.741,-8.91,0.0184,0.240
8.742,13.28,0.0184,0.241
8.743,-49.84,0.1955,0.267
8.744,-120.00,0.5497,0.141
8.745,-98.59,0.5497,0.027
8.746,-105.31,0.5497,-0.056
8.747,-113.44,0.5497,-0.184
8.748,-31.41,0.5497,-0.283
8.749,-1.41,0.5348,-0.247
8.75,-3.59,0.5050,-0.286
8.751,80.31,0.5050,-0.254
8.752,99.38,0.5050,-0.125
8.753,60.62,0.5050,-0.055
8.754,108.75,0.5050,-0.004
8.755,111.56,0.5050,0.163
8.756,25.31,0.5050,0.219
8.757,38.59,0.5050,0.213
8.758,23.13,0.5397,0.297
8.759,-64.84,0.6091,0.259
8.76,-56.72,0.6091,0.167
8.761,-78.44,0.6091,0.146
8.762,-147.97,0.6091,0.010
8.763,-89.69,0.6091,-0.150
8.764,-40.00,0.6091,-0.169
8.765,-71.56,0.6091,-0.230
8.766,-20.94,0.6091,-0.313
8.767,66.25,0.6091,-0.272
8.768,57.50,0.6091,-0.180
8.769,80.31,0.6091,-0.157
8.77,127.97,0.6091,-0.019
8.771,65.78,0.6091,0.099
8.772,49.84,0.6091,0.112
8.773,85.62,0.6091,0.199
8.774,17.66,0.4294,0.283
8.775,-35.00,0.0700,0.234
8.776,2.81,0.0700,0.213
8.777,-61.56,0.2244,0.240
8.778,-150.47,0.5331,0.090
8.779,-96.72,0.5331,-0.061
8.78,-80.63,0.5331,-0.103
8.781,-95.16,0.5331,-0.223
8.782,-24.38,0.5331,-0.293
8.783,7.19,0.5331,-0.271
8.784,15.00,0.5331,-0.279
8.785,110.63,0.5331,-0.241
8.786,144.06,0.5331,-0.058
8.787,76.72,0.5331,0.047
8.788,75.63,0.5331,0.096
8.789,81.09,0.5331,0.198
8.79,24.22,0.3592,0.258
8.791,26.25,0.0112,0.247
8.792,-1.41,0.2241,0.310
8.793,-103.91,0.6497,0.244
8.794,-104.06,0.6497,0.103
8.795,-78.12,0.6497,0.036
8.796,-119.84,0.6497,-0.054
8.797,-105.94,0.6497,-0.204
8.798,-40.62,0.6497,-0.266
8.799,-36.87,0.6497,-0.285
8.8,14.22,0.6497,-0.339
8.801,100.47,0.6497,-0.257
8.802,87.19,0.6497,-0.138
8.803,87.66,0.6497,-0.083
8.804,118.91,0.6497,0.037
8.805,82.03,0.6497,0.155
8.806,37.66,0.6497,0.201
8.807,56.09,0.6497,0.231
8.808,6.25,0.6452,0.313
8.809,-80.47,0.6363,0.243
8.81,-56.41,0.6363,0.152
8.811,-75.94,0.6363,0.130
8.812,-128.91,0.6363,0.000
8.813,-80.94,0.6363,-0.128
8.814,-70.47,0.6363,-0.162
8.815,-80.78,0.6363,-0.268
8.816,15.94,0.6363,-0.323
8.817,80.00,0.6363,-0.237
8.818,36.41,0.6363,-0.163
8.819,91.88,0.6363,-0.164
8.82,142.03,0.6363,0.021
8.821,59.06,0.6363,0.120
8.822,70.31,0.6363,0.139
8.823,80.00,0.6363,0.261
8.824,-23.75,0.4526,0.299
8.825,-31.56,0.0853,0.213
8.826,1.25,0.2347,0.236
8.827,-93.91,0.5334,0.216
8.828,-126.56,0.5334,0.048
8.829,-79.38,0.5334,-0.037
8.83,-107.03,0.5334,-0.111
8.831,-93.44,0.5334,-0.251
8.832,-7.66,0.5334,-0.298
8.833,10.31,0.5258,-0.267
8.834,33.28,0.5106,-0.277
8.835,108.75,0.5106,-0.200
8.836,99.38,0.5106,-0.060
8.837,71.41,0.5106,-0.001
8.838,106.41,0.5106,0.083
8.839,75.16,0.5106,0.212
8.84,9.37,0.5106,0.233
8.841,30.47,0.5106,0.230
8.842,-3.75,0.5511,0.294
8.843,-87.50,0.6322,0.223
8.844,-70.16,0.6322,0.119
8.845,-83.13,0.6322,0.083
8.846,-131.09,0.6322,-0.047
8.847,-79.38,0.6322,-0.180
8.848,-46.41,0.6322,-0.206
8.849,-66.09,0.6322,-0.273
8.85,34.53,0.6322,-0.338
8.851,94.84,0.6322,-0.203
8.852,48.59,0.6322,-0.148
8.853,107.19,0.6322,-0.106
8.854,126.88,0.6322,0.066
8.855,52.50,0.6322,0.147
8.856,62.50,0.6322,0.171
8.857,63.13,0.6322,0.273
8.858,-15.00,0.6216,0.297
8.859,-47.50,0.6003,0.242
8.86,-40.63,0.6003,0.203
8.861,-103.28,0.6003,0.161
8.862,-124.69,0.6003,-0.004
8.863,-66.09,0.6003,-0.088
8.864,-104.37,0.6003,-0.136
8.865,-83.28,0.6003,-0.297
8.866,27.19,0.6003,-0.303
8.867,31.09,0.6003,-0.242
8.868,31.25,0.6003,-0.241
8.869,107.66,0.6003,-0.180
8.87,113.13,0.6003,-0.025
8.871,64.53,0.6003,0.046
8.872,104.22,0.6003,0.104
8.873,73.91,0.4047,0.255
8.874,-6.72,0.0134,0.252
8.875,10.31,0.0134,0.241
8.876,-22.66,0.1970,0.272
8.877,-113.44,0.5641,0.196
8.878,-94.69,0.5641,0.045
8.879,-79.22,0.5641,0.007
8.88,-128.75,0.5641,-0.113
8.881,-75.47,0.5641,-0.251
8.882,-17.50,0.5641,-0.264
8.883,-13.91,0.5641,-0.286
8.884,60.31,0.5641,-0.292
8.885,115.00,0.5641,-0.165
8.886,72.66,0.5641,-0.062
8.887,78.12,0.5641,-0.020
8.888,120.47,0.5641,0.094
8.889,64.84,0.5641,0.221
8.89,15.47,0.5641,0.224
8.891,30.31,0.5641,0.252
8.892,-20.47,0.5805,0.285
8.893,-65.47,0.6134,0.211
8.894,-68.44,0.6134,0.154
8.895,-122.03,0.6134,0.074
8.896,-130.94,0.6134,-0.090
8.897,-64.22,0.6134,-0.188
8.898,-58.91,0.6134,-0.219
8.899,-55.00,0.6134,-0.306
8.9,52.66,0.6134,-0.329
8.901,83.91,0.6134,-0.200
8.902,55.16,0.6134,-0.161
8.903,122.50,0.6134,-0.090
8.904,113.28,0.6134,0.084
8.905,29.06,0.6134,0.137
8.906,69.84,0.6134,0.142
8.907,63.59,0.4322,0.276
8.908,-34.84,0.0697,0.269
8.909,-22.34,0.0697,0.207
8.91,-27.19,0.2160,0.225
8.911,-112.34,0.5088,0.152
8.912,-87.66,0.5088,0.000
8.913,-67.03,0.5088,-0.023
8.914,-130.47,0.5088,-0.134
8.915,-67.03,0.5088,-0.284
8.916,30.16,0.5088,-0.268
8.917,17.19,0.4710,-0.224
8.918,53.12,0.3956,-0.234
8.919,123.59,0.3956,-0.118
8.92,92.97,0.3956,0.013
8.921,74.22,0.3956,0.068
8.922,106.25,0.3956,0.162
8.923,49.06,0.2734,0.281
8.924,-14.53,0.0291,0.260
8.925,7.03,0.0291,0.252
8.926,-37.66,0.1946,0.274
8.927,-102.19,0.5256,0.177
8.928,-84.38,0.5256,0.070
8.929,-99.06,0.5256,0.008
8.93,-129.69,0.5256,-0.128
8.931,-53.44,0.5256,-0.252
8.932,-21.87,0.5079,-0.235
8.933,-30.62,0.4725,-0.295
8.934,67.66,0.4725,-0.297
8.935,91.41,0.4725,-0.160
8.936,68.44,0.4725,-0.114
8.937,124.69,0.4725,-0.023
8.938,97.66,0.4725,0.136
8.939,20.16,0.4725,0.172
8.94,43.13,0.4725,0.176
8.941,36.41,0.5030,0.258
8.942,-48.59,0.5641,0.249
8.943,-44.22,0.5641,0.161
8.944,-57.50,0.5641,0.160
8.945,-123.75,0.5641,0.046
8.946,-84.38,0.5641,-0.087
8.947,-62.34,0.5641,-0.123
8.948,-91.56,0.5641,-0.212
8.949,-40.47,0.5641,-0.306
8.95,45.62,0.5641,-0.293
8.951,49.69,0.5641,-0.214
8.952,64.37,0.5641,-0.193
8.953,131.41,0.5641,-0.086
8.954,98.44,0.5641,0.069
8.955,59.06,0.5641,0.111
8.956,100.00,0.5641,0.188
8.957,34.84,0.4048,0.311
8.958,-43.13,0.0863,0.257
8.959,-3.59,0.0863,0.225
8.96,-38.91,0.2355,0.250
8.961,-132.03,0.5341,0.147
8.962,-104.22,0.5341,-0.014
8.963,-80.47,0.5341,-0.061
8.964,-111.41,0.5341,-0.175
8.965,-49.53,0.5341,-0.284
8.966,0.78,0.5341,-0.274
8.967,8.75,0.5341,-0.283
8.968,83.91,0.5341,-0.257
8.969,115.78,0.5341,-0.115
8.97,74.53,0.5341,-0.025
8.971,98.91,0.5341,0.034
8.972,100.94,0.5341,0.173
8.973,18.91,0.3646,0.236
8.974,13.28,0.0256,0.211
8.975,24.53,0.2135,0.263
8.976,-50.31,0.5894,0.260
8.977,-70.16,0.5894,0.162
8.978,-67.34,0.5894,0.119
8.979,-132.81,0.5894,0.028
8.98,-120.78,0.5894,-0.146
8.981,-41.09,0.5894,-0.214
8.982,-56.25,0.5894,-0.228
8.983,-34.38,0.5894,-0.327
8.984,88.91,0.5894,-0.297
8.985,83.91,0.5894,-0.149
8.986,80.94,0.5894,-0.129
8.987,131.09,0.5894,0.013
8.988,75.00,0.5894,0.133
8.989,33.75,0.5894,0.163
8.99,74.37,0.5894,0.200
8.991,32.66,0.6148,0.312
8.992,-67.50,0.6656,0.266
8.993,-51.56,0.6656,0.177
8.994,-70.47,0.6656,0.163
8.995,-138.59,0.6656,0.036
8.996,-79.84,0.6656,-0.115
8.997,-60.31,0.6656,-0.124
8.998,-115.00,0.6656,-0.235
8.999,-16.25,0.6656,-0.354
9,65.31,0.6656,-0.268
9.001,38.91,0.6656,-0.223
9.002,87.19,0.6656,-0.190
9.003,131.56,0.6656,-0.049
9.004,74.84,0.6656,0.073
9.005,75.94,0.6656,0.101
9.006,93.75,0.6656,0.225
9.007,-1.87,0.4661,0.288
9.008,-18.28,0.0672,0.221
9.009,5.31,0.2220,0.252
9.01,-66.88,0.5316,0.232
9.011,-98.12,0.5316,0.118
9.012,-84.06,0.5316,0.036
9.013,-116.25,0.5316,-0.050
9.014,-114.84,0.5316,-0.197
9.015,-32.50,0.5316,-0.280
9.016,-6.72,0.5274,-0.262
9.017,20.63,0.5191,-0.293
9.018,101.25,0.5191,-0.221
9.019,88.28,0.5191,-0.091
9.02,58.91,0.5191,-0.044
9.021,113.75,0.5191,0.027
9.022,99.38,0.5191,0.183
9.023,20.94,0.5191,0.226
9.024,43.44,0.5191,0.225
9.025,7.66,0.5594,0.313
9.026,-95.31,0.6400,0.241
9.027,-70.31,0.6400,0.122
9.028,-80.78,0.6400,0.100
9.029,-135.63,0.6400,-0.039
9.03,-69.06,0.6400,-0.171
9.031,-45.47,0.6400,-0.177
9.032,-74.84,0.6400,-0.262
9.033,13.91,0.6400,-0.327
9.034,85.63,0.6400,-0.234
9.035,47.34,0.6400,-0.156
9.036,83.44,0.6400,-0.140
9.037,125.16,0.6400,0.011
9.038,54.06,0.6400,0.111
9.039,59.06,0.6400,0.119
9.04,85.16,0.6400,0.229
9.041,4.22,0.6237,0.289
9.042,-30.94,0.5913,0.237
9.043,-28.13,0.5913,0.228
9.044,-103.75,0.5913,0.181
9.045,-128.28,0.5913,0.020
9.046,-65.31,0.5913,-0.076
9.047,-87.03,0.5913,-0.111
9.048,-95.62,0.5913,-0.250
9.049,7.03,0.5913,-0.302
9.05,21.56,0.5570,-0.236
9.051,15.47,0.4884,-0.259
9.052,106.72,0.4884,-0.205
9.053,113.91,0.4884,-0.045
9.054,55.31,0.4884,0.023
9.055,103.28,0.4884,0.065
9.056,89.22,0.4884,0.230
9.057,-0.47,0.3306,0.244
9.058,21.09,0.0150,0.229
9.059,-5.94,0.2099,0.286
9.06,-104.69,0.5997,0.217
9.061,-95.47,0.5997,0.077
9.062,-81.87,0.5997,0.026
9.063,-113.91,0.5997,-0.087
9.064,-70.47,0.5997,-0.202
9.065,-27.34,0.5997,-0.228
9.066,-42.81,0.5997,-0.257
9.067,27.34,0.5997,-0.314
9.068,111.25,0.5997,-0.202
9.069,63.13,0.5997,-0.091
9.07,71.56,0.5997,-0.076
9.071,117.97,0.5997,0.052
9.072,70.00,0.5997,0.160
9.073,42.19,0.5997,0.192
9.074,63.44,0.5997,0.245
9.075,-1.41,0.6166,0.319
9.076,-74.06,0.6503,0.242
9.077,-55.16,0.6503,0.171
9.078,-104.53,0.6503,0.132
9.079,-134.38,0.6503,-0.038
9.08,-69.69,0.6503,-0.137
9.081,-76.88,0.6503,-0.178
9.082,-76.87,0.6503,-0.291
9.083,34.38,0.6503,-0.332
9.084,74.69,0.6503,-0.222
9.085,30.78,0.6503,-0.182
9.086,105.16,0.6503,-0.161
9.087,138.12,0.6503,0.028
9.088,50.94,0.6503,0.116
9.089,76.41,0.6503,0.130
9.09,81.25,0.6503,0.268
9.091,-15.94,0.6251,0.292
9.092,-31.72,0.5747,0.237
9.093,-29.84,0.5747,0.229
9.094,-107.81,0.5747,0.177
9.095,-119.22,0.5747,0.013
9.096,-75.78,0.5747,-0.062
9.097,-110.00,0.5747,-0.138
9.098,-72.03,0.5747,-0.282
9.099,4.69,0.5747,-0.282
9.1,-0.31,0.5566,-0.272
9.101,55.78,0.5203,-0.283
9.102,121.25,0.5203,-0.161
9.103,84.22,0.5203,-0.040
9.104,78.28,0.5203,0.008
9.105,104.84,0.5203,0.116
9.106,54.06,0.5203,0.218
9.107,10.00,0.5203,0.224
9.108,23.44,0.5203,0.238
9.109,-33.13,0.5466,0.271
9.11,-89.53,0.5991,0.171
9.111,-68.75,0.5991,0.092
9.112,-99.69,0.5991,0.034
9.113,-136.09,0.5991,-0.107
9.114,-63.91,0.5991,-0.238
9.115,-30.16,0.5991,-0.235
9.116,-46.41,0.5991,-0.299
9.117,45.16,0.5991,-0.328
9.118,98.59,0.5991,-0.208
9.119,57.97,0.5991,-0.131
9.12,109.69,0.5991,-0.092
9.121,121.72,0.5991,0.089
9.122,36.41,0.5991,0.151
9.123,55.00,0.5991,0.162
9.124,68.44,0.5991,0.261
9.125,-25.94,0.6029,0.298
9.126,-56.41,0.6106,0.209
9.127,-46.09,0.6106,0.186
9.128,-116.25,0.6106,0.117
9.129,-126.56,0.6106,-0.047
9.13,-70.94,0.6106,-0.136
9.131,-87.97,0.6106,-0.189
9.132,-47.03,0.6106,-0.312
9.133,53.59,0.6106,-0.283
9.134,38.75,0.6106,-0.205
9.135,44.53,0.6106,-0.205
9.136,126.72,0.6106,-0.116
9.137,100.31,0.6106,0.048
9.138,48.91,0.6106,0.085
9.139,96.09,0.6106,0.146
9.14,50.94,0.4236,0.277
9.141,-24.84,0.0497,0.248
9.142,1.88,0.0497,0.227
9.143,-43.44,0.2126,0.252
9.144,-114.22,0.5384,0.140
9.145,-95.47,0.5384,0.023
9.146,-81.25,0.5384,-0.051
9.147,-106.56,0.5384,-0.139
9.148,-59.22,0.5384,-0.264
9.149,-8.13,0.5384,-0.258
9.15,-14.53,0.5384,-0.280
9.151,57.97,0.5384,-0.287
9.152,111.88,0.5384,-0.164
9.153,86.72,0.5384,-0.063
9.154,103.75,0.5384,0.009
9.155,108.13,0.5384,0.144
9.156,30.94,0.3830,0.226
9.157,26.41,0.0722,0.206
9.158,36.88,0.0722,0.278
9.159,-44.84,0.2501,0.280
9.16,-70.16,0.6059,0.189
9.161,-70.94,0.6059,0.140
9.162,-126.88,0.6059,0.047
9.163,-117.50,0.6059,-0.114
9.164,-54.69,0.6059,-0.188
9.165,-68.91,0.6059,-0.223
9.166,-37.34,0.6059,-0.326
9.167,88.91,0.6059,-0.298
9.168,82.50,0.6059,-0.148
9.169,55.16,0.6059,-0.133
9.17,133.28,0.6059,-0.038
9.171,95.94,0.6059,0.133
9.172,29.06,0.6059,0.154
9.173,57.50,0.6059,0.192
9.174,38.44,0.5884,0.269
9.175,-36.41,0.5534,0.268
9.176,-32.19,0.5534,0.196
9.177,-44.84,0.5534,0.204
9.178,-127.50,0.5534,0.107
9.179,-97.34,0.5534,-0.051
9.18,-67.97,0.5534,-0.088
9.181,-98.13,0.5534,-0.187
9.182,-24.84,0.5534,-0.284
9.183,21.09,0.5534,-0.237
9.184,12.19,0.5534,-0.242
9.185,68.91,0.5534,-0.212
9.186,115.63,0.5534,-0.104
9.187,88.44,0.5534,0.019
9.188,89.53,0.5534,0.072
9.189,98.44,0.5534,0.198
9.19,27.97,0.5422,0.269
9.191,-6.09,0.5197,0.254
9.192,0.94,0.5197,0.257
9.193,-53.12,0.5197,0.256
9.194,-107.50,0.5197,0.151
9.195,-97.66,0.5197,0.041
9.196,-94.69,0.5197,-0.044
9.197,-102.97,0.5197,-0.148
9.198,-43.44,0.5197,-0.250
9.199,-22.34,0.5201,-0.235
9.2,-15.94,0.5209,-0.295
9.201,81.87,0.5209,-0.267
9.202,87.81,0.5209,-0.131
9.203,58.91,0.5209,-0.092
9.204,113.28,0.5209,-0.013
9.205,109.22,0.5209,0.135
9.206,45.47,0.5209,0.205
9.207,42.97,0.5209,0.226
9.208,18.59,0.5547,0.291
9.209,-54.84,0.6222,0.263
9.21,-55.94,0.6222,0.181
9.211,-75.00,0.6222,0.151
9.212,-133.13,0.6222,0.031
9.213,-99.06,0.6222,-0.115
9.214,-52.66,0.6222,-0.167
9.215,-82.19,0.6222,-0.220
9.216,-34.22,0.6222,-0.331
9.217,64.69,0.6222,-0.289
9.218,56.56,0.6222,-0.202
9.219,85.16,0.6222,-0.176
9.22,125.47,0.6222,-0.032
9.221,58.28,0.6222,0.075
9.222,64.22,0.6222,0.085
9.223,100.47,0.6222,0.204
9.224,14.84,0.6090,0.286
9.225,-43.59,0.5825,0.233
9.226,-16.41,0.5825,0.199
9.227,-64.22,0.5825,0.201
9.228,-129.37,0.5825,0.070
9.229,-74.37,0.5825,-0.058
9.23,-82.66,0.5825,-0.078
9.231,-109.06,0.5825,-0.223
9.232,-13.44,0.5825,-0.297
9.233,16.56,0.5345,-0.250
9.234,-1.25,0.4384,-0.263
9.235,82.81,0.4384,-0.253
9.236,125.47,0.4384,-0.098
9.237,69.06,0.4384,-0.002
9.238,88.44,0.4384,0.040
9.239,97.19,0.4384,0.175
9.24,22.03,0.2975,0.235
9.241,24.69,0.0156,0.219
9.242,12.34,0.2068,0.284
9.243,-78.75,0.5891,0.244
9.244,-81.25,0.5891,0.127
9.245,-72.50,0.5891,0.081
9.246,-118.91,0.5891,-0.018
9.247,-89.22,0.5891,-0.157
9.248,-42.19,0.5891,-0.197
9.249,-54.06,0.5891,-0.241
9.25,11.09,0.5891,-0.305
9.251,94.22,0.5891,-0.219
9.252,69.53,0.5891,-0.117
9.253,79.38,0.5891,-0.080
9.254,129.53,0.5891,0.042
9.255,84.84,0.5891,0.179
9.256,26.25,0.5891,0.212
9.257,47.81,0.5891,0.232
9.258,20.47,0.5997,0.308
9.259,-57.97,0.6209,0.273
9.26,-39.69,0.6209,0.192
9.261,-89.38,0.6209,0.193
9.262,-158.13,0.6209,0.013
9.263,-79.38,0.6209,-0.123
9.264,-65.62,0.6209,-0.146
9.265,-83.75,0.6209,-0.254
9.266,-3.91,0.6209,-0.313
9.267,43.59,0.6209,-0.262
9.268,35.94,0.6209,-0.226
9.269,111.56,0.6209,-0.190
9.27,142.19,0.6209,-0.003
9.271,57.97,0.6209,0.094
9.272,70.78,0.6209,0.113
9.273,75.16,0.6209,0.236
9.274,-1.25,0.4239,0.263
9.275,6.56,0.0297,0.233
9.276,1.72,0.2100,0.276
9.277,-104.69,0.5706,0.237
9.278,-129.84,0.5706,0.067
9.279,-71.88,0.5706,-0.023
9.28,-101.09,0.5706,-0.077
9.281,-103.13,0.5706,-0.225
9.282,-31.41,0.5706,-0.283
9.283,-5.62,0.5706,-0.288
9.284,35.47,0.5706,-0.294
9.285,110.63,0.5706,-0.217
9.286,94.37,0.5706,-0.073
9.287,77.66,0.5706,-0.028
9.288,113.75,0.5706,0.082
9.289,65.78,0.5706,0.199
9.29,25.31,0.5706,0.214
9.291,36.56,0.5706,0.250
9.292,-16.56,0.5904,0.287
9.293,-72.66,0.6300,0.217
9.294,-66.09,0.6300,0.142
9.295,-102.50,0.6300,0.085
9.296,-132.97,0.6300,-0.063
9.297,-75.31,0.6300,-0.181
9.298,-47.66,0.6300,-0.214
9.299,-64.53,0.6300,-0.277
9.3,34.22,0.6300,-0.343
9.301,98.12,0.6300,-0.208
9.302,36.09,0.6300,-0.147
9.303,92.19,0.6300,-0.136
9.304,134.69,0.6300,0.037
9.305,51.41,0.6300,0.133
9.306,62.97,0.6300,0.140
9.307,78.28,0.6300,0.259
9.308,-6.56,0.6249,0.297
9.309,-34.37,0.6147,0.246
9.31,-39.06,0.6147,0.228
9.311,-127.19,0.6147,0.168
9.312,-136.25,0.6147,-0.026
9.313,-66.88,0.6147,-0.104
9.314,-88.28,0.6147,-0.160
9.315,-78.91,0.6147,-0.281
9.316,10.16,0.6147,-0.318
9.317,40.00,0.6147,-0.261
9.318,37.34,0.6147,-0.238
9.319,111.56,0.6147,-0.186
9.32,126.09,0.6147,-0.015
9.321,58.75,0.6147,0.066
9.322,86.25,0.6147,0.103
9.323,65.78,0.4150,0.239
9.324,-7.81,0.0156,0.234
9.325,21.41,0.0156,0.223
9.326,-10.31,0.1994,0.277
9.327,-111.41,0.5669,0.203
9.328,-108.13,0.5669,0.054
9.329,-86.72,0.5669,-0.014
9.33,-116.25,0.5669,-0.119
9.331,-71.09,0.5669,-0.246
9.332,-17.66,0.5669,-0.261
9.333,-14.22,0.5669,-0.282
9.334,60.16,0.5669,-0.290
9.335,108.91,0.5669,-0.161
9.336,65.78,0.5669,-0.072
9.337,80.47,0.5669,-0.030
9.338,102.97,0.5669,0.089
9.339,58.91,0.5669,0.176
9.34,46.09,0.5669,0.207
9.341,53.91,0.5669,0.268
9.342,-21.56,0.5914,0.315
9.343,-62.34,0.6403,0.225
9.344,-61.88,0.6403,0.190
9.345,-133.91,0.6403,0.102
9.346,-127.66,0.6403,-0.078
9.347,-63.44,0.6403,-0.154
9.348,-77.81,0.6403,-0.205
9.349,-60.47,0.6403,-0.309
9.35,48.12,0.6403,-0.326
9.351,68.59,0.6403,-0.213
9.352,47.81,0.6403,-0.188
9.353,121.56,0.6403,-0.118
9.354,115.94,0.6403,0.055
9.355,57.03,0.6403,0.114
9.356,82.19,0.6403,0.169
9.357,58.91,0.6403,0.279
9.358,-24.69,0.4459,0.287
9.359,-21.09,0.0572,0.229
9.36,-28.44,0.2184,0.244
9.361,-127.19,0.5409,0.173
9.362,-123.12,0.5409,-0.010
9.363,-76.25,0.5409,-0.074
9.364,-111.41,0.5409,-0.163
9.365,-66.56,0.5409,-0.297
9.366,19.37,0.5409,-0.296
9.367,19.84,0.5409,-0.258
9.368,56.09,0.5409,-0.256
9.369,118.75,0.5409,-0.146
9.37,98.12,0.5409,-0.018
9.371,85.94,0.5409,0.051
9.372,101.88,0.5409,0.153
9.373,37.19,0.3726,0.254
9.374,4.69,0.0359,0.228
9.375,25.78,0.0359,0.264
9.376,-30.94,0.2219,0.279
9.377,-95.16,0.5937,0.202
9.378,-89.22,0.5937,0.089
9.379,-110.47,0.5937,0.023
9.38,-125.00,0.5937,-0.132
9.381,-53.59,0.5937,-0.227
9.382,-43.91,0.5937,-0.239
9.383,-36.25,0.5937,-0.314
9.384,64.22,0.5937,-0.312
9.385,88.75,0.5937,-0.186
9.386,62.34,0.5937,-0.134
9.387,130.62,0.5937,-0.061
9.388,120.00,0.5937,0.127
9.389,32.19,0.5937,0.179
9.39,55.47,0.5937,0.192
9.391,45.78,0.5992,0.290
9.392,-49.06,0.6100,0.283
9.393,-52.97,0.6100,0.192
9.394,-61.41,0.6100,0.177
9.395,-136.56,0.6100,0.069
9.396,-104.37,0.6100,-0.096
9.397,-62.03,0.6100,-0.140
9.398,-90.16,0.6100,-0.220
9.399,-45.78,0.6100,-0.320
9.4,48.13,0.6100,-0.312
9.401,50.63,0.6100,-0.224
9.402,58.75,0.6100,-0.210
9.403,133.28,0.6100,-0.107
9.404,97.97,0.6100,0.056
9.405,55.31,0.6100,0.089
9.406,95.31,0.6100,0.167
9.407,30.62,0.4299,0.280
9.408,-34.84,0.0697,0.228
9.409,-2.03,0.0697,0.210
9.41,-50.94,0.2184,0.224
9.411,-115.16,0.5159,0.108
9.412,-79.53,0.5159,-0.006
9.413,-80.94,0.5159,-0.051
9.414,-120.62,0.5159,-0.168
9.415,-48.28,0.5159,-0.292
9.416,6.41,0.5093,-0.265
9.417,3.12,0.4959,-0.279
9.418,74.69,0.4959,-0.258
9.419,106.56,0.4959,-0.130
9.42,74.37,0.4959,-0.045
9.421,107.66,0.4959,0.019
9.422,98.91,0.4959,0.170
9.423,21.88,0.4959,0.217
9.424,38.44,0.4959,0.214
9.425,31.41,0.5289,0.294
9.426,-63.12,0.5947,0.277
9.427,-73.44,0.5947,0.168
9.428,-78.44,0.5947,0.130
9.429,-133.91,0.5947,0.011
9.43,-98.75,0.5947,-0.138
9.431,-44.38,0.5947,-0.187
9.432,-57.03,0.5947,-0.227
9.433,-25.94,0.5947,-0.301
9.434,71.25,0.5947,-0.279
9.435,75.00,0.5947,-0.158
9.436,66.09,0.5947,-0.129
9.437,121.41,0.5947,-0.026
9.438,87.50,0.5947,0.114
9.439,44.53,0.5947,0.149
9.44,71.87,0.5947,0.203
9.441,15.00,0.5998,0.292
9.442,-55.31,0.6100,0.233
9.443,-22.19,0.6100,0.182
9.444,-54.38,0.6100,0.189
9.445,-132.66,0.6100,0.073
9.446,-93.13,0.6100,-0.077
9.447,-71.88,0.6100,-0.113
9.448,-102.19,0.6100,-0.220
9.449,-18.91,0.6100,-0.318
9.45,51.25,0.6100,-0.258
9.451,22.97,0.6100,-0.215
9.452,84.69,0.6100,-0.212
9.453,138.12,0.6100,-0.046
9.454,57.19,0.6100,0.064
9.455,70.16,0.6100,0.069
9.456,103.28,0.6100,0.204
9.457,25.78,0.5914,0.275
9.458,-5.00,0.5541,0.256
9.459,-2.81,0.5541,0.265
9.46,-72.66,0.5541,0.250
9.461,-119.69,0.5541,0.120
9.462,-100.94,0.5541,0.011
9.463,-107.34,0.5541,-0.082
9.464,-98.44,0.5541,-0.204
9.465,-27.66,0.5541,-0.279
9.466,-5.00,0.5408,-0.259
9.467,13.28,0.5144,-0.289
9.468,95.94,0.5144,-0.233
9.469,97.50,0.5144,-0.097
9.47,66.09,0.5144,-0.037
9.471,117.03,0.5144,0.035
9.472,95.16,0.5144,0.197
9.473,11.25,0.5144,0.226
9.474,35.31,0.5144,0.219
9.475,13.28,0.5474,0.296
9.476,-60.31,0.6134,0.246
9.477,-50.94,0.6134,0.176
9.478,-96.88,0.6134,0.144
9.479,-163.28,0.6134,-0.018
9.48,-88.75,0.6134,-0.183
9.481,-31.25,0.6134,-0.196
9.482,-60.78,0.6134,-0.245
9.483,2.19,0.6134,-0.317
9.484,73.12,0.6134,-0.241
9.485,47.19,0.6134,-0.171
9.486,82.81,0.6134,-0.147
9.487,131.25,0.6134,-0.005
9.488,71.72,0.6134,0.116
9.489,57.19,0.6134,0.138
9.49,72.34,0.6134,0.230
9.491,-5.16,0.4299,0.283
9.492,-24.06,0.0628,0.220
9.493,0.47,0.2253,0.235
9.494,-84.53,0.5503,0.221
9.495,-139.53,0.5503,0.066
9.496,-99.69,0.5503,-0.058
9.497,-90.78,0.5503,-0.134
9.498,-90.94,0.5503,-0.240
9.499,-17.81,0.5503,-0.316
9.5,25.00,0.5503,-0.275
9.501,33.75,0.5503,-0.266
9.502,108.59,0.5503,-0.208
9.503,111.87,0.5503,-0.048
9.504,71.41,0.5503,0.016
9.505,108.44,0.5503,0.094
9.506,80.00,0.5503,0.233
9.507,-5.31,0.3776,0.254
9.508,4.84,0.0322,0.222
9.509,-0.47,0.2134,0.264
9.51,-72.66,0.5759,0.221
9.511,-80.00,0.5759,0.119
9.512,-85.47,0.5759,0.061
9.513,-127.66,0.5759,-0.052
9.514,-93.44,0.5759,-0.194
9.515,-41.88,0.5759,-0.239
9.516,-36.41,0.5759,-0.278
9.517,36.41,0.5759,-0.312
9.518,99.84,0.5759,-0.205
9.519,77.81,0.5759,-0.112
9.52,93.75,0.5759,-0.049
9.521,112.03,0.5759,0.075
9.522,58.44,0.5759,0.175
9.523,37.50,0.5759,0.192
9.524,65.47,0.5759,0.250
9.525,-5.47,0.6104,0.323
9.526,-74.37,0.6794,0.239
9.527,-47.66,0.6794,0.174
9.528,-103.75,0.6794,0.143
9.529,-147.03,0.6794,-0.033
9.53,-69.84,0.6794,-0.151
9.531,-68.59,0.6794,-0.173
9.532,-91.72,0.6794,-0.288
9.533,13.91,0.6794,-0.356
9.534,77.19,0.6794,-0.260
9.535,45.62,0.6794,-0.202
9.536,108.28,0.6794,-0.169
9.537,124.53,0.6794,0.015
9.538,55.00,0.6794,0.080
9.539,79.22,0.6794,0.125
9.54,69.84,0.6794,0.239
9.541,-8.12,0.4669,0.264
9.542,-1.25,0.0419,0.223
9.543,-4.22,0.2120,0.262
9.544,-110.00,0.5522,0.214
9.545,-132.03,0.5522,0.042
9.546,-82.19,0.5522,-0.050
9.547,-106.25,0.5522,-0.123
9.548,-75.16,0.5522,-0.263
9.549,1.41,0.5522,-0.273
9.55,6.56,0.5522,-0.260
9.551,31.41,0.5522,-0.260
9.552,93.13,0.5522,-0.197
9.553,99.84,0.5522,-0.073
9.554,91.72,0.5522,0.003
9.555,112.81,0.5522,0.110
9.556,64.84,0.5522,0.228
9.557,25.47,0.5522,0.240
9.558,35.94,0.5522,0.279
9.559,-23.44,0.5753,0.312
9.56,-91.25,0.6216,0.233
9.561,-80.31,0.6216,0.129
9.562,-96.88,0.6216,0.072
9.563,-132.97,0.6216,-0.065
9.564,-79.84,0.6216,-0.194
9.565,-46.25,0.6216,-0.224
9.566,-42.81,0.6216,-0.287
9.567,46.72,0.6216,-0.310
9.568,92.03,0.6216,-0.193
9.569,49.22,0.6216,-0.126
9.57,100.00,0.6216,-0.095
9.571,120.62,0.6216,0.074
9.572,52.97,0.6216,0.147
9.573,57.50,0.6216,0.180
9.574,51.41,0.6216,0.262
9.575,-30.31,0.6089,0.283
9.576,-45.00,0.5834,0.201
9.577,-30.62,0.5834,0.193
9.578,-109.53,0.5834,0.140
9.579,-119.69,0.5834,-0.026
9.58,-69.37,0.5834,-0.100
9.581,-96.72,0.5834,-0.165
9.582,-67.81,0.5834,-0.293
9.583,36.25,0.5834,-0.301
9.584,48.91,0.5834,-0.221
9.585,51.56,0.5834,-0.203
9.586,130.47,0.5834,-0.118
9.587,102.34,0.5834,0.058
9.588,47.97,0.5834,0.087
9.589,86.56,0.5834,0.154
9.59,53.75,0.5834,0.260
9.591,-9.06,0.3954,0.262
9.592,-3.91,0.0194,0.242
9.593,-36.88,0.1948,0.254
9.594,-98.75,0.5456,0.168
9.595,-98.28,0.5456,0.056
9.596,-112.50,0.5456,-0.028
9.597,-131.87,0.5456,-0.169
9.598,-47.97,0.5456,-0.292
9.599,2.50,0.5634,-0.265
9.6,-19.84,0.5991,-0.287
9.601,48.13,0.5991,-0.304
9.602,107.19,0.5991,-0.191
9.603,92.66,0.5991,-0.090
9.604,116.72,0.5991,-0.005
9.605,114.84,0.5991,0.143
9.606,47.97,0.5991,0.224
9.607,35.16,0.5991,0.239
9.608,32.03,0.5991,0.295
9.609,-54.84,0.6071,0.303
9.61,-85.16,0.6231,0.185
9.611,-58.28,0.6231,0.133
9.612,-120.47,0.6231,0.068
9.613,-129.53,0.6231,-0.108
9.614,-62.66,0.6231,-0.191
9.615,-64.53,0.6231,-0.233
9.616,-25.00,0.6231,-0.320
9.617,68.12,0.6231,-0.283
9.618,57.66,0.6231,-0.183
9.619,55.94,0.6231,-0.168
9.62,131.41,0.6231,-0.072
9.621,111.56,0.6231,0.095
9.622,46.09,0.6231,0.152
9.623,66.88,0.6231,0.187
9.624,42.97,0.6209,0.285
9.625,-29.06,0.6166,0.273
9.626,-20.94,0.6166,0.227
9.627,-48.44,0.6166,0.231
9.628,-149.84,0.6166,0.130
9.629,-127.34,0.6166,-0.068
9.63,-72.50,0.6166,-0.124
9.631,-103.44,0.6166,-0.213
9.632,-39.53,0.6166,-0.331
9.633,49.53,0.6166,-0.292
9.634,35.47,0.6166,-0.232
9.635,74.69,0.6166,-0.222
9.636,124.84,0.6166,-0.083
9.637,66.41,0.6166,0.028
9.638,67.66,0.6166,0.050
9.639,99.69,0.6166,0.163
9.64,47.19,0.6166,0.249
9.641,13.91,0.6166,0.258
9.642,1.09,0.5928,0.277
9.643,-71.72,0.5453,0.260
9.644,-100.47,0.5453,0.134
9.645,-73.75,0.5453,0.059
9.646,-114.84,0.5453,-0.014
9.647,-127.19,0.5453,-0.171
9.648,-37.81,0.5453,-0.268
9.649,-24.22,0.5433,-0.246
9.65,-10.94,0.5394,-0.317
9.651,91.41,0.5394,-0.268
9.652,89.69,0.5394,-0.134
9.653,65.00,0.5394,-0.089
9.654,123.75,0.5394,-0.004
9.655,106.09,0.5394,0.159
9.656,32.03,0.5394,0.208
9.657,51.72,0.5394,0.223
9.658,22.97,0.5812,0.312
9.659,-71.72,0.6650,0.269
9.66,-62.50,0.6650,0.168
9.661,-69.84,0.6650,0.144
9.662,-143.91,0.6650,0.029
9.663,-98.91,0.6650,-0.144
9.664,-51.56,0.6650,-0.169
9.665,-92.03,0.6650,-0.247
9.666,-19.69,0.6650,-0.353
9.667,77.34,0.6650,-0.287
9.668,56.09,0.6650,-0.198
9.669,72.34,0.6650,-0.174
9.67,127.03,0.6650,-0.054
9.671,85.16,0.6650,0.080
9.672,58.75,0.6650,0.117
9.673,73.75,0.6650,0.197
9.674,27.97,0.4584,0.264
9.675,-22.66,0.0453,0.253
9.676,-7.03,0.0453,0.219
9.677,-59.69,0.2053,0.239
9.678,-134.22,0.5253,0.099
9.679,-103.91,0.5253,-0.029
9.68,-100.78,0.5253,-0.108
9.681,-88.91,0.5253,-0.231
9.682,-16.09,0.5253,-0.286
9.683,4.69,0.4982,-0.263
9.684,1.87,0.4441,-0.277
9.685,87.97,0.4441,-0.259
9.686,125.94,0.4441,-0.101
9.687,57.03,0.4441,-0.007
9.688,87.34,0.4441,0.013
9.689,112.03,0.4441,0.167
9.69,24.06,0.3033,0.237
9.691,12.50,0.0219,0.215
9.692,5.31,0.2118,0.262
9.693,-63.28,0.5916,0.226
9.694,-58.28,0.5916,0.136
9.695,-66.88,0.5916,0.109
9.696,-138.28,0.5916,0.002
9.697,-110.94,0.5916,-0.167
9.698,-45.94,0.5916,-0.220
9.699,-54.69,0.5916,-0.259
9.7,6.41,0.5916,-0.329
9.701,88.13,0.5916,-0.246
9.702,64.69,0.5916,-0.153
9.703,82.66,0.5916,-0.117
9.704,135.00,0.5916,0.012
9.705,69.06,0.5916,0.153
9.706,33.28,0.5916,0.150
9.707,69.69,0.5916,0.220
9.708,9.53,0.5992,0.290
9.709,-55.00,0.6144,0.239
9.71,-35.47,0.6144,0.180
9.711,-73.44,0.6144,0.168
9.712,-131.25,0.6144,0.033
9.713,-74.84,0.6144,-0.095
9.714,-72.19,0.6144,-0.117
9.715,-103.91,0.6144,-0.239
9.716,-2.50,0.6144,-0.325
9.717,64.84,0.6144,-0.244
9.718,34.53,0.6144,-0.195
9.719,86.41,0.6144,-0.175
9.72,126.72,0.6144,-0.022
9.721,58.44,0.6144,0.078
9.722,72.03,0.6144,0.095
9.723,86.25,0.6144,0.223
9.724,-0.94,0.4251,0.267
9.725,-14.06,0.0466,0.221
9.726,-0.62,0.2071,0.239
9.727,-70.47,0.5281,0.219
9.728,-101.09,0.5281,0.098
9.729,-81.25,0.5281,0.017
9.73,-119.53,0.5281,-0.064
9.731,-112.34,0.5281,-0.222
9.732,-20.78,0.5281,-0.289
9.733,1.09,0.5305,-0.263
9.734,22.50,0.5353,-0.287
9.735,93.28,0.5353,-0.218
9.736,98.28,0.5353,-0.100
9.737,79.69,0.5353,-0.022
9.738,112.66,0.5353,0.059
9.739,79.06,0.5353,0.203
9.74,22.50,0.5353,0.217
9.741,44.22,0.5353,0.248
9.742,-10.94,0.5665,0.306
9.743,-90.94,0.6287,0.227
9.744,-57.03,0.6287,0.124
9.745,-74.22,0.6287,0.113
9.746,-139.84,0.6287,-0.025
9.747,-78.44,0.6287,-0.167
9.748,-44.53,0.6287,-0.182
9.749,-70.78,0.6287,-0.256
9.75,27.19,0.6287,-0.323
9.751,82.97,0.6287,-0.202
9.752,42.66,0.6287,-0.157
9.753,95.00,0.6287,-0.117
9.754,121.87,0.6287,0.033
9.755,49.53,0.6287,0.127
9.756,52.50,0.6287,0.132
9.757,68.75,0.6287,0.232
9.758,-8.12,0.4370,0.269
9.759,-21.72,0.0534,0.216
9.76,-7.03,0.2117,0.226
9.761,-95.16,0.5281,0.202
9.762,-137.19,0.5281,0.036
9.763,-76.72,0.5281,-0.072
9.764,-92.34,0.5281,-0.118
9.765,-92.19,0.5281,-0.257
9.766,5.62,0.5281,-0.302
9.767,33.13,0.5281,-0.246
9.768,34.69,0.5281,-0.236
9.769,104.53,0.5281,-0.177
9.77,100.94,0.5281,-0.027
9.771,65.62,0.5281,0.025
9.772,107.97,0.5281,0.104
9.773,57.81,0.3592,0.241
9.774,-2.81,0.0212,0.220
9.775,32.50,0.0212,0.236
9.776,-16.41,0.2095,0.285
9.777,-95.16,0.5859,0.203
9.778,-77.34,0.5859,0.095
9.779,-89.38,0.5859,0.048
9.78,-143.44,0.5859,-0.084
9.781,-85.31,0.5859,-0.239
9.782,-18.28,0.5859,-0.255
9.783,-23.13,0.5859,-0.275
9.784,40.16,0.5859,-0.301
9.785,92.03,0.5859,-0.195
9.786,77.50,0.5859,-0.117
9.787,99.84,0.5859,-0.040
9.788,105.00,0.5859,0.083
9.789,57.66,0.5859,0.170
9.79,51.72,0.5859,0.198
9.791,57.34,0.5859,0.273
9.792,-31.41,0.6051,0.313
9.793,-64.06,0.6434,0.211
9.794,-44.37,0.6434,0.185
9.795,-113.75,0.6434,0.122
9.796,-131.56,0.6434,-0.043
9.797,-70.00,0.6434,-0.141
9.798,-77.34,0.6434,-0.183
9.799,-73.91,0.6434,-0.296
9.8,36.41,0.6434,-0.331
9.801,70.16,0.6434,-0.223
9.802,41.41,0.6434,-0.190
9.803,117.81,0.6434,-0.140
9.804,120.16,0.6434,0.045
9.805,44.84,0.6434,0.100
9.806,93.13,0.6434,0.135
9.807,78.44,0.6434,0.286
9.808,-28.75,0.4500,0.292
9.809,-16.09,0.0631,0.229
9.81,-20.00,0.2271,0.260
9.811,-133.44,0.5550,0.189
9.812,-129.22,0.5550,-0.007
9.813,-70.47,0.5550,-0.070
9.814,-112.81,0.5550,-0.148
9.815,-66.09,0.5550,-0.295
9.816,21.56,0.5550,-0.280
9.817,22.03,0.5550,-0.252
9.818,58.12,0.5550,-0.236
9.819,97.19,0.5550,-0.136
9.82,82.19,0.5550,-0.042
9.821,89.22,0.5550,0.028
9.822,102.97,0.5550,0.137
9.823,43.28,0.3801,0.234
9.824,9.53,0.0303,0.223
9.825,21.41,0.0303,0.253
9.826,-40.00,0.2095,0.266
9.827,-85.00,0.5678,0.173
9.828,-71.09,0.5678,0.096
9.829,-102.97,0.5678,0.031
9.83,-120.31,0.5678,-0.110
9.831,-52.50,0.5678,-0.209
9.832,-40.63,0.5678,-0.215
9.833,-43.44,0.5678,-0.291
9.834,56.09,0.5678,-0.302
9.835,98.44,0.5678,-0.178
9.836,73.75,0.5678,-0.105
9.837,117.03,0.5678,-0.031
9.838,106.25,0.5678,0.129
9.839,32.03,0.5678,0.182
9.84,44.69,0.5678,0.193
9.841,25.63,0.5707,0.271
9.842,-36.72,0.5766,0.244
9.843,-25.16,0.5766,0.198
9.844,-46.09,0.5766,0.194
9.845,-132.03,0.5766,0.105
9.846,-104.84,0.5766,-0.070
9.847,-63.91,0.5766,-0.104
9.848,-100.63,0.5766,-0.198
9.849,-50.47,0.5766,-0.306
9.85,40.16,0.5766,-0.299
9.851,40.94,0.5766,-0.225
9.852,69.53,0.5766,-0.217
9.853,134.53,0.5766,-0.086
9.854,83.59,0.5766,0.052
9.855,52.03,0.5766,0.081
9.856,95.78,0.5766,0.156
9.857,46.56,0.5757,0.273
9.858,-28.75,0.5741,0.249
9.859,-15.78,0.5741,0.215
9.86,-50.94,0.5741,0.218
9.861,-107.03,0.5741,0.113
9.862,-74.84,0.5741,0.004
9.863,-86.72,0.5741,-0.037
9.864,-132.50,0.5741,-0.170
9.865,-38.75,0.5741,-0.302
9.866,8.75,0.5612,-0.247
9.867,-13.28,0.5356,-0.284
9.868,83.91,0.5356,-0.274
9.869,131.87,0.5356,-0.116
9.87,85.94,0.5356,-0.010
9.871,90.94,0.5356,0.056
9.872,91.41,0.5356,0.172
9.873,39.84,0.5356,0.238
9.874,35.78,0.5356,0.252
9.875,23.44,0.5720,0.310
9.876,-59.53,0.6447,0.298
9.877,-83.59,0.6447,0.191
9.878,-88.28,0.6447,0.131
9.879,-141.72,0.6447,0.014
9.88,-108.59,0.6447,-0.152
9.881,-46.09,0.6447,-0.203
9.882,-65.94,0.6447,-0.244
9.883,-23.44,0.6447,-0.335
9.884,73.75,0.6447,-0.291
9.885,74.53,0.6447,-0.187
9.886,64.84,0.6447,-0.142
9.887,116.88,0.6447,-0.058
9.888,99.53,0.6447,0.092
9.889,62.50,0.6447,0.142
9.89,72.03,0.6447,0.217
9.891,15.31,0.4570,0.286
9.892,-40.78,0.0816,0.247
9.893,-14.06,0.0816,0.204
9.894,-67.34,0.2354,0.219
9.895,-137.97,0.5431,0.069
9.896,-85.47,0.5431,-0.057
9.897,-85.16,0.5431,-0.102
9.898,-111.25,0.5431,-0.227
9.899,-10.62,0.5431,-0.324
9.9,49.84,0.5431,-0.248
9.901,24.22,0.5431,-0.224
9.902,81.72,0.5431,-0.200
9.903,129.22,0.5431,-0.061
9.904,69.84,0.5431,0.058
9.905,78.75,0.5431,0.079
9.906,98.28,0.5431,0.216
9.907,20.00,0.3685,0.275
9.908,1.87,0.0194,0.256
9.909,-1.87,0.2115,0.279
9.91,-79.06,0.5956,0.252
9.911,-116.87,0.5956,0.121
9.912,-77.66,0.5956,0.018
9.913,-106.72,0.5956,-0.034
9.914,-120.62,0.5956,-0.195
9.915,-42.03,0.5956,-0.276
9.916,-20.47,0.5956,-0.279
9.917,15.78,0.5956,-0.317
9.918,110.47,0.5956,-0.248
9.919,99.53,0.5956,-0.096
9.92,67.19,0.5956,-0.048
9.921,105.94,0.5956,0.039
9.922,80.78,0.5956,0.163
9.923,33.91,0.5956,0.200
9.924,47.66,0.5956,0.231
9.925,6.41,0.6030,0.296
9.926,-68.28,0.6178,0.244
9.927,-42.19,0.6178,0.159
9.928,-83.28,0.6178,0.160
9.929,-151.09,0.6178,-0.007
9.93,-65.16,0.6178,-0.143
9.931,-43.75,0.6178,-0.138
9.932,-92.19,0.6178,-0.230
9.933,-10.00,0.6178,-0.322
9.934,67.34,0.6178,-0.250
9.935,40.94,0.6178,-0.188
9.936,87.81,0.6178,-0.168
9.937,137.66,0.6178,-0.012
9.938,71.56,0.6178,0.107
9.939,58.13,0.6178,0.131
9.94,77.03,0.6178,0.223
9.941,0.16,0.6100,0.285
9.942,-35.94,0.5944,0.224
9.943,-9.69,0.5944,0.213
9.944,-66.25,0.5944,0.204
9.945,-126.88,0.5944,0.081
9.946,-95.94,0.5944,-0.049
9.947,-101.41,0.5944,-0.111
9.948,-99.06,0.5944,-0.252
9.949,-8.75,0.5944,-0.309
9.95,25.63,0.5944,-0.270
9.951,38.59,0.5944,-0.258
9.952,106.25,0.5944,-0.193
9.953,108.59,0.5944,-0.045
9.954,65.94,0.5944,0.025
9.955,92.81,0.5944,0.087
9.956,73.59,0.5944,0.210
9.957,-4.69,0.4072,0.234
9.958,13.12,0.0328,0.201
9.959,10.63,0.2151,0.260
9.96,-76.72,0.5797,0.222
9.961,-77.50,0.5797,0.107
9.962,-74.53,0.5797,0.067
9.963,-139.69,0.5797,-0.043
9.964,-98.44,0.5797,-0.212
9.965,-25.47,0.5797,-0.239
9.966,-40.16,0.5797,-0.263
9.967,18.28,0.5797,-0.320
9.968,97.50,0.5797,-0.227
9.969,72.50,0.5797,-0.125
9.97,86.25,0.5797,-0.082
9.971,121.72,0.5797,0.048
9.972,58.75,0.5797,0.162
9.973,34.22,0.5797,0.165
9.974,67.81,0.5797,0.230
9.975,0.78,0.6000,0.301
9.976,-61.25,0.6406,0.232
9.977,-51.41,0.6406,0.178
9.978,-104.22,0.6406,0.129
9.979,-126.88,0.6406,-0.030
9.98,-65.00,0.6406,-0.125
9.981,-78.44,0.6406,-0.160
9.982,-89.84,0.6406,-0.282
9.983,13.44,0.6406,-0.340
9.984,58.91,0.6406,-0.255
9.985,40.47,0.6406,-0.222
9.986,115.16,0.6406,-0.174
9.987,129.69,0.6406,0.008
9.988,47.81,0.6406,0.086
9.989,83.75,0.6406,0.104
9.99,89.38,0.6406,0.253
9.991,0.00,0.4370,0.283
9.992,-5.31,0.0297,0.253
9.993,-31.72,0.2018,0.272
9.994,-121.41,0.5459,0.190
9.995,-109.53,0.5459,0.029
9.996,-69.69,0.5459,-0.029
9.997,-103.59,0.5459,-0.110
9.998,-76.87,0.5459,-0.237
9.999,-10.94,0.5459,-0.264
