Time,Channel 1,Channel 2,Channel 3
0.002,60.16,NaN,0.192
0.003,46.25,0.6247,0.298
0.004,-50.47,0.6247,0.284
0.005,-56.56,0.6247,0.198
0.006,-61.72,0.6247,0.171
0.007,-137.19,0.6247,0.074
0.008,-111.72,0.6247,-0.103
0.009,-63.44,0.6247,-0.149
0.01,-88.44,0.6247,-0.230
0.011,-27.50,0.6247,-0.326
0.012,68.91,0.6247,-0.285
0.013,53.28,0.6247,-0.188
0.014,65.94,0.6247,-0.178
0.015,118.75,0.6247,-0.057
0.016,69.22,0.6247,0.059
0.017,65.62,0.6247,0.082
0.018,100.47,0.6247,0.190
0.019,31.41,0.4386,0.283
0.02,-33.28,0.0666,0.253
0.021,-1.09,0.0666,0.216
0.022,-51.41,0.2301,0.251
0.023,-129.06,0.5572,0.113
0.024,-84.53,0.5572,-0.007
0.025,-96.72,0.5572,-0.056
0.026,-125.31,0.5572,-0.201
0.027,-31.87,0.5572,-0.306
0.028,14.22,0.5374,-0.264
0.029,11.09,0.4978,-0.278
0.03,92.97,0.4978,-0.242
0.031,105.47,0.4978,-0.092
0.032,60.16,0.4978,-0.031
0.033,107.34,0.4978,0.028
0.034,91.87,0.4978,0.183
0.035,18.28,0.4978,0.212
0.036,43.13,0.4978,0.220
0.037,18.28,0.5434,0.298
0.038,-74.84,0.6347,0.257
0.039,-57.97,0.6347,0.149
0.04,-72.50,0.6347,0.141
0.041,-155.00,0.6347,0.004
0.042,-94.69,0.6347,-0.169
0.043,-40.31,0.6347,-0.186
0.044,-75.31,0.6347,-0.250
0.045,7.03,0.6347,-0.336
0.046,94.06,0.6347,-0.236
0.047,42.19,0.6347,-0.148
0.048,69.37,0.6347,-0.152
0.049,138.28,0.6347,-0.009
0.05,69.22,0.6347,0.125
0.051,57.81,0.6347,0.129
0.052,93.12,0.6347,0.241
0.053,1.56,0.6350,0.315
0.054,-51.09,0.6356,0.244
0.055,-22.81,0.6356,0.213
0.056,-87.03,0.6356,0.198
0.057,-140.00,0.6356,0.039
0.058,-78.13,0.6356,-0.082
0.059,-87.97,0.6356,-0.117
0.06,-101.56,0.6356,-0.258
0.061,10.78,0.6356,-0.320
0.062,39.84,0.6356,-0.236
0.063,21.41,0.6356,-0.241
0.064,107.66,0.6356,-0.193
0.065,109.69,0.6356,-0.025
0.066,53.91,0.6356,0.026
0.067,94.69,0.6356,0.083
0.068,69.69,0.6356,0.215
0.069,-1.56,0.6356,0.222
0.07,21.56,0.6356,0.212
0.071,0.16,0.6032,0.265
0.072,-84.53,0.5384,0.212
0.073,-76.72,0.5384,0.096
0.074,-78.91,0.5384,0.059
0.075,-143.44,0.5384,-0.062
0.076,-78.44,0.5384,-0.228
0.077,-11.09,0.5384,-0.219
0.078,-27.34,0.5384,-0.250
0.079,35.00,0.5384,-0.273
0.08,86.09,0.5384,-0.180
0.081,71.09,0.5384,-0.101
0.082,78.59,0.5384,-0.038
0.083,88.91,0.5384,0.056
0.084,52.03,0.5384,0.140
0.085,49.53,0.5384,0.160
0.086,73.59,0.5384,0.239
0.087,-11.41,0.5626,0.307
0.088,-70.31,0.6109,0.216
0.089,-41.88,0.6109,0.167
0.09,-110.47,0.6109,0.133
0.091,-135.00,0.6109,-0.054
0.092,-59.06,0.6109,-0.138
0.093,-71.25,0.6109,-0.173
0.094,-65.63,0.6109,-0.280
0.095,23.75,0.6109,-0.304
0.096,64.53,0.6109,-0.233
0.097,45.94,0.6109,-0.175
0.098,100.00,0.6109,-0.141
0.099,119.69,0.6109,0.025
0.1,66.25,0.6109,0.099
0.101,98.28,0.6109,0.158
0.102,52.03,0.4367,0.295
0.103,-44.06,0.0881,0.262
0.104,-7.19,0.0881,0.207
0.105,-19.06,0.2390,0.248
0.106,-117.19,0.5406,0.169
0.107,-99.22,0.5406,0.013
0.108,-72.19,0.5406,-0.029
0.109,-131.87,0.5406,-0.131
0.11,-68.13,0.5406,-0.293
0.111,16.09,0.5406,-0.268
0.112,0.78,0.5406,-0.261
0.113,46.72,0.5406,-0.266
0.114,106.41,0.5406,-0.168
0.115,76.72,0.5406,-0.053
0.116,73.12,0.5406,-0.014
0.117,124.37,0.5406,0.093
0.118,60.78,0.3682,0.235
0.119,1.72,0.0234,0.215
0.12,20.94,0.0234,0.238
0.121,-39.37,0.2043,0.257
0.122,-77.19,0.5659,0.159
0.123,-66.72,0.5659,0.102
0.124,-118.28,0.5659,0.026
0.125,-105.78,0.5659,-0.134
0.126,-27.81,0.5659,-0.186
0.127,-48.91,0.5659,-0.190
0.128,-48.28,0.5659,-0.283
0.129,61.41,0.5659,-0.287
0.13,64.69,0.5659,-0.161
0.131,57.03,0.5659,-0.157
0.132,136.56,0.5659,-0.047
0.133,91.25,0.5659,0.116
0.134,22.34,0.5659,0.136
0.135,71.72,0.5659,0.161
0.136,60.47,0.5659,0.279
0.137,-30.94,0.3986,0.282
0.138,-21.72,0.0641,0.218
0.139,-54.22,0.2262,0.238
0.14,-161.25,0.5506,0.109
0.141,-112.19,0.5506,-0.084
0.142,-62.97,0.5506,-0.115
0.143,-98.59,0.5506,-0.210
0.144,-34.53,0.5506,-0.313
0.145,34.69,0.5506,-0.279
0.146,23.44,0.5506,-0.243
0.147,71.09,0.5506,-0.233
0.148,123.44,0.5506,-0.101
0.149,67.81,0.5506,0.014
0.15,64.06,0.5506,0.035
0.151,99.84,0.5506,0.143
0.152,40.94,0.3704,0.234
0.153,7.03,0.0100,0.224
0.154,8.75,0.1765,0.248
0.155,-67.19,0.5094,0.242
0.156,-101.09,0.5094,0.114
0.157,-68.91,0.5094,0.040
0.158,-105.62,0.5094,-0.024
0.159,-102.03,0.5094,-0.172
0.16,-31.09,0.5094,-0.228
0.161,-16.56,0.5094,-0.234
0.162,1.56,0.5094,-0.261
0.163,70.94,0.5094,-0.231
0.164,75.63,0.5094,-0.119
0.165,59.84,0.5094,-0.079
0.166,112.19,0.5094,0.001
0.167,95.00,0.5094,0.145
0.168,40.63,0.5094,0.191
0.169,41.56,0.5094,0.226
0.17,3.75,0.3778,0.274
0.171,-57.34,0.1147,0.234
0.172,-14.38,0.1147,0.159
0.173,-57.50,0.2545,0.205
0.174,-175.78,0.5341,0.044
0.175,-103.91,0.5341,-0.147
0.176,-42.03,0.5341,-0.164
0.177,-81.56,0.5341,-0.231
0.178,-6.25,0.5341,-0.327
0.179,62.19,0.5341,-0.243
0.18,27.03,0.5341,-0.203
0.181,73.75,0.5341,-0.189
0.182,126.41,0.5341,-0.055
0.183,70.78,0.5341,0.064
0.184,71.72,0.5341,0.087
0.185,72.66,0.5341,0.207
0.186,-10.16,0.3710,0.232
0.187,-16.41,0.0450,0.187
0.188,8.91,0.0450,0.199
0.189,-62.81,0.1918,0.205
0.19,-118.91,0.4853,0.073
0.191,-84.06,0.4853,-0.033
0.192,-89.06,0.4853,-0.095
0.193,-92.97,0.4853,-0.211
0.194,-20.47,0.4853,-0.281
0.195,2.97,0.4889,-0.252
0.196,10.94,0.4959,-0.275
0.197,100.16,0.4959,-0.230
0.198,101.41,0.4959,-0.074
0.199,51.88,0.4959,-0.028
0.2,100.47,0.4959,0.029
0.201,95.94,0.4959,0.173
0.202,20.31,0.4959,0.221
0.203,19.06,0.4959,0.214
0.204,0.47,0.5273,0.259
0.205,-75.31,0.5900,0.215
0.206,-61.87,0.5900,0.109
0.207,-68.13,0.5900,0.091
0.208,-125.47,0.5900,-0.028
0.209,-89.22,0.5900,-0.160
0.21,-57.50,0.5900,-0.206
0.211,-62.34,0.5900,-0.275
0.212,32.97,0.5900,-0.331
0.213,104.53,0.5900,-0.209
0.214,56.41,0.5900,-0.122
0.215,97.34,0.5900,-0.096
0.216,121.72,0.5900,0.073
0.217,40.00,0.5900,0.147
0.218,52.81,0.5900,0.153
0.219,80.47,0.5900,0.253
0.22,-6.41,0.6056,0.314
0.221,-50.47,0.6369,0.240
0.222,-32.66,0.6369,0.213
0.223,-94.38,0.6369,0.175
0.224,-115.16,0.6369,0.024
0.225,-63.13,0.6369,-0.055
0.226,-101.88,0.6369,-0.102
0.227,-110.47,0.6369,-0.259
0.228,0.78,0.6369,-0.323
0.229,48.28,0.6369,-0.258
0.23,45.00,0.6369,-0.226
0.231,105.78,0.6369,-0.168
0.232,109.53,0.6369,-0.015
0.233,64.06,0.6369,0.052
0.234,103.75,0.6369,0.113
0.235,68.12,0.4356,0.259
0.236,-16.56,0.0331,0.250
0.237,7.97,0.0331,0.226
0.238,-26.09,0.2161,0.266
0.239,-97.81,0.5822,0.174
0.24,-88.91,0.5822,0.070
0.241,-84.84,0.5822,-0.004
0.242,-112.50,0.5822,-0.100
0.243,-62.19,0.5822,-0.229
0.244,-15.62,0.5822,-0.224
0.245,-35.47,0.5822,-0.260
0.246,47.66,0.5822,-0.295
0.247,111.25,0.5822,-0.165
0.248,67.97,0.5822,-0.072
0.249,95.62,0.5822,-0.029
0.25,106.72,0.5822,0.119
0.251,39.84,0.5822,0.184
0.252,51.41,0.5822,0.198
0.253,47.50,0.5822,0.287
0.254,-52.03,0.5862,0.293
0.255,-65.78,0.5944,0.183
0.256,-60.94,0.5944,0.162
0.257,-132.03,0.5944,0.061
0.258,-107.81,0.5944,-0.102
0.259,-49.06,0.5944,-0.154
0.26,-70.47,0.5944,-0.200
0.261,-50.31,0.5944,-0.295
0.262,54.69,0.5944,-0.301
0.263,67.97,0.5944,-0.186
0.264,41.56,0.5944,-0.165
0.265,122.34,0.5944,-0.103
0.266,105.94,0.5944,0.080
0.267,40.16,0.5944,0.109
0.268,82.50,0.5944,0.160
0.269,56.88,0.4226,0.274
0.27,-39.53,0.0791,0.274
0.271,-19.22,0.0791,0.195
0.272,-35.00,0.2233,0.235
0.273,-127.97,0.5119,0.125
0.274,-102.97,0.5119,-0.021
0.275,-73.75,0.5119,-0.081
0.276,-97.81,0.5119,-0.168
0.277,-40.16,0.5119,-0.277
0.278,7.19,0.4752,-0.248
0.279,-4.84,0.4019,-0.262
0.28,76.56,0.4019,-0.258
0.281,116.56,0.4019,-0.109
0.282,62.50,0.4019,-0.025
0.283,82.34,0.4019,0.016
0.284,112.03,0.4019,0.140
0.285,30.94,0.2807,0.240
0.286,11.25,0.0384,0.202
0.287,27.19,0.2175,0.263
0.288,-55.31,0.5756,0.256
0.289,-72.66,0.5756,0.152
0.29,-68.59,0.5756,0.111
0.291,-124.06,0.5756,0.015
0.292,-104.22,0.5756,-0.138
0.293,-48.75,0.5756,-0.194
0.294,-59.69,0.5756,-0.235
0.295,-22.50,0.5756,-0.313
0.296,70.63,0.5756,-0.280
0.297,76.87,0.5756,-0.172
0.298,78.28,0.5756,-0.126
0.299,121.56,0.5756,-0.015
0.3,75.16,0.5756,0.117
0.301,49.69,0.5756,0.135
0.302,81.56,0.5756,0.216
0.303,19.22,0.5902,0.298
0.304,-52.66,0.6194,0.255
0.305,-27.50,0.6194,0.193
0.306,-66.88,0.6194,0.200
0.307,-133.91,0.6194,0.059
0.308,-89.53,0.6194,-0.068
0.309,-90.78,0.6194,-0.120
0.31,-100.62,0.6194,-0.250
0.311,-13.91,0.6194,-0.321
0.312,48.59,0.6194,-0.278
0.313,36.72,0.6194,-0.224
0.314,77.19,0.6194,-0.204
0.315,122.03,0.6194,-0.070
0.316,74.69,0.6194,0.040
0.317,82.50,0.6194,0.080
0.318,87.34,0.6194,0.205
0.319,19.69,0.4162,0.254
0.32,9.22,0.0100,0.244
0.321,-9.06,0.1864,0.273
0.322,-86.09,0.5391,0.226
0.323,-115.47,0.5391,0.101
0.324,-77.97,0.5391,-0.005
0.325,-95.16,0.5391,-0.055
0.326,-88.44,0.5391,-0.195
0.327,-22.97,0.5391,-0.232
0.328,-17.03,0.5391,-0.241
0.329,11.56,0.5391,-0.266
0.33,91.25,0.5391,-0.218
0.331,90.78,0.5391,-0.084
0.332,71.09,0.5391,-0.036
0.333,118.13,0.5391,0.058
0.334,84.69,0.5391,0.200
0.335,11.72,0.5391,0.228
0.336,25.31,0.5391,0.223
0.337,-8.75,0.5637,0.278
0.338,-71.41,0.6131,0.206
0.339,-36.88,0.6131,0.136
0.34,-76.87,0.6131,0.132
0.341,-145.16,0.6131,-0.018
0.342,-83.75,0.6131,-0.158
0.343,-55.31,0.6131,-0.186
0.344,-74.53,0.6131,-0.269
0.345,15.31,0.6131,-0.335
0.346,81.72,0.6131,-0.238
0.347,46.87,0.6131,-0.171
0.348,98.44,0.6131,-0.144
0.349,136.41,0.6131,0.026
0.35,58.28,0.6131,0.128
0.351,67.03,0.6131,0.142
0.352,76.72,0.6131,0.263
0.353,-22.50,0.4348,0.296
0.354,-27.03,0.0781,0.218
0.355,0.00,0.2216,0.242
0.356,-96.09,0.5084,0.218
0.357,-127.34,0.5084,0.049
0.358,-76.87,0.5084,-0.037
0.359,-96.87,0.5084,-0.104
0.36,-81.25,0.5084,-0.231
0.361,-7.50,0.5084,-0.267
0.362,10.78,0.5084,-0.246
0.363,29.22,0.5084,-0.245
0.364,98.28,0.5084,-0.188
0.365,95.94,0.5084,-0.049
0.366,70.78,0.5084,0.004
0.367,112.50,0.5084,0.093
0.368,78.44,0.5084,0.229
0.369,-0.31,0.3459,0.250
0.37,11.09,0.0209,0.229
0.371,-9.69,0.2111,0.272
0.372,-88.75,0.5916,0.209
0.373,-83.13,0.5916,0.094
0.374,-78.59,0.5916,0.043
0.375,-113.91,0.5916,-0.063
0.376,-78.44,0.5916,-0.185
0.377,-40.78,0.5916,-0.220
0.378,-50.00,0.5916,-0.266
0.379,51.56,0.5916,-0.320
0.38,104.37,0.5916,-0.163
0.381,43.75,0.5916,-0.111
0.382,100.94,0.5916,-0.076
0.383,117.34,0.5916,0.091
0.384,42.03,0.5916,0.159
0.385,49.53,0.5916,0.175
0.386,51.56,0.5916,0.258
0.387,-27.97,0.5903,0.278
0.388,-44.84,0.5878,0.202
0.389,-52.66,0.5878,0.188
0.39,-130.78,0.5878,0.097
0.391,-120.16,0.5878,-0.073
0.392,-55.31,0.5878,-0.143
0.393,-76.25,0.5878,-0.184
0.394,-62.97,0.5878,-0.296
0.395,30.16,0.5878,-0.310
0.396,40.31,0.5878,-0.236
0.397,51.41,0.5878,-0.229
0.398,129.38,0.5878,-0.133
0.399,98.13,0.5878,0.030
0.4,48.28,0.5878,0.063
0.401,87.03,0.5878,0.126
0.402,42.34,0.4007,0.238
0.403,-12.66,0.0266,0.211
0.404,21.25,0.0266,0.212
0.405,-25.16,0.1864,0.253
0.406,-110.00,0.5059,0.162
0.407,-94.53,0.5059,0.033
0.408,-79.69,0.5059,-0.027
0.409,-112.66,0.5059,-0.126
0.41,-53.28,0.5059,-0.253
0.411,-6.09,0.4689,-0.233
0.412,-15.31,0.3947,-0.265
0.413,61.41,0.3947,-0.263
0.414,103.13,0.3947,-0.142
0.415,82.50,0.3947,-0.057
0.416,93.44,0.3947,0.023
0.417,101.72,0.3947,0.130
0.418,39.37,0.2860,0.227
0.419,25.47,0.0688,0.209
0.42,41.09,0.0688,0.278
0.421,-47.34,0.2493,0.291
0.422,-79.22,0.6103,0.183
0.423,-84.22,0.6103,0.133
0.424,-140.63,0.6103,0.014
0.425,-109.69,0.6103,-0.149
0.426,-45.62,0.6103,-0.205
0.427,-57.19,0.6103,-0.240
0.428,-26.09,0.6103,-0.319
0.429,59.06,0.6103,-0.292
0.43,50.63,0.6103,-0.201
0.431,57.50,0.6103,-0.191
0.432,131.72,0.6103,-0.086
0.433,108.44,0.6103,0.072
0.434,51.72,0.6103,0.131
0.435,65.16,0.6103,0.176
0.436,28.75,0.5936,0.261
0.437,-32.03,0.5603,0.233
0.438,-17.97,0.5603,0.197
0.439,-54.06,0.5603,0.198
0.44,-127.34,0.5603,0.089
0.441,-82.34,0.5603,-0.057
0.442,-71.41,0.5603,-0.076
0.443,-111.72,0.5603,-0.200
0.444,-29.53,0.5603,-0.299
0.445,28.28,0.5603,-0.259
0.446,26.87,0.5603,-0.243
0.447,81.56,0.5603,-0.205
0.448,109.53,0.5603,-0.080
0.449,69.06,0.5603,0.014
0.45,83.44,0.5603,0.058
0.451,97.19,0.5603,0.181
0.452,12.81,0.3891,0.253
0.453,5.00,0.0466,0.206
0.454,19.06,0.2116,0.263
0.455,-60.31,0.5416,0.244
0.456,-81.25,0.5416,0.142
0.457,-77.81,0.5416,0.082
0.458,-130.16,0.5416,-0.013
0.459,-99.53,0.5416,-0.178
0.46,-34.84,0.5416,-0.212
0.461,-33.12,0.5416,-0.248
0.462,12.34,0.5416,-0.279
0.463,82.03,0.5416,-0.223
0.464,73.91,0.5416,-0.115
0.465,83.44,0.5416,-0.076
0.466,115.00,0.5416,0.052
0.467,64.22,0.5416,0.154
0.468,32.81,0.5416,0.181
0.469,62.81,0.5416,0.220
0.47,18.59,0.5660,0.306
0.471,-62.81,0.6150,0.257
0.472,-42.03,0.6150,0.181
0.473,-93.12,0.6150,0.173
0.474,-150.16,0.6150,-0.006
0.475,-66.56,0.6150,-0.127
0.476,-57.34,0.6150,-0.139
0.477,-85.00,0.6150,-0.242
0.478,6.56,0.6150,-0.309
0.479,62.81,0.6150,-0.229
0.48,32.97,0.6150,-0.183
0.481,91.41,0.6150,-0.163
0.482,117.03,0.6150,-0.000
0.483,46.87,0.6150,0.071
0.484,80.62,0.6150,0.093
0.485,88.59,0.6150,0.233
0.486,-11.88,0.4306,0.271
0.487,-4.53,0.0619,0.209
0.488,2.19,0.2383,0.262
0.489,-101.88,0.5913,0.213
0.49,-120.16,0.5913,0.058
0.491,-82.03,0.5913,-0.027
0.492,-102.66,0.5913,-0.106
0.493,-86.56,0.5913,-0.233
0.494,-19.53,0.5913,-0.279
0.495,-25.16,0.5913,-0.272
0.496,26.09,0.5913,-0.330
0.497,132.50,0.5913,-0.219
0.498,95.78,0.5913,-0.065
0.499,66.09,0.5913,-0.028
0.5,116.09,0.5913,0.068
0.501,70.94,0.5913,0.204
0.502,18.28,0.5913,0.209
0.503,43.91,0.5913,0.241
0.504,-15.62,0.6067,0.297
0.505,-84.22,0.6375,0.210
0.506,-62.19,0.6375,0.129
0.507,-97.81,0.6375,0.085
0.508,-126.25,0.6375,-0.067
0.509,-68.28,0.6375,-0.167
0.51,-71.56,0.6375,-0.203
0.511,-68.44,0.6375,-0.310
0.512,36.41,0.6375,-0.340
0.513,79.38,0.6375,-0.238
0.514,62.50,0.6375,-0.182
0.515,119.69,0.6375,-0.113
0.516,117.34,0.6375,0.058
0.517,51.88,0.6375,0.122
0.518,73.12,0.6375,0.162
0.519,48.44,0.6184,0.268
0.52,-39.53,0.5803,0.258
0.521,-36.41,0.5803,0.189
0.522,-22.19,0.5803,0.186
0.523,-102.34,0.5803,0.145
0.524,-107.97,0.5803,-0.019
0.525,-57.97,0.5803,-0.071
0.526,-109.22,0.5803,-0.135
0.527,-88.44,0.5803,-0.289
0.528,4.69,0.5803,-0.312
0.529,32.19,0.5803,-0.280
0.53,63.91,0.5803,-0.248
0.531,112.81,0.5803,-0.152
0.532,94.53,0.5803,-0.022
0.533,65.31,0.5803,0.037
0.534,91.87,0.5803,0.109
0.535,51.25,0.5803,0.221
0.536,-3.75,0.5803,0.211
0.537,21.56,0.5803,0.213
0.538,-26.88,0.5568,0.254
0.539,-104.38,0.5097,0.159
0.54,-86.41,0.5097,0.046
0.541,-95.47,0.5097,-0.013
0.542,-120.94,0.5097,-0.145
0.543,-48.44,0.5097,-0.255
0.544,-27.34,0.5035,-0.242
0.545,-34.06,0.4913,-0.310
0.546,70.31,0.4913,-0.310
0.547,100.00,0.4913,-0.169
0.548,58.59,0.4913,-0.110
0.549,116.41,0.4913,-0.052
0.55,107.50,0.4913,0.123
0.551,29.22,0.4913,0.163
0.552,53.12,0.4913,0.181
0.553,42.19,0.5171,0.269
0.554,-47.34,0.5688,0.265
0.555,-50.16,0.5688,0.174
0.556,-65.00,0.5688,0.165
0.557,-141.41,0.5688,0.044
0.558,-100.62,0.5688,-0.118
0.559,-45.47,0.5688,-0.157
0.56,-71.41,0.5688,-0.209
0.561,-34.22,0.5688,-0.300
0.562,46.72,0.5688,-0.277
0.563,43.91,0.5688,-0.206
0.564,64.53,0.5688,-0.189
0.565,127.03,0.5688,-0.077
0.566,82.81,0.5688,0.065
0.567,47.03,0.5688,0.088
0.568,84.37,0.5688,0.159
0.569,38.91,0.3915,0.257
0.57,-18.44,0.0369,0.237
0.571,3.91,0.0369,0.220
0.572,-48.75,0.2068,0.244
0.573,-134.53,0.5466,0.123
0.574,-92.50,0.5466,-0.025
0.575,-87.66,0.5466,-0.062
0.576,-120.00,0.5466,-0.200
0.577,-25.62,0.5466,-0.302
0.578,12.97,0.5244,-0.251
0.579,-7.50,0.4800,-0.276
0.58,70.00,0.4800,-0.266
0.581,119.06,0.4800,-0.136
0.582,79.38,0.4800,-0.028
0.583,88.75,0.4800,0.022
0.584,84.69,0.4800,0.149
0.585,27.19,0.4800,0.192
0.586,48.75,0.4800,0.204
0.587,34.53,0.5246,0.289
0.588,-66.41,0.6137,0.273
0.589,-76.09,0.6137,0.157
0.59,-71.56,0.6137,0.121
0.591,-135.78,0.6137,0.013
0.592,-93.12,0.6137,-0.151
0.593,-37.97,0.6137,-0.173
0.594,-75.78,0.6137,-0.227
0.595,-6.72,0.6137,-0.324
0.596,82.66,0.6137,-0.240
0.597,56.72,0.6137,-0.159
0.598,79.69,0.6137,-0.127
0.599,130.47,0.6137,0.000
0.6,76.87,0.6137,0.134
0.601,43.59,0.6137,0.154
0.602,63.91,0.6137,0.221
0.603,9.84,0.4342,0.282
0.604,-37.50,0.0750,0.241
0.605,-7.19,0.0750,0.207
0.606,-71.09,0.2214,0.227
0.607,-146.87,0.5141,0.065
0.608,-76.25,0.5141,-0.067
0.609,-73.28,0.5141,-0.088
0.61,-97.81,0.5141,-0.214
0.611,-7.19,0.5141,-0.283
0.612,39.69,0.5141,-0.228
0.613,26.72,0.5141,-0.204
0.614,94.38,0.5141,-0.175
0.615,116.87,0.5141,-0.015
0.616,55.78,0.5141,0.059
0.617,85.78,0.5141,0.096
0.618,86.09,0.5141,0.231
0.619,6.25,0.3511,0.268
0.62,9.22,0.0253,0.243
0.621,-6.41,0.2066,0.287
0.622,-88.44,0.5691,0.230
0.623,-98.91,0.5691,0.110
0.624,-75.16,0.5691,0.033
0.625,-116.41,0.5691,-0.040
0.626,-98.13,0.5691,-0.200
0.627,-21.09,0.5691,-0.237
0.628,-22.81,0.5691,-0.242
0.629,25.94,0.5691,-0.282
0.63,105.78,0.5691,-0.191
0.631,91.72,0.5691,-0.071
0.632,79.84,0.5691,-0.007
0.633,107.81,0.5691,0.089
0.634,70.47,0.5691,0.208
0.635,22.97,0.5691,0.230
0.636,42.34,0.5691,0.254
0.637,-19.06,0.5932,0.315
0.638,-68.75,0.6416,0.216
0.639,-35.78,0.6416,0.177
0.64,-95.62,0.6416,0.145
0.641,-140.31,0.6416,-0.014
0.642,-85.00,0.6416,-0.136
0.643,-77.97,0.6416,-0.184
0.644,-71.41,0.6416,-0.292
0.645,39.69,0.6416,-0.327
0.646,74.84,0.6416,-0.212
0.647,38.75,0.6416,-0.177
0.648,103.44,0.6416,-0.135
0.649,114.84,0.6416,0.030
0.65,47.97,0.6416,0.095
0.651,96.56,0.6416,0.126
0.652,82.34,0.6416,0.288
0.653,-14.06,0.4379,0.290
0.654,1.56,0.0306,0.260
0.655,-26.41,0.2082,0.293
0.656,-115.16,0.5634,0.207
0.657,-100.31,0.5634,0.063
0.658,-72.81,0.5634,0.006
0.659,-130.63,0.5634,-0.083
0.66,-93.75,0.5634,-0.255
0.661,-5.94,0.5634,-0.270
0.662,8.28,0.5634,-0.267
0.663,66.87,0.5634,-0.253
0.664,115.16,0.5634,-0.133
0.665,74.69,0.5634,-0.023
0.666,73.44,0.5634,0.016
0.667,107.66,0.5634,0.124
0.668,44.84,0.3907,0.232
0.669,13.59,0.0453,0.213
0.67,31.25,0.0453,0.259
0.671,-40.94,0.2268,0.276
0.672,-94.06,0.5897,0.177
0.673,-73.28,0.5897,0.088
0.674,-106.88,0.5897,0.030
0.675,-120.62,0.5897,-0.126
0.676,-51.56,0.5897,-0.211
0.677,-49.69,0.5897,-0.229
0.678,-42.34,0.5897,-0.310
0.679,70.94,0.5897,-0.314
0.68,92.03,0.5897,-0.168
0.681,39.84,0.5897,-0.130
0.682,107.34,0.5897,-0.089
0.683,112.19,0.5897,0.085
0.684,46.25,0.5897,0.136
0.685,72.03,0.5897,0.177
0.686,48.13,0.5884,0.280
0.687,-42.50,0.5859,0.274
0.688,-42.34,0.5859,0.195
0.689,-41.87,0.5859,0.189
0.69,-119.53,0.5859,0.111
0.691,-101.25,0.5859,-0.050
0.692,-59.22,0.5859,-0.092
0.693,-107.34,0.5859,-0.168
0.694,-46.56,0.5859,-0.306
0.695,30.31,0.5859,-0.262
0.696,14.53,0.5859,-0.246
0.697,78.59,0.5859,-0.233
0.698,139.37,0.5859,-0.088
0.699,79.69,0.5859,0.046
0.7,74.84,0.5859,0.071
0.701,94.38,0.5859,0.196
0.702,9.22,0.4057,0.260
0.703,-7.50,0.0453,0.214
0.704,13.12,0.2048,0.245
0.705,-60.16,0.5238,0.241
0.706,-114.84,0.5238,0.124
0.707,-80.16,0.5238,0.011
0.708,-84.84,0.5238,-0.036
0.709,-106.72,0.5238,-0.159
0.71,-49.69,0.5238,-0.249
0.711,-14.84,0.5238,-0.258
0.712,0.78,0.5238,-0.279
0.713,85.94,0.5238,-0.257
0.714,98.13,0.5238,-0.107
0.715,61.56,0.5238,-0.060
0.716,97.03,0.5238,0.016
0.717,81.72,0.5238,0.134
0.718,42.34,0.5238,0.179
0.719,54.84,0.5238,0.218
0.72,9.53,0.5576,0.289
0.721,-58.91,0.6253,0.238
0.722,-32.50,0.6253,0.171
0.723,-72.03,0.6253,0.173
0.724,-152.50,0.6253,0.027
0.725,-96.41,0.6253,-0.133
0.726,-55.31,0.6253,-0.166
0.727,-85.31,0.6253,-0.243
0.728,-10.78,0.6253,-0.336
0.729,76.87,0.6253,-0.265
0.73,52.19,0.6253,-0.183
0.731,83.13,0.6253,-0.160
0.732,120.94,0.6253,-0.016
0.733,66.25,0.6253,0.082
0.734,65.47,0.6253,0.116
0.735,87.50,0.6253,0.212
0.736,17.97,0.6133,0.291
0.737,-23.44,0.5894,0.248
0.738,-12.97,0.5894,0.244
0.739,-82.97,0.5894,0.223
0.74,-122.81,0.5894,0.078
0.741,-79.06,0.5894,-0.023
0.742,-96.72,0.5894,-0.080
0.743,-109.22,0.5894,-0.217
0.744,-14.69,0.5894,-0.298
0.745,12.81,0.5486,-0.246
0.746,12.81,0.4672,-0.273
0.747,100.78,0.4672,-0.220
0.748,98.28,0.4672,-0.071
0.749,65.00,0.4672,-0.024
0.75,109.22,0.4672,0.059
0.751,75.94,0.4672,0.195
0.752,2.03,0.3155,0.211
0.753,26.56,0.0122,0.199
0.754,16.87,0.2080,0.264
0.755,-76.72,0.5997,0.233
0.756,-75.63,0.5997,0.111
0.757,-78.28,0.5997,0.081
0.758,-137.97,0.5997,-0.046
0.759,-87.34,0.5997,-0.195
0.76,-35.94,0.5997,-0.221
0.761,-57.50,0.5997,-0.267
0.762,29.84,0.5997,-0.336
0.763,105.94,0.5997,-0.207
0.764,46.56,0.5997,-0.124
0.765,79.84,0.5997,-0.114
0.766,115.00,0.5997,0.036
0.767,55.94,0.5997,0.116
0.768,55.94,0.5997,0.148
0.769,64.84,0.5997,0.228
0.77,-19.84,0.5969,0.278
0.771,-46.25,0.5913,0.188
0.772,-19.53,0.5913,0.185
0.773,-100.00,0.5913,0.149
0.774,-122.81,0.5913,-0.015
0.775,-61.25,0.5913,-0.096
0.776,-87.66,0.5913,-0.138
0.777,-88.12,0.5913,-0.272
0.778,15.47,0.5913,-0.314
0.779,49.06,0.5913,-0.241
0.78,32.66,0.5913,-0.216
0.781,102.50,0.5913,-0.175
0.782,117.50,0.5913,-0.011
0.783,56.56,0.5913,0.060
0.784,96.56,0.5913,0.103
0.785,79.06,0.5913,0.253
0.786,-4.22,0.3996,0.261
0.787,1.56,0.0163,0.244
0.788,-34.22,0.2003,0.264
0.789,-117.34,0.5684,0.176
0.79,-86.09,0.5684,0.029
0.791,-63.44,0.5684,0.004
0.792,-116.56,0.5684,-0.098
0.793,-77.34,0.5684,-0.229
0.794,-27.50,0.5684,-0.253
0.795,-25.78,0.5684,-0.284
0.796,55.47,0.5684,-0.304
0.797,113.28,0.5684,-0.173
0.798,75.78,0.5684,-0.077
0.799,95.31,0.5684,-0.022
0.8,122.34,0.5684,0.113
0.801,53.75,0.5684,0.223
0.802,20.78,0.5684,0.221
0.803,28.91,0.5684,0.264
0.804,-47.34,0.5869,0.278
0.805,-72.34,0.6237,0.170
0.806,-55.16,0.6237,0.134
0.807,-110.31,0.6237,0.059
0.808,-104.53,0.6237,-0.087
0.809,-62.03,0.6237,-0.150
0.81,-97.81,0.6237,-0.211
0.811,-66.72,0.6237,-0.345
0.812,68.75,0.6237,-0.344
0.813,82.50,0.6237,-0.208
0.814,54.06,0.6237,-0.179
0.815,123.59,0.6237,-0.100
0.816,109.69,0.6237,0.068
0.817,41.09,0.6237,0.120
0.818,74.53,0.6237,0.150
0.819,58.28,0.4337,0.269
0.82,-26.88,0.0538,0.267
0.821,-17.66,0.0538,0.215
0.822,-37.19,0.2072,0.231
0.823,-122.81,0.5141,0.141
0.824,-100.31,0.5141,-0.014
0.825,-69.69,0.5141,-0.060
0.826,-111.41,0.5141,-0.154
0.827,-51.41,0.5141,-0.283
0.828,3.91,0.4849,-0.257
0.829,-8.91,0.4266,-0.275
0.83,69.53,0.4266,-0.274
0.831,134.69,0.4266,-0.136
0.832,92.97,0.4266,-0.005
0.833,78.28,0.4266,0.050
0.834,96.41,0.4266,0.152
0.835,34.69,0.2917,0.243
0.836,-2.19,0.0219,0.221
0.837,16.09,0.0219,0.238
0.838,-45.78,0.2020,0.253
0.839,-92.97,0.5622,0.147
0.84,-66.09,0.5622,0.067
0.841,-106.41,0.5622,0.015
0.842,-124.84,0.5622,-0.146
0.843,-48.13,0.5622,-0.235
0.844,-37.03,0.5622,-0.242
0.845,-20.00,0.5622,-0.309
0.846,79.22,0.5622,-0.282
0.847,81.88,0.5622,-0.151
0.848,58.91,0.5622,-0.118
0.849,125.31,0.5622,-0.033
0.85,93.12,0.5622,0.133
0.851,21.72,0.5622,0.153
0.852,63.75,0.5622,0.176
0.853,32.81,0.5693,0.281
0.854,-46.56,0.5834,0.242
0.855,-27.03,0.5834,0.188
0.856,-55.63,0.5834,0.188
0.857,-139.84,0.5834,0.077
0.858,-98.13,0.5834,-0.092
0.859,-60.94,0.5834,-0.120
0.86,-91.41,0.5834,-0.214
0.861,-30.16,0.5834,-0.302
0.862,43.13,0.5834,-0.274
0.863,33.44,0.5834,-0.216
0.864,69.06,0.5834,-0.208
0.865,121.72,0.5834,-0.078
0.866,76.56,0.5834,0.036
0.867,67.97,0.5834,0.075
0.868,88.12,0.5834,0.172
0.869,20.63,0.4017,0.251
0.87,-17.03,0.0381,0.213
0.871,10.00,0.0381,0.217
0.872,-54.69,0.1917,0.233
0.873,-121.09,0.4988,0.108
0.874,-89.69,0.4988,-0.009
0.875,-97.50,0.4988,-0.072
0.876,-97.03,0.4988,-0.204
0.877,-20.16,0.4988,-0.266
0.878,-1.56,0.4997,-0.244
0.879,7.03,0.5016,-0.269
0.88,92.34,0.5016,-0.230
0.881,94.22,0.5016,-0.084
0.882,54.22,0.5016,-0.042
0.883,108.59,0.5016,0.024
0.884,90.31,0.5016,0.175
0.885,28.75,0.5016,0.205
0.886,38.44,0.5016,0.233
0.887,-8.44,0.5333,0.282
0.888,-67.66,0.5969,0.216
0.889,-43.28,0.5969,0.147
0.89,-90.47,0.5969,0.129
0.891,-141.72,0.5969,-0.034
0.892,-63.44,0.5969,-0.154
0.893,-52.81,0.5969,-0.161
0.894,-76.87,0.5969,-0.260
0.895,26.72,0.5969,-0.315
0.896,81.09,0.5969,-0.206
0.897,32.97,0.5969,-0.153
0.898,82.50,0.5969,-0.140
0.899,127.19,0.5969,0.012
0.9,68.59,0.5969,0.114
0.901,65.16,0.5969,0.149
0.902,60.31,0.5969,0.244
0.903,-14.69,0.5821,0.270
0.904,-23.59,0.5525,0.215
0.905,-15.94,0.5525,0.223
0.906,-99.84,0.5525,0.183
0.907,-128.91,0.5525,0.023
0.908,-75.47,0.5525,-0.075
0.909,-89.22,0.5525,-0.128
0.91,-77.34,0.5525,-0.253
0.911,3.91,0.5525,-0.283
0.912,21.09,0.5525,-0.245
0.913,41.56,0.5525,-0.240
0.914,111.72,0.5525,-0.162
0.915,99.69,0.5525,-0.017
0.916,65.94,0.5525,0.037
0.917,99.84,0.5525,0.115
0.918,67.34,0.5525,0.237
0.919,0.78,0.3721,0.250
0.92,27.03,0.0112,0.238
0.921,-14.84,0.2122,0.304
0.922,-111.25,0.6141,0.209
0.923,-96.87,0.6141,0.081
0.924,-89.53,0.6141,0.015
0.925,-120.62,0.6141,-0.098
0.926,-64.37,0.6141,-0.226
0.927,-30.31,0.6141,-0.227
0.928,-41.88,0.6141,-0.287
0.929,54.22,0.6141,-0.310
0.93,98.44,0.6141,-0.178
0.931,56.25,0.6141,-0.113
0.932,100.94,0.6141,-0.066
0.933,106.09,0.6141,0.088
0.934,28.28,0.6141,0.146
0.935,59.69,0.6141,0.145
0.936,78.75,0.6141,0.266
0.937,-17.81,0.6236,0.302
0.938,-48.75,0.6428,0.230
0.939,-38.44,0.6428,0.205
0.94,-119.22,0.6428,0.153
0.941,-131.41,0.6428,-0.033
0.942,-70.16,0.6428,-0.110
0.943,-93.91,0.6428,-0.174
0.944,-83.28,0.6428,-0.297
0.945,31.25,0.6428,-0.340
0.946,73.59,0.6428,-0.235
0.947,56.56,0.6428,-0.193
0.948,130.78,0.6428,-0.122
0.949,110.31,0.6428,0.068
0.95,39.53,0.6428,0.099
0.951,80.16,0.6428,0.147
0.952,44.84,0.4400,0.259
0.953,-17.19,0.0344,0.237
0.954,3.28,0.0344,0.225
0.955,-41.72,0.1949,0.244
0.956,-114.38,0.5159,0.141
0.957,-89.84,0.5159,0.015
0.958,-85.94,0.5159,-0.038
0.959,-116.87,0.5159,-0.157
0.96,-36.09,0.5159,-0.272
0.961,-2.34,0.5049,-0.229
0.962,-19.84,0.4828,-0.277
0.963,74.06,0.4828,-0.269
0.964,115.47,0.4828,-0.129
0.965,64.37,0.4828,-0.038
0.966,93.75,0.4828,0.000
0.967,100.94,0.4828,0.150
0.968,28.13,0.4828,0.202
0.969,36.72,0.4828,0.206
0.97,34.37,0.5118,0.275
0.971,-50.16,0.5697,0.275
0.972,-62.97,0.5697,0.175
0.973,-60.16,0.5697,0.149
0.974,-120.16,0.5697,0.055
0.975,-110.00,0.5697,-0.092
0.976,-65.94,0.5697,-0.165
0.977,-64.53,0.5697,-0.223
0.978,-24.37,0.5697,-0.294
0.979,53.44,0.5697,-0.272
0.98,57.66,0.5697,-0.188
0.981,67.81,0.5697,-0.157
0.982,118.13,0.5697,-0.052
0.983,85.94,0.5697,0.079
0.984,51.72,0.5697,0.120
0.985,78.91,0.5697,0.183
0.986,27.19,0.4070,0.278
0.987,-40.78,0.0816,0.237
0.988,-0.47,0.0816,0.196
0.989,-45.94,0.2324,0.236
0.99,-155.78,0.5341,0.104
0.991,-97.34,0.5341,-0.075
0.992,-56.09,0.5341,-0.090
0.993,-103.75,0.5341,-0.188
0.994,-28.75,0.5341,-0.298
0.995,33.75,0.5341,-0.245
0.996,17.50,0.5341,-0.230
0.997,77.34,0.5341,-0.210
0.998,123.28,0.5341,-0.076
0.999,67.81,0.5341,0.037
1,72.19,0.5341,0.060
1.001,87.50,0.5341,0.181
1.002,9.69,0.3676,0.235
1.003,17.34,0.0347,0.200
1.004,19.06,0.2218,0.270
1.005,-73.75,0.5959,0.238
1.006,-99.69,0.5959,0.122
1.007,-83.44,0.5959,0.039
1.008,-109.53,0.5959,-0.045
1.009,-100.78,0.5959,-0.180
1.01,-50.47,0.5959,-0.246
1.011,-40.00,0.5959,-0.281
1.012,15.00,0.5959,-0.326
1.013,101.87,0.5959,-0.251
1.014,77.50,0.5959,-0.123
1.015,66.41,0.5959,-0.096
1.016,115.16,0.5959,0.010
1.017,72.50,0.5959,0.134
1.018,38.59,0.5959,0.155
1.019,76.41,0.5959,0.212
1.02,19.22,0.6079,0.308
1.021,-64.22,0.6319,0.250
1.022,-48.44,0.6319,0.180
1.023,-94.06,0.6319,0.153
1.024,-151.41,0.6319,-0.008
1.025,-69.06,0.6319,-0.150
1.026,-50.47,0.6319,-0.147
1.027,-88.59,0.6319,-0.251
1.028,4.06,0.6319,-0.324
1.029,52.50,0.6319,-0.242
1.03,29.22,0.6319,-0.219
1.031,107.19,0.6319,-0.184
1.032,138.59,0.6319,-0.004
1.033,60.31,0.6319,0.093
1.034,88.44,0.6319,0.116
1.035,88.59,0.6319,0.270
1.036,-16.88,0.6106,0.293
1.037,-26.72,0.5681,0.236
1.038,-6.09,0.5681,0.240
1.039,-97.19,0.5681,0.224
1.04,-132.34,0.5681,0.046
1.041,-68.44,0.5681,-0.041
1.042,-84.06,0.5681,-0.091
1.043,-83.59,0.5681,-0.209
1.044,-22.66,0.5681,-0.258
1.045,-8.12,0.5681,-0.254
1.046,28.91,0.5681,-0.275
1.047,101.41,0.5681,-0.196
1.048,94.69,0.5681,-0.072
1.049,76.87,0.5681,-0.007
1.05,93.75,0.5681,0.082
1.051,72.19,0.5681,0.181
1.052,36.56,0.5681,0.226
1.053,36.41,0.5681,0.254
1.054,-16.72,0.5917,0.299
1.055,-74.53,0.6387,0.220
1.056,-61.41,0.6387,0.150
1.057,-99.22,0.6387,0.098
1.058,-141.56,0.6387,-0.048
1.059,-82.97,0.6387,-0.186
1.06,-57.34,0.6387,-0.214
1.061,-62.66,0.6387,-0.300
1.062,48.75,0.6387,-0.340
1.063,88.91,0.6387,-0.203
1.064,41.87,0.6387,-0.162
1.065,105.94,0.6387,-0.119
1.066,114.38,0.6387,0.050
1.067,36.09,0.6387,0.110
1.068,62.50,0.6387,0.122
1.069,70.00,0.6387,0.235
1.07,-19.22,0.4478,0.262
1.071,-27.34,0.0659,0.196
1.072,-17.34,0.2099,0.208
1.073,-111.56,0.4978,0.162
1.074,-115.31,0.4978,-0.016
1.075,-56.25,0.4978,-0.069
1.076,-104.06,0.4978,-0.128
1.077,-81.09,0.4978,-0.277
1.078,23.59,0.4978,-0.290
1.079,34.22,0.4978,-0.230
1.08,42.66,0.4978,-0.222
1.081,116.87,0.4978,-0.145
1.082,102.34,0.4978,0.012
1.083,56.56,0.4978,0.060
1.084,92.50,0.4978,0.125
1.085,50.00,0.3388,0.245
1.086,-10.31,0.0206,0.225
1.087,16.09,0.0206,0.224
1.088,-30.16,0.1836,0.257
1.089,-97.34,0.5097,0.164
1.09,-80.78,0.5097,0.063
1.091,-97.97,0.5097,0.003
1.092,-127.50,0.5097,-0.133
1.093,-53.28,0.5097,-0.253
1.094,-33.91,0.5061,-0.240
1.095,-37.66,0.4991,-0.320
1.096,78.75,0.4991,-0.315
1.097,113.13,0.4991,-0.163
1.098,67.34,0.4991,-0.089
1.099,108.44,0.4991,-0.028
1.1,97.50,0.4991,0.128
1.101,25.47,0.4991,0.167
1.102,56.09,0.4991,0.179
1.103,44.22,0.5240,0.279
1.104,-44.53,0.5738,0.267
1.105,-44.84,0.5738,0.190
1.106,-49.69,0.5738,0.177
1.107,-127.50,0.5738,0.091
1.108,-115.31,0.5738,-0.077
1.109,-66.41,0.5738,-0.140
1.11,-77.34,0.5738,-0.210
1.111,-35.16,0.5738,-0.295
1.112,38.75,0.5738,-0.281
1.113,42.50,0.5738,-0.217
1.114,67.50,0.5738,-0.196
1.115,123.91,0.5738,-0.082
1.116,83.28,0.5738,0.052
1.117,55.00,0.5738,0.084
1.118,95.31,0.5738,0.162
1.119,45.78,0.5722,0.275
1.12,-20.47,0.5691,0.254
1.121,-11.41,0.5691,0.234
1.122,-51.72,0.5691,0.231
1.123,-124.06,0.5691,0.131
1.124,-85.62,0.5691,-0.017
1.125,-69.22,0.5691,-0.041
1.126,-126.72,0.5691,-0.156
1.127,-51.25,0.5691,-0.294
1.128,6.72,0.5296,-0.258
1.129,16.72,0.4506,-0.281
1.13,100.00,0.4506,-0.225
1.131,111.09,0.4506,-0.081
1.132,63.44,0.4506,-0.003
1.133,86.25,0.4506,0.046
1.134,92.34,0.4506,0.170
1.135,14.38,0.3111,0.231
1.136,25.16,0.0322,0.199
1.137,22.03,0.2253,0.281
1.138,-70.00,0.6116,0.243
1.139,-64.69,0.6116,0.141
1.14,-60.94,0.6116,0.113
1.141,-124.69,0.6116,0.019
1.142,-112.03,0.6116,-0.136
1.143,-49.69,0.6116,-0.205
1.144,-62.81,0.6116,-0.235
1.145,-21.56,0.6116,-0.330
1.146,70.00,0.6116,-0.278
1.147,64.06,0.6116,-0.190
1.148,79.22,0.6116,-0.150
1.149,121.72,0.6116,-0.032
1.15,70.00,0.6116,0.093
1.151,57.81,0.6116,0.108
1.152,97.66,0.6116,0.209
1.153,14.84,0.6093,0.303
1.154,-54.84,0.6047,0.238
1.155,-29.53,0.6047,0.194
1.156,-77.81,0.6047,0.179
1.157,-128.59,0.6047,0.038
1.158,-68.75,0.6047,-0.078
1.159,-71.25,0.6047,-0.099
1.16,-100.94,0.6047,-0.220
1.161,-8.28,0.6047,-0.301
1.162,33.13,0.6047,-0.237
1.163,31.09,0.6047,-0.235
1.164,98.13,0.6047,-0.175
1.165,111.25,0.6047,-0.039
1.166,63.59,0.6047,0.048
1.167,90.16,0.6047,0.088
1.168,85.00,0.6047,0.228
1.169,-5.94,0.4172,0.258
1.17,1.09,0.0422,0.216
1.171,4.53,0.2207,0.261
1.172,-80.47,0.5778,0.225
1.173,-107.81,0.5778,0.100
1.174,-98.75,0.5778,0.010
1.175,-121.88,0.5778,-0.098
1.176,-81.88,0.5778,-0.234
1.177,-29.53,0.5778,-0.262
1.178,-27.81,0.5778,-0.293
1.179,40.16,0.5778,-0.317
1.18,112.81,0.5778,-0.213
1.181,77.81,0.5778,-0.092
1.182,79.69,0.5778,-0.057
1.183,123.13,0.5778,0.068
1.184,61.72,0.5778,0.189
1.185,21.56,0.5778,0.191
1.186,47.66,0.5778,0.232
1.187,-2.19,0.5930,0.287
1.188,-70.78,0.6234,0.228
1.189,-62.03,0.6234,0.145
1.19,-94.84,0.6234,0.104
1.191,-124.69,0.6234,-0.045
1.192,-65.16,0.6234,-0.146
1.193,-65.94,0.6234,-0.175
1.194,-80.94,0.6234,-0.278
1.195,9.06,0.6234,-0.337
1.196,66.41,0.6234,-0.259
1.197,52.19,0.6234,-0.204
1.198,120.16,0.6234,-0.155
1.199,131.87,0.6234,0.036
1.2,49.06,0.6234,0.109
1.201,69.06,0.6234,0.134
1.202,69.37,0.6234,0.247
1.203,-15.94,0.4350,0.273
1.204,-15.62,0.0581,0.215
1.205,-15.16,0.2119,0.242
1.206,-105.94,0.5194,0.185
1.207,-122.19,0.5194,0.030
1.208,-84.37,0.5194,-0.060
1.209,-99.69,0.5194,-0.139
1.21,-69.37,0.5194,-0.259
1.211,-0.16,0.5194,-0.278
1.212,2.50,0.5141,-0.259
1.213,39.22,0.5034,-0.273
1.214,103.44,0.5034,-0.181
1.215,83.91,0.5034,-0.066
1.216,72.50,0.5034,-0.013
1.217,103.44,0.5034,0.079
1.218,63.91,0.5034,0.194
1.219,18.59,0.5034,0.207
1.22,41.09,0.5034,0.231
1.221,-21.25,0.5339,0.289
1.222,-84.38,0.5947,0.188
1.223,-54.53,0.5947,0.121
1.224,-101.41,0.5947,0.079
1.225,-145.94,0.5947,-0.082
1.226,-64.69,0.5947,-0.212
1.227,-41.09,0.5947,-0.212
1.228,-46.88,0.5947,-0.295
1.229,55.47,0.5947,-0.305
1.23,83.59,0.5947,-0.184
1.231,57.66,0.5947,-0.138
1.232,111.72,0.5947,-0.068
1.233,107.19,0.5947,0.085
1.234,47.34,0.5947,0.146
1.235,64.69,0.5947,0.180
1.236,42.34,0.4260,0.275
1.237,-44.38,0.0888,0.265
1.238,-30.16,0.0888,0.187
1.239,-42.50,0.2281,0.204
1.24,-149.06,0.5069,0.102
1.241,-111.09,0.5069,-0.094
1.242,-42.34,0.5069,-0.121
1.243,-90.94,0.5069,-0.178
1.244,-49.69,0.5069,-0.302
1.245,30.16,0.5069,-0.278
1.246,37.81,0.5069,-0.242
1.247,73.44,0.5069,-0.202
1.248,127.50,0.5069,-0.095
1.249,82.50,0.5069,0.053
1.25,50.94,0.5069,0.070
1.251,92.97,0.5069,0.155
1.252,40.00,0.3449,0.256
1.253,-5.47,0.0209,0.235
1.254,9.06,0.0209,0.245
1.255,-37.66,0.1966,0.253
1.256,-90.94,0.5478,0.169
1.257,-84.69,0.5478,0.071
1.258,-105.47,0.5478,0.000
1.259,-132.19,0.5478,-0.140
1.26,-68.59,0.5478,-0.264
1.261,-15.31,0.5478,-0.277
1.262,7.50,0.5478,-0.295
1.263,92.03,0.5478,-0.262
1.264,112.66,0.5478,-0.111
1.265,62.81,0.5478,-0.037
1.266,90.94,0.5478,0.015
1.267,89.53,0.5478,0.145
1.268,31.41,0.5478,0.194
1.269,55.47,0.5478,0.208
1.27,44.06,0.5798,0.305
1.271,-54.84,0.6438,0.296
1.272,-61.56,0.6438,0.195
1.273,-77.19,0.6438,0.173
1.274,-153.12,0.6438,0.041
1.275,-103.91,0.6438,-0.133
1.276,-45.31,0.6438,-0.167
1.277,-85.94,0.6438,-0.224
1.278,-36.41,0.6438,-0.339
1.279,71.72,0.6438,-0.297
1.28,52.50,0.6438,-0.196
1.281,72.19,0.6438,-0.192
1.282,146.25,0.6438,-0.051
1.283,92.03,0.6438,0.101
1.284,49.53,0.6438,0.133
1.285,61.72,0.6438,0.200
1.286,14.69,0.4439,0.256
1.287,-22.03,0.0441,0.229
1.288,1.25,0.0441,0.212
1.289,-65.62,0.2076,0.232
1.29,-150.31,0.5347,0.081
1.291,-103.91,0.5347,-0.069
1.292,-80.62,0.5347,-0.127
1.293,-88.12,0.5347,-0.230
1.294,-16.09,0.5347,-0.303
1.295,17.50,0.5347,-0.263
1.296,29.37,0.5347,-0.268
1.297,106.72,0.5347,-0.204
1.298,115.78,0.5347,-0.055
1.299,65.00,0.5347,0.028
1.3,77.03,0.5347,0.075
1.301,70.00,0.5347,0.182
1.302,6.56,0.3632,0.215
1.303,19.22,0.0203,0.195
1.304,25.47,0.2024,0.254
1.305,-71.56,0.5666,0.246
1.306,-85.31,0.5666,0.111
1.307,-74.06,0.5666,0.075
1.308,-123.91,0.5666,-0.037
1.309,-85.78,0.5666,-0.173
1.31,-25.94,0.5666,-0.209
1.311,-51.88,0.5666,-0.224
1.312,0.94,0.5666,-0.313
1.313,90.78,0.5666,-0.223
1.314,57.97,0.5666,-0.131
1.315,79.84,0.5666,-0.107
1.316,123.91,0.5666,0.028
1.317,68.28,0.5666,0.141
1.318,37.81,0.5666,0.165
1.319,63.91,0.5666,0.217
1.32,5.31,0.5758,0.293
1.321,-43.28,0.5944,0.228
1.322,-27.50,0.5944,0.206
1.323,-100.94,0.5944,0.173
1.324,-138.28,0.5944,0.004
1.325,-64.84,0.5944,-0.104
1.326,-72.19,0.5944,-0.125
1.327,-88.12,0.5944,-0.248
1.328,3.28,0.5944,-0.302
1.329,43.91,0.5944,-0.242
1.33,43.91,0.5944,-0.214
1.331,125.78,0.5944,-0.154
1.332,114.06,0.5944,0.038
1.333,29.84,0.5944,0.074
1.334,76.09,0.5944,0.098
1.335,76.56,0.5944,0.226
1.336,9.22,0.5944,0.251
1.337,9.22,0.5944,0.245
1.338,-24.84,0.5802,0.269
1.339,-100.00,0.5519,0.195
1.34,-102.34,0.5519,0.069
1.341,-85.94,0.5519,-0.010
1.342,-117.19,0.5519,-0.103
1.343,-77.97,0.5519,-0.244
1.344,-16.88,0.5519,-0.259
1.345,-12.03,0.5519,-0.278
1.346,51.25,0.5519,-0.283
1.347,106.09,0.5519,-0.175
1.348,69.84,0.5519,-0.071
1.349,80.62,0.5519,-0.036
1.35,115.47,0.5519,0.091
1.351,47.34,0.3807,0.195
1.352,14.22,0.0384,0.185
1.353,52.97,0.0384,0.224
1.354,-22.50,0.2170,0.291
1.355,-78.91,0.5741,0.179
1.356,-57.03,0.5741,0.133
1.357,-108.28,0.5741,0.065
1.358,-114.69,0.5741,-0.083
1.359,-58.75,0.5741,-0.165
1.36,-59.06,0.5741,-0.201
1.361,-40.78,0.5741,-0.283
1.362,59.38,0.5741,-0.282
1.363,70.16,0.5741,-0.164
1.364,40.63,0.5741,-0.142
1.365,110.16,0.5741,-0.083
1.366,95.16,0.5741,0.078
1.367,38.12,0.5741,0.108
1.368,74.22,0.5741,0.155
1.369,42.50,0.4067,0.256
1.37,-35.94,0.0719,0.240
1.371,-9.84,0.0719,0.184
1.372,-13.59,0.2170,0.220
1.373,-120.94,0.5072,0.157
1.374,-114.38,0.5072,-0.022
1.375,-71.72,0.5072,-0.072
1.376,-107.66,0.5072,-0.165
1.377,-55.16,0.5072,-0.287
1.378,27.19,0.5072,-0.276
1.379,27.19,0.5072,-0.233
1.38,62.81,0.5072,-0.221
1.381,112.97,0.5072,-0.107
1.382,74.38,0.5072,0.005
1.383,71.25,0.5072,0.042
1.384,107.34,0.5072,0.147
1.385,32.34,0.3529,0.256
1.386,-2.19,0.0444,0.212
1.387,39.69,0.0444,0.252
1.388,-29.69,0.2249,0.291
1.389,-107.03,0.5859,0.193
1.39,-87.81,0.5859,0.077
1.391,-103.28,0.5859,0.017
1.392,-114.22,0.5859,-0.129
1.393,-47.81,0.5859,-0.212
1.394,-41.56,0.5859,-0.225
1.395,-22.66,0.5859,-0.295
1.396,70.31,0.5859,-0.270
1.397,62.97,0.5859,-0.154
1.398,56.56,0.5859,-0.144
1.399,143.44,0.5859,-0.041
1.4,106.88,0.5859,0.143
1.401,18.28,0.5859,0.173
1.402,48.91,0.5859,0.179
1.403,38.59,0.5866,0.271
1.404,-37.66,0.5878,0.256
1.405,-38.91,0.5878,0.195
1.406,-64.22,0.5878,0.178
1.407,-134.22,0.5878,0.067
1.408,-99.22,0.5878,-0.090
1.409,-59.69,0.5878,-0.132
1.41,-92.81,0.5878,-0.209
1.411,-30.63,0.5878,-0.317
1.412,39.22,0.5878,-0.271
1.413,28.91,0.5878,-0.239
1.414,79.69,0.5878,-0.213
1.415,144.06,0.5878,-0.079
1.416,102.03,0.5878,0.075
1.417,62.97,0.5878,0.125
1.418,76.72,0.5878,0.201
1.419,17.03,0.5756,0.278
1.42,-29.22,0.5512,0.235
1.421,-10.63,0.5512,0.220
1.422,-63.75,0.5512,0.214
1.423,-111.41,0.5512,0.092
1.424,-80.00,0.5512,-0.009
1.425,-92.34,0.5512,-0.068
1.426,-102.66,0.5512,-0.193
1.427,-18.28,0.5512,-0.273
1.428,-1.87,0.5292,-0.230
1.429,-4.69,0.4850,-0.277
1.43,87.97,0.4850,-0.239
1.431,107.66,0.4850,-0.101
1.432,73.12,0.4850,-0.024
1.433,95.31,0.4850,0.045
1.434,81.41,0.4850,0.167
1.435,20.00,0.4850,0.208
1.436,38.44,0.4850,0.207
1.437,16.09,0.5246,0.285
1.438,-72.50,0.6037,0.239
1.439,-62.34,0.6037,0.140
1.44,-60.78,0.6037,0.114
1.441,-133.91,0.6037,0.018
1.442,-93.75,0.6037,-0.154
1.443,-33.12,0.6037,-0.169
1.444,-74.84,0.6037,-0.220
1.445,-13.13,0.6037,-0.319
1.446,76.72,0.6037,-0.246
1.447,55.31,0.6037,-0.165
1.448,91.72,0.6037,-0.136
1.449,129.38,0.6037,0.018
1.45,60.62,0.6037,0.123
1.451,38.28,0.6037,0.139
1.452,64.84,0.6037,0.200
1.453,11.72,0.5937,0.269
1.454,-36.25,0.5738,0.223
1.455,-24.69,0.5738,0.197
1.456,-91.09,0.5738,0.174
1.457,-122.19,0.5738,0.014
1.458,-52.66,0.5738,-0.071
1.459,-90.31,0.5738,-0.091
1.46,-106.88,0.5738,-0.251
1.461,-1.09,0.5738,-0.305
1.462,34.37,0.5738,-0.253
1.463,41.72,0.5738,-0.236
1.464,113.44,0.5738,-0.170
1.465,106.88,0.5738,-0.009
1.466,44.22,0.5738,0.044
1.467,95.00,0.5738,0.079
1.468,87.97,0.5738,0.234
1.469,-17.03,0.4010,0.255
1.47,13.13,0.0556,0.200
1.471,-0.16,0.2157,0.282
1.472,-102.03,0.5359,0.199
1.473,-91.09,0.5359,0.077
1.474,-89.84,0.5359,0.017
1.475,-135.78,0.5359,-0.102
1.476,-70.31,0.5359,-0.254
1.477,-8.44,0.5352,-0.243
1.478,-35.47,0.5337,-0.271
1.479,31.56,0.5337,-0.314
1.48,109.06,0.5337,-0.208
1.481,69.06,0.5337,-0.096
1.482,82.19,0.5337,-0.070
1.483,117.03,0.5337,0.069
1.484,49.06,0.5337,0.164
1.485,27.97,0.5337,0.167
1.486,50.31,0.5337,0.220
1.487,-26.09,0.5491,0.268
1.488,-54.53,0.5797,0.168
1.489,-20.16,0.5797,0.158
1.49,-102.19,0.5797,0.128
1.491,-133.75,0.5797,-0.046
1.492,-60.47,0.5797,-0.140
1.493,-81.88,0.5797,-0.167
1.494,-72.66,0.5797,-0.304
1.495,52.97,0.5797,-0.312
1.496,72.50,0.5797,-0.198
1.497,55.78,0.5797,-0.167
1.498,112.34,0.5797,-0.086
1.499,94.53,0.5797,0.058
1.5,40.63,0.5797,0.103
1.501,89.38,0.5797,0.139
1.502,56.72,0.4075,0.282
1.503,-31.56,0.0631,0.252
1.504,-3.28,0.0631,0.218
1.505,-32.50,0.2158,0.246
1.506,-123.44,0.5213,0.153
1.507,-99.22,0.5213,-0.001
1.508,-70.16,0.5213,-0.045
1.509,-115.31,0.5213,-0.142
1.51,-61.09,0.5213,-0.276
1.511,17.03,0.5213,-0.264
1.512,7.50,0.5213,-0.242
1.513,53.12,0.5213,-0.249
1.514,112.03,0.5213,-0.135
1.515,80.00,0.5213,-0.025
1.516,78.59,0.5213,0.025
1.517,91.25,0.5213,0.133
1.518,30.47,0.3521,0.207
1.519,28.13,0.0137,0.193
1.52,30.31,0.2080,0.263
1.521,-50.47,0.5966,0.254
1.522,-58.44,0.5966,0.163
1.523,-60.94,0.5966,0.137
1.524,-129.53,0.5966,0.041
1.525,-117.66,0.5966,-0.122
1.526,-52.34,0.5966,-0.195
1.527,-69.22,0.5966,-0.227
1.528,-45.62,0.5966,-0.333
1.529,73.28,0.5966,-0.318
1.53,69.22,0.5966,-0.187
1.531,61.41,0.5966,-0.179
1.532,149.22,0.5966,-0.064
1.533,107.97,0.5966,0.119
1.534,22.66,0.5966,0.152
1.535,69.53,0.5966,0.164
1.536,40.31,0.6015,0.291
1.537,-45.31,0.6112,0.245
1.538,-25.78,0.6112,0.201
1.539,-59.84,0.6112,0.193
1.54,-139.06,0.6112,0.081
1.541,-88.12,0.6112,-0.085
1.542,-55.31,0.6112,-0.095
1.543,-112.34,0.6112,-0.195
1.544,-39.22,0.6112,-0.320
1.545,44.22,0.6112,-0.274
1.546,33.44,0.6112,-0.232
1.547,92.50,0.6112,-0.207
1.548,140.00,0.6112,-0.047
1.549,66.09,0.6112,0.073
1.55,60.62,0.6112,0.086
1.551,87.34,0.6112,0.194
1.552,13.91,0.4202,0.260
1.553,-7.03,0.0381,0.222
1.554,11.72,0.2145,0.246
1.555,-64.06,0.5672,0.246
1.556,-94.06,0.5672,0.118
1.557,-72.66,0.5672,0.058
1.558,-108.44,0.5672,-0.027
1.559,-110.63,0.5672,-0.159
1.56,-48.44,0.5672,-0.248
1.561,-36.25,0.5672,-0.256
1.562,1.72,0.5672,-0.321
1.563,99.38,0.5672,-0.253
1.564,84.53,0.5672,-0.122
1.565,78.44,0.5672,-0.084
1.566,120.62,0.5672,0.035
1.567,72.03,0.5672,0.158
1.568,22.81,0.5672,0.179
1.569,61.72,0.5672,0.203
1.57,13.75,0.4276,0.302
1.571,-74.22,0.1484,0.231
1.572,-32.19,0.1484,0.154
1.573,-60.62,0.2739,0.166
1.574,-143.59,0.5247,0.033
1.575,-95.62,0.5247,-0.121
1.576,-55.00,0.5247,-0.159
1.577,-67.34,0.5247,-0.231
1.578,-7.50,0.5247,-0.293
1.579,47.19,0.5247,-0.246
1.58,32.34,0.5247,-0.199
1.581,97.97,0.5247,-0.181
1.582,141.09,0.5247,-0.003
1.583,53.91,0.5247,0.101
1.584,65.16,0.5247,0.105
1.585,72.81,0.5247,0.231
1.586,-5.00,0.3595,0.250
1.587,-0.78,0.0291,0.221
1.588,-7.19,0.1962,0.249
1.589,-97.81,0.5306,0.207
1.59,-117.66,0.5306,0.053
1.591,-74.38,0.5306,-0.028
1.592,-98.91,0.5306,-0.096
1.593,-80.00,0.5306,-0.226
1.594,-16.25,0.5306,-0.256
1.595,-13.13,0.5306,-0.259
1.596,27.34,0.5306,-0.282
1.597,107.50,0.5306,-0.204
1.598,95.31,0.5306,-0.067
1.599,76.25,0.5306,-0.013
1.6,114.53,0.5306,0.086
1.601,80.47,0.5306,0.216
1.602,14.22,0.5306,0.247
1.603,34.69,0.5306,0.244
1.604,-13.13,0.5709,0.316
1.605,-99.37,0.6516,0.218
1.606,-66.56,0.6516,0.117
1.607,-81.25,0.6516,0.085
1.608,-143.59,0.6516,-0.045
1.609,-83.59,0.6516,-0.203
1.61,-36.41,0.6516,-0.212
1.611,-61.56,0.6516,-0.275
1.612,26.41,0.6516,-0.336
1.613,79.84,0.6516,-0.223
1.614,47.97,0.6516,-0.176
1.615,104.22,0.6516,-0.127
1.616,130.47,0.6516,0.033
1.617,55.47,0.6516,0.134
1.618,58.28,0.6516,0.143
1.619,63.28,0.6516,0.251
1.62,-26.25,0.6171,0.270
1.621,-34.69,0.5481,0.198
1.622,-14.53,0.5481,0.201
1.623,-98.75,0.5481,0.169
1.624,-122.97,0.5481,0.003
1.625,-79.38,0.5481,-0.077
1.626,-96.09,0.5481,-0.156
1.627,-61.25,0.5481,-0.269
1.628,20.31,0.5481,-0.278
1.629,33.59,0.5481,-0.228
1.63,42.50,0.5481,-0.211
1.631,101.72,0.5481,-0.143
1.632,97.81,0.5481,-0.007
1.633,56.41,0.5481,0.052
1.634,93.12,0.5481,0.105
1.635,65.94,0.5481,0.239
1.636,-2.81,0.5481,0.237
1.637,12.50,0.5481,0.233
1.638,-31.72,0.5418,0.262
1.639,-105.78,0.5291,0.170
1.64,-82.97,0.5291,0.051
1.641,-88.28,0.5291,0.004
1.642,-135.31,0.5291,-0.126
1.643,-64.53,0.5291,-0.267
1.644,-17.81,0.5120,-0.255
1.645,-26.41,0.4778,-0.302
1.646,64.53,0.4778,-0.308
1.647,102.81,0.4778,-0.173
1.648,63.91,0.4778,-0.102
1.649,107.03,0.4778,-0.046
1.65,107.81,0.4778,0.112
1.651,27.34,0.4778,0.170
1.652,46.25,0.4778,0.167
1.653,43.28,0.5114,0.263
1.654,-34.84,0.5784,0.253
1.655,-39.69,0.5784,0.193
1.656,-57.81,0.5784,0.174
1.657,-124.69,0.5784,0.077
1.658,-108.44,0.5784,-0.076
1.659,-62.34,0.5784,-0.140
1.66,-85.94,0.5784,-0.200
1.661,-57.81,0.5784,-0.312
1.662,61.41,0.5784,-0.316
1.663,78.12,0.5784,-0.189
1.664,57.34,0.5784,-0.160
1.665,116.87,0.5784,-0.074
1.666,83.91,0.5784,0.074
1.667,52.97,0.5784,0.094
1.668,95.00,0.5784,0.180
1.669,30.31,0.4140,0.284
1.67,-42.50,0.0850,0.241
1.671,-6.72,0.0850,0.199
1.672,-42.66,0.2252,0.227
1.673,-123.13,0.5056,0.113
1.674,-85.31,0.5056,-0.019
1.675,-75.94,0.5056,-0.057
1.676,-110.63,0.5056,-0.171
1.677,-37.03,0.5056,-0.278
1.678,26.41,0.5056,-0.245
1.679,6.88,0.5056,-0.226
1.68,50.00,0.5056,-0.231
1.681,112.81,0.5056,-0.126
1.682,82.34,0.5056,-0.006
1.683,81.88,0.5056,0.039
1.684,84.53,0.5056,0.158
1.685,20.78,0.5056,0.208
1.686,36.88,0.5056,0.200
1.687,31.41,0.5379,0.282
1.688,-76.72,0.6025,0.263
1.689,-84.22,0.6025,0.128
1.69,-63.28,0.6025,0.094
1.691,-124.06,0.6025,0.002
1.692,-117.19,0.6025,-0.154
1.693,-59.22,0.6025,-0.233
1.694,-44.06,0.6025,-0.273
1.695,3.44,0.6025,-0.321
1.696,81.09,0.6025,-0.266
1.697,68.75,0.6025,-0.158
1.698,65.94,0.6025,-0.128
1.699,123.75,0.6025,-0.027
1.7,89.37,0.6025,0.119
1.701,39.84,0.6025,0.152
1.702,70.16,0.6025,0.199
1.703,35.00,0.6055,0.292
1.704,-30.47,0.6116,0.269
1.705,-31.72,0.6116,0.232
1.706,-86.72,0.6116,0.206
1.707,-153.12,0.6116,0.058
1.708,-90.94,0.6116,-0.101
1.709,-59.22,0.6116,-0.124
1.71,-97.66,0.6116,-0.219
1.711,-23.75,0.6116,-0.319
1.712,40.94,0.6116,-0.267
1.713,39.06,0.6116,-0.237
1.714,113.12,0.6116,-0.188
1.715,132.50,0.6116,-0.011
1.716,42.66,0.6116,0.077
1.717,62.50,0.6116,0.074
1.718,95.31,0.6116,0.202
1.719,18.59,0.4165,0.265
1.72,-2.19,0.0262,0.239
1.721,-11.56,0.1994,0.261
1.722,-89.84,0.5456,0.216
1.723,-97.66,0.5456,0.081
1.724,-73.91,0.5456,0.020
1.725,-117.81,0.5456,-0.067
1.726,-89.22,0.5456,-0.215
1.727,-23.44,0.5456,-0.245
1.728,-19.84,0.5456,-0.262
1.729,20.94,0.5456,-0.285
1.73,87.03,0.5456,-0.220
1.731,79.38,0.5456,-0.111
1.732,73.91,0.5456,-0.062
1.733,116.09,0.5456,0.037
1.734,68.44,0.5456,0.171
1.735,15.62,0.5456,0.174
1.736,54.53,0.5456,0.202
1.737,2.81,0.5547,0.283
1.738,-75.63,0.5728,0.208
1.739,-40.78,0.5728,0.132
1.74,-69.69,0.5728,0.126
1.741,-132.50,0.5728,-0.008
1.742,-71.41,0.5728,-0.139
1.743,-40.78,0.5728,-0.151
1.744,-69.69,0.5728,-0.221
1.745,14.69,0.5728,-0.290
1.746,67.34,0.5728,-0.191
1.747,27.34,0.5728,-0.155
1.748,96.87,0.5728,-0.137
1.749,119.84,0.5728,0.038
1.75,40.94,0.5728,0.103
1.751,75.78,0.5728,0.120
1.752,83.44,0.5728,0.255
1.753,-12.03,0.4007,0.287
1.754,-17.97,0.0566,0.231
1.755,-29.38,0.2203,0.251
1.756,-125.94,0.5478,0.172
1.757,-125.78,0.5478,-0.001
1.758,-73.91,0.5478,-0.080
1.759,-106.41,0.5478,-0.148
1.76,-74.06,0.5478,-0.292
1.761,21.72,0.5478,-0.297
1.762,20.94,0.5478,-0.249
1.763,39.69,0.5478,-0.255
1.764,105.47,0.5478,-0.170
1.765,91.25,0.5478,-0.044
1.766,66.41,0.5478,0.013
1.767,109.84,0.5478,0.089
1.768,66.56,0.3691,0.233
1.769,-5.78,0.0116,0.222
1.77,18.44,0.0116,0.221
1.771,-17.19,0.1971,0.259
1.772,-78.75,0.5681,0.187
1.773,-76.25,0.5681,0.102
1.774,-97.97,0.5681,0.034
1.775,-110.31,0.5681,-0.094
1.776,-67.34,0.5681,-0.187
1.777,-52.03,0.5681,-0.229
1.778,-40.00,0.5681,-0.291
1.779,56.09,0.5681,-0.309
1.78,84.69,0.5681,-0.178
1.781,47.34,0.5681,-0.140
1.782,122.19,0.5681,-0.084
1.783,121.25,0.5681,0.105
1.784,19.53,0.4127,0.159
1.785,43.44,0.1019,0.144
1.786,64.38,0.1019,0.246
1.787,-25.94,0.0942,0.273
1.788,-33.13,0.0788,0.194
1.789,-22.66,0.2332,0.206
1.79,-133.59,0.5422,0.148
1.791,-134.84,0.5422,-0.061
1.792,-69.69,0.5422,-0.121
1.793,-107.34,0.5422,-0.200
1.794,-59.69,0.5422,-0.336
1.795,49.06,0.5422,-0.320
1.796,54.06,0.5422,-0.238
1.797,67.34,0.5422,-0.212
1.798,129.38,0.5422,-0.103
1.799,96.41,0.5422,0.047
1.8,67.34,0.5422,0.090
1.801,91.72,0.5422,0.182
1.802,33.91,0.3743,0.273
1.803,-19.22,0.0384,0.250
1.804,1.56,0.0384,0.235
1.805,-35.47,0.1982,0.253
1.806,-112.50,0.5178,0.164
1.807,-90.16,0.5178,0.028
1.808,-80.94,0.5178,-0.017
1.809,-124.22,0.5178,-0.134
1.81,-57.66,0.5178,-0.265
1.811,-11.09,0.5161,-0.249
1.812,-20.16,0.5128,-0.287
1.813,75.78,0.5128,-0.290
1.814,114.84,0.5128,-0.136
1.815,72.50,0.5128,-0.060
1.816,105.94,0.5128,0.009
1.817,93.59,0.5128,0.152
1.818,35.62,0.5128,0.197
1.819,47.50,0.5128,0.223
1.82,21.09,0.5330,0.292
1.821,-59.06,0.5734,0.265
1.822,-54.69,0.5734,0.173
1.823,-58.44,0.5734,0.156
1.824,-125.78,0.5734,0.057
1.825,-97.50,0.5734,-0.096
1.826,-48.28,0.5734,-0.138
1.827,-71.72,0.5734,-0.192
1.828,-32.97,0.5734,-0.282
1.829,46.41,0.5734,-0.258
1.83,43.44,0.5734,-0.189
1.831,66.25,0.5734,-0.171
1.832,133.91,0.5734,-0.057
1.833,82.03,0.5734,0.097
1.834,43.28,0.5734,0.108
1.835,88.91,0.5734,0.183
1.836,32.03,0.4144,0.285
1.837,-48.13,0.0963,0.247
1.838,-18.12,0.0963,0.189
1.839,-61.72,0.2253,0.211
1.84,-126.09,0.4834,0.066
1.841,-79.84,0.4834,-0.041
1.842,-83.13,0.4834,-0.094
1.843,-89.22,0.4834,-0.208
1.844,-11.41,0.4834,-0.273
1.845,14.38,0.4727,-0.230
1.846,3.75,0.4513,-0.244
1.847,86.09,0.4513,-0.223
1.848,121.09,0.4513,-0.072
1.849,67.50,0.4513,0.019
1.85,94.06,0.4513,0.063
1.851,94.37,0.4513,0.208
1.852,14.38,0.3061,0.252
1.853,12.50,0.0159,0.236
1.854,-1.87,0.2195,0.277
1.855,-80.31,0.6266,0.233
1.856,-87.50,0.6266,0.117
1.857,-80.94,0.6266,0.058
1.858,-118.44,0.6266,-0.045
1.859,-87.66,0.6266,-0.179
1.86,-43.13,0.6266,-0.221
1.861,-64.38,0.6266,-0.266
1.862,5.94,0.6266,-0.349
1.863,99.06,0.6266,-0.254
1.864,73.75,0.6266,-0.151
1.865,76.25,0.6266,-0.106
1.866,115.47,0.6266,0.001
1.867,80.47,0.6266,0.125
1.868,56.25,0.6266,0.162
1.869,63.12,0.6266,0.237
1.87,0.94,0.6214,0.288
1.871,-43.75,0.6109,0.239
1.872,-38.13,0.6109,0.201
1.873,-96.41,0.6109,0.163
1.874,-137.50,0.6109,0.008
1.875,-81.72,0.6109,-0.112
1.876,-70.62,0.6109,-0.155
1.877,-83.59,0.6109,-0.253
1.878,4.37,0.6109,-0.323
1.879,51.72,0.6109,-0.245
1.88,37.97,0.6109,-0.219
1.881,112.50,0.6109,-0.169
1.882,118.44,0.6109,0.006
1.883,47.50,0.6109,0.068
1.884,83.91,0.6109,0.101
1.885,75.47,0.6109,0.236
1.886,-14.06,0.4220,0.252
1.887,1.09,0.0441,0.208
1.888,-10.16,0.2076,0.254
1.889,-95.94,0.5347,0.188
1.89,-96.09,0.5347,0.062
1.891,-70.16,0.5347,-0.005
1.892,-126.41,0.5347,-0.078
1.893,-91.87,0.5347,-0.258
1.894,-5.63,0.5347,-0.262
1.895,-9.37,0.5347,-0.269
1.896,49.84,0.5347,-0.281
1.897,104.84,0.5347,-0.169
1.898,63.28,0.5347,-0.071
1.899,76.72,0.5347,-0.043
1.9,127.66,0.5347,0.083
1.901,75.16,0.5347,0.213
1.902,14.53,0.5347,0.233
1.903,19.69,0.5347,0.242
1.904,-17.03,0.5594,0.272
1.905,-68.59,0.6087,0.208
1.906,-65.78,0.6087,0.135
1.907,-107.81,0.6087,0.076
1.908,-127.34,0.6087,-0.081
1.909,-73.28,0.6087,-0.178
1.91,-61.09,0.6087,-0.227
1.911,-54.69,0.6087,-0.301
1.912,48.44,0.6087,-0.337
1.913,90.16,0.6087,-0.204
1.914,47.34,0.6087,-0.156
1.915,101.72,0.6087,-0.109
1.916,113.75,0.6087,0.047
1.917,48.75,0.6087,0.118
1.918,62.81,0.6087,0.145
1.919,56.41,0.6087,0.244
1.92,-20.78,0.4242,0.258
1.921,-22.34,0.0550,0.203
1.922,-20.16,0.2003,0.213
1.923,-113.28,0.4909,0.162
1.924,-112.66,0.4909,-0.014
1.925,-62.50,0.4909,-0.063
1.926,-104.69,0.4909,-0.139
1.927,-69.69,0.4909,-0.273
1.928,4.69,0.4909,-0.278
1.929,16.87,0.4909,-0.263
1.93,61.56,0.4909,-0.244
1.931,128.12,0.4909,-0.140
1.932,90.16,0.4909,0.012
1.933,67.34,0.4909,0.040
1.934,103.28,0.4909,0.147
1.935,36.41,0.3365,0.247
1.936,-8.13,0.0275,0.219
1.937,24.84,0.0275,0.231
1.938,-32.50,0.1908,0.269
1.939,-107.34,0.5175,0.166
1.94,-79.84,0.5175,0.054
1.941,-99.53,0.5175,0.006
1.942,-127.19,0.5175,-0.145
1.943,-44.22,0.5175,-0.248
1.944,-25.78,0.5136,-0.233
1.945,-35.62,0.5059,-0.300
1.946,72.03,0.5059,-0.304
1.947,110.78,0.5059,-0.156
1.948,84.37,0.5059,-0.083
1.949,109.22,0.5059,0.013
1.95,85.00,0.5059,0.136
1.951,32.97,0.5059,0.183
1.952,41.25,0.5059,0.202
1.953,23.91,0.5335,0.265
1.954,-46.72,0.5888,0.249
1.955,-45.47,0.5888,0.172
1.956,-56.87,0.5888,0.158
1.957,-131.87,0.5888,0.058
1.958,-87.97,0.5888,-0.105
1.959,-50.78,0.5888,-0.118
1.96,-102.81,0.5888,-0.207
1.961,-50.00,0.5888,-0.323
1.962,53.28,0.5888,-0.307
1.963,60.00,0.5888,-0.217
1.964,73.75,0.5888,-0.187
1.965,127.66,0.5888,-0.069
1.966,89.06,0.5888,0.068
1.967,59.37,0.5888,0.109
1.968,83.13,0.5888,0.187
1.969,13.44,0.4128,0.275
1.97,-28.59,0.0609,0.214
1.971,15.62,0.0609,0.218
1.972,-44.22,0.2182,0.245
1.973,-123.44,0.5328,0.129
1.974,-91.56,0.5328,-0.002
1.975,-90.16,0.5328,-0.054
1.976,-116.87,0.5328,-0.182
1.977,-29.84,0.5328,-0.288
1.978,8.12,0.5143,-0.242
1.979,2.50,0.4772,-0.271
1.98,77.50,0.4772,-0.237
1.981,109.06,0.4772,-0.116
1.982,80.00,0.4772,-0.018
1.983,90.94,0.4772,0.044
1.984,81.09,0.4772,0.163
1.985,18.91,0.4772,0.206
1.986,29.84,0.4772,0.201
1.987,14.38,0.5152,0.266
1.988,-69.84,0.5913,0.230
1.989,-62.81,0.5913,0.126
1.99,-74.69,0.5913,0.104
1.991,-123.91,0.5913,-0.023
1.992,-78.13,0.5913,-0.143
1.993,-40.78,0.5913,-0.180
1.994,-72.97,0.5913,-0.225
1.995,-11.25,0.5913,-0.326
1.996,83.28,0.5913,-0.248
1.997,56.09,0.5913,-0.159
1.998,83.28,0.5913,-0.135
1.999,128.75,0.5913,0.007
2,78.13,0.5913,0.122
2.001,59.38,0.5913,0.164
2.002,65.78,0.5913,0.241
2.003,3.12,0.5965,0.295
2.004,-43.28,0.6069,0.247
2.005,-22.50,0.6069,0.209
2.006,-79.69,0.6069,0.202
2.007,-141.56,0.6069,0.049
2.008,-89.53,0.6069,-0.081
2.009,-82.34,0.6069,-0.130
2.01,-90.94,0.6069,-0.246
2.011,-11.09,0.6069,-0.312
2.012,26.72,0.6069,-0.268
2.013,40.00,0.6069,-0.258
2.014,117.81,0.6069,-0.188
2.015,118.59,0.6069,-0.022
2.016,55.94,0.6069,0.049
2.017,89.84,0.6069,0.089
2.018,70.00,0.6069,0.229
2.019,-18.75,0.4172,0.229
2.02,5.16,0.0378,0.192
2.021,5.16,0.2027,0.240
2.022,-83.28,0.5325,0.202
2.023,-85.00,0.5325,0.073
2.024,-82.97,0.5325,0.032
2.025,-119.84,0.5325,-0.093
2.026,-62.81,0.5325,-0.208
2.027,-22.66,0.5325,-0.218
2.028,-37.19,0.5325,-0.253
2.029,27.50,0.5325,-0.293
2.03,90.16,0.5325,-0.198
2.031,68.91,0.5325,-0.113
2.032,95.00,0.5325,-0.060
2.033,125.78,0.5325,0.077
2.034,61.09,0.5325,0.191
2.035,21.56,0.5325,0.200
2.036,43.75,0.5325,0.234
2.037,-7.97,0.5616,0.287
2.038,-58.12,0.6197,0.218
2.039,-45.47,0.6197,0.171
2.04,-111.72,0.6197,0.128
2.041,-151.41,0.6197,-0.052
2.042,-58.13,0.6197,-0.175
2.043,-56.72,0.6197,-0.169
2.044,-81.88,0.6197,-0.289
2.045,37.50,0.6197,-0.333
2.046,65.47,0.6197,-0.214
2.047,36.72,0.6197,-0.202
2.048,112.66,0.6197,-0.140
2.049,115.31,0.6197,0.024
2.05,48.59,0.6197,0.090
2.051,69.84,0.6197,0.121
2.052,62.34,0.6197,0.230
2.053,-10.47,0.4253,0.246
2.054,4.53,0.0366,0.209
2.055,-13.44,0.1926,0.255
2.056,-110.62,0.5047,0.182
2.057,-110.47,0.5047,0.033
2.058,-71.56,0.5047,-0.039
2.059,-99.84,0.5047,-0.110
2.06,-68.91,0.5047,-0.238
2.061,-5.78,0.5047,-0.248
2.062,5.78,0.5047,-0.250
2.063,51.25,0.5047,-0.236
2.064,96.72,0.5047,-0.147
2.065,71.41,0.5047,-0.043
2.066,79.22,0.5047,-0.005
2.067,113.75,0.5047,0.116
2.068,36.88,0.3475,0.223
2.069,-1.56,0.0331,0.190
2.07,31.56,0.0331,0.220
2.071,-27.03,0.2071,0.253
2.072,-83.13,0.5550,0.166
2.073,-53.13,0.5550,0.087
2.074,-100.94,0.5550,0.059
2.075,-132.34,0.5550,-0.115
2.076,-50.16,0.5550,-0.205
2.077,-48.44,0.5550,-0.216
2.078,-39.06,0.5550,-0.302
2.079,66.25,0.5550,-0.294
2.08,89.84,0.5550,-0.170
2.081,60.31,0.5550,-0.114
2.082,125.63,0.5550,-0.049
2.083,102.50,0.5550,0.137
2.084,33.75,0.5550,0.156
2.085,66.25,0.5550,0.205
2.086,30.00,0.3998,0.288
2.087,-44.69,0.0894,0.265
2.088,-22.50,0.0894,0.199
2.089,-44.06,0.2392,0.220
2.09,-132.03,0.5387,0.111
2.091,-108.13,0.5387,-0.044
2.092,-75.63,0.5387,-0.105
2.093,-106.88,0.5387,-0.196
2.094,-48.44,0.5387,-0.319
2.095,32.19,0.5387,-0.292
2.096,30.31,0.5387,-0.255
2.097,75.16,0.5387,-0.232
2.098,125.94,0.5387,-0.104
2.099,70.63,0.5387,0.020
2.1,67.19,0.5387,0.037
2.101,115.47,0.5387,0.154
2.102,50.94,0.3630,0.268
2.103,4.53,0.0116,0.256
2.104,-0.78,0.1952,0.277
2.105,-63.28,0.5625,0.255
2.106,-96.56,0.5625,0.150
2.107,-80.47,0.5625,0.062
2.108,-101.88,0.5625,-0.011
2.109,-105.16,0.5625,-0.142
2.11,-39.37,0.5625,-0.221
2.111,-32.34,0.5625,-0.221
2.112,-25.16,0.5625,-0.286
2.113,71.25,0.5625,-0.271
2.114,99.84,0.5625,-0.143
2.115,77.66,0.5625,-0.072
2.116,116.56,0.5625,0.012
2.117,91.41,0.5625,0.162
2.118,10.78,0.3790,0.195
2.119,34.06,0.0119,0.183
2.12,25.31,0.2046,0.263
2.121,-51.09,0.5900,0.234
2.122,-38.91,0.5900,0.161
2.123,-77.34,0.5900,0.156
2.124,-155.63,0.5900,0.006
2.125,-91.56,0.5900,-0.155
2.126,-49.22,0.5900,-0.177
2.127,-75.00,0.5900,-0.254
2.128,0.31,0.5900,-0.327
2.129,74.84,0.5900,-0.253
2.13,39.22,0.5900,-0.177
2.131,72.34,0.5900,-0.175
2.132,129.53,0.5900,-0.033
2.133,73.91,0.5900,0.084
2.134,62.03,0.5900,0.115
2.135,76.56,0.5900,0.208
2.136,25.16,0.5815,0.268
2.137,-13.59,0.5644,0.259
2.138,-15.47,0.5644,0.241
2.139,-81.09,0.5644,0.228
2.14,-142.97,0.5644,0.079
2.141,-94.53,0.5644,-0.058
2.142,-86.41,0.5644,-0.110
2.143,-92.97,0.5644,-0.231
2.144,-14.38,0.5644,-0.296
2.145,7.81,0.5436,-0.260
2.146,25.00,0.5022,-0.280
2.147,100.16,0.5022,-0.210
2.148,97.19,0.5022,-0.080
2.149,72.34,0.5022,-0.015
2.15,103.59,0.5022,0.065
2.151,78.59,0.5022,0.192
2.152,11.09,0.5022,0.222
2.153,21.72,0.5022,0.214
2.154,-6.88,0.5313,0.265
2.155,-79.69,0.5894,0.200
2.156,-64.84,0.5894,0.106
2.157,-79.53,0.5894,0.071
2.158,-127.34,0.5894,-0.053
2.159,-73.28,0.5894,-0.184
2.16,-35.78,0.5894,-0.200
2.161,-62.19,0.5894,-0.256
2.162,25.63,0.5894,-0.324
2.163,106.41,0.5894,-0.204
2.164,65.16,0.5894,-0.111
2.165,95.78,0.5894,-0.074
2.166,119.84,0.5894,0.080
2.167,44.69,0.5894,0.166
2.168,40.94,0.5894,0.170
2.169,56.25,0.5894,0.248
2.17,-8.91,0.5944,0.282
2.171,-40.78,0.6044,0.230
2.172,-24.53,0.6044,0.201
2.173,-99.06,0.6044,0.181
2.174,-134.37,0.6044,0.003
2.175,-75.47,0.6044,-0.088
2.176,-100.16,0.6044,-0.148
2.177,-86.88,0.6044,-0.288
2.178,23.44,0.6044,-0.322
2.179,45.94,0.6044,-0.242
2.18,44.22,0.6044,-0.230
2.181,122.66,0.6044,-0.153
2.182,118.75,0.6044,0.015
2.183,65.16,0.6044,0.084
2.184,94.69,0.6044,0.145
2.185,55.00,0.4268,0.274
2.186,-35.78,0.0716,0.255
2.187,-1.56,0.0716,0.202
2.188,-10.47,0.2301,0.252
2.189,-104.69,0.5472,0.181
2.19,-99.53,0.5472,0.043
2.191,-78.75,0.5472,-0.018
2.192,-119.84,0.5472,-0.115
2.193,-71.09,0.5472,-0.258
2.194,-7.97,0.5472,-0.257
2.195,-12.50,0.5472,-0.273
2.196,57.34,0.5472,-0.282
2.197,91.25,0.5472,-0.159
2.198,51.09,0.5472,-0.099
2.199,101.25,0.5472,-0.057
2.2,129.53,0.5472,0.103
2.201,55.47,0.5472,0.203
2.202,31.41,0.5472,0.214
2.203,28.91,0.5472,0.265
2.204,-50.16,0.5574,0.272
2.205,-67.03,0.5778,0.165
2.206,-41.88,0.5778,0.138
2.207,-105.31,0.5778,0.081
2.208,-127.50,0.5778,-0.073
2.209,-68.28,0.5778,-0.174
2.21,-66.09,0.5778,-0.209
2.211,-34.69,0.5778,-0.306
2.212,71.25,0.5778,-0.279
2.213,63.91,0.5778,-0.163
2.214,44.06,0.5778,-0.151
2.215,118.91,0.5778,-0.075
2.216,98.75,0.5778,0.087
2.217,32.81,0.5778,0.122
2.218,73.59,0.5778,0.153
2.219,51.09,0.4017,0.269
2.22,-24.69,0.0494,0.255
2.221,-7.34,0.0494,0.220
2.222,-35.78,0.2057,0.240
2.223,-129.84,0.5184,0.148
2.224,-106.56,0.5184,-0.020
2.225,-80.62,0.5184,-0.065
2.226,-106.88,0.5184,-0.181
2.227,-29.84,0.5184,-0.278
2.228,7.97,0.4804,-0.241
2.229,-3.28,0.4044,-0.263
2.23,81.25,0.4044,-0.247
2.231,127.97,0.4044,-0.100
2.232,57.34,0.4044,0.009
2.233,66.56,0.4044,0.015
2.234,106.56,0.4044,0.142
2.235,29.53,0.2785,0.228
2.236,7.03,0.0269,0.201
2.237,9.69,0.2068,0.242
2.238,-53.59,0.5666,0.220
2.239,-69.69,0.5666,0.135
2.24,-60.31,0.5666,0.081
2.241,-107.03,0.5666,0.014
2.242,-113.59,0.5666,-0.133
2.243,-50.62,0.5666,-0.213
2.244,-55.78,0.5666,-0.234
2.245,-25.78,0.5666,-0.325
2.246,87.50,0.5666,-0.286
2.247,96.72,0.5666,-0.150
2.248,74.22,0.5666,-0.092
2.249,117.03,0.5666,-0.001
2.25,81.41,0.5666,0.142
2.251,33.91,0.5666,0.162
2.252,53.28,0.5666,0.209
2.253,11.56,0.4142,0.268
2.254,-54.69,0.1094,0.233
2.255,-22.03,0.1094,0.159
2.256,-36.41,0.2532,0.188
2.257,-134.84,0.5409,0.086
2.258,-102.50,0.5409,-0.081
2.259,-72.97,0.5409,-0.119
2.26,-102.97,0.5409,-0.227
2.261,-23.44,0.5409,-0.325
2.262,55.94,0.5409,-0.274
2.263,36.09,0.5409,-0.213
2.264,81.72,0.5409,-0.202
2.265,128.28,0.5409,-0.050
2.266,74.06,0.5409,0.055
2.267,80.62,0.5409,0.098
2.268,90.47,0.5409,0.216
2.269,14.53,0.3721,0.279
2.27,-6.25,0.0344,0.245
2.271,-6.25,0.2131,0.267
2.272,-91.41,0.5706,0.233
2.273,-114.84,0.5706,0.084
2.274,-73.12,0.5706,0.003
2.275,-107.50,0.5706,-0.062
2.276,-108.75,0.5706,-0.212
2.277,-30.00,0.5706,-0.280
2.278,-12.03,0.5706,-0.272
2.279,20.00,0.5706,-0.304
2.28,94.22,0.5706,-0.232
2.281,80.78,0.5706,-0.115
2.282,67.66,0.5706,-0.071
2.283,125.47,0.5706,0.020
2.284,103.28,0.5706,0.180
2.285,10.16,0.3891,0.227
2.286,26.25,0.0259,0.201
2.287,13.13,0.2245,0.279
2.288,-75.94,0.6216,0.227
2.289,-54.53,0.6216,0.127
2.29,-84.22,0.6216,0.118
2.291,-132.81,0.6216,-0.041
2.292,-77.66,0.6216,-0.148
2.293,-58.12,0.6216,-0.197
2.294,-72.97,0.6216,-0.264
2.295,6.09,0.6216,-0.343
2.296,75.78,0.6216,-0.252
2.297,39.38,0.6216,-0.191
2.298,96.56,0.6216,-0.173
2.299,147.03,0.6216,0.002
2.3,58.59,0.6216,0.121
2.301,54.69,0.6216,0.119
2.302,80.31,0.6216,0.230
2.303,-8.59,0.5971,0.280
2.304,-38.44,0.5481,0.213
2.305,-4.06,0.5481,0.203
2.306,-72.03,0.5481,0.205
2.307,-122.03,0.5481,0.059
2.308,-84.53,0.5481,-0.039
2.309,-112.50,0.5481,-0.110
2.31,-79.06,0.5481,-0.264
2.311,4.84,0.5481,-0.268
2.312,5.47,0.5481,-0.254
2.313,33.75,0.5481,-0.257
2.314,107.19,0.5481,-0.187
2.315,109.06,0.5481,-0.043
2.316,69.69,0.5481,0.031
2.317,102.81,0.5481,0.097
2.318,69.06,0.5481,0.237
2.319,-1.56,0.5481,0.235
2.32,23.59,0.5481,0.234
2.321,-18.91,0.5622,0.282
2.322,-97.81,0.5903,0.196
2.323,-86.41,0.5903,0.086
2.324,-88.44,0.5903,0.023
2.325,-116.09,0.5903,-0.091
2.326,-70.63,0.5903,-0.209
2.327,-40.47,0.5903,-0.232
2.328,-38.28,0.5903,-0.290
2.329,60.78,0.5903,-0.308
2.33,95.47,0.5903,-0.168
2.331,39.22,0.5903,-0.118
2.332,89.37,0.5903,-0.090
2.333,117.34,0.5903,0.061
2.334,52.66,0.5903,0.145
2.335,56.41,0.5903,0.167
2.336,59.69,0.5903,0.258
2.337,-30.16,0.5873,0.286
2.338,-53.75,0.5812,0.197
2.339,-35.78,0.5812,0.178
2.34,-98.13,0.5812,0.126
2.341,-113.12,0.5812,-0.018
2.342,-68.75,0.5812,-0.101
2.343,-93.75,0.5812,-0.155
2.344,-70.00,0.5812,-0.288
2.345,42.19,0.5812,-0.295
2.346,58.91,0.5812,-0.204
2.347,46.41,0.5812,-0.177
2.348,117.97,0.5812,-0.111
2.349,100.78,0.5812,0.058
2.35,45.47,0.5812,0.091
2.351,87.19,0.5812,0.149
2.352,39.37,0.5706,0.265
2.353,-23.44,0.5494,0.228
2.354,-0.47,0.5494,0.218
2.355,-30.94,0.5494,0.227
2.356,-105.94,0.5494,0.156
2.357,-101.09,0.5494,0.015
2.358,-84.69,0.5494,-0.046
2.359,-119.22,0.5494,-0.154
2.36,-51.72,0.5494,-0.284
2.361,2.03,0.5438,-0.258
2.362,-13.44,0.5325,-0.280
2.363,62.34,0.5325,-0.284
2.364,108.13,0.5325,-0.156
2.365,62.81,0.5325,-0.068
2.366,91.87,0.5325,-0.030
2.367,112.50,0.5325,0.116
2.368,35.16,0.5325,0.195
2.369,26.56,0.5325,0.186
2.37,36.41,0.5325,0.248
2.371,-39.06,0.5419,0.259
2.372,-67.19,0.5606,0.170
2.373,-65.16,0.5606,0.124
2.374,-113.91,0.5606,0.040
2.375,-94.84,0.5606,-0.103
2.376,-50.16,0.5606,-0.150
2.377,-75.94,0.5606,-0.204
2.378,-43.75,0.5606,-0.302
2.379,55.63,0.5606,-0.291
2.38,66.56,0.5606,-0.191
2.381,66.25,0.5606,-0.158
2.382,119.84,0.5606,-0.058
2.383,85.62,0.5606,0.082
2.384,43.75,0.5606,0.113
2.385,70.31,0.5606,0.169
2.386,42.34,0.5539,0.254
2.387,-20.62,0.5403,0.254
2.388,-17.19,0.5403,0.212
2.389,-54.69,0.5403,0.219
2.39,-131.56,0.5403,0.103
2.391,-83.59,0.5403,-0.044
2.392,-69.37,0.5403,-0.064
2.393,-111.25,0.5403,-0.183
2.394,-41.25,0.5403,-0.287
2.395,32.19,0.5403,-0.265
2.396,25.47,0.5403,-0.222
2.397,89.06,0.5403,-0.214
2.398,135.47,0.5403,-0.044
2.399,70.94,0.5403,0.057
2.4,72.81,0.5403,0.098
2.401,71.41,0.5403,0.203
2.402,-3.59,0.3753,0.241
2.403,13.59,0.0453,0.195
2.404,32.19,0.2334,0.268
2.405,-75.47,0.6097,0.260
2.406,-95.78,0.6097,0.117
2.407,-71.72,0.6097,0.068
2.408,-132.03,0.6097,-0.027
2.409,-111.25,0.6097,-0.196
2.41,-39.84,0.6097,-0.249
2.411,-46.41,0.6097,-0.276
2.412,11.72,0.6097,-0.342
2.413,107.97,0.6097,-0.252
2.414,83.91,0.6097,-0.126
2.415,77.34,0.6097,-0.084
2.416,119.84,0.6097,0.029
2.417,72.81,0.6097,0.155
2.418,26.09,0.6097,0.174
2.419,46.72,0.6097,0.208
2.42,8.28,0.6110,0.268
2.421,-47.66,0.6137,0.224
2.422,-30.94,0.6137,0.173
2.423,-69.53,0.6137,0.162
2.424,-139.06,0.6137,0.033
2.425,-97.97,0.6137,-0.116
2.426,-78.75,0.6137,-0.163
2.427,-91.72,0.6137,-0.273
2.428,12.19,0.6137,-0.346
2.429,74.37,0.6137,-0.249
2.43,37.97,0.6137,-0.197
2.431,91.72,0.6137,-0.173
2.432,132.97,0.6137,-0.014
2.433,58.12,0.6137,0.093
2.434,65.31,0.6137,0.103
2.435,86.25,0.6137,0.223
2.436,9.37,0.4201,0.275
2.437,-9.06,0.0328,0.242
2.438,-9.53,0.1980,0.257
2.439,-95.16,0.5284,0.223
2.44,-122.34,0.5284,0.067
2.441,-82.66,0.5284,-0.022
2.442,-98.13,0.5284,-0.099
2.443,-86.41,0.5284,-0.218
2.444,-19.84,0.5284,-0.272
2.445,-3.13,0.5213,-0.258
2.446,28.59,0.5069,-0.278
2.447,107.03,0.5069,-0.200
2.448,99.53,0.5069,-0.064
2.449,79.69,0.5069,-0.001
2.45,105.78,0.5069,0.096
2.451,56.56,0.5069,0.210
2.452,9.37,0.5069,0.209
2.453,36.25,0.5069,0.229
2.454,-3.75,0.5295,0.281
2.455,-65.78,0.5747,0.222
2.456,-57.19,0.5747,0.150
2.457,-97.34,0.5747,0.107
2.458,-140.63,0.5747,-0.045
2.459,-70.16,0.5747,-0.174
2.46,-38.13,0.5747,-0.185
2.461,-54.06,0.5747,-0.250
2.462,42.50,0.5747,-0.293
2.463,84.22,0.5747,-0.165
2.464,48.59,0.5747,-0.125
2.465,102.81,0.5747,-0.068
2.466,104.53,0.5747,0.081
2.467,28.75,0.5747,0.141
2.468,46.56,0.5747,0.138
2.469,59.84,0.5747,0.234
2.47,-24.84,0.4076,0.258
2.471,-24.84,0.0734,0.184
2.472,-12.81,0.2131,0.208
2.473,-111.09,0.4925,0.159
2.474,-116.87,0.4925,-0.014
2.475,-73.75,0.4925,-0.075
2.476,-104.69,0.4925,-0.162
2.477,-57.19,0.4925,-0.284
2.478,23.28,0.4925,-0.276
2.479,22.97,0.4925,-0.238
2.48,53.28,0.4925,-0.230
2.481,118.91,0.4925,-0.131
2.482,90.94,0.4925,0.008
2.483,61.56,0.4925,0.051
2.484,99.69,0.4925,0.131
2.485,37.34,0.3431,0.250
2.486,-11.88,0.0444,0.206
2.487,27.97,0.0444,0.226
2.488,-41.72,0.2130,0.262
2.489,-110.00,0.5503,0.143
2.49,-69.69,0.5503,0.042
2.491,-73.12,0.5503,0.003
2.492,-110.47,0.5503,-0.105
2.493,-56.56,0.5503,-0.218
2.494,-25.63,0.5503,-0.218
2.495,-35.47,0.5503,-0.269
2.496,55.16,0.5503,-0.289
2.497,88.75,0.5503,-0.158
2.498,50.16,0.5503,-0.111
2.499,105.78,0.5503,-0.058
2.5,115.78,0.5503,0.100
2.501,43.75,0.5503,0.173
2.502,43.13,0.5503,0.188
2.503,29.69,0.5466,0.260
2.504,-44.53,0.5391,0.247
2.505,-45.00,0.5391,0.171
2.506,-41.72,0.5391,0.157
2.507,-129.84,0.5391,0.087
2.508,-114.69,0.5391,-0.103
2.509,-38.75,0.5391,-0.142
2.51,-67.03,0.5391,-0.180
2.511,-49.69,0.5391,-0.276
2.512,32.34,0.5391,-0.279
2.513,43.28,0.5391,-0.212
2.514,61.72,0.5391,-0.193
2.515,118.44,0.5391,-0.088
2.516,81.41,0.5391,0.044
2.517,39.06,0.5391,0.075
2.518,82.81,0.5391,0.122
2.519,47.97,0.3668,0.240
2.52,-4.22,0.0222,0.218
2.521,0.16,0.1853,0.232
2.522,-61.09,0.5116,0.218
2.523,-115.94,0.5116,0.110
2.524,-86.41,0.5116,-0.013
2.525,-82.19,0.5116,-0.063
2.526,-108.28,0.5116,-0.178
2.527,-42.34,0.5116,-0.280
2.528,2.66,0.5019,-0.263
2.529,5.94,0.4825,-0.274
2.53,87.66,0.4825,-0.251
2.531,117.66,0.4825,-0.099
2.532,51.25,0.4825,-0.015
2.533,77.66,0.4825,0.003
2.534,102.34,0.4825,0.140
2.535,30.63,0.4825,0.208
2.536,32.50,0.4825,0.201
2.537,23.91,0.5155,0.273
2.538,-60.94,0.5816,0.249
2.539,-60.16,0.5816,0.151
2.54,-72.19,0.5816,0.129
2.541,-135.47,0.5816,0.007
2.542,-101.72,0.5816,-0.142
2.543,-42.66,0.5816,-0.197
2.544,-55.94,0.5816,-0.228
2.545,-8.28,0.5816,-0.308
2.546,81.25,0.5816,-0.244
2.547,69.53,0.5816,-0.146
2.548,84.06,0.5816,-0.105
2.549,119.69,0.5816,0.022
2.55,69.06,0.5816,0.134
2.551,48.28,0.5816,0.160
2.552,75.31,0.5816,0.231
2.553,6.25,0.5916,0.311
2.554,-60.00,0.6116,0.243
2.555,-29.53,0.6116,0.191
2.556,-76.72,0.6116,0.184
2.557,-131.87,0.6116,0.037
2.558,-68.28,0.6116,-0.079
2.559,-82.03,0.6116,-0.099
2.56,-100.78,0.6116,-0.243
2.561,-1.25,0.6116,-0.301
2.562,26.25,0.6116,-0.246
2.563,27.50,0.6116,-0.248
2.564,107.81,0.6116,-0.191
2.565,114.84,0.6116,-0.033
2.566,55.00,0.6116,0.039
2.567,85.94,0.6116,0.077
2.568,76.25,0.6116,0.211
2.569,-18.44,0.4265,0.230
2.57,-5.16,0.0563,0.174
2.571,8.75,0.2107,0.220
2.572,-72.34,0.5197,0.191
2.573,-90.16,0.5197,0.075
2.574,-82.66,0.5197,0.011
2.575,-117.03,0.5197,-0.090
2.576,-65.94,0.5197,-0.223
2.577,-12.19,0.5197,-0.222
2.578,-32.19,0.5197,-0.248
2.579,27.81,0.5197,-0.287
2.58,90.31,0.5197,-0.192
2.581,59.38,0.5197,-0.106
2.582,76.41,0.5197,-0.073
2.583,129.22,0.5197,0.047
2.584,66.09,0.5197,0.185
2.585,23.91,0.5197,0.179
2.586,62.50,0.5197,0.233
2.587,-2.50,0.5542,0.304
2.588,-63.44,0.6231,0.228
2.589,-55.63,0.6231,0.177
2.59,-119.22,0.6231,0.117
2.591,-148.75,0.6231,-0.061
2.592,-67.66,0.6231,-0.181
2.593,-55.00,0.6231,-0.197
2.594,-61.25,0.6231,-0.291
2.595,42.50,0.6231,-0.319
2.596,68.28,0.6231,-0.206
2.597,47.03,0.6231,-0.183
2.598,122.50,0.6231,-0.112
2.599,117.34,0.6231,0.063
2.6,41.72,0.6231,0.123
2.601,82.50,0.6231,0.146
2.602,72.66,0.6231,0.288
2.603,-30.31,0.4367,0.291
2.604,-26.41,0.0637,0.228
2.605,-22.03,0.2190,0.238
2.606,-100.47,0.5294,0.183
2.607,-119.84,0.5294,0.037
2.608,-86.56,0.5294,-0.056
2.609,-107.50,0.5294,-0.136
2.61,-77.66,0.5294,-0.271
2.611,-7.66,0.5294,-0.291
2.612,15.16,0.5294,-0.287
2.613,63.28,0.5294,-0.261
2.614,111.88,0.5294,-0.160
2.615,93.28,0.5294,-0.037
2.616,79.69,0.5294,0.027
2.617,87.66,0.5294,0.123
2.618,41.87,0.5294,0.202
2.619,13.28,0.5294,0.206
2.62,17.66,0.5294,0.228
2.621,-35.16,0.5532,0.242
2.622,-81.09,0.6009,0.158
2.623,-65.78,0.6009,0.079
2.624,-88.44,0.6009,0.027
2.625,-112.19,0.6009,-0.098
2.626,-62.66,0.6009,-0.198
2.627,-51.87,0.6009,-0.223
2.628,-41.72,0.6009,-0.302
2.629,56.72,0.6009,-0.306
2.63,86.41,0.6009,-0.188
2.631,57.50,0.6009,-0.133
2.632,115.47,0.6009,-0.073
2.633,101.87,0.6009,0.098
2.634,36.25,0.6009,0.131
2.635,82.03,0.6009,0.170
2.636,63.28,0.6009,0.295
2.637,-49.84,0.5943,0.297
2.638,-48.59,0.5809,0.195
2.639,-45.31,0.5809,0.199
2.64,-125.16,0.5809,0.104
2.641,-94.22,0.5809,-0.051
2.642,-61.09,0.5809,-0.084
2.643,-100.16,0.5809,-0.173
2.644,-49.37,0.5809,-0.284
2.645,30.16,0.5809,-0.272
2.646,25.00,0.5809,-0.224
2.647,51.41,0.5809,-0.222
2.648,120.00,0.5809,-0.121
2.649,85.00,0.5809,0.018
2.65,70.31,0.5809,0.049
2.651,107.19,0.5809,0.159
2.652,36.88,0.3975,0.263
2.653,-5.16,0.0306,0.233
2.654,18.44,0.0306,0.253
2.655,-53.91,0.1921,0.269
2.656,-124.84,0.5150,0.145
2.657,-82.66,0.5150,0.020
2.658,-82.03,0.5150,-0.020
2.659,-112.66,0.5150,-0.144
2.66,-43.44,0.5150,-0.246
2.661,-10.78,0.5031,-0.231
2.662,4.69,0.4794,-0.267
2.663,84.69,0.4794,-0.222
2.664,85.00,0.4794,-0.098
2.665,54.22,0.4794,-0.052
2.666,94.06,0.4794,0.011
2.667,96.87,0.4794,0.136
2.668,37.97,0.4794,0.204
2.669,49.69,0.4794,0.212
2.67,14.53,0.5325,0.304
2.671,-85.31,0.6388,0.241
2.672,-57.19,0.6388,0.133
2.673,-59.38,0.6388,0.127
2.674,-135.62,0.6388,0.014
2.675,-82.34,0.6388,-0.144
2.676,-41.88,0.6388,-0.150
2.677,-92.34,0.6388,-0.228
2.678,-17.81,0.6388,-0.335
2.679,72.50,0.6388,-0.264
2.68,39.06,0.6388,-0.190
2.681,72.66,0.6388,-0.186
2.682,139.37,0.6388,-0.045
2.683,63.12,0.4600,0.093
2.684,45.47,0.1025,0.082
2.685,79.53,0.1025,0.184
2.686,10.94,0.0799,0.241
2.687,-13.28,0.0347,0.206
2.688,11.09,0.0347,0.214
2.689,-62.66,0.1922,0.228
2.69,-130.31,0.5072,0.089
2.691,-83.28,0.5072,-0.033
2.692,-88.91,0.5072,-0.078
2.693,-93.59,0.5072,-0.210
2.694,-13.13,0.5072,-0.265
2.695,13.12,0.5072,-0.237
2.696,21.41,0.5072,-0.239
2.697,84.22,0.5072,-0.194
2.698,89.06,0.5072,-0.070
2.699,63.75,0.5072,-0.016
2.7,112.03,0.5072,0.057
2.701,92.50,0.5072,0.208
2.702,14.06,0.5072,0.242
2.703,21.09,0.5072,0.237
2.704,2.03,0.5474,0.284
2.705,-77.03,0.6278,0.241
2.706,-74.06,0.6278,0.130
2.707,-89.06,0.6278,0.092
2.708,-142.81,0.6278,-0.048
2.709,-82.50,0.6278,-0.193
2.71,-42.03,0.6278,-0.213
2.711,-65.31,0.6278,-0.277
2.712,28.12,0.6278,-0.343
2.713,94.84,0.6278,-0.221
2.714,42.97,0.6278,-0.154
2.715,90.94,0.6278,-0.135
2.716,140.31,0.6278,0.028
2.717,66.25,0.6278,0.146
2.718,55.78,0.6278,0.161
2.719,80.16,0.6278,0.257
2.72,-10.62,0.6309,0.321
2.721,-61.72,0.6372,0.236
2.722,-32.66,0.6372,0.198
2.723,-101.88,0.6372,0.171
2.724,-129.84,0.6372,-0.006
2.725,-64.37,0.6372,-0.089
2.726,-91.72,0.6372,-0.135
2.727,-90.62,0.6372,-0.273
2.728,14.84,0.6372,-0.316
2.729,45.16,0.6372,-0.243
2.73,29.06,0.6372,-0.226
2.731,99.84,0.6372,-0.185
2.732,116.25,0.6372,-0.026
2.733,65.16,0.6372,0.048
2.734,94.22,0.6372,0.104
2.735,55.78,0.4416,0.236
2.736,-25.16,0.0503,0.216
2.737,8.59,0.0503,0.186
2.738,-13.28,0.2148,0.233
2.739,-95.00,0.5438,0.159
2.74,-79.06,0.5438,0.043
2.741,-75.00,0.5438,0.001
2.742,-122.50,0.5438,-0.107
2.743,-68.28,0.5438,-0.244
2.744,-11.09,0.5438,-0.244
2.745,-13.13,0.5438,-0.266
2.746,57.03,0.5438,-0.270
2.747,98.44,0.5438,-0.152
2.748,59.84,0.5438,-0.073
2.749,85.62,0.5438,-0.032
2.75,112.97,0.5438,0.098
2.751,56.72,0.5438,0.194
2.752,40.00,0.5438,0.212
2.753,47.66,0.5438,0.274
2.754,-28.75,0.5700,0.307
2.755,-67.50,0.6225,0.216
2.756,-70.78,0.6225,0.172
2.757,-137.97,0.6225,0.075
2.758,-134.84,0.6225,-0.104
2.759,-55.78,0.6225,-0.195
2.76,-57.34,0.6225,-0.216
2.761,-50.00,0.6225,-0.310
2.762,55.47,0.6225,-0.316
2.763,70.00,0.6225,-0.199
2.764,51.09,0.6225,-0.176
2.765,122.19,0.6225,-0.097
2.766,107.81,0.6225,0.069
2.767,42.50,0.6225,0.119
2.768,75.78,0.6225,0.154
2.769,56.72,0.4339,0.271
2.77,-28.28,0.0566,0.267
2.771,-16.88,0.0566,0.214
2.772,-42.66,0.2105,0.233
2.773,-139.69,0.5184,0.129
2.774,-96.87,0.5184,-0.046
2.775,-50.47,0.5184,-0.065
2.776,-107.03,0.5184,-0.147
2.777,-52.50,0.5184,-0.279
2.778,28.28,0.5184,-0.252
2.779,15.00,0.5184,-0.223
2.78,60.78,0.5184,-0.222
2.781,115.47,0.5184,-0.101
2.782,60.78,0.5184,0.009
2.783,73.91,0.5184,0.021
2.784,109.37,0.5184,0.157
2.785,39.84,0.5184,0.239
2.786,12.03,0.5184,0.237
2.787,11.25,0.5388,0.263
2.788,-52.81,0.5794,0.259
2.789,-88.28,0.5794,0.158
2.79,-68.91,0.5794,0.083
2.791,-104.06,0.5794,0.020
2.792,-116.25,0.5794,-0.126
2.793,-64.84,0.5794,-0.212
2.794,-51.72,0.5794,-0.255
2.795,-5.31,0.5794,-0.316
2.796,83.91,0.5794,-0.266
2.797,81.41,0.5794,-0.148
2.798,65.62,0.5794,-0.103
2.799,120.62,0.5794,-0.017
2.8,99.84,0.5794,0.138
2.801,36.41,0.5794,0.183
2.802,55.63,0.5794,0.211
2.803,20.94,0.4221,0.294
2.804,-53.75,0.1075,0.253
2.805,-15.62,0.1075,0.187
2.806,-47.03,0.2557,0.222
2.807,-148.28,0.5522,0.092
2.808,-106.41,0.5522,-0.075
2.809,-73.91,0.5522,-0.120
2.81,-105.16,0.5522,-0.223
2.811,-24.84,0.5522,-0.331
2.812,55.16,0.5522,-0.273
2.813,33.44,0.5522,-0.220
2.814,76.09,0.5522,-0.206
2.815,142.19,0.5522,-0.068
2.816,87.19,0.5522,0.079
2.817,70.94,0.5522,0.106
2.818,93.91,0.5522,0.221
2.819,-2.66,0.5609,0.294
2.82,-37.81,0.5784,0.215
2.821,1.88,0.5784,0.218
2.822,-71.41,0.5784,0.219
2.823,-119.84,0.5784,0.076
2.824,-81.09,0.5784,-0.021
2.825,-99.06,0.5784,-0.087
2.826,-98.91,0.5784,-0.219
2.827,-26.88,0.5784,-0.284
2.828,-3.44,0.5534,-0.273
2.829,22.66,0.5034,-0.291
2.83,89.22,0.5034,-0.227
2.831,84.84,0.5034,-0.113
2.832,76.41,0.5034,-0.058
2.833,116.41,0.5034,0.040
2.834,78.44,0.5034,0.175
2.835,18.44,0.5034,0.197
2.836,41.87,0.5034,0.212
2.837,17.19,0.5434,0.281
2.838,-63.75,0.6234,0.247
2.839,-65.00,0.6234,0.153
2.84,-83.28,0.6234,0.117
2.841,-137.50,0.6234,-0.013
2.842,-88.91,0.6234,-0.158
2.843,-56.87,0.6234,-0.191
2.844,-75.78,0.6234,-0.272
2.845,10.47,0.6234,-0.343
2.846,72.97,0.6234,-0.251
2.847,42.03,0.6234,-0.197
2.848,97.34,0.6234,-0.167
2.849,145.94,0.6234,-0.002
2.85,59.53,0.6234,0.125
2.851,33.91,0.6234,0.117
2.852,68.28,0.6234,0.193
2.853,12.19,0.5985,0.253
2.854,-27.66,0.5487,0.217
2.855,-20.63,0.5487,0.198
2.856,-97.66,0.5487,0.176
2.857,-137.03,0.5487,0.003
2.858,-59.84,0.5487,-0.098
2.859,-76.56,0.5487,-0.117
2.86,-89.22,0.5487,-0.252
2.861,3.13,0.5487,-0.295
2.862,23.28,0.5487,-0.245
2.863,32.97,0.5487,-0.249
2.864,100.94,0.5487,-0.179
2.865,110.94,0.5487,-0.047
2.866,71.41,0.5487,0.043
2.867,99.69,0.5487,0.096
2.868,64.69,0.3724,0.242
2.869,-9.84,0.0197,0.225
2.87,31.87,0.0197,0.222
2.871,0.31,0.2083,0.289
2.872,-92.34,0.5856,0.223
2.873,-88.75,0.5856,0.104
2.874,-99.37,0.5856,0.045
2.875,-130.47,0.5856,-0.094
2.876,-69.84,0.5856,-0.216
2.877,-27.34,0.5856,-0.234
2.878,-31.25,0.5856,-0.270
2.879,47.97,0.5856,-0.297
2.88,79.84,0.5856,-0.174
2.881,52.81,0.5856,-0.137
2.882,109.53,0.5856,-0.069
2.883,111.41,0.5856,0.082
2.884,53.59,0.5856,0.154
2.885,53.59,0.5856,0.189
2.886,52.50,0.5856,0.261
2.887,-23.59,0.5854,0.294
2.888,-49.37,0.5850,0.214
2.889,-41.56,0.5850,0.196
2.89,-115.63,0.5850,0.131
2.891,-126.88,0.5850,-0.036
2.892,-62.19,0.5850,-0.123
2.893,-72.03,0.5850,-0.160
2.894,-65.31,0.5850,-0.267
2.895,26.41,0.5850,-0.291
2.896,51.09,0.5850,-0.214
2.897,48.13,0.5850,-0.188
2.898,108.75,0.5850,-0.118
2.899,102.34,0.5850,0.029
2.9,52.03,0.5850,0.087
2.901,89.37,0.5850,0.133
2.902,62.66,0.4047,0.266
2.903,-22.03,0.0441,0.258
2.904,-3.13,0.0441,0.222
2.905,-29.38,0.2086,0.252
2.906,-115.47,0.5378,0.163
2.907,-96.87,0.5378,0.021
2.908,-80.62,0.5378,-0.031
2.909,-122.97,0.5378,-0.140
2.91,-68.13,0.5378,-0.277
2.911,-4.38,0.5378,-0.276
2.912,7.97,0.5378,-0.286
2.913,74.69,0.5378,-0.260
2.914,105.47,0.5378,-0.136
2.915,67.81,0.5378,-0.049
2.916,92.34,0.5378,-0.001
2.917,102.81,0.5378,0.135
2.918,22.19,0.3795,0.205
2.919,18.75,0.0628,0.180
2.92,38.91,0.0628,0.242
2.921,-30.16,0.2299,0.258
2.922,-50.16,0.5641,0.182
2.923,-56.56,0.5641,0.157
2.924,-127.97,0.5641,0.069
2.925,-117.03,0.5641,-0.099
2.926,-60.00,0.5641,-0.165
2.927,-70.78,0.5641,-0.219
2.928,-43.75,0.5641,-0.307
2.929,62.03,0.5641,-0.306
2.93,82.81,0.5641,-0.183
2.931,71.72,0.5641,-0.141
2.932,123.75,0.5641,-0.039
2.933,83.13,0.5641,0.107
2.934,37.66,0.5641,0.127
2.935,72.34,0.5641,0.182
2.936,31.87,0.4030,0.272
2.937,-40.47,0.0809,0.246
2.938,-20.47,0.0809,0.191
2.939,-50.47,0.2252,0.205
2.94,-132.97,0.5138,0.090
2.941,-87.50,0.5138,-0.061
2.942,-71.88,0.5138,-0.085
2.943,-111.88,0.5138,-0.205
2.944,-43.59,0.5138,-0.309
2.945,22.19,0.5138,-0.292
2.946,22.03,0.5138,-0.264
2.947,82.81,0.5138,-0.248
2.948,134.53,0.5138,-0.099
2.949,69.53,0.5138,0.021
2.95,82.81,0.5138,0.040
2.951,102.03,0.5138,0.187
2.952,7.34,0.3570,0.244
2.953,0.31,0.0434,0.202
2.954,23.75,0.0434,0.245
2.955,-63.75,0.2158,0.249
2.956,-98.75,0.5606,0.118
2.957,-83.28,0.5606,0.052
2.958,-117.66,0.5606,-0.049
2.959,-99.22,0.5606,-0.184
2.96,-32.19,0.5606,-0.248
2.961,-32.03,0.5606,-0.248
2.962,2.81,0.5606,-0.312
2.963,95.94,0.5606,-0.242
2.964,81.41,0.5606,-0.120
2.965,62.81,0.5606,-0.080
2.966,114.84,0.5606,0.006
2.967,93.75,0.5606,0.150
2.968,34.22,0.5606,0.193
2.969,45.00,0.5606,0.218
2.97,1.25,0.4152,0.283
2.971,-62.19,0.1244,0.221
2.972,-22.97,0.1244,0.159
2.973,-70.16,0.2775,0.175
2.974,-144.69,0.5838,0.019
2.975,-74.69,0.5838,-0.114
2.976,-66.25,0.5838,-0.131
2.977,-102.19,0.5838,-0.247
2.978,-15.78,0.5838,-0.335
2.979,56.09,0.5838,-0.278
2.98,46.09,0.5838,-0.223
2.981,110.63,0.5838,-0.186
2.982,138.75,0.5838,-0.002
2.983,66.25,0.5838,0.091
2.984,78.75,0.5838,0.131
2.985,70.78,0.5838,0.249
2.986,-9.37,0.4033,0.273
2.987,-7.50,0.0425,0.230
2.988,9.06,0.2027,0.258
2.989,-90.00,0.5231,0.248
2.99,-125.31,0.5231,0.077
2.991,-74.38,0.5231,-0.003
2.992,-101.41,0.5231,-0.071
2.993,-87.97,0.5231,-0.205
2.994,-27.81,0.5231,-0.247
2.995,-9.22,0.5231,-0.261
2.996,36.72,0.5231,-0.266
2.997,92.03,0.5231,-0.188
2.998,87.19,0.5231,-0.082
2.999,84.37,0.5231,-0.013
3,103.44,0.5231,0.087
3.001,59.53,0.5231,0.194
3.002,12.03,0.5231,0.206
3.003,48.13,0.5231,0.218
3.004,-1.41,0.5571,0.302
3.005,-93.28,0.6250,0.215
3.006,-73.12,0.6250,0.116
3.007,-90.78,0.6250,0.069
3.008,-125.47,0.6250,-0.066
3.009,-70.16,0.6250,-0.182
3.01,-50.94,0.6250,-0.206
3.011,-58.28,0.6250,-0.284
3.012,54.84,0.6250,-0.323
3.013,97.19,0.6250,-0.174
3.014,29.69,0.6250,-0.128
3.015,85.78,0.6250,-0.115
3.016,123.44,0.6250,0.043
3.017,56.41,0.6250,0.132
3.018,53.28,0.6250,0.156
3.019,64.69,0.6250,0.238
3.02,-8.91,0.6054,0.286
3.021,-34.53,0.5662,0.221
3.022,-25.78,0.5662,0.217
3.023,-112.66,0.5662,0.169
3.024,-129.53,0.5662,-0.009
3.025,-71.41,0.5662,-0.090
3.026,-85.00,0.5662,-0.152
3.027,-64.53,0.5662,-0.260
3.028,14.37,0.5662,-0.281
3.029,34.37,0.5662,-0.231
3.03,42.81,0.5662,-0.212
3.031,101.88,0.5662,-0.146
3.032,93.28,0.5662,-0.008
3.033,47.19,0.5662,0.041
3.034,87.03,0.5662,0.086
3.035,70.16,0.5662,0.215
3.036,14.69,0.5662,0.227
3.037,12.66,0.5662,0.244
3.038,-30.00,0.5687,0.252
3.039,-85.63,0.5738,0.184
3.04,-96.72,0.5738,0.081
3.041,-107.34,0.5738,-0.009
3.042,-123.91,0.5738,-0.134
3.043,-60.47,0.5738,-0.257
3.044,-20.31,0.5738,-0.255
3.045,-18.59,0.5738,-0.297
3.046,62.97,0.5738,-0.292
3.047,97.97,0.5738,-0.172
3.048,64.53,0.5738,-0.096
3.049,104.37,0.5738,-0.043
3.05,106.88,0.5738,0.113
3.051,36.72,0.5738,0.171
3.052,52.50,0.5738,0.186
3.053,51.72,0.5738,0.276
3.054,-43.13,0.5916,0.289
3.055,-58.75,0.6272,0.190
3.056,-54.84,0.6272,0.172
3.057,-130.47,0.6272,0.080
3.058,-120.47,0.6272,-0.089
3.059,-69.53,0.6272,-0.161
3.06,-88.59,0.6272,-0.228
3.061,-48.59,0.6272,-0.338
3.062,65.16,0.6272,-0.325
3.063,73.91,0.6272,-0.208
3.064,62.19,0.6272,-0.177
3.065,122.03,0.6272,-0.083
3.066,86.25,0.6272,0.067
3.067,51.25,0.6272,0.089
3.068,94.37,0.6272,0.169
3.069,35.94,0.4414,0.278
3.07,-34.84,0.0697,0.241
3.071,-8.75,0.0697,0.208
3.072,-29.53,0.2117,0.223
3.073,-110.78,0.4956,0.149
3.074,-98.59,0.4956,0.002
3.075,-86.09,0.4956,-0.048
3.076,-107.97,0.4956,-0.170
3.077,-43.75,0.4956,-0.264
3.078,-4.22,0.4956,-0.258
3.079,6.72,0.4956,-0.272
3.08,85.16,0.4956,-0.244
3.081,115.78,0.4956,-0.102
3.082,72.34,0.4956,-0.013
3.083,87.66,0.4956,0.043
3.084,85.00,0.4956,0.163
3.085,4.69,0.3441,0.213
3.086,14.38,0.0409,0.172
3.087,23.44,0.2145,0.242
3.088,-57.97,0.5616,0.219
3.089,-60.94,0.5616,0.126
3.09,-76.25,0.5616,0.097
3.091,-132.34,0.5616,-0.027
3.092,-78.28,0.5616,-0.168
3.093,-36.56,0.5616,-0.183
3.094,-68.28,0.5616,-0.241
3.095,-5.94,0.5616,-0.320
3.096,87.66,0.5616,-0.253
3.097,73.28,0.5616,-0.145
3.098,75.00,0.5616,-0.106
3.099,120.00,0.5616,0.005
3.1,81.09,0.5616,0.134
3.101,42.50,0.5616,0.168
3.102,60.16,0.5616,0.219
3.103,13.28,0.5821,0.288
3.104,-45.94,0.6231,0.245
3.105,-25.78,0.6231,0.196
3.106,-68.13,0.6231,0.194
3.107,-136.56,0.6231,0.060
3.108,-89.06,0.6231,-0.079
3.109,-84.37,0.6231,-0.118
3.11,-108.44,0.6231,-0.248
3.111,-0.78,0.6231,-0.335
3.112,55.00,0.6231,-0.250
3.113,24.69,0.6231,-0.225
3.114,80.47,0.6231,-0.200
3.115,129.84,0.6231,-0.064
3.116,78.28,0.6231,0.059
3.117,86.88,0.6231,0.092
3.118,87.34,0.6231,0.233
3.119,-9.53,0.4330,0.267
3.12,-11.72,0.0528,0.214
3.121,0.78,0.2054,0.243
3.122,-82.34,0.5106,0.216
3.123,-110.78,0.5106,0.079
3.124,-72.19,0.5106,-0.006
3.125,-93.28,0.5106,-0.066
3.126,-85.62,0.5106,-0.193
3.127,-25.00,0.5106,-0.237
3.128,-15.16,0.5106,-0.242
3.129,22.81,0.5106,-0.267
3.13,88.44,0.5106,-0.197
3.131,75.78,0.5106,-0.090
3.132,79.53,0.5106,-0.045
3.133,120.00,0.5106,0.069
3.134,72.19,0.5106,0.195
3.135,14.38,0.5106,0.213
3.136,40.16,0.5106,0.223
3.137,-4.53,0.5482,0.293
3.138,-67.50,0.6234,0.214
3.139,-53.44,0.6234,0.158
3.14,-100.62,0.6234,0.108
3.141,-133.59,0.6234,-0.043
3.142,-61.87,0.6234,-0.160
3.143,-52.50,0.6234,-0.167
3.144,-81.72,0.6234,-0.265
3.145,8.91,0.6234,-0.330
3.146,61.72,0.6234,-0.247
3.147,38.44,0.6234,-0.207
3.148,110.63,0.6234,-0.170
3.149,134.06,0.6234,0.015
3.15,56.88,0.6234,0.098
3.151,82.97,0.6234,0.128
3.152,74.53,0.6234,0.264
3.153,-24.69,0.4366,0.278
3.154,-14.84,0.0628,0.215
3.155,-3.75,0.2123,0.248
3.156,-100.00,0.5113,0.207
3.157,-129.53,0.5113,0.048
3.158,-76.25,0.5113,-0.052
3.159,-105.78,0.5113,-0.105
3.16,-78.28,0.5113,-0.263
3.161,12.19,0.5113,-0.261
3.162,11.09,0.5113,-0.239
3.163,39.06,0.5113,-0.239
3.164,98.44,0.5113,-0.161
3.165,80.62,0.5113,-0.042
3.166,71.88,0.5113,0.000
3.167,113.28,0.5113,0.102
3.168,57.50,0.3443,0.227
3.169,-0.94,0.0103,0.217
3.17,21.25,0.0103,0.225
3.171,-17.66,0.1833,0.259
3.172,-71.88,0.5294,0.190
3.173,-62.66,0.5294,0.115
3.174,-100.00,0.5294,0.064
3.175,-133.44,0.5294,-0.085
3.176,-57.19,0.5294,-0.203
3.177,-17.34,0.5294,-0.199
3.178,-35.62,0.5294,-0.237
3.179,30.31,0.5294,-0.270
3.18,60.47,0.5294,-0.177
3.181,48.13,0.5294,-0.149
3.182,113.59,0.5294,-0.080
3.183,107.81,0.5294,0.078
3.184,40.00,0.5294,0.135
3.185,55.78,0.5294,0.158
3.186,50.78,0.5294,0.247
3.187,-26.72,0.5486,0.259
3.188,-30.00,0.5872,0.193
3.189,-42.03,0.5872,0.199
3.19,-134.69,0.5872,0.109
3.191,-115.16,0.5872,-0.070
3.192,-56.87,0.5872,-0.121
3.193,-98.12,0.5872,-0.184
3.194,-72.03,0.5872,-0.317
3.195,42.66,0.5872,-0.328
3.196,61.41,0.5872,-0.232
3.197,63.59,0.5872,-0.205
3.198,127.03,0.5872,-0.105
3.199,92.81,0.5872,0.049
3.2,54.22,0.5872,0.081
3.201,91.88,0.5872,0.158
3.202,42.66,0.3995,0.265
3.203,1.09,0.0241,0.243
3.204,17.34,0.0241,0.267
3.205,-45.94,0.2016,0.278
3.206,-113.59,0.5566,0.175
3.207,-84.37,0.5566,0.050
3.208,-93.44,0.5566,0.006
3.209,-128.75,0.5566,-0.137
3.21,-61.09,0.5566,-0.251
3.211,-13.91,0.5566,-0.259
3.212,6.41,0.5566,-0.279
3.213,79.69,0.5566,-0.246
3.214,84.84,0.5566,-0.120
3.215,60.47,0.5566,-0.076
3.216,110.31,0.5566,0.001
3.217,85.62,0.5566,0.144
3.218,23.59,0.5566,0.173
3.219,54.22,0.5566,0.192
3.22,32.81,0.5802,0.281
3.221,-63.44,0.6275,0.257
3.222,-58.91,0.6275,0.154
3.223,-62.19,0.6275,0.139
3.224,-134.84,0.6275,0.030
3.225,-115.00,0.6275,-0.130
3.226,-65.78,0.6275,-0.200
3.227,-73.13,0.6275,-0.262
3.228,0.78,0.6275,-0.347
3.229,92.34,0.6275,-0.260
3.23,50.00,0.6275,-0.162
3.231,63.28,0.6275,-0.160
3.232,117.19,0.6275,-0.035
3.233,75.78,0.6275,0.074
3.234,62.97,0.6275,0.116
3.235,92.81,0.6275,0.200
3.236,22.81,0.4482,0.302
3.237,-44.84,0.0897,0.246
3.238,-2.19,0.0897,0.212
3.239,-58.91,0.2454,0.241
3.24,-143.59,0.5569,0.094
3.241,-92.81,0.5569,-0.046
3.242,-86.88,0.5569,-0.091
3.243,-112.19,0.5569,-0.220
3.244,-25.62,0.5569,-0.316
3.245,12.81,0.5283,-0.271
3.246,24.53,0.4712,-0.290
3.247,118.59,0.4712,-0.222
3.248,115.16,0.4712,-0.053
3.249,44.69,0.4712,0.008
3.25,86.41,0.4712,0.037
3.251,88.28,0.4712,0.181
3.252,6.25,0.3206,0.213
3.253,31.56,0.0194,0.194
3.254,19.69,0.2082,0.276
3.255,-67.66,0.5859,0.233
3.256,-73.44,0.5859,0.141
3.257,-82.66,0.5859,0.086
3.258,-120.47,0.5859,-0.024
3.259,-97.97,0.5859,-0.155
3.26,-52.34,0.5859,-0.220
3.261,-44.69,0.5859,-0.259
3.262,17.81,0.5859,-0.310
3.263,94.84,0.5859,-0.224
3.264,66.25,0.5859,-0.120
3.265,74.69,0.5859,-0.091
3.266,110.47,0.5859,0.029
3.267,61.41,0.5859,0.130
3.268,43.59,0.5859,0.152
3.269,64.06,0.5859,0.217
3.27,-4.53,0.5893,0.280
3.271,-52.81,0.5959,0.208
3.272,-17.19,0.5959,0.175
3.273,-83.91,0.5959,0.173
3.274,-145.00,0.5959,0.007
3.275,-79.06,0.5959,-0.117
3.276,-72.19,0.5959,-0.151
3.277,-82.19,0.5959,-0.261
3.278,17.97,0.5959,-0.316
3.279,57.66,0.5959,-0.225
3.28,27.97,0.5959,-0.200
3.281,104.69,0.5959,-0.169
3.282,115.47,0.5959,0.009
3.283,41.72,0.5959,0.062
3.284,79.84,0.5959,0.092
3.285,76.56,0.5959,0.222
3.286,-9.06,0.4114,0.246
3.287,11.87,0.0422,0.203
3.288,3.44,0.2149,0.269
3.289,-105.78,0.5603,0.210
3.29,-109.53,0.5603,0.058
3.291,-76.56,0.5603,-0.009
3.292,-104.53,0.5603,-0.095
3.293,-65.16,0.5603,-0.218
3.294,-10.63,0.5603,-0.226
3.295,-32.66,0.5603,-0.239
3.296,33.12,0.5603,-0.291
3.297,107.03,0.5603,-0.173
3.298,61.56,0.5603,-0.077
3.299,83.13,0.5603,-0.050
3.3,115.47,0.5603,0.089
3.301,45.63,0.5603,0.181
3.302,15.62,0.5603,0.181
3.303,59.22,0.5603,0.212
3.304,2.34,0.5701,0.299
3.305,-75.31,0.5897,0.217
3.306,-67.19,0.5897,0.148
3.307,-110.94,0.5897,0.083
3.308,-118.44,0.5897,-0.073
3.309,-61.72,0.5897,-0.154
3.31,-65.78,0.5897,-0.197
3.311,-46.87,0.5897,-0.286
3.312,56.25,0.5897,-0.291
3.313,78.44,0.5897,-0.173
3.314,47.81,0.5897,-0.134
3.315,116.72,0.5897,-0.077
3.316,98.28,0.5897,0.100
3.317,28.28,0.5897,0.119
3.318,79.69,0.5897,0.156
3.319,55.94,0.4131,0.278
3.32,-30.00,0.0600,0.268
3.321,-14.06,0.0600,0.218
3.322,-39.69,0.2132,0.240
3.323,-140.78,0.5197,0.139
3.324,-110.63,0.5197,-0.042
3.325,-57.81,0.5197,-0.082
3.326,-95.16,0.5197,-0.157
3.327,-57.97,0.5197,-0.273
3.328,1.41,0.5197,-0.273
3.329,12.81,0.5197,-0.270
3.33,68.44,0.5197,-0.248
3.331,112.03,0.5197,-0.133
3.332,84.22,0.5197,-0.023
3.333,88.59,0.5197,0.036
3.334,102.19,0.5197,0.154
3.335,46.41,0.5197,0.240
3.336,8.91,0.5197,0.247
3.337,5.63,0.5251,0.258
3.338,-60.16,0.5359,0.258
3.339,-84.69,0.5359,0.138
3.34,-47.97,0.5359,0.088
3.341,-104.69,0.5359,0.042
3.342,-117.97,0.5359,-0.121
3.343,-50.63,0.5359,-0.194
3.344,-41.56,0.5359,-0.222
3.345,-24.84,0.5359,-0.278
3.346,64.53,0.5359,-0.272
3.347,72.97,0.5359,-0.148
3.348,51.25,0.5359,-0.126
3.349,119.53,0.5359,-0.046
3.35,94.38,0.5359,0.113
3.351,30.00,0.5359,0.143
3.352,57.81,0.5359,0.173
3.353,43.75,0.5359,0.258
3.354,-44.69,0.5550,0.261
3.355,-47.66,0.5931,0.169
3.356,-68.28,0.5931,0.165
3.357,-137.34,0.5931,0.033
3.358,-84.53,0.5931,-0.109
3.359,-54.84,0.5931,-0.137
3.36,-97.97,0.5931,-0.219
3.361,-43.59,0.5931,-0.333
3.362,68.44,0.5931,-0.306
3.363,57.97,0.5931,-0.196
3.364,64.37,0.5931,-0.190
3.365,117.81,0.5931,-0.067
3.366,68.59,0.5931,0.045
3.367,65.78,0.5931,0.070
3.368,85.47,0.5931,0.177
3.369,16.87,0.4056,0.241
3.37,-3.28,0.0306,0.211
3.371,11.56,0.1866,0.235
3.372,-70.47,0.4984,0.234
3.373,-127.81,0.4984,0.094
3.374,-77.34,0.4984,-0.022
3.375,-83.28,0.4984,-0.061
3.376,-101.41,0.4984,-0.188
3.377,-23.28,0.4984,-0.264
3.378,-10.00,0.4998,-0.235
3.379,-8.59,0.5025,-0.284
3.38,84.69,0.5025,-0.252
3.381,102.19,0.5025,-0.114
3.382,70.31,0.5025,-0.048
3.383,100.94,0.5025,0.026
3.384,93.59,0.5025,0.154
3.385,32.34,0.5025,0.213
3.386,30.16,0.5025,0.219
3.387,6.09,0.5272,0.274
3.388,-63.91,0.5766,0.231
3.389,-60.00,0.5766,0.146
3.39,-83.59,0.5766,0.111
3.391,-142.50,0.5766,-0.021
3.392,-81.41,0.5766,-0.174
3.393,-37.97,0.5766,-0.184
3.394,-59.37,0.5766,-0.250
3.395,11.72,0.5766,-0.303
3.396,67.81,0.5766,-0.227
3.397,40.78,0.5766,-0.167
3.398,85.62,0.5766,-0.145
3.399,130.00,0.5766,0.004
3.4,57.03,0.5766,0.115
3.401,52.66,0.5766,0.118
3.402,80.62,0.5766,0.220
3.403,2.81,0.5766,0.279
3.404,-23.59,0.5766,0.226
3.405,-22.03,0.5766,0.232
3.406,-103.91,0.5766,0.182
3.407,-125.78,0.5766,0.024
3.408,-69.22,0.5766,-0.070
3.409,-85.78,0.5766,-0.114
3.41,-91.56,0.5766,-0.241
3.411,-12.97,0.5766,-0.297
3.412,23.91,0.5766,-0.267
3.413,43.91,0.5766,-0.249
3.414,110.31,0.5766,-0.179
3.415,112.50,0.5766,-0.029
3.416,65.00,0.5766,0.046
3.417,87.34,0.5766,0.101
3.418,53.44,0.3886,0.220
3.419,-6.41,0.0128,0.208
3.42,32.66,0.0128,0.208
3.421,-2.03,0.1995,0.273
3.422,-95.62,0.5728,0.203
3.423,-79.69,0.5728,0.082
3.424,-73.12,0.5728,0.044
3.425,-112.66,0.5728,-0.064
3.426,-70.94,0.5728,-0.181
3.427,-38.28,0.5728,-0.206
3.428,-42.66,0.5728,-0.258
3.429,53.28,0.5728,-0.291
3.43,98.75,0.5728,-0.151
3.431,41.41,0.5728,-0.094
3.432,93.91,0.5728,-0.068
3.433,127.19,0.5728,0.094
3.434,55.00,0.5728,0.186
3.435,47.81,0.5728,0.204
3.436,40.00,0.5728,0.282
3.437,-38.59,0.5739,0.284
3.438,-54.06,0.5759,0.204
3.439,-37.19,0.5759,0.176
3.44,-117.66,0.5759,0.130
3.441,-137.66,0.5759,-0.059
3.442,-51.09,0.5759,-0.145
3.443,-72.66,0.5759,-0.162
3.444,-65.16,0.5759,-0.291
3.445,36.09,0.5759,-0.292
3.446,47.97,0.5759,-0.218
3.447,34.37,0.5759,-0.196
3.448,100.31,0.5759,-0.150
3.449,114.53,0.5759,0.005
3.45,56.25,0.5759,0.079
3.451,82.03,0.5759,0.117
3.452,67.03,0.5759,0.243
3.453,-10.94,0.3939,0.251
3.454,18.91,0.0297,0.222
3.455,-11.72,0.2049,0.289
3.456,-127.97,0.5553,0.198
3.457,-107.81,0.5553,0.033
3.458,-80.00,0.5553,-0.018
3.459,-124.38,0.5553,-0.127
3.46,-61.88,0.5553,-0.266
3.461,2.81,0.4957,-0.251
3.462,-10.78,0.3766,-0.261
3.463,50.00,0.3766,-0.272
3.464,106.41,0.3766,-0.161
3.465,68.75,0.3766,-0.059
3.466,81.88,0.3766,-0.023
3.467,105.94,0.3766,0.104
3.468,36.56,0.2548,0.189
3.469,28.28,0.0112,0.177
3.47,31.87,0.1897,0.245
3.471,-45.31,0.5466,0.241
3.472,-58.12,0.5466,0.155
3.473,-57.03,0.5466,0.125
3.474,-125.31,0.5466,0.041
3.475,-112.66,0.5466,-0.126
3.476,-42.34,0.5466,-0.185
3.477,-52.19,0.5466,-0.210
3.478,-45.47,0.5466,-0.289
3.479,54.69,0.5466,-0.301
3.48,70.63,0.5466,-0.180
3.481,56.25,0.5466,-0.160
3.482,130.16,0.5466,-0.067
3.483,108.28,0.5466,0.100
3.484,43.91,0.5466,0.149
3.485,69.37,0.5466,0.188
3.486,33.75,0.3965,0.288
3.487,-48.13,0.0963,0.256
3.488,-26.72,0.0963,0.192
3.489,-49.69,0.2316,0.202
3.49,-135.62,0.5022,0.092
3.491,-94.84,0.5022,-0.069
3.492,-67.19,0.5022,-0.097
3.493,-101.41,0.5022,-0.203
3.494,-29.53,0.5022,-0.300
3.495,26.09,0.5022,-0.263
3.496,15.94,0.5022,-0.248
3.497,81.41,0.5022,-0.231
3.498,137.03,0.5022,-0.085
3.499,73.28,0.5022,0.043
3.5,68.59,0.5022,0.062
3.501,93.91,0.5022,0.181
3.502,7.66,0.3526,0.249
3.503,-2.81,0.0534,0.196
3.504,18.91,0.2139,0.244
3.505,-57.34,0.5347,0.234
3.506,-87.19,0.5347,0.129
3.507,-77.97,0.5347,0.059
3.508,-120.47,0.5347,-0.027
3.509,-105.31,0.5347,-0.182
3.51,-33.28,0.5347,-0.238
3.511,-26.72,0.5347,-0.248
3.512,7.81,0.5347,-0.291
3.513,89.38,0.5347,-0.233
3.514,72.19,0.5347,-0.112
3.515,68.44,0.5347,-0.088
3.516,125.78,0.5347,0.025
3.517,87.50,0.5347,0.163
3.518,27.19,0.5347,0.200
3.519,44.37,0.5347,0.218
3.52,19.53,0.5640,0.288
3.521,-45.16,0.6225,0.257
3.522,-32.19,0.6225,0.198
3.523,-84.84,0.6225,0.193
3.524,-160.62,0.6225,0.028
3.525,-81.41,0.6225,-0.129
3.526,-57.03,0.6225,-0.134
3.527,-99.84,0.6225,-0.243
3.528,11.25,0.6225,-0.334
3.529,89.06,0.6225,-0.220
3.53,23.91,0.5527,-0.156
3.531,73.75,0.4131,-0.173
3.532,141.72,0.4131,-0.008
3.533,63.59,0.4131,0.111
3.534,64.84,0.4131,0.119
3.535,80.47,0.4131,0.241
3.536,-16.25,0.4574,0.280
3.537,-33.75,0.5459,0.208
3.538,-2.66,0.5459,0.212
3.539,-77.97,0.5459,0.203
3.54,-114.06,0.5459,0.056
3.541,-75.47,0.5459,-0.025
3.542,-105.47,0.5459,-0.095
3.543,-85.78,0.5459,-0.236
3.544,-3.28,0.5459,-0.266
3.545,-3.28,0.5308,-0.243
3.546,18.59,0.5006,-0.273
3.547,112.34,0.5006,-0.206
3.548,114.53,0.5006,-0.048
3.549,70.94,0.5006,0.023
3.55,88.12,0.5006,0.094
3.551,62.97,0.5006,0.200
3.552,14.06,0.5006,0.220
3.553,38.28,0.5006,0.228
3.554,-7.97,0.5440,0.296
3.555,-90.31,0.6306,0.212
3.556,-58.13,0.6306,0.116
3.557,-67.19,0.6306,0.096
3.558,-141.09,0.6306,-0.019
3.559,-91.87,0.6306,-0.187
3.56,-37.19,0.6306,-0.203
3.561,-65.94,0.6306,-0.261
3.562,13.44,0.6306,-0.334
3.563,80.78,0.6306,-0.234
3.564,55.31,0.6306,-0.173
3.565,96.56,0.6306,-0.123
3.566,120.16,0.6306,0.020
3.567,73.91,0.6306,0.117
3.568,65.47,0.6306,0.168
3.569,52.81,0.6306,0.248
3.57,-21.72,0.6120,0.274
3.571,-43.91,0.5747,0.204
3.572,-26.72,0.5747,0.186
3.573,-97.66,0.5747,0.151
3.574,-114.53,0.5747,-0.009
3.575,-61.09,0.5747,-0.078
3.576,-85.78,0.5747,-0.132
3.577,-84.69,0.5747,-0.250
3.578,7.97,0.5747,-0.301
3.579,36.56,0.5747,-0.234
3.58,35.47,0.5747,-0.228
3.581,102.34,0.5747,-0.163
3.582,91.09,0.5747,-0.023
3.583,58.75,0.5747,0.019
3.584,96.25,0.5747,0.094
3.585,55.94,0.5747,0.212
3.586,-3.59,0.5747,0.206
3.587,11.88,0.5747,0.205
3.588,-14.53,0.5728,0.230
3.589,-86.56,0.5691,0.176
3.59,-82.19,0.5691,0.057
3.591,-68.75,0.5691,0.011
3.592,-117.66,0.5691,-0.081
3.593,-79.06,0.5691,-0.224
3.594,-31.25,0.5691,-0.239
3.595,-31.09,0.5691,-0.287
3.596,59.06,0.5691,-0.301
3.597,99.06,0.5691,-0.168
3.598,54.37,0.5691,-0.103
3.599,107.19,0.5691,-0.060
3.6,119.84,0.5691,0.112
3.601,40.00,0.5691,0.180
3.602,44.06,0.5691,0.192
3.603,41.09,0.5691,0.268
3.604,-45.00,0.5740,0.274
3.605,-61.25,0.5838,0.178
3.606,-51.72,0.5838,0.151
3.607,-128.28,0.5838,0.075
3.608,-126.09,0.5838,-0.105
3.609,-55.31,0.5838,-0.177
3.61,-61.25,0.5838,-0.216
3.611,-47.03,0.5838,-0.300
3.612,43.91,0.5838,-0.310
3.613,62.97,0.5838,-0.212
3.614,69.37,0.5838,-0.184
3.615,128.28,0.5838,-0.073
3.616,83.13,0.5838,0.072
3.617,44.22,0.5838,0.093
3.618,85.00,0.5838,0.161
3.619,50.00,0.4089,0.263
3.62,-29.53,0.0591,0.261
3.621,-15.31,0.0591,0.204
3.622,-43.75,0.2117,0.230
3.623,-118.28,0.5169,0.116
3.624,-70.16,0.5169,-0.006
3.625,-77.81,0.5169,-0.024
3.626,-131.25,0.5169,-0.162
3.627,-42.19,0.5169,-0.287
3.628,24.84,0.5169,-0.246
3.629,3.59,0.5169,-0.237
3.63,52.03,0.5169,-0.239
3.631,114.38,0.5169,-0.133
3.632,87.66,0.5169,-0.010
3.633,84.53,0.5169,0.043
3.634,90.94,0.5169,0.159
3.635,31.87,0.5169,0.224
3.636,27.19,0.5169,0.223
3.637,15.31,0.5463,0.279
3.638,-64.06,0.6050,0.253
3.639,-77.81,0.6050,0.151
3.64,-73.75,0.6050,0.098
3.641,-116.72,0.6050,0.003
3.642,-102.50,0.6050,-0.136
3.643,-47.03,0.6050,-0.202
3.644,-62.19,0.6050,-0.230
3.645,-20.78,0.6050,-0.326
3.646,87.50,0.6050,-0.272
3.647,77.97,0.6050,-0.151
3.648,69.37,0.6050,-0.116
3.649,119.53,0.6050,-0.013
3.65,89.84,0.6050,0.123
3.651,55.94,0.6050,0.167
3.652,66.25,0.6050,0.235
3.653,12.97,0.4388,0.300
3.654,-53.12,0.1063,0.261
3.655,-23.12,0.1063,0.193
3.656,-55.16,0.2482,0.215
3.657,-140.78,0.5322,0.083
3.658,-86.09,0.5322,-0.067
3.659,-73.12,0.5322,-0.089
3.66,-114.06,0.5322,-0.213
3.661,-20.31,0.5322,-0.317
3.662,52.50,0.5322,-0.253
3.663,28.12,0.5322,-0.212
3.664,82.81,0.5322,-0.197
3.665,133.28,0.5322,-0.047
3.666,64.53,0.5322,0.069
3.667,68.28,0.5322,0.083
3.668,87.19,0.5322,0.206
3.669,17.34,0.3602,0.257
3.67,1.87,0.0163,0.241
3.671,1.72,0.1942,0.261
3.672,-83.59,0.5500,0.244
3.673,-111.56,0.5500,0.093
3.674,-84.53,0.5500,0.021
3.675,-116.72,0.5500,-0.076
3.676,-88.44,0.5500,-0.212
3.677,-26.09,0.5500,-0.253
3.678,-18.44,0.5500,-0.265
3.679,26.25,0.5500,-0.289
3.68,92.03,0.5500,-0.212
3.681,87.97,0.5500,-0.105
3.682,86.88,0.5500,-0.036
3.683,103.75,0.5500,0.068
3.684,52.19,0.5500,0.171
3.685,24.84,0.5500,0.173
3.686,45.47,0.5500,0.221
3.687,-5.00,0.5677,0.264
3.688,-54.69,0.6031,0.211
3.689,-36.56,0.6031,0.154
3.69,-87.19,0.6031,0.138
3.691,-148.28,0.6031,-0.020
3.692,-83.91,0.6031,-0.159
3.693,-57.97,0.6031,-0.188
3.694,-75.78,0.6031,-0.275
3.695,26.56,0.6031,-0.339
3.696,97.97,0.6031,-0.222
3.697,48.13,0.6031,-0.143
3.698,93.44,0.6031,-0.125
3.699,125.94,0.6031,0.043
3.7,45.94,0.6031,0.127
3.701,63.59,0.6031,0.135
3.702,83.59,0.6031,0.254
3.703,-21.72,0.4328,0.302
3.704,-37.50,0.0922,0.210
3.705,-15.16,0.2393,0.228
3.706,-106.72,0.5334,0.180
3.707,-122.19,0.5334,0.014
3.708,-69.53,0.5334,-0.064
3.709,-88.28,0.5334,-0.125
3.71,-90.47,0.5334,-0.241
3.711,-8.75,0.5334,-0.306
3.712,34.37,0.5334,-0.258
3.713,41.09,0.5334,-0.237
3.714,94.06,0.5334,-0.176
3.715,100.00,0.5334,-0.049
3.716,66.09,0.5334,0.024
3.717,101.41,0.5334,0.083
3.718,66.72,0.3676,0.227
3.719,-17.97,0.0359,0.217
3.72,16.09,0.0359,0.191
3.721,-9.53,0.2148,0.249
3.722,-86.56,0.5725,0.172
3.723,-74.22,0.5725,0.076
3.724,-95.62,0.5725,0.023
3.725,-128.28,0.5725,-0.116
3.726,-55.63,0.5725,-0.233
3.727,-27.97,0.5725,-0.227
3.728,-48.44,0.5725,-0.289
3.729,44.06,0.5725,-0.324
3.73,97.19,0.5725,-0.201
3.731,63.59,0.5725,-0.129
3.732,110.00,0.5725,-0.074
3.733,108.75,0.5725,0.091
3.734,42.81,0.5725,0.143
3.735,69.69,0.5725,0.176
3.736,51.72,0.4130,0.283
3.737,-47.03,0.0941,0.280
3.738,-39.06,0.0941,0.189
3.739,-35.16,0.2285,0.202
3.74,-132.97,0.4975,0.118
3.741,-123.91,0.4975,-0.064
3.742,-61.25,0.4975,-0.129
3.743,-83.28,0.4975,-0.187
3.744,-46.72,0.4975,-0.296
3.745,48.28,0.4975,-0.280
3.746,49.06,0.4975,-0.199
3.747,52.50,0.4975,-0.182
3.748,118.59,0.4975,-0.094
3.749,92.81,0.4975,0.055
3.75,60.16,0.4975,0.091
3.751,86.87,0.4975,0.175
3.752,33.28,0.3394,0.265
3.753,-8.28,0.0231,0.242
3.754,14.53,0.0231,0.248
3.755,-45.47,0.1931,0.271
3.756,-113.28,0.5331,0.158
3.757,-80.47,0.5331,0.044
3.758,-80.00,0.5331,-0.003
3.759,-129.38,0.5331,-0.116
3.76,-61.56,0.5331,-0.262
3.761,2.97,0.5292,-0.239
3.762,-12.50,0.5213,-0.256
3.763,56.87,0.5213,-0.264
3.764,95.47,0.5213,-0.143
3.765,63.91,0.5213,-0.073
3.766,103.91,0.5213,-0.015
3.767,104.53,0.5213,0.135
3.768,31.87,0.5213,0.194
3.769,31.56,0.5213,0.199
3.77,30.31,0.5213,0.258
3.771,-54.06,0.5410,0.259
3.772,-70.16,0.5806,0.149
3.773,-67.19,0.5806,0.119
3.774,-115.94,0.5806,0.015
3.775,-85.31,0.5806,-0.113
3.776,-56.56,0.5806,-0.156
3.777,-82.81,0.5806,-0.226
3.778,-17.66,0.5806,-0.321
3.779,87.34,0.5806,-0.261
3.78,67.97,0.5806,-0.147
3.781,61.87,0.5806,-0.125
3.782,113.59,0.5806,-0.023
3.783,71.41,0.5806,0.102
3.784,47.03,0.5806,0.120
3.785,78.28,0.5806,0.196
3.786,22.50,0.5852,0.277
3.787,-21.56,0.5944,0.241
3.788,-2.66,0.5944,0.233
3.789,-76.56,0.5944,0.236
3.79,-151.25,0.5944,0.080
3.791,-91.41,0.5944,-0.067
3.792,-80.94,0.5944,-0.103
3.793,-107.66,0.5944,-0.229
3.794,-17.81,0.5944,-0.318
3.795,22.97,0.5944,-0.264
3.796,14.53,0.5944,-0.272
3.797,96.72,0.5944,-0.235
3.798,127.66,0.5944,-0.078
3.799,70.16,0.5944,0.020
3.8,85.31,0.5944,0.062
3.801,79.84,0.5944,0.191
3.802,15.62,0.5944,0.222
3.803,28.13,0.5944,0.222
3.804,7.50,0.5934,0.278
3.805,-82.34,0.5916,0.237
3.806,-86.72,0.5916,0.113
3.807,-75.47,0.5916,0.063
3.808,-121.41,0.5916,-0.038
3.809,-94.06,0.5916,-0.179
3.81,-38.44,0.5916,-0.226
3.811,-43.91,0.5916,-0.256
3.812,24.22,0.5916,-0.314
3.813,104.22,0.5916,-0.208
3.814,53.59,0.5916,-0.105
3.815,55.78,0.5916,-0.101
3.816,117.03,0.5916,0.006
3.817,75.31,0.5916,0.133
3.818,43.13,0.5916,0.157
3.819,66.41,0.5916,0.220
3.82,12.03,0.6013,0.290
3.821,-57.03,0.6206,0.244
3.822,-36.88,0.6206,0.176
3.823,-77.81,0.6206,0.170
3.824,-137.34,0.6206,0.020
3.825,-76.72,0.6206,-0.105
3.826,-79.53,0.6206,-0.133
3.827,-98.75,0.6206,-0.264
3.828,10.47,0.6206,-0.331
3.829,63.75,0.6206,-0.243
3.83,31.09,0.6206,-0.203
3.831,92.03,0.6206,-0.181
3.832,121.09,0.6206,-0.019
3.833,67.50,0.6206,0.062
3.834,93.28,0.6206,0.116
3.835,88.91,0.6206,0.248
3.836,-0.78,0.4294,0.293
3.837,-15.31,0.0469,0.247
3.838,-22.50,0.2169,0.263
3.839,-110.00,0.5569,0.202
3.84,-102.66,0.5569,0.043
3.841,-58.44,0.5569,-0.004
3.842,-126.09,0.5569,-0.074
3.843,-93.59,0.5569,-0.256
3.844,-6.41,0.5569,-0.261
3.845,-16.41,0.5569,-0.269
3.846,43.59,0.5569,-0.294
3.847,104.53,0.5569,-0.182
3.848,71.88,0.5569,-0.085
3.849,71.72,0.5569,-0.038
3.85,111.25,0.5569,0.058
3.851,69.22,0.5569,0.185
3.852,19.84,0.5569,0.197
3.853,42.97,0.5569,0.224
3.854,-8.13,0.5777,0.283
3.855,-79.22,0.6194,0.208
3.856,-65.62,0.6194,0.124
3.857,-101.25,0.6194,0.077
3.858,-126.25,0.6194,-0.078
3.859,-61.25,0.6194,-0.176
3.86,-60.94,0.6194,-0.201
3.861,-67.97,0.6194,-0.297
3.862,39.22,0.6194,-0.337
3.863,87.19,0.6194,-0.219
3.864,63.44,0.6194,-0.162
3.865,124.22,0.6194,-0.092
3.866,110.63,0.6194,0.086
3.867,32.50,0.6194,0.129
3.868,70.00,0.6194,0.151
3.869,69.22,0.6194,0.269
3.87,-31.72,0.6060,0.290
3.871,-39.69,0.5794,0.206
3.872,-33.44,0.5794,0.210
3.873,-126.56,0.5794,0.139
3.874,-105.31,0.5794,-0.043
3.875,-58.59,0.5794,-0.072
3.876,-108.91,0.5794,-0.160
3.877,-64.53,0.5794,-0.290
3.878,20.31,0.5794,-0.289
3.879,26.41,0.5794,-0.249
3.88,57.66,0.5794,-0.236
3.881,122.50,0.5794,-0.134
3.882,86.72,0.5794,0.009
3.883,66.72,0.5794,0.040
3.884,102.50,0.5794,0.142
3.885,36.25,0.3963,0.245
3.886,-12.19,0.0300,0.215
3.887,15.00,0.0300,0.220
3.888,-18.28,0.2017,0.245
3.889,-87.81,0.5450,0.184
3.89,-94.06,0.5450,0.069
3.891,-106.41,0.5450,-0.004
3.892,-120.78,0.5450,-0.144
3.893,-49.22,0.5450,-0.246
3.894,-26.09,0.5450,-0.242
3.895,-29.06,0.5450,-0.298
3.896,72.81,0.5450,-0.300
3.897,103.28,0.5450,-0.153
3.898,57.97,0.5450,-0.094
3.899,112.19,0.5450,-0.037
3.9,97.19,0.5450,0.131
3.901,25.31,0.5450,0.158
3.902,57.97,0.5450,0.181
3.903,31.56,0.5586,0.274
3.904,-56.72,0.5859,0.244
3.905,-45.78,0.5859,0.160
3.906,-53.75,0.5859,0.153
3.907,-130.16,0.5859,0.053
3.908,-90.94,0.5859,-0.108
3.909,-38.13,0.5859,-0.129
3.91,-91.56,0.5859,-0.184
3.911,-48.13,0.5859,-0.312
3.912,53.28,0.5859,-0.280
3.913,51.72,0.5859,-0.206
3.914,76.09,0.5859,-0.177
3.915,127.97,0.5859,-0.053
3.916,74.53,0.5859,0.079
3.917,45.78,0.5859,0.096
3.918,79.38,0.5859,0.171
3.919,38.91,0.5635,0.254
3.92,-5.47,0.5188,0.249
3.921,-7.03,0.5188,0.243
3.922,-55.94,0.5188,0.235
3.923,-108.75,0.5188,0.132
3.924,-88.12,0.5188,0.017
3.925,-101.88,0.5188,-0.045
3.926,-109.84,0.5188,-0.187
3.927,-32.03,0.5188,-0.264
3.928,-12.97,0.5011,-0.251
3.929,6.88,0.4659,-0.290
3.93,91.09,0.4659,-0.237
3.931,102.03,0.4659,-0.108
3.932,66.88,0.4659,-0.033
3.933,104.22,0.4659,0.026
3.934,96.56,0.4659,0.176
3.935,13.91,0.3157,0.219
3.936,44.22,0.0153,0.203
3.937,34.37,0.2309,0.307
3.938,-70.47,0.6622,0.272
3.939,-79.06,0.6622,0.166
3.94,-85.94,0.6622,0.114
3.941,-127.34,0.6622,-0.006
3.942,-89.69,0.6622,-0.141
3.943,-59.06,0.6622,-0.185
3.944,-85.00,0.6622,-0.259
3.945,-10.00,0.6622,-0.355
3.946,91.87,0.6622,-0.279
3.947,66.09,0.6622,-0.171
3.948,97.03,0.6622,-0.147
3.949,137.50,0.6622,0.023
3.95,50.16,0.6622,0.128
3.951,44.06,0.6622,0.123
3.952,82.66,0.6622,0.217
3.953,8.13,0.6364,0.288
3.954,-42.19,0.5847,0.233
3.955,-23.44,0.5847,0.204
3.956,-97.19,0.5847,0.186
3.957,-138.28,0.5847,0.010
3.958,-60.94,0.5847,-0.091
3.959,-78.91,0.5847,-0.112
3.96,-92.03,0.5847,-0.248
3.961,-1.87,0.5847,-0.296
3.962,34.53,0.5847,-0.252
3.963,34.84,0.5847,-0.227
3.964,87.81,0.5847,-0.183
3.965,101.25,0.5847,-0.052
3.966,71.56,0.5847,0.020
3.967,108.75,0.5847,0.092
3.968,87.66,0.5847,0.238
3.969,-7.19,0.4044,0.267
3.97,4.06,0.0438,0.223
3.971,6.09,0.2195,0.275
3.972,-82.03,0.5709,0.235
3.973,-93.44,0.5709,0.111
3.974,-86.72,0.5709,0.048
3.975,-127.19,0.5709,-0.063
3.976,-85.31,0.5709,-0.206
3.977,-34.53,0.5709,-0.233
3.978,-31.41,0.5709,-0.275
3.979,38.75,0.5709,-0.296
3.98,93.91,0.5709,-0.198
3.981,67.19,0.5709,-0.108
3.982,97.19,0.5709,-0.063
3.983,104.06,0.5709,0.086
3.984,40.63,0.5709,0.145
3.985,41.41,0.5709,0.168
3.986,65.78,0.5709,0.228
3.987,-4.69,0.5814,0.299
3.988,-50.47,0.6022,0.218
3.989,-34.22,0.6022,0.198
3.99,-110.47,0.6022,0.150
3.991,-146.41,0.6022,-0.023
3.992,-78.75,0.6022,-0.143
3.993,-80.16,0.6022,-0.180
3.994,-59.06,0.6022,-0.303
3.995,47.81,0.6022,-0.298
3.996,55.00,0.6022,-0.208
3.997,35.00,0.6022,-0.188
3.998,120.16,0.6022,-0.138
3.999,115.94,0.6022,0.052
4,27.97,0.6022,0.094
4.001,81.88,0.6022,0.108
4.002,77.81,0.6022,0.258
4.003,-7.50,0.4082,0.263
4.004,-3.13,0.0203,0.243
4.005,-28.28,0.1872,0.257
4.006,-121.56,0.5209,0.187
4.007,-106.88,0.5209,0.014
4.008,-73.28,0.5209,-0.027
4.009,-118.28,0.5209,-0.133
4.01,-62.19,0.5209,-0.264
4.011,5.00,0.5209,-0.257
4.012,7.03,0.5209,-0.254
4.013,58.59,0.5209,-0.243
4.014,105.78,0.5209,-0.137
4.015,74.06,0.5209,-0.031
4.016,74.53,0.5209,0.012
4.017,101.41,0.5209,0.118
4.018,36.41,0.3621,0.214
4.019,10.31,0.0444,0.191
4.02,35.78,0.0444,0.235
4.021,-30.94,0.2201,0.262
4.022,-71.41,0.5716,0.173
4.023,-67.66,0.5716,0.119
4.024,-109.53,0.5716,0.038
4.025,-114.53,0.5716,-0.100
4.026,-62.66,0.5716,-0.191
4.027,-59.06,0.5716,-0.225
4.028,-41.56,0.5716,-0.309
4.029,60.62,0.5716,-0.308
4.03,75.62,0.5716,-0.188
4.031,63.44,0.5716,-0.157
4.032,130.31,0.5716,-0.061
4.033,93.75,0.5716,0.104
4.034,36.09,0.5716,0.126
4.035,70.78,0.5716,0.176
4.036,42.19,0.4138,0.268
4.037,-49.06,0.0981,0.260
4.038,-35.00,0.0981,0.170
4.039,-48.13,0.2469,0.190
4.04,-135.78,0.5444,0.073
4.041,-82.34,0.5444,-0.081
4.042,-54.53,0.5444,-0.091
4.043,-103.75,0.5444,-0.190
4.044,-35.78,0.5444,-0.299
4.045,42.19,0.5444,-0.262
4.046,25.78,0.5444,-0.214
4.047,73.44,0.5444,-0.210
4.048,129.69,0.5444,-0.068
4.049,71.25,0.5444,0.049
4.05,61.09,0.5444,0.075
4.051,84.84,0.5444,0.171
4.052,37.19,0.5444,0.245
4.053,16.72,0.5444,0.246
4.054,12.50,0.5382,0.278
4.055,-78.44,0.5259,0.271
4.056,-112.34,0.5259,0.121
4.057,-73.28,0.5259,0.046
4.058,-106.56,0.5259,-0.025
4.059,-111.25,0.5259,-0.167
4.06,-28.28,0.5259,-0.248
4.061,-21.09,0.5139,-0.224
4.062,-12.50,0.4897,-0.290
4.063,76.56,0.4897,-0.249
4.064,78.91,0.4897,-0.137
4.065,61.88,0.4897,-0.091
4.066,118.59,0.4897,-0.013
4.067,106.41,0.4897,0.146
4.068,25.78,0.4897,0.200
4.069,37.19,0.4897,0.198
4.07,25.94,0.5233,0.274
4.071,-43.44,0.5906,0.250
4.072,-36.41,0.5906,0.187
4.073,-83.59,0.5906,0.177
4.074,-154.37,0.5906,0.020
4.075,-81.41,0.5906,-0.132
4.076,-48.91,0.5906,-0.143
4.077,-86.88,0.5906,-0.230
4.078,-4.84,0.5906,-0.317
4.079,72.19,0.5906,-0.239
4.08,44.84,0.5906,-0.172
4.081,88.28,0.5906,-0.150
4.082,125.63,0.5906,0.004
4.083,45.94,0.5906,0.102
4.084,60.16,0.5906,0.096
4.085,95.47,0.5906,0.222
4.086,2.66,0.4138,0.287
4.087,-16.72,0.0600,0.227
4.088,-2.66,0.2218,0.254
4.089,-92.50,0.5453,0.222
4.09,-123.59,0.5453,0.069
4.091,-82.66,0.5453,-0.025
4.092,-102.50,0.5453,-0.097
4.093,-97.50,0.5453,-0.230
4.094,-18.59,0.5453,-0.292
4.095,-2.19,0.5330,-0.268
4.096,22.97,0.5084,-0.296
4.097,107.19,0.5084,-0.222
4.098,97.19,0.5084,-0.082
4.099,74.06,0.5084,-0.027
4.1,116.56,0.5084,0.067
4.101,72.97,0.5084,0.206
4.102,2.97,0.5084,0.212
4.103,36.41,0.5084,0.212
4.104,4.69,0.5406,0.285
4.105,-80.94,0.6050,0.221
4.106,-75.31,0.6050,0.123
4.107,-88.28,0.6050,0.071
4.108,-126.88,0.6050,-0.053
4.109,-68.59,0.6050,-0.183
4.11,-42.03,0.6050,-0.190
4.111,-64.69,0.6050,-0.267
4.112,34.84,0.6050,-0.320
4.113,113.91,0.6050,-0.198
4.114,56.72,0.6050,-0.092
4.115,78.13,0.6050,-0.084
4.116,103.13,0.6050,0.064
4.117,38.13,0.6050,0.122
4.118,60.16,0.6050,0.141
4.119,69.84,0.6050,0.242
4.12,-25.63,0.5985,0.280
4.121,-54.38,0.5856,0.191
4.122,-23.13,0.5856,0.172
4.123,-100.78,0.5856,0.145
4.124,-135.31,0.5856,-0.030
4.125,-63.75,0.5856,-0.126
4.126,-75.47,0.5856,-0.158
4.127,-73.91,0.5856,-0.277
4.128,22.34,0.5856,-0.305
4.129,46.56,0.5856,-0.232
4.13,40.16,0.5856,-0.212
4.131,112.03,0.5856,-0.152
4.132,104.69,0.5856,0.012
4.133,46.87,0.5856,0.058
4.134,91.41,0.5856,0.106
4.135,78.44,0.5856,0.241
4.136,-2.19,0.3992,0.263
4.137,11.41,0.0262,0.236
4.138,-16.25,0.2173,0.285
4.139,-104.53,0.5994,0.204
4.14,-90.94,0.5994,0.076
4.141,-98.13,0.5994,0.022
4.142,-138.44,0.5994,-0.120
4.143,-66.09,0.5994,-0.255
4.144,-20.78,0.5994,-0.252
4.145,-30.94,0.5994,-0.297
4.146,58.12,0.5994,-0.314
4.147,101.88,0.5994,-0.180
4.148,71.09,0.5994,-0.110
4.149,108.13,0.5994,-0.038
4.15,113.75,0.5994,0.106
4.151,44.38,0.5994,0.189
4.152,33.44,0.5994,0.195
4.153,43.12,0.5994,0.256
4.154,-23.13,0.5919,0.281
4.155,-55.31,0.5769,0.210
4.156,-75.47,0.5769,0.170
4.157,-130.78,0.5769,0.059
4.158,-99.53,0.5769,-0.091
4.159,-54.53,0.5769,-0.140
4.16,-70.47,0.5769,-0.200
4.161,-47.81,0.5769,-0.281
4.162,34.22,0.5769,-0.296
4.163,48.44,0.5769,-0.212
4.164,66.25,0.5769,-0.199
4.165,144.38,0.5769,-0.080
4.166,100.00,0.5769,0.090
4.167,38.13,0.5769,0.120
4.168,77.34,0.5769,0.166
4.169,44.69,0.4083,0.275
4.17,-35.62,0.0712,0.255
4.171,-12.66,0.0712,0.203
4.172,-35.47,0.2220,0.230
4.173,-133.59,0.5234,0.133
4.174,-92.97,0.5234,-0.037
4.175,-70.94,0.5234,-0.053
4.176,-120.00,0.5234,-0.179
4.177,-34.84,0.5234,-0.293
4.178,25.31,0.5234,-0.249
4.179,-3.59,0.5108,-0.243
4.18,68.28,0.4856,-0.256
4.181,118.75,0.4856,-0.106
4.182,56.72,0.4856,-0.018
4.183,84.06,0.4856,0.007
4.184,111.25,0.4856,0.150
4.185,38.91,0.4856,0.230
4.186,32.97,0.4856,0.228
4.187,23.75,0.5207,0.296
4.188,-64.53,0.5909,0.275
4.189,-79.53,0.5909,0.167
4.19,-78.59,0.5909,0.116
4.191,-123.44,0.5909,0.009
4.192,-109.37,0.5909,-0.131
4.193,-46.72,0.5909,-0.209
4.194,-42.97,0.5909,-0.224
4.195,-17.34,0.5909,-0.295
4.196,66.25,0.5909,-0.259
4.197,52.19,0.5909,-0.163
4.198,60.31,0.5909,-0.155
4.199,138.75,0.5909,-0.042
4.2,98.13,0.5909,0.123
4.201,41.09,0.5909,0.154
4.202,73.59,0.5909,0.205
4.203,22.50,0.4359,0.301
4.204,-62.97,0.1259,0.250
4.205,-25.16,0.1259,0.175
4.206,-67.19,0.2528,0.200
4.207,-151.56,0.5066,0.041
4.208,-70.78,0.5066,-0.103
4.209,-45.00,0.5066,-0.101
4.21,-103.12,0.5066,-0.193
4.211,-35.16,0.5066,-0.307
4.212,30.78,0.5066,-0.264
4.213,11.25,0.5066,-0.245
4.214,79.84,0.5066,-0.241
4.215,131.09,0.5066,-0.086
4.216,82.19,0.5066,0.021
4.217,87.03,0.5066,0.079
4.218,88.28,0.5066,0.195
4.219,6.56,0.3534,0.255
4.22,0.94,0.0472,0.208
4.221,3.75,0.2207,0.257
4.222,-74.22,0.5678,0.216
4.223,-95.00,0.5678,0.109
4.224,-86.09,0.5678,0.026
4.225,-116.41,0.5678,-0.063
4.226,-94.84,0.5678,-0.207
4.227,-33.59,0.5678,-0.253
4.228,-28.75,0.5678,-0.274
4.229,20.94,0.5678,-0.311
4.23,98.91,0.5678,-0.233
4.231,78.91,0.5678,-0.113
4.232,68.28,0.5678,-0.075
4.233,121.09,0.5678,0.024
4.234,74.22,0.5678,0.168
4.235,25.47,0.5678,0.172
4.236,68.59,0.5678,0.218
4.237,2.34,0.5986,0.309
4.238,-76.09,0.6603,0.223
4.239,-65.47,0.6603,0.157
4.24,-97.97,0.6603,0.092
4.241,-131.41,0.6603,-0.039
4.242,-71.09,0.6603,-0.171
4.243,-63.91,0.6603,-0.181
4.244,-85.00,0.6603,-0.298
4.245,34.06,0.6603,-0.351
4.246,91.56,0.6603,-0.230
4.247,45.94,0.6603,-0.168
4.248,99.37,0.6603,-0.138
4.249,121.09,0.6603,0.031
4.25,59.84,0.6603,0.104
4.251,80.94,0.6603,0.151
4.252,67.19,0.6603,0.266
4.253,-21.88,0.6316,0.285
4.254,-32.03,0.5741,0.222
4.255,-20.31,0.5741,0.221
4.256,-102.19,0.5741,0.181
4.257,-116.87,0.5741,0.017
4.258,-65.78,0.5741,-0.052
4.259,-100.47,0.5741,-0.115
4.26,-87.03,0.5741,-0.253
4.261,-5.16,0.5741,-0.289
4.262,22.03,0.5741,-0.264
4.263,45.16,0.5741,-0.245
4.264,96.25,0.5741,-0.173
4.265,89.69,0.5741,-0.052
4.266,83.28,0.5741,0.006
4.267,116.41,0.5741,0.114
4.268,66.41,0.5741,0.239
4.269,2.81,0.5741,0.247
4.27,22.50,0.5741,0.244
4.271,-28.44,0.5805,0.292
4.272,-95.16,0.5934,0.188
4.273,-65.00,0.5934,0.102
4.274,-89.37,0.5934,0.058
4.275,-126.72,0.5934,-0.077
4.276,-60.31,0.5934,-0.196
4.277,-27.03,0.5934,-0.198
4.278,-51.87,0.5934,-0.250
4.279,33.12,0.5934,-0.302
4.28,84.37,0.5934,-0.184
4.281,58.28,0.5934,-0.133
4.282,109.06,0.5934,-0.067
4.283,104.53,0.5934,0.085
4.284,43.75,0.5934,0.142
4.285,56.25,0.5934,0.173
4.286,45.62,0.5934,0.254
4.287,-43.28,0.4277,0.264
4.288,-40.16,0.0963,0.168
4.289,-35.78,0.2247,0.184
4.29,-126.25,0.4816,0.096
4.291,-109.06,0.4816,-0.069
4.292,-62.81,0.4816,-0.122
4.293,-87.97,0.4816,-0.194
4.294,-47.03,0.4816,-0.298
4.295,34.37,0.4816,-0.288
4.296,35.31,0.4816,-0.229
4.297,60.78,0.4816,-0.218
4.298,137.34,0.4816,-0.108
4.299,87.81,0.4816,0.057
4.3,50.16,0.4816,0.068
4.301,109.53,0.4816,0.157
4.302,49.37,0.3368,0.287
4.303,-23.59,0.0472,0.256
4.304,17.50,0.0472,0.240
4.305,-38.75,0.2237,0.291
4.306,-135.00,0.5769,0.163
4.307,-97.50,0.5769,0.021
4.308,-82.03,0.5769,-0.033
4.309,-126.72,0.5769,-0.143
4.31,-57.50,0.5769,-0.286
4.311,5.00,0.5419,-0.258
4.312,2.19,0.4719,-0.276
4.313,64.37,0.4719,-0.254
4.314,99.84,0.4719,-0.147
4.315,68.13,0.4719,-0.054
4.316,90.00,0.4719,-0.011
4.317,103.44,0.4719,0.126
4.318,32.50,0.4719,0.196
4.319,45.78,0.4719,0.191
4.32,21.56,0.5194,0.288
4.321,-70.94,0.6144,0.234
4.322,-48.75,0.6144,0.146
4.323,-49.37,0.6144,0.137
4.324,-130.94,0.6144,0.047
4.325,-106.56,0.6144,-0.125
4.326,-52.97,0.6144,-0.166
4.327,-80.31,0.6144,-0.231
4.328,-23.75,0.6144,-0.327
4.329,73.44,0.6144,-0.279
4.33,66.41,0.6144,-0.180
4.331,71.56,0.6144,-0.146
4.332,114.84,0.6144,-0.037
4.333,82.97,0.6144,0.084
4.334,52.50,0.6144,0.129
4.335,64.37,0.6144,0.189
4.336,14.84,0.6040,0.258
4.337,-19.69,0.5831,0.218
4.338,2.03,0.5831,0.218
4.339,-62.34,0.5831,0.223
4.34,-144.38,0.5831,0.094
4.341,-87.34,0.5831,-0.066
4.342,-84.06,0.5831,-0.081
4.343,-122.19,0.5831,-0.234
4.344,-21.87,0.5831,-0.325
4.345,30.63,0.5831,-0.278
4.346,17.66,0.5831,-0.264
4.347,83.75,0.5831,-0.243
4.348,125.47,0.5831,-0.097
4.349,78.59,0.5831,0.008
4.35,87.03,0.5831,0.061
4.351,85.31,0.5831,0.182
4.352,13.28,0.3963,0.231
4.353,11.25,0.0225,0.209
4.354,2.03,0.1996,0.254
4.355,-70.63,0.5538,0.213
4.356,-70.31,0.5538,0.113
4.357,-72.97,0.5538,0.072
4.358,-127.97,0.5538,-0.033
4.359,-96.87,0.5538,-0.184
4.36,-33.28,0.5538,-0.227
4.361,-36.41,0.5538,-0.250
4.362,17.34,0.5538,-0.300
4.363,92.34,0.5538,-0.216
4.364,56.25,0.5538,-0.115
4.365,77.81,0.5538,-0.103
4.366,134.84,0.5538,0.040
4.367,60.47,0.5538,0.167
4.368,27.19,0.5538,0.161
4.369,64.84,0.5538,0.221
4.37,2.03,0.5775,0.291
4.371,-52.19,0.6250,0.225
4.372,-35.47,0.6250,0.187
4.373,-90.47,0.6250,0.154
4.374,-125.16,0.6250,0.006
4.375,-63.91,0.6250,-0.096
4.376,-83.12,0.6250,-0.122
4.377,-105.94,0.6250,-0.263
4.378,16.25,0.6250,-0.334
4.379,62.03,0.6250,-0.230
4.38,20.47,0.6250,-0.210
4.381,92.34,0.6250,-0.189
4.382,125.00,0.6250,-0.025
4.383,57.34,0.6250,0.061
4.384,93.91,0.6250,0.089
4.385,94.37,0.6250,0.249
4.386,-7.34,0.4314,0.278
4.387,-10.31,0.0441,0.234
4.388,-22.66,0.2065,0.258
4.389,-97.97,0.5313,0.189
4.39,-101.88,0.5313,0.062
4.391,-76.56,0.5313,-0.015
4.392,-129.38,0.5313,-0.092
4.393,-87.03,0.5313,-0.274
4.394,10.78,0.5313,-0.266
4.395,-7.03,0.5276,-0.252
4.396,27.50,0.5203,-0.280
4.397,99.53,0.5203,-0.197
4.398,94.69,0.5203,-0.081
4.399,92.19,0.5203,-0.008
4.4,114.06,0.5203,0.104
4.401,56.72,0.5203,0.220
4.402,10.16,0.5203,0.217
4.403,26.41,0.5203,0.241
4.404,-32.50,0.5441,0.270
4.405,-72.97,0.5916,0.176
4.406,-50.00,0.5916,0.124
4.407,-94.06,0.5916,0.076
4.408,-131.09,0.5916,-0.064
4.409,-63.28,0.5916,-0.187
4.41,-47.97,0.5916,-0.191
4.411,-65.47,0.5916,-0.283
4.412,30.31,0.5916,-0.322
4.413,83.13,0.5916,-0.222
4.414,65.00,0.5916,-0.155
4.415,111.41,0.5916,-0.092
4.416,108.59,0.5916,0.068
4.417,43.59,0.5916,0.125
4.418,72.34,0.5916,0.155
4.419,68.28,0.5916,0.270
4.42,-34.06,0.5927,0.291
4.421,-42.19,0.5950,0.202
4.422,-27.50,0.5950,0.207
4.423,-110.94,0.5950,0.147
4.424,-116.25,0.5950,-0.015
4.425,-74.53,0.5950,-0.086
4.426,-109.06,0.5950,-0.164
4.427,-67.50,0.5950,-0.304
4.428,21.88,0.5950,-0.299
4.429,28.91,0.5950,-0.260
4.43,59.22,0.5950,-0.241
4.431,118.44,0.5950,-0.142
4.432,95.94,0.5950,-0.004
4.433,67.81,0.5950,0.050
4.434,101.09,0.5950,0.131
4.435,45.31,0.4069,0.253
4.436,-14.22,0.0306,0.222
4.437,23.59,0.0306,0.224
4.438,-32.03,0.2151,0.269
4.439,-90.94,0.5841,0.160
4.44,-63.59,0.5841,0.087
4.441,-96.41,0.5841,0.033
4.442,-119.84,0.5841,-0.106
4.443,-66.09,0.5841,-0.207
4.444,-54.06,0.5841,-0.238
4.445,-23.13,0.5841,-0.315
4.446,87.19,0.5841,-0.284
4.447,98.13,0.5841,-0.141
4.448,58.28,0.5841,-0.088
4.449,117.34,0.5841,-0.024
4.45,111.88,0.5841,0.147
4.451,37.66,0.5841,0.200
4.452,57.97,0.5841,0.222
4.453,33.75,0.6034,0.316
4.454,-63.13,0.6422,0.290
4.455,-51.09,0.6422,0.189
4.456,-47.97,0.6422,0.188
4.457,-131.87,0.6422,0.093
4.458,-109.53,0.6422,-0.076
4.459,-67.97,0.6422,-0.126
4.46,-100.47,0.6422,-0.212
4.461,-37.03,0.6422,-0.327
4.462,61.25,0.6422,-0.286
4.463,42.34,0.6422,-0.204
4.464,64.53,0.6422,-0.202
4.465,136.72,0.6422,-0.075
4.466,87.97,0.6422,0.072
4.467,69.69,0.6422,0.101
4.468,84.69,0.6422,0.211
4.469,10.62,0.6127,0.270
4.47,-26.87,0.5537,0.233
4.471,-3.13,0.5537,0.217
4.472,-59.84,0.5537,0.226
4.473,-115.63,0.5537,0.097
4.474,-80.78,0.5537,-0.005
4.475,-94.06,0.5537,-0.065
4.476,-109.37,0.5537,-0.193
4.477,-15.62,0.5537,-0.283
4.478,7.19,0.5193,-0.224
4.479,-18.44,0.4503,-0.269
4.48,76.72,0.4503,-0.261
4.481,103.75,0.4503,-0.116
4.482,74.06,0.4503,-0.054
4.483,117.50,0.4503,0.033
4.484,75.31,0.4503,0.181
4.485,-4.22,0.3036,0.183
4.486,47.03,0.0103,0.173
4.487,42.34,0.2114,0.277
4.488,-61.72,0.6134,0.258
4.489,-59.84,0.6134,0.154
4.49,-76.09,0.6134,0.138
4.491,-148.44,0.6134,0.002
4.492,-95.47,0.6134,-0.159
4.493,-60.62,0.6134,-0.189
4.494,-73.44,0.6134,-0.280
4.495,25.47,0.6134,-0.336
4.496,81.88,0.6134,-0.229
4.497,36.25,0.6134,-0.173
4.498,86.56,0.6134,-0.157
4.499,135.00,0.6134,0.001
4.5,78.13,0.6134,0.113
4.501,57.97,0.6134,0.157
4.502,61.87,0.6134,0.229
4.503,1.25,0.6080,0.281
4.504,-35.16,0.5972,0.232
4.505,-15.00,0.5972,0.210
4.506,-93.44,0.5972,0.202
4.507,-143.12,0.5972,0.023
4.508,-86.09,0.5972,-0.085
4.509,-98.12,0.5972,-0.149
4.51,-83.91,0.5972,-0.281
4.511,11.09,0.5972,-0.317
4.512,40.47,0.5972,-0.259
4.513,27.34,0.5972,-0.236
4.514,85.16,0.5972,-0.204
4.515,117.03,0.5972,-0.065
4.516,73.91,0.5972,0.030
4.517,90.47,0.5972,0.083
4.518,69.69,0.5972,0.211
4.519,-7.50,0.4068,0.222
4.52,22.97,0.0259,0.196
4.521,13.91,0.1971,0.268
4.522,-85.78,0.5394,0.224
4.523,-96.56,0.5394,0.096
4.524,-103.28,0.5394,0.031
4.525,-125.47,0.5394,-0.110
4.526,-60.47,0.5394,-0.220
4.527,-9.06,0.5394,-0.231
4.528,-20.16,0.5394,-0.238
4.529,32.03,0.5394,-0.272
4.53,85.47,0.5394,-0.174
4.531,63.91,0.5394,-0.101
4.532,104.69,0.5394,-0.047
4.533,119.84,0.5394,0.109
4.534,39.53,0.5394,0.193
4.535,25.78,0.5394,0.188
4.536,44.84,0.5394,0.245
4.537,-30.94,0.5583,0.278
4.538,-55.16,0.5962,0.183
4.539,-19.84,0.5962,0.167
4.54,-101.88,0.5962,0.143
4.541,-127.34,0.5962,-0.037
4.542,-54.38,0.5962,-0.112
4.543,-75.00,0.5962,-0.145
4.544,-86.72,0.5962,-0.262
4.545,11.25,0.5962,-0.319
4.546,63.75,0.5962,-0.239
4.547,48.59,0.5962,-0.191
4.548,118.91,0.5962,-0.142
4.549,120.47,0.5962,0.047
4.55,46.09,0.5962,0.099
4.551,91.87,0.5962,0.139
4.552,57.50,0.4199,0.283
4.553,-33.59,0.0672,0.254
4.554,1.56,0.0672,0.216
4.555,-12.03,0.2233,0.257
4.556,-116.41,0.5356,0.192
4.557,-108.75,0.5356,0.024
4.558,-70.00,0.5356,-0.026
4.559,-118.44,0.5356,-0.116
4.56,-69.84,0.5356,-0.263
4.561,-7.97,0.5356,-0.256
4.562,-6.25,0.5356,-0.279
4.563,60.00,0.5356,-0.268
4.564,98.75,0.5356,-0.159
4.565,75.47,0.5356,-0.071
4.566,93.28,0.5356,-0.008
4.567,116.41,0.5356,0.116
4.568,56.41,0.5356,0.225
4.569,24.53,0.5356,0.229
4.57,20.47,0.5455,0.274
4.571,-47.34,0.5653,0.270
4.572,-69.06,0.5653,0.179
4.573,-60.31,0.5653,0.132
4.574,-117.03,0.5653,0.059
4.575,-123.75,0.5653,-0.103
4.576,-46.72,0.5653,-0.189
4.577,-45.47,0.5653,-0.196
4.578,-47.66,0.5653,-0.280
4.579,44.37,0.5653,-0.291
4.58,65.47,0.5653,-0.191
4.581,57.19,0.5653,-0.160
4.582,126.88,0.5653,-0.077
4.583,105.16,0.5653,0.093
4.584,52.03,0.5653,0.134
4.585,67.81,0.5653,0.198
4.586,15.47,0.4119,0.269
4.587,-52.50,0.1050,0.228
4.588,-16.72,0.1050,0.164
4.589,-40.31,0.2407,0.195
4.59,-134.69,0.5122,0.084
4.591,-89.22,0.5122,-0.074
4.592,-65.00,0.5122,-0.095
4.593,-111.25,0.5122,-0.204
4.594,-32.81,0.5122,-0.317
4.595,48.91,0.5122,-0.270
4.596,24.22,0.5122,-0.219
4.597,73.91,0.5122,-0.222
4.598,124.53,0.5122,-0.072
4.599,61.25,0.5122,0.028
4.6,71.56,0.5122,0.051
4.601,99.37,0.5122,0.171
4.602,27.19,0.3542,0.250
4.603,6.72,0.0381,0.225
4.604,23.13,0.0381,0.263
4.605,-57.97,0.2169,0.271
4.606,-116.09,0.5744,0.147
4.607,-91.41,0.5744,0.039
4.608,-111.56,0.5744,-0.036
4.609,-111.09,0.5744,-0.184
4.61,-38.75,0.5744,-0.258
4.611,-22.66,0.5744,-0.262
4.612,0.94,0.5744,-0.303
4.613,84.53,0.5744,-0.260
4.614,81.09,0.5744,-0.134
4.615,73.91,0.5744,-0.098
4.616,131.72,0.5744,0.014
4.617,92.66,0.5744,0.166
4.618,25.00,0.5744,0.199
4.619,59.53,0.5744,0.216
4.62,23.44,0.6019,0.318
4.621,-82.19,0.6569,0.263
4.622,-57.50,0.6569,0.154
4.623,-71.09,0.6569,0.148
4.624,-141.41,0.6569,0.012
4.625,-92.66,0.6569,-0.135
4.626,-51.25,0.6569,-0.174
4.627,-82.50,0.6569,-0.238
4.628,-1.41,0.6569,-0.339
4.629,79.69,0.6569,-0.240
4.63,44.38,0.6569,-0.179
4.631,80.16,0.6569,-0.152
4.632,133.28,0.6569,-0.019
4.633,64.53,0.6569,0.115
4.634,40.47,0.6569,0.110
4.635,72.34,0.6569,0.196
4.636,26.41,0.6196,0.255
4.637,-6.09,0.5450,0.249
4.638,-18.75,0.5450,0.242
4.639,-80.31,0.5450,0.211
4.64,-130.63,0.5450,0.082
4.641,-85.31,0.5450,-0.050
4.642,-89.53,0.5450,-0.089
4.643,-100.78,0.5450,-0.229
4.644,-17.97,0.5450,-0.290
4.645,8.28,0.5450,-0.265
4.646,27.34,0.5450,-0.274
4.647,105.47,0.5450,-0.210
4.648,117.66,0.5450,-0.063
4.649,74.22,0.5450,0.025
4.65,93.28,0.5450,0.086
4.651,66.41,0.5450,0.212
4.652,-4.06,0.3683,0.218
4.653,37.19,0.0150,0.203
4.654,-0.47,0.2225,0.293
4.655,-94.22,0.6375,0.203
4.656,-62.19,0.6375,0.104
4.657,-76.09,0.6375,0.078
4.658,-131.25,0.6375,-0.048
4.659,-86.72,0.6375,-0.184
4.66,-45.47,0.6375,-0.221
4.661,-61.72,0.6375,-0.275
4.662,16.56,0.6375,-0.345
4.663,87.19,0.6375,-0.242
4.664,62.66,0.6375,-0.170
4.665,115.16,0.6375,-0.117
4.666,128.28,0.6375,0.060
4.667,54.53,0.6375,0.140
4.668,65.16,0.6375,0.169
4.669,60.31,0.6375,0.270
4.67,-19.22,0.6253,0.290
4.671,-42.34,0.6009,0.232
4.672,-38.59,0.6009,0.205
4.673,-112.97,0.6009,0.154
4.674,-122.03,0.6009,-0.021
4.675,-73.91,0.6009,-0.090
4.676,-95.47,0.6009,-0.169
4.677,-71.25,0.6009,-0.281
4.678,17.34,0.6009,-0.311
4.679,35.47,0.6009,-0.246
4.68,40.16,0.6009,-0.240
4.681,118.44,0.6009,-0.166
4.682,105.47,0.6009,-0.003
4.683,48.91,0.6009,0.045
4.684,90.31,0.6009,0.094
4.685,64.69,0.4051,0.226
4.686,-6.72,0.0134,0.224
4.687,14.53,0.0134,0.212
4.688,-12.50,0.1990,0.253
4.689,-86.09,0.5700,0.188
4.69,-85.94,0.5700,0.081
4.691,-92.81,0.5700,0.016
4.692,-131.87,0.5700,-0.105
4.693,-66.72,0.5700,-0.248
4.694,-9.22,0.5700,-0.238
4.695,-35.16,0.5700,-0.267
4.696,46.09,0.5700,-0.309
4.697,121.09,0.5700,-0.174
4.698,77.34,0.5700,-0.067
4.699,98.75,0.5700,-0.020
4.7,102.03,0.5700,0.131
4.701,32.19,0.5700,0.184
4.702,38.44,0.5700,0.195
4.703,40.00,0.5700,0.261
4.704,-43.12,0.5728,0.275
4.705,-62.50,0.5784,0.175
4.706,-45.62,0.5784,0.150
4.707,-120.00,0.5784,0.084
4.708,-127.34,0.5784,-0.090
4.709,-52.50,0.5784,-0.171
4.71,-66.09,0.5784,-0.195
4.711,-51.56,0.5784,-0.303
4.712,54.37,0.5784,-0.298
4.713,69.53,0.5784,-0.194
4.714,57.50,0.5784,-0.159
4.715,122.19,0.5784,-0.079
4.716,92.66,0.5784,0.086
4.717,40.63,0.5784,0.106
4.718,87.03,0.5784,0.167
4.719,39.69,0.4092,0.280
4.72,-35.31,0.0706,0.246
4.721,-1.25,0.0706,0.209
4.722,-39.06,0.2233,0.244
4.723,-134.22,0.5288,0.131
4.724,-103.44,0.5288,-0.025
4.725,-82.03,0.5288,-0.076
4.726,-104.69,0.5288,-0.189
4.727,-41.09,0.5288,-0.285
4.728,11.25,0.5288,-0.271
4.729,8.59,0.5288,-0.263
4.73,76.25,0.5288,-0.254
4.731,126.56,0.5288,-0.110
4.732,77.50,0.5288,-0.001
4.733,92.81,0.5288,0.045
4.734,114.38,0.5288,0.185
4.735,23.44,0.3665,0.274
4.736,1.25,0.0419,0.232
4.737,-0.62,0.2214,0.276
4.738,-67.66,0.5803,0.231
4.739,-69.06,0.5803,0.141
4.74,-74.69,0.5803,0.092
4.741,-119.69,0.5803,-0.008
4.742,-99.84,0.5803,-0.147
4.743,-43.91,0.5803,-0.208
4.744,-47.97,0.5803,-0.235
4.745,-12.19,0.5803,-0.304
4.746,90.94,0.5803,-0.259
4.747,84.53,0.5803,-0.122
4.748,51.72,0.5803,-0.090
4.749,108.59,0.5803,-0.019
4.75,95.47,0.5803,0.127
4.751,34.69,0.5803,0.172
4.752,61.41,0.5803,0.197
4.753,25.31,0.5918,0.295
4.754,-59.84,0.6147,0.247
4.755,-34.37,0.6147,0.175
4.756,-64.22,0.6147,0.178
4.757,-137.97,0.6147,0.047
4.758,-86.09,0.6147,-0.098
4.759,-58.13,0.6147,-0.125
4.76,-97.19,0.6147,-0.214
4.761,-19.53,0.6147,-0.320
4.762,58.91,0.6147,-0.253
4.763,18.91,0.5424,-0.202
4.764,62.81,0.3978,-0.215
4.765,128.12,0.3978,-0.076
4.766,78.44,0.3978,0.041
4.767,70.78,0.3978,0.081
4.768,83.91,0.3978,0.183
4.769,9.84,0.2805,0.248
4.77,3.59,0.0459,0.203
4.771,19.69,0.2011,0.256
4.772,-85.94,0.5116,0.242
4.773,-120.62,0.5116,0.084
4.774,-66.88,0.5116,0.001
4.775,-102.81,0.5116,-0.050
4.776,-102.97,0.5116,-0.205
4.777,-17.03,0.5116,-0.256
4.778,-25.16,0.5206,-0.239
4.779,1.09,0.5387,-0.306
4.78,88.28,0.5387,-0.237
4.781,83.75,0.5387,-0.130
4.782,89.22,0.5387,-0.069
4.783,125.00,0.5387,0.049
4.784,77.34,0.5387,0.181
4.785,25.94,0.5387,0.203
4.786,51.41,0.5387,0.233
4.787,12.34,0.5850,0.306
4.788,-76.72,0.6775,0.257
4.789,-77.03,0.6775,0.153
4.79,-92.34,0.6775,0.103
4.791,-131.09,0.6775,-0.032
4.792,-77.34,0.6775,-0.159
4.793,-73.75,0.6775,-0.187
4.794,-92.34,0.6775,-0.307
4.795,30.63,0.6775,-0.371
4.796,93.59,0.6775,-0.245
4.797,49.22,0.6775,-0.184
4.798,102.97,0.6775,-0.147
4.799,128.59,0.6775,0.022
4.8,39.84,0.6775,0.110
4.801,62.66,0.6775,0.102
4.802,87.19,0.6775,0.236
4.803,-20.94,0.4791,0.276
4.804,-33.91,0.0822,0.194
4.805,-8.13,0.2358,0.208
4.806,-96.41,0.5431,0.177
4.807,-126.56,0.5431,0.015
4.808,-67.81,0.5431,-0.076
4.809,-86.09,0.5431,-0.120
4.81,-95.00,0.5431,-0.248
4.811,2.81,0.5431,-0.310
4.812,36.09,0.5431,-0.242
4.813,30.94,0.5431,-0.238
4.814,94.38,0.5431,-0.180
4.815,105.78,0.5431,-0.049
4.816,74.69,0.5431,0.031
4.817,97.03,0.5431,0.100
4.818,66.41,0.5431,0.225
4.819,-0.16,0.5431,0.233
4.82,18.28,0.5431,0.225
4.821,-3.91,0.5470,0.269
4.822,-75.47,0.5547,0.217
4.823,-91.56,0.5547,0.118
4.824,-112.66,0.5547,0.034
4.825,-132.81,0.5547,-0.107
4.826,-58.12,0.5547,-0.232
4.827,-19.37,0.5547,-0.223
4.828,-31.09,0.5547,-0.270
4.829,51.09,0.5547,-0.285
4.83,85.16,0.5547,-0.168
4.831,43.91,0.5547,-0.115
4.832,105.94,0.5547,-0.080
4.833,121.09,0.5547,0.097
4.834,39.06,0.5547,0.162
4.835,41.88,0.5547,0.175
4.836,49.84,0.5547,0.246
4.837,-26.56,0.5632,0.275
4.838,-44.38,0.5803,0.193
4.839,-38.12,0.5803,0.186
4.84,-117.50,0.5803,0.116
4.841,-115.63,0.5803,-0.049
4.842,-54.22,0.5803,-0.115
4.843,-95.31,0.5803,-0.158
4.844,-67.34,0.5803,-0.306
4.845,49.37,0.5803,-0.292
4.846,52.03,0.5803,-0.207
4.847,46.87,0.5803,-0.188
4.848,127.34,0.5803,-0.113
4.849,97.03,0.5803,0.067
4.85,39.22,0.5803,0.081
4.851,99.84,0.5803,0.145
4.852,54.53,0.4043,0.281
4.853,-26.09,0.0522,0.254
4.854,-7.34,0.0522,0.228
4.855,-31.56,0.2112,0.239
4.856,-88.91,0.5294,0.165
4.857,-82.97,0.5294,0.062
4.858,-99.69,0.5294,-0.001
4.859,-131.09,0.5294,-0.138
4.86,-73.91,0.5294,-0.263
4.861,-13.59,0.5294,-0.286
4.862,16.09,0.5294,-0.290
4.863,87.19,0.5294,-0.253
4.864,109.53,0.5294,-0.116
4.865,63.28,0.5294,-0.034
4.866,83.28,0.5294,0.011
4.867,95.78,0.5294,0.132
4.868,29.22,0.3787,0.203
4.869,32.81,0.0775,0.191
4.87,44.37,0.0775,0.268
4.871,-48.91,0.2549,0.279
4.872,-70.47,0.6097,0.170
4.873,-69.84,0.6097,0.138
4.874,-128.44,0.6097,0.031
4.875,-103.13,0.6097,-0.118
4.876,-54.06,0.6097,-0.176
4.877,-77.34,0.6097,-0.227
4.878,-22.19,0.6097,-0.330
4.879,73.12,0.6097,-0.271
4.88,57.34,0.6097,-0.184
4.881,67.19,0.6097,-0.156
4.882,125.94,0.6097,-0.050
4.883,89.84,0.6097,0.096
4.884,49.37,0.6097,0.130
4.885,74.84,0.6097,0.194
4.886,27.50,0.4348,0.280
4.887,-42.50,0.0850,0.249
4.888,-3.91,0.0850,0.195
4.889,-38.91,0.2368,0.242
4.89,-140.31,0.5403,0.117
4.891,-93.44,0.5403,-0.039
4.892,-77.03,0.5403,-0.070
4.893,-114.38,0.5403,-0.193
4.894,-23.91,0.5403,-0.299
4.895,34.53,0.5403,-0.241
4.896,8.91,0.5403,-0.230
4.897,81.41,0.5403,-0.223
4.898,125.00,0.5403,-0.067
4.899,64.53,0.5403,0.027
4.9,85.16,0.5403,0.062
4.901,93.28,0.5403,0.197
4.902,12.81,0.3689,0.249
4.903,12.50,0.0259,0.223
4.904,15.78,0.2122,0.274
4.905,-77.97,0.5847,0.254
4.906,-105.16,0.5847,0.118
4.907,-84.22,0.5847,0.044
4.908,-118.59,0.5847,-0.051
4.909,-95.78,0.5847,-0.193
4.91,-27.81,0.5847,-0.242
4.911,-34.37,0.5847,-0.249
4.912,-2.34,0.5847,-0.311
4.913,87.19,0.5847,-0.253
4.914,83.75,0.5847,-0.137
4.915,78.59,0.5847,-0.086
4.916,119.84,0.5847,0.021
4.917,72.50,0.5847,0.154
4.918,32.50,0.5847,0.166
4.919,64.53,0.5847,0.219
4.92,5.63,0.6061,0.295
4.921,-63.28,0.6491,0.230
4.922,-40.94,0.6491,0.168
4.923,-89.37,0.6491,0.148
4.924,-151.41,0.6491,-0.011
4.925,-84.22,0.6491,-0.155
4.926,-67.34,0.6491,-0.179
4.927,-87.66,0.6491,-0.289
4.928,12.03,0.6491,-0.354
4.929,60.62,0.6491,-0.265
4.93,40.31,0.6491,-0.233
4.931,105.31,0.6491,-0.185
4.932,120.62,0.6491,-0.022
4.933,44.53,0.6491,0.057
4.934,88.75,0.6491,0.067
4.935,110.16,0.6491,0.234
4.936,1.09,0.4496,0.287
4.937,-10.94,0.0506,0.236
4.938,-5.78,0.2208,0.265
4.939,-110.78,0.5612,0.225
4.94,-126.41,0.5612,0.043
4.941,-76.87,0.5612,-0.028
4.942,-110.16,0.5612,-0.110
4.943,-92.97,0.5612,-0.248
4.944,-20.63,0.5612,-0.296
4.945,2.50,0.5612,-0.290
4.946,45.63,0.5612,-0.291
4.947,114.53,0.5612,-0.198
4.948,97.66,0.5612,-0.062
4.949,73.75,0.5612,-0.003
4.95,105.00,0.5612,0.085
4.951,73.28,0.5612,0.207
4.952,28.44,0.5612,0.232
4.953,36.25,0.5612,0.264
4.954,-25.78,0.5773,0.304
4.955,-79.53,0.6094,0.212
4.956,-58.44,0.6094,0.145
4.957,-102.97,0.6094,0.095
4.958,-140.94,0.6094,-0.061
4.959,-72.03,0.6094,-0.187
4.96,-44.22,0.6094,-0.205
4.961,-50.16,0.6094,-0.275
4.962,36.72,0.6094,-0.305
4.963,76.41,0.6094,-0.202
4.964,49.06,0.6094,-0.152
4.965,105.31,0.6094,-0.103
4.966,117.66,0.6094,0.058
4.967,57.81,0.6094,0.132
4.968,69.37,0.6094,0.174
4.969,60.00,0.6094,0.271
4.97,-23.28,0.4296,0.294
4.971,-22.03,0.0700,0.224
4.972,-20.78,0.2266,0.250
4.973,-121.72,0.5397,0.183
4.974,-122.03,0.5397,0.007
4.975,-63.91,0.5397,-0.062
4.976,-104.06,0.5397,-0.121
4.977,-84.22,0.5397,-0.270
4.978,6.56,0.5397,-0.290
4.979,23.44,0.5397,-0.257
4.98,49.22,0.5397,-0.243
4.981,118.59,0.5397,-0.158
4.982,94.84,0.5397,-0.006
4.983,63.75,0.5397,0.032
4.984,103.91,0.5397,0.122
4.985,52.19,0.3642,0.239
4.986,-0.31,0.0131,0.226
4.987,21.09,0.0131,0.239
4.988,-29.69,0.1973,0.268
4.989,-95.94,0.5656,0.179
4.99,-75.94,0.5656,0.077
4.991,-97.81,0.5656,0.028
4.992,-141.41,0.5656,-0.119
4.993,-64.22,0.5656,-0.255
4.994,-20.94,0.5656,-0.248
4.995,-8.59,0.5656,-0.297
4.996,72.66,0.5656,-0.265
4.997,86.56,0.5656,-0.152
4.998,62.03,0.5656,-0.092
4.999,104.84,0.5656,-0.028
5,106.09,0.5656,0.118
5.001,41.87,0.5656,0.184
5.002,53.59,0.5656,0.202
5.003,33.59,0.5832,0.292
5.004,-53.44,0.6184,0.269
5.005,-41.41,0.6184,0.185
5.006,-53.91,0.6184,0.186
5.007,-142.50,0.6184,0.077
5.008,-116.25,0.6184,-0.099
5.009,-56.25,0.6184,-0.156
5.01,-85.62,0.6184,-0.211
5.011,-45.31,0.6184,-0.327
5.012,50.78,0.6184,-0.302
5.013,55.47,0.6184,-0.225
5.014,67.34,0.6184,-0.191
5.015,130.16,0.6184,-0.091
5.016,96.56,0.6184,0.069
5.017,58.91,0.6184,0.103
5.018,85.16,0.6184,0.187
5.019,32.50,0.5940,0.273
5.02,-17.66,0.5450,0.252
5.021,-12.19,0.5450,0.238
5.022,-70.00,0.5450,0.228
5.023,-127.97,0.5450,0.098
5.024,-97.50,0.5450,-0.028
5.025,-88.28,0.5450,-0.098
5.026,-87.34,0.5450,-0.205
5.027,-10.94,0.5450,-0.272
5.028,7.50,0.5079,-0.227
5.029,-6.25,0.4337,-0.257
5.03,86.25,0.4337,-0.239
5.031,120.31,0.4337,-0.085
5.032,59.84,0.4337,0.002
5.033,87.50,0.4337,0.035
5.034,90.47,0.4337,0.177
5.035,10.62,0.2952,0.216
5.036,37.66,0.0181,0.198
5.037,15.62,0.2147,0.291
5.038,-80.00,0.6078,0.229
5.039,-57.19,0.6078,0.131
5.04,-64.53,0.6078,0.115
5.041,-140.94,0.6078,0.002
5.042,-97.81,0.6078,-0.167
5.043,-30.00,0.6078,-0.193
5.044,-61.56,0.6078,-0.227
5.045,-12.50,0.6078,-0.317
5.046,82.34,0.6078,-0.252
5.047,56.41,0.6078,-0.152
5.048,79.53,0.6078,-0.139
5.049,139.37,0.6078,0.007
5.05,78.59,0.6078,0.139
5.051,38.44,0.6078,0.164
5.052,61.56,0.6078,0.216
5.053,14.84,0.5989,0.288
5.054,-41.25,0.5809,0.246
5.055,-20.62,0.5809,0.205
5.056,-88.59,0.5809,0.205
5.057,-141.87,0.5809,0.028
5.058,-73.75,0.5809,-0.079
5.059,-80.62,0.5809,-0.120
5.06,-86.88,0.5809,-0.240
5.061,-4.53,0.5809,-0.293
5.062,31.09,0.5809,-0.249
5.063,29.84,0.5809,-0.231
5.064,100.31,0.5809,-0.190
5.065,108.59,0.5809,-0.031
5.066,47.03,0.5809,0.028
5.067,86.41,0.5809,0.063
5.068,88.59,0.5809,0.200
5.069,6.09,0.3967,0.241
5.07,16.41,0.0281,0.212
5.071,14.22,0.2167,0.273
5.072,-84.37,0.5937,0.241
5.073,-107.50,0.5937,0.105
5.074,-102.66,0.5937,0.026
5.075,-131.87,0.5937,-0.101
5.076,-65.00,0.5937,-0.238
5.077,-23.13,0.5937,-0.231
5.078,-44.84,0.5937,-0.284
5.079,27.81,0.5937,-0.320
5.08,98.44,0.5937,-0.228
5.081,78.13,0.5937,-0.123
5.082,94.84,0.5937,-0.072
5.083,124.69,0.5937,0.066
5.084,59.38,0.5937,0.177
5.085,41.56,0.5937,0.185
5.086,48.28,0.5937,0.260
5.087,-22.97,0.5980,0.282
5.088,-58.28,0.6066,0.214
5.089,-47.19,0.6066,0.165
5.09,-92.66,0.6066,0.120
5.091,-125.62,0.6066,-0.020
5.092,-79.53,0.6066,-0.131
5.093,-74.38,0.6066,-0.179
5.094,-72.81,0.6066,-0.280
5.095,29.22,0.6066,-0.325
5.096,74.37,0.6066,-0.222
5.097,40.78,0.6066,-0.176
5.098,99.06,0.6066,-0.140
5.099,105.63,0.6066,0.022
5.1,55.94,0.6066,0.071
5.101,99.22,0.6066,0.134
5.102,72.19,0.6066,0.270
5.103,-18.28,0.4194,0.278
5.104,-5.16,0.0450,0.233
5.105,-18.91,0.2121,0.268
5.106,-121.56,0.5462,0.195
5.107,-112.81,0.5462,0.025
5.108,-77.81,0.5462,-0.030
5.109,-124.06,0.5462,-0.131
5.11,-73.12,0.5462,-0.278
5.111,9.06,0.5462,-0.277
5.112,5.78,0.5462,-0.260
5.113,54.37,0.5462,-0.266
5.114,123.59,0.5462,-0.152
5.115,83.75,0.5462,-0.018
5.116,69.37,0.5462,0.016
5.117,100.47,0.5462,0.120
5.118,49.06,0.5462,0.217
5.119,18.59,0.5462,0.218
5.12,27.81,0.5462,0.254
5.121,-52.19,0.5557,0.274
5.122,-88.28,0.5747,0.150
5.123,-66.72,0.5747,0.098
5.124,-120.00,0.5747,0.016
5.125,-109.06,0.5747,-0.143
5.126,-41.09,0.5747,-0.202
5.127,-49.37,0.5747,-0.225
5.128,-31.56,0.5747,-0.301
5.129,62.97,0.5747,-0.288
5.13,69.53,0.5747,-0.175
5.131,49.22,0.5747,-0.149
5.132,126.25,0.5747,-0.076
5.133,110.31,0.5747,0.104
5.134,31.41,0.5747,0.144
5.135,62.50,0.5747,0.167
5.136,45.94,0.4078,0.269
5.137,-37.03,0.0741,0.258
5.138,-24.22,0.0741,0.195
5.139,-55.16,0.2248,0.210
5.14,-139.69,0.5263,0.085
5.141,-85.16,0.5263,-0.069
5.142,-59.53,0.5263,-0.085
5.143,-115.47,0.5263,-0.188
5.144,-45.16,0.5263,-0.316
5.145,51.09,0.5263,-0.279
5.146,26.25,0.4844,-0.214
5.147,62.97,0.4006,-0.226
5.148,140.63,0.4006,-0.088
5.149,87.19,0.4006,0.055
5.15,59.69,0.4006,0.086
5.151,88.44,0.4006,0.174
5.152,22.34,0.2818,0.263
5.153,-13.91,0.0441,0.219
5.154,13.59,0.0441,0.235
5.155,-46.09,0.1966,0.246
5.156,-87.34,0.5016,0.143
5.157,-72.50,0.5016,0.072
5.158,-113.75,0.5016,-0.002
5.159,-126.72,0.5016,-0.156
5.16,-43.91,0.5016,-0.255
5.161,-19.37,0.5016,-0.244
5.162,-9.37,0.5016,-0.294
5.163,71.72,0.5016,-0.263
5.164,90.00,0.5016,-0.151
5.165,74.38,0.5016,-0.083
5.166,123.28,0.5016,-0.002
5.167,98.44,0.5016,0.164
5.168,21.72,0.5016,0.195
5.169,49.06,0.5016,0.208
5.17,22.66,0.5404,0.293
5.171,-61.25,0.6181,0.253
5.172,-46.25,0.6181,0.171
5.173,-64.37,0.6181,0.160
5.174,-144.53,0.6181,0.042
5.175,-107.19,0.6181,-0.129
5.176,-60.78,0.6181,-0.173
5.177,-76.25,0.6181,-0.250
5.178,-10.00,0.6181,-0.325
5.179,64.06,0.6181,-0.270
5.18,35.94,0.6181,-0.197
5.181,79.53,0.6181,-0.198
5.182,143.59,0.6181,-0.038
5.183,65.62,0.6181,0.089
5.184,57.03,0.6181,0.093
5.185,82.34,0.6181,0.203
5.186,12.19,0.5953,0.258
5.187,-26.72,0.5497,0.227
5.188,-22.19,0.5497,0.205
5.189,-77.19,0.5497,0.183
5.19,-118.75,0.5497,0.050
5.191,-72.34,0.5497,-0.055
5.192,-80.47,0.5497,-0.094
5.193,-98.59,0.5497,-0.216
5.194,-19.69,0.5497,-0.292
5.195,21.72,0.5497,-0.255
5.196,28.44,0.5497,-0.248
5.197,89.69,0.5497,-0.198
5.198,92.03,0.5497,-0.069
5.199,61.87,0.5497,-0.014
5.2,101.09,0.5497,0.055
5.201,78.13,0.5497,0.188
5.202,6.72,0.5497,0.211
5.203,37.50,0.5497,0.202
5.204,8.13,0.5702,0.286
5.205,-87.81,0.6112,0.218
5.206,-66.25,0.6112,0.111
5.207,-88.59,0.6112,0.085
5.208,-146.72,0.6112,-0.067
5.209,-78.75,0.6112,-0.208
5.21,-32.66,0.6112,-0.224
5.211,-50.47,0.6112,-0.273
5.212,42.34,0.6112,-0.325
5.213,110.31,0.6112,-0.189
5.214,42.81,0.6112,-0.104
5.215,81.88,0.6112,-0.103
5.216,131.25,0.6112,0.059
5.217,67.81,0.6112,0.159
5.218,42.81,0.6112,0.195
5.219,48.59,0.6112,0.245
5.22,-14.53,0.6049,0.292
5.221,-41.09,0.5922,0.216
5.222,-21.25,0.5922,0.210
5.223,-97.81,0.5922,0.173
5.224,-125.63,0.5922,0.014
5.225,-63.91,0.5922,-0.078
5.226,-82.50,0.5922,-0.113
5.227,-93.28,0.5922,-0.243
5.228,11.09,0.5922,-0.300
5.229,54.22,0.5922,-0.221
5.23,28.91,0.5922,-0.192
5.231,87.03,0.5922,-0.163
5.232,103.13,0.5922,-0.018
5.233,57.03,0.5922,0.043
5.234,94.22,0.5922,0.097
5.235,68.28,0.5922,0.232
5.236,-9.37,0.4015,0.233
5.237,16.41,0.0200,0.213
5.238,-10.16,0.1902,0.266
5.239,-102.97,0.5306,0.193
5.24,-98.28,0.5306,0.060
5.241,-94.53,0.5306,-0.004
5.242,-130.47,0.5306,-0.129
5.243,-58.91,0.5306,-0.265
5.244,-7.03,0.5361,-0.247
5.245,-17.97,0.5472,-0.279
5.246,62.81,0.5472,-0.283
5.247,109.84,0.5472,-0.153
5.248,70.31,0.5472,-0.063
5.249,96.87,0.5472,-0.013
5.25,111.09,0.5472,0.131
5.251,39.69,0.5472,0.210
5.252,27.34,0.5472,0.210
5.253,39.37,0.5472,0.264
5.254,-18.12,0.5681,0.289
5.255,-57.19,0.6100,0.228
5.256,-70.16,0.6100,0.174
5.257,-135.62,0.6100,0.088
5.258,-139.06,0.6100,-0.097
5.259,-55.63,0.6100,-0.190
5.26,-47.66,0.6100,-0.208
5.261,-56.56,0.6100,-0.286
5.262,39.06,0.6100,-0.321
5.263,66.56,0.6100,-0.208
5.264,50.47,0.6100,-0.188
5.265,127.81,0.6100,-0.107
5.266,107.81,0.6100,0.068
5.267,42.97,0.6100,0.109
5.268,74.38,0.6100,0.153
5.269,44.69,0.4266,0.258
5.27,-29.84,0.0597,0.243
5.271,-16.87,0.0597,0.198
5.272,-41.41,0.2114,0.209
5.273,-111.72,0.5147,0.115
5.274,-76.72,0.5147,-0.014
5.275,-81.25,0.5147,-0.038
5.276,-133.75,0.5147,-0.177
5.277,-34.22,0.5147,-0.306
5.278,35.00,0.5147,-0.245
5.279,6.41,0.5147,-0.236
5.28,67.03,0.5147,-0.233
5.281,121.88,0.5147,-0.102
5.282,73.91,0.5147,0.011
5.283,76.56,0.5147,0.046
5.284,101.56,0.5147,0.164
5.285,21.56,0.3571,0.249
5.286,14.84,0.0419,0.208
5.287,32.81,0.2249,0.279
5.288,-65.16,0.5909,0.273
5.289,-97.19,0.5909,0.149
5.29,-72.81,0.5909,0.079
5.291,-119.69,0.5909,0.003
5.292,-121.25,0.5909,-0.161
5.293,-41.72,0.5909,-0.239
5.294,-36.25,0.5909,-0.244
5.295,-21.09,0.5909,-0.312
5.296,78.59,0.5909,-0.286
5.297,83.75,0.5909,-0.155
5.298,63.59,0.5909,-0.119
5.299,127.03,0.5909,-0.028
5.3,90.63,0.5909,0.135
5.301,29.84,0.5909,0.154
5.302,58.28,0.5909,0.195
5.303,26.88,0.5834,0.270
5.304,-45.78,0.5684,0.249
5.305,-30.94,0.5684,0.179
5.306,-66.56,0.5684,0.187
5.307,-140.78,0.5684,0.046
5.308,-67.19,0.5684,-0.095
5.309,-48.75,0.5684,-0.089
5.31,-104.69,0.5684,-0.192
5.311,-32.97,0.5684,-0.298
5.312,39.69,0.5684,-0.258
5.313,36.41,0.5684,-0.219
5.314,87.81,0.5684,-0.185
5.315,127.66,0.5684,-0.043
5.316,66.25,0.5684,0.070
5.317,71.25,0.5684,0.089
5.318,96.88,0.5684,0.212
5.319,6.72,0.3980,0.283
5.32,-13.75,0.0572,0.226
5.321,5.16,0.2250,0.256
5.322,-78.91,0.5606,0.236
5.323,-111.72,0.5606,0.098
5.324,-86.41,0.5606,0.013
5.325,-115.78,0.5606,-0.075
5.326,-115.00,0.5606,-0.219
5.327,-25.31,0.5606,-0.305
5.328,2.66,0.5442,-0.269
5.329,15.31,0.5113,-0.300
5.33,89.84,0.5113,-0.239
5.331,97.81,0.5113,-0.120
5.332,83.44,0.5113,-0.043
5.333,104.37,0.5113,0.047
5.334,79.06,0.5113,0.166
5.335,22.97,0.5113,0.205
5.336,50.47,0.5113,0.212
5.337,12.03,0.5508,0.306
5.338,-82.97,0.6300,0.236
5.339,-53.12,0.6300,0.140
5.34,-86.25,0.6300,0.129
5.341,-151.72,0.6300,-0.033
5.342,-72.50,0.6300,-0.174
5.343,-40.63,0.6300,-0.177
5.344,-73.28,0.6300,-0.255
5.345,-5.00,0.6300,-0.324
5.346,63.75,0.6300,-0.265
5.347,52.03,0.6300,-0.197
5.348,110.78,0.6300,-0.161
5.349,144.84,0.6300,0.025
5.35,54.38,0.6300,0.128
5.351,61.41,0.6300,0.134
5.352,80.47,0.6300,0.251
5.353,-3.28,0.6099,0.295
5.354,-35.00,0.5697,0.245
5.355,-34.53,0.5697,0.225
5.356,-107.19,0.5697,0.176
5.357,-118.91,0.5697,0.010
5.358,-64.84,0.5697,-0.062
5.359,-96.41,0.5697,-0.119
5.36,-77.81,0.5697,-0.255
5.361,8.91,0.5697,-0.275
5.362,17.81,0.5697,-0.237
5.363,30.47,0.5697,-0.239
5.364,100.16,0.5697,-0.176
5.365,102.19,0.5697,-0.039
5.366,67.34,0.5697,0.028
5.367,95.47,0.5697,0.096
5.368,67.19,0.5697,0.219
5.369,10.78,0.5697,0.230
5.37,22.97,0.5697,0.241
5.371,-8.44,0.5766,0.276
5.372,-99.06,0.5903,0.224
5.373,-96.41,0.5903,0.078
5.374,-86.88,0.5903,0.031
5.375,-130.63,0.5903,-0.096
5.376,-78.13,0.5903,-0.230
5.377,-38.28,0.5903,-0.252
5.378,-31.09,0.5903,-0.307
5.379,45.62,0.5903,-0.314
5.38,87.66,0.5903,-0.216
5.381,70.00,0.5903,-0.139
5.382,106.09,0.5903,-0.076
5.383,106.09,0.5903,0.073
5.384,46.09,0.5903,0.137
5.385,58.91,0.5903,0.165
5.386,48.44,0.5903,0.254
5.387,-50.31,0.4297,0.262
5.388,-44.84,0.1084,0.154
5.389,-25.63,0.2323,0.173
5.39,-125.63,0.4800,0.103
5.391,-120.00,0.4800,-0.079
5.392,-52.50,0.4800,-0.138
5.393,-85.00,0.4800,-0.184
5.394,-60.62,0.4800,-0.308
5.395,38.59,0.4800,-0.305
5.396,44.06,0.4800,-0.230
5.397,40.00,0.4800,-0.217
5.398,130.31,0.4800,-0.150
5.399,117.19,0.4800,0.044
5.4,47.81,0.4800,0.084
5.401,88.28,0.4800,0.139
5.402,51.09,0.3352,0.261
5.403,-22.81,0.0456,0.242
5.404,5.94,0.0456,0.215
5.405,-26.88,0.2135,0.253
5.406,-126.72,0.5494,0.161
5.407,-108.59,0.5494,0.000
5.408,-86.88,0.5494,-0.056
5.409,-120.00,0.5494,-0.174
5.41,-49.53,0.5494,-0.296
5.411,10.00,0.5494,-0.273
5.412,5.00,0.5494,-0.276
5.413,79.06,0.5494,-0.263
5.414,110.78,0.5494,-0.118
5.415,67.03,0.5494,-0.041
5.416,85.16,0.5494,0.016
5.417,100.00,0.5494,0.129
5.418,32.81,0.3871,0.216
5.419,20.47,0.0625,0.195
5.42,38.91,0.0625,0.257
5.421,-30.47,0.2351,0.273
5.422,-69.84,0.5803,0.196
5.423,-72.66,0.5803,0.133
5.424,-121.41,0.5803,0.051
5.425,-109.22,0.5803,-0.110
5.426,-55.16,0.5803,-0.168
5.427,-70.16,0.5803,-0.220
5.428,-28.13,0.5803,-0.308
5.429,73.13,0.5803,-0.277
5.43,65.47,0.5803,-0.162
5.431,58.91,0.5803,-0.146
5.432,129.69,0.5803,-0.044
5.433,95.78,0.5803,0.114
5.434,35.94,0.5803,0.148
5.435,70.63,0.5803,0.186
5.436,45.78,0.4147,0.289
5.437,-41.72,0.0834,0.277
5.438,-26.41,0.0834,0.206
5.439,-37.50,0.2382,0.224
5.44,-136.25,0.5478,0.131
5.441,-115.00,0.5478,-0.048
5.442,-77.97,0.5478,-0.099
5.443,-112.03,0.5478,-0.204
5.444,-27.19,0.5478,-0.323
5.445,47.34,0.5478,-0.258
5.446,15.94,0.5478,-0.229
5.447,71.56,0.5478,-0.227
5.448,119.06,0.5478,-0.086
5.449,65.31,0.5478,0.012
5.45,85.94,0.5478,0.045
5.451,99.37,0.5478,0.183
5.452,1.25,0.3845,0.244
5.453,-8.59,0.0578,0.186
5.454,22.19,0.0578,0.227
5.455,-56.41,0.2224,0.230
5.456,-91.87,0.5516,0.114
5.457,-78.13,0.5516,0.047
5.458,-115.31,0.5516,-0.043
5.459,-92.19,0.5516,-0.184
5.46,-29.38,0.5516,-0.227
5.461,-47.19,0.5516,-0.243
5.462,-4.53,0.5516,-0.321
5.463,95.00,0.5516,-0.252
5.464,84.06,0.5516,-0.131
5.465,80.78,0.5516,-0.084
5.466,131.56,0.5516,0.030
5.467,78.75,0.5516,0.179
5.468,23.59,0.5516,0.188
5.469,55.31,0.5516,0.227
5.47,14.69,0.5808,0.298
5.471,-71.72,0.6394,0.256
5.472,-48.91,0.6394,0.155
5.473,-65.00,0.6394,0.158
5.474,-133.59,0.6394,0.025
5.475,-96.41,0.6394,-0.109
5.476,-78.75,0.6394,-0.168
5.477,-86.56,0.6394,-0.267
5.478,-1.72,0.6394,-0.341
5.479,57.81,0.6394,-0.270
5.48,31.41,0.6394,-0.225
5.481,90.31,0.6394,-0.207
5.482,133.28,0.6394,-0.045
5.483,66.72,0.6394,0.059
5.484,93.59,0.6394,0.089
5.485,89.84,0.6394,0.247
5.486,-7.03,0.4382,0.268
5.487,-4.22,0.0359,0.233
5.488,-6.09,0.2050,0.260
5.489,-93.91,0.5431,0.220
5.49,-112.19,0.5431,0.072
5.491,-81.72,0.5431,-0.004
5.492,-115.94,0.5431,-0.091
5.493,-95.94,0.5431,-0.236
5.494,-5.16,0.5431,-0.283
5.495,5.31,0.5328,-0.246
5.496,34.22,0.5122,-0.273
5.497,115.00,0.5122,-0.178
5.498,107.66,0.5122,-0.043
5.499,76.09,0.5122,0.037
5.5,87.19,0.5122,0.110
5.501,57.97,0.5122,0.212
5.502,13.91,0.5122,0.226
5.503,28.28,0.5122,0.240
5.504,-18.75,0.5465,0.282
5.505,-76.56,0.6150,0.202
5.506,-55.16,0.6150,0.129
5.507,-89.69,0.6150,0.092
5.508,-138.59,0.6150,-0.050
5.509,-72.03,0.6150,-0.185
5.51,-46.72,0.6150,-0.194
5.511,-69.22,0.6150,-0.279
5.512,40.78,0.6150,-0.333
5.513,98.12,0.6150,-0.197
5.514,44.84,0.6150,-0.137
5.515,99.22,0.6150,-0.108
5.516,121.09,0.6150,0.062
5.517,43.44,0.6150,0.135
5.518,64.69,0.6150,0.149
5.519,62.81,0.6150,0.264
5.52,-36.09,0.4375,0.274
5.521,-33.12,0.0825,0.192
5.522,-20.16,0.2220,0.208
5.523,-117.19,0.5009,0.152
5.524,-119.84,0.5009,-0.026
5.525,-58.59,0.5009,-0.088
5.526,-96.72,0.5009,-0.143
5.527,-74.69,0.5009,-0.282
5.528,19.38,0.5009,-0.293
5.529,25.16,0.5009,-0.243
5.53,55.00,0.5009,-0.242
5.531,127.50,0.5009,-0.133
5.532,97.03,0.5009,0.013
5.533,66.88,0.5009,0.061
5.534,98.44,0.5009,0.146
5.535,47.34,0.3412,0.258
5.536,-10.94,0.0219,0.241
5.537,4.69,0.0219,0.236
5.538,-35.47,0.1811,0.250
5.539,-81.09,0.4997,0.165
5.54,-77.03,0.4997,0.088
5.541,-109.53,0.4997,0.011
5.542,-130.31,0.4997,-0.131
5.543,-52.81,0.4997,-0.249
5.544,-14.22,0.5073,-0.237
5.545,-45.00,0.5225,-0.278
5.546,53.28,0.5225,-0.327
5.547,116.41,0.5225,-0.171
5.548,67.50,0.5225,-0.094
5.549,100.47,0.5225,-0.036
5.55,100.00,0.5225,0.107
5.551,44.38,0.5225,0.164
5.552,63.44,0.5225,0.196
5.553,41.09,0.5529,0.291
5.554,-42.81,0.6137,0.278
5.555,-48.91,0.6137,0.205
5.556,-54.06,0.6137,0.180
5.557,-132.81,0.6137,0.097
5.558,-125.94,0.6137,-0.085
5.559,-61.41,0.6137,-0.155
5.56,-84.06,0.6137,-0.208
5.561,-53.13,0.6137,-0.323
5.562,50.00,0.6137,-0.314
5.563,60.94,0.6137,-0.223
5.564,74.06,0.6137,-0.193
5.565,123.91,0.6137,-0.075
5.566,93.12,0.6137,0.055
5.567,56.56,0.6137,0.111
5.568,86.25,0.6137,0.168
5.569,43.59,0.4273,0.284
5.57,-27.19,0.0544,0.256
5.571,2.50,0.0544,0.229
5.572,-45.62,0.2129,0.261
5.573,-137.81,0.5300,0.138
5.574,-102.97,0.5300,-0.015
5.575,-74.22,0.5300,-0.068
5.576,-100.78,0.5300,-0.163
5.577,-36.25,0.5300,-0.269
5.578,-5.16,0.5009,-0.236
5.579,-6.72,0.4428,-0.280
5.58,91.56,0.4428,-0.249
5.581,109.22,0.4428,-0.097
5.582,64.69,0.4428,-0.031
5.583,97.03,0.4428,0.033
5.584,93.59,0.4428,0.163
5.585,21.72,0.3200,0.220
5.586,30.47,0.0744,0.207
5.587,39.37,0.0744,0.281
5.588,-53.91,0.2472,0.285
5.589,-94.06,0.5928,0.173
5.59,-99.22,0.5928,0.097
5.591,-129.22,0.5928,-0.025
5.592,-92.19,0.5928,-0.161
5.593,-28.28,0.5928,-0.210
5.594,-48.91,0.5928,-0.218
5.595,-19.22,0.5928,-0.308
5.596,68.75,0.5928,-0.256
5.597,52.66,0.5928,-0.170
5.598,85.78,0.5928,-0.151
5.599,135.31,0.5928,0.002
5.6,68.28,0.5928,0.120
5.601,28.13,0.5928,0.138
5.602,62.97,0.5928,0.176
5.603,20.16,0.4231,0.264
5.604,-41.87,0.0838,0.216
5.605,-12.66,0.0838,0.180
5.606,-65.31,0.2316,0.191
5.607,-142.81,0.5272,0.050
5.608,-84.84,0.5272,-0.095
5.609,-66.09,0.5272,-0.120
5.61,-92.97,0.5272,-0.227
5.611,-9.84,0.5272,-0.306
5.612,39.37,0.5272,-0.247
5.613,30.16,0.5272,-0.227
5.614,95.47,0.5272,-0.186
5.615,105.47,0.5272,-0.036
5.616,52.03,0.5272,0.025
5.617,98.28,0.5272,0.068
5.618,100.62,0.5272,0.221
5.619,6.72,0.3629,0.269
5.62,-3.91,0.0344,0.235
5.621,-1.72,0.2156,0.261
5.622,-87.81,0.5781,0.231
5.623,-110.47,0.5781,0.086
5.624,-68.28,0.5781,0.010
5.625,-107.50,0.5781,-0.051
5.626,-102.34,0.5781,-0.205
5.627,-37.66,0.5781,-0.256
5.628,-30.63,0.5781,-0.280
5.629,29.84,0.5781,-0.317
5.63,114.38,0.5781,-0.220
5.631,82.66,0.5781,-0.088
5.632,65.47,0.5781,-0.055
5.633,113.28,0.5781,0.043
5.634,80.00,0.5781,0.172
5.635,32.97,0.5781,0.203
5.636,41.88,0.5781,0.238
5.637,-11.09,0.5955,0.287
5.638,-59.84,0.6303,0.215
5.639,-36.41,0.6303,0.167
5.64,-92.19,0.6303,0.143
5.641,-140.94,0.6303,-0.018
5.642,-75.16,0.6303,-0.139
5.643,-70.62,0.6303,-0.168
5.644,-87.97,0.6303,-0.281
5.645,39.53,0.6303,-0.344
5.646,84.22,0.6303,-0.202
5.647,35.78,0.6303,-0.175
5.648,111.56,0.6303,-0.130
5.649,124.69,0.6303,0.048
5.65,45.31,0.6303,0.119
5.651,73.75,0.6303,0.138
5.652,78.13,0.6303,0.267
5.653,-19.37,0.6077,0.295
5.654,-30.78,0.5625,0.228
5.655,-19.38,0.5625,0.233
5.656,-91.87,0.5625,0.189
5.657,-107.03,0.5625,0.049
5.658,-85.47,0.5625,-0.025
5.659,-121.56,0.5625,-0.122
5.66,-72.50,0.5625,-0.268
5.661,3.75,0.5625,-0.267
5.662,7.50,0.5625,-0.260
5.663,53.44,0.5625,-0.252
5.664,107.19,0.5625,-0.153
5.665,83.91,0.5625,-0.037
5.666,78.28,0.5625,0.014
5.667,108.75,0.5625,0.119
5.668,51.41,0.5625,0.232
5.669,2.03,0.5625,0.222
5.67,24.69,0.5625,0.236
5.671,-25.31,0.5701,0.272
5.672,-85.94,0.5853,0.185
5.673,-63.59,0.5853,0.100
5.674,-96.25,0.5853,0.058
5.675,-141.09,0.5853,-0.093
5.676,-70.78,0.5853,-0.224
5.677,-42.19,0.5853,-0.234
5.678,-39.69,0.5853,-0.308
5.679,74.06,0.5853,-0.314
5.68,81.88,0.5853,-0.160
5.681,43.44,0.5853,-0.150
5.682,120.31,0.5853,-0.073
5.683,121.87,0.5853,0.091
5.684,54.53,0.5853,0.170
5.685,55.31,0.5853,0.200
5.686,36.88,0.5862,0.281
5.687,-27.34,0.5881,0.273
5.688,-30.16,0.5881,0.226
5.689,-62.03,0.5881,0.213
5.69,-134.84,0.5881,0.102
5.691,-106.88,0.5881,-0.057
5.692,-60.00,0.5881,-0.112
5.693,-97.81,0.5881,-0.177
5.694,-61.09,0.5881,-0.307
5.695,30.00,0.5881,-0.299
5.696,41.72,0.5881,-0.247
5.697,64.22,0.5881,-0.215
5.698,107.81,0.5881,-0.119
5.699,84.37,0.5881,0.000
5.7,63.44,0.5881,0.050
5.701,90.16,0.5881,0.127
5.702,48.91,0.5881,0.230
5.703,8.91,0.5881,0.225
5.704,13.75,0.5881,0.248
5.705,-45.94,0.5622,0.253
5.706,-111.88,0.5103,0.156
5.707,-88.44,0.5103,0.029
5.708,-98.91,0.5103,-0.021
5.709,-118.59,0.5103,-0.169
5.71,-35.78,0.5103,-0.258
5.711,-16.41,0.5054,-0.241
5.712,-19.06,0.4956,-0.291
5.713,80.00,0.4956,-0.279
5.714,111.88,0.4956,-0.131
5.715,72.66,0.4956,-0.055
5.716,100.31,0.4956,0.015
5.717,93.44,0.4956,0.146
5.718,29.69,0.4956,0.202
5.719,43.44,0.4956,0.205
5.72,23.44,0.5263,0.288
5.721,-73.59,0.5875,0.252
5.722,-67.50,0.5875,0.141
5.723,-60.78,0.5875,0.117
5.724,-123.44,0.5875,0.020
5.725,-94.06,0.5875,-0.130
5.726,-44.69,0.5875,-0.168
5.727,-65.31,0.5875,-0.219
5.728,-17.50,0.5875,-0.299
5.729,56.41,0.5875,-0.254
5.73,49.69,0.5875,-0.186
5.731,76.09,0.5875,-0.155
5.732,119.06,0.5875,-0.034
5.733,67.81,0.5875,0.083
5.734,67.19,0.5875,0.102
5.735,94.22,0.5875,0.218
5.736,12.03,0.5873,0.290
5.737,-31.41,0.5869,0.242
5.738,-20.94,0.5869,0.227
5.739,-77.34,0.5869,0.200
5.74,-116.87,0.5869,0.072
5.741,-68.28,0.5869,-0.034
5.742,-89.84,0.5869,-0.064
5.743,-116.41,0.5869,-0.214
5.744,-14.22,0.5869,-0.297
5.745,17.03,0.5412,-0.242
5.746,9.37,0.4500,-0.263
5.747,90.78,0.4500,-0.223
5.748,115.94,0.4500,-0.081
5.749,62.81,0.4500,0.008
5.75,89.37,0.4500,0.044
5.751,104.84,0.4500,0.187
5.752,21.09,0.3082,0.254
5.753,15.31,0.0247,0.229
5.754,-4.53,0.2180,0.285
5.755,-92.81,0.6047,0.220
5.756,-69.22,0.6047,0.099
5.757,-66.72,0.6047,0.082
5.758,-133.13,0.6047,-0.034
5.759,-91.09,0.6047,-0.184
5.76,-43.75,0.6047,-0.217
5.761,-51.72,0.6047,-0.272
5.762,32.19,0.6047,-0.320
5.763,95.16,0.6047,-0.208
5.764,54.84,0.6047,-0.130
5.765,90.16,0.6047,-0.098
5.766,130.47,0.6047,0.051
5.767,61.72,0.6047,0.163
5.768,36.56,0.6047,0.174
5.769,55.63,0.6047,0.236
5.77,-0.78,0.6049,0.285
5.771,-45.16,0.6053,0.235
5.772,-30.31,0.6053,0.195
5.773,-88.75,0.6053,0.174
5.774,-148.28,0.6053,0.018
5.775,-94.06,0.6053,-0.123
5.776,-87.34,0.6053,-0.171
5.777,-74.69,0.6053,-0.297
5.778,29.84,0.6053,-0.320
5.779,50.78,0.6053,-0.238
5.78,24.84,0.6053,-0.218
5.781,112.81,0.6053,-0.188
5.782,127.50,0.6053,0.007
5.783,50.31,0.6053,0.067
5.784,100.78,0.6053,0.108
5.785,84.38,0.6053,0.269
5.786,-19.06,0.4189,0.277
5.787,2.50,0.0459,0.231
5.788,-8.59,0.2186,0.282
5.789,-120.94,0.5641,0.213
5.79,-109.06,0.5641,0.040
5.791,-70.31,0.5641,-0.005
5.792,-108.44,0.5641,-0.101
5.793,-68.44,0.5641,-0.222
5.794,-19.53,0.5641,-0.238
5.795,-22.34,0.5641,-0.261
5.796,55.31,0.5641,-0.283
5.797,98.13,0.5641,-0.150
5.798,53.13,0.5641,-0.086
5.799,77.97,0.5641,-0.044
5.8,99.37,0.5641,0.070
5.801,56.09,0.5641,0.155
5.802,42.19,0.5641,0.182
5.803,47.50,0.5641,0.239
5.804,-26.09,0.5794,0.277
5.805,-74.37,0.6100,0.187
5.806,-66.09,0.6100,0.128
5.807,-98.75,0.6100,0.055
5.808,-118.13,0.6100,-0.069
5.809,-77.19,0.6100,-0.181
5.81,-65.47,0.6100,-0.224
5.811,-54.69,0.6100,-0.312
5.812,44.84,0.6100,-0.333
5.813,76.41,0.6100,-0.223
5.814,58.28,0.6100,-0.180
5.815,137.03,0.6100,-0.106
5.816,120.31,0.6100,0.094
5.817,34.69,0.6100,0.135
5.818,60.16,0.6100,0.163
5.819,47.19,0.6100,0.255
5.82,-28.44,0.4265,0.258
5.821,-10.94,0.0594,0.198
5.822,-31.25,0.2101,0.236
5.823,-122.19,0.5116,0.136
5.824,-88.44,0.5116,-0.009
5.825,-63.44,0.5116,-0.041
5.826,-117.34,0.5116,-0.136
5.827,-68.44,0.5116,-0.276
5.828,14.69,0.5116,-0.273
5.829,20.31,0.5116,-0.247
5.83,67.50,0.5116,-0.232
5.831,110.31,0.5116,-0.112
5.832,64.06,0.5116,-0.011
5.833,76.72,0.5116,0.017
5.834,117.66,0.5116,0.142
5.835,38.44,0.3529,0.252
5.836,1.41,0.0356,0.219
5.837,20.78,0.0356,0.255
5.838,-51.09,0.2103,0.261
5.839,-73.59,0.5597,0.153
5.84,-54.69,0.5597,0.113
5.841,-113.75,0.5597,0.043
5.842,-117.81,0.5597,-0.114
5.843,-60.47,0.5597,-0.193
5.844,-53.28,0.5597,-0.235
5.845,-23.44,0.5597,-0.299
5.846,84.53,0.5597,-0.282
5.847,91.72,0.5597,-0.130
5.848,68.59,0.5597,-0.098
5.849,125.63,0.5597,0.007
5.85,97.03,0.5597,0.153
5.851,26.72,0.5597,0.201
5.852,46.25,0.5597,0.206
5.853,32.19,0.5795,0.294
5.854,-48.91,0.6191,0.271
5.855,-39.53,0.6191,0.196
5.856,-65.47,0.6191,0.192
5.857,-152.81,0.6191,0.065
5.858,-93.91,0.6191,-0.114
5.859,-58.12,0.6191,-0.123
5.86,-101.25,0.6191,-0.230
5.861,-22.66,0.6191,-0.325
5.862,56.09,0.6191,-0.276
5.863,41.09,0.6191,-0.213
5.864,73.91,0.6191,-0.193
5.865,124.84,0.6191,-0.065
5.866,78.13,0.6191,0.056
5.867,66.88,0.6191,0.091
5.868,88.28,0.6191,0.190
5.869,20.47,0.4249,0.268
5.87,-10.47,0.0366,0.231
5.871,9.22,0.0366,0.247
5.872,-62.97,0.2103,0.249
5.873,-121.09,0.5578,0.121
5.874,-83.13,0.5578,0.007
5.875,-88.59,0.5578,-0.046
5.876,-109.69,0.5578,-0.170
5.877,-46.56,0.5578,-0.265
5.878,-21.72,0.5578,-0.263
5.879,3.28,0.5578,-0.308
5.88,102.50,0.5578,-0.257
5.881,97.81,0.5578,-0.103
5.882,62.19,0.5578,-0.061
5.883,118.28,0.5578,0.021
5.884,77.81,0.5578,0.176
5.885,12.34,0.5578,0.177
5.886,50.78,0.5578,0.200
5.887,8.91,0.5710,0.278
5.888,-79.69,0.5975,0.218
5.889,-57.97,0.5975,0.119
5.89,-59.22,0.5975,0.102
5.891,-113.28,0.5975,0.000
5.892,-74.22,0.5975,-0.124
5.893,-57.50,0.5975,-0.148
5.894,-85.63,0.5975,-0.239
5.895,1.87,0.5975,-0.319
5.896,78.59,0.5975,-0.236
5.897,60.00,0.5975,-0.162
5.898,90.31,0.5975,-0.116
5.899,108.59,0.5975,0.018
5.9,51.09,0.5975,0.102
5.901,60.78,0.5975,0.121
5.902,83.13,0.5975,0.223
5.903,1.88,0.5944,0.287
5.904,-35.94,0.5881,0.227
5.905,-16.88,0.5881,0.215
5.906,-92.66,0.5881,0.193
5.907,-132.66,0.5881,0.030
5.908,-68.28,0.5881,-0.072
5.909,-81.09,0.5881,-0.107
5.91,-97.19,0.5881,-0.234
5.911,-7.97,0.5881,-0.301
5.912,25.63,0.5881,-0.250
5.913,22.19,0.5881,-0.250
5.914,107.34,0.5881,-0.206
5.915,122.97,0.5881,-0.035
5.916,58.44,0.5881,0.040
5.917,92.03,0.5881,0.082
5.918,86.72,0.5881,0.224
5.919,0.62,0.4020,0.255
5.92,5.00,0.0297,0.225
5.921,-8.13,0.2070,0.265
5.922,-83.44,0.5616,0.209
5.923,-78.44,0.5616,0.098
5.924,-85.94,0.5616,0.052
5.925,-134.06,0.5616,-0.074
5.926,-72.03,0.5616,-0.216
5.927,-16.25,0.5616,-0.218
5.928,-35.94,0.5616,-0.248
5.929,38.59,0.5616,-0.290
5.93,85.78,0.5616,-0.171
5.931,50.16,0.5616,-0.118
5.932,108.13,0.5616,-0.071
5.933,134.22,0.5616,0.098
5.934,48.59,0.5616,0.198
5.935,37.19,0.5616,0.195
5.936,43.44,0.5616,0.272
5.937,-36.09,0.5735,0.282
5.938,-52.66,0.5975,0.200
5.939,-34.53,0.5975,0.177
5.94,-111.56,0.5975,0.131
5.941,-127.97,0.5975,-0.046
5.942,-62.66,0.5975,-0.125
5.943,-79.53,0.5975,-0.172
5.944,-71.88,0.5975,-0.284
5.945,35.94,0.5975,-0.315
5.946,66.72,0.5975,-0.212
5.947,39.84,0.5975,-0.182
5.948,109.84,0.5975,-0.133
5.949,106.88,0.5975,0.038
5.95,37.03,0.5975,0.081
5.951,87.34,0.5975,0.112
5.952,68.91,0.4092,0.256
5.953,-16.25,0.0325,0.250
5.954,-3.59,0.0325,0.223
5.955,-30.94,0.1989,0.242
5.956,-123.13,0.5316,0.161
5.957,-90.94,0.5316,-0.004
5.958,-54.22,0.5316,-0.021
5.959,-112.50,0.5316,-0.112
5.96,-70.31,0.5316,-0.246
5.961,-21.72,0.5316,-0.253
5.962,-11.72,0.5316,-0.289
5.963,66.88,0.5316,-0.276
5.964,111.41,0.5316,-0.155
5.965,80.94,0.5316,-0.053
5.966,87.97,0.5316,0.007
5.967,99.84,0.5316,0.123
5.968,35.16,0.3765,0.206
5.969,26.41,0.0662,0.193
5.97,49.22,0.0662,0.259
5.971,-40.16,0.2470,0.291
5.972,-66.87,0.6084,0.179
5.973,-67.19,0.6084,0.158
5.974,-140.00,0.6084,0.044
5.975,-110.47,0.6084,-0.123
5.976,-57.66,0.6084,-0.177
5.977,-70.31,0.6084,-0.238
5.978,-26.72,0.6084,-0.317
5.979,65.31,0.6084,-0.291
5.98,69.84,0.6084,-0.187
5.981,65.16,0.6084,-0.152
5.982,118.75,0.6084,-0.056
5.983,86.56,0.6084,0.086
5.984,41.25,0.6084,0.117
5.985,74.22,0.6084,0.168
5.986,32.50,0.4346,0.265
5.987,-43.44,0.0869,0.233
5.988,-12.97,0.0869,0.178
5.989,-43.44,0.2282,0.208
5.99,-149.37,0.5109,0.092
5.991,-94.69,0.5109,-0.091
5.992,-50.94,0.5109,-0.098
5.993,-102.81,0.5109,-0.193
5.994,-30.16,0.5109,-0.303
5.995,23.75,0.5109,-0.253
5.996,8.28,0.5109,-0.256
5.997,94.06,0.5109,-0.237
5.998,136.41,0.5109,-0.068
5.999,61.72,0.5109,0.036
6,64.84,0.5109,0.056
6.001,99.06,0.5109,0.166
6.002,34.37,0.3471,0.254
6.003,5.00,0.0194,0.234
6.004,9.06,0.2040,0.264
6.005,-65.94,0.5731,0.253
6.006,-100.94,0.5731,0.132
6.007,-85.78,0.5731,0.051
6.008,-106.88,0.5731,-0.040
6.009,-97.66,0.5731,-0.163
6.01,-40.47,0.5731,-0.235
6.011,-37.19,0.5731,-0.244
6.012,-2.19,0.5731,-0.309
6.013,85.94,0.5731,-0.248
6.014,89.06,0.5731,-0.138
6.015,80.31,0.5731,-0.070
6.016,110.94,0.5731,0.023
6.017,73.44,0.5731,0.152
6.018,29.84,0.5731,0.170
6.019,71.56,0.5731,0.211
6.02,5.16,0.5897,0.313
6.021,-74.22,0.6228,0.222
6.022,-31.72,0.6228,0.165
6.023,-76.25,0.6228,0.158
6.024,-160.00,0.6228,0.012
6.025,-101.09,0.6228,-0.162
6.026,-49.84,0.6228,-0.190
6.027,-59.84,0.6228,-0.262
6.028,10.94,0.6228,-0.310
6.029,62.81,0.6228,-0.240
6.03,38.59,0.6228,-0.184
6.031,88.91,0.6228,-0.163
6.032,121.56,0.6228,-0.006
6.033,58.44,0.6228,0.081
6.034,75.31,0.6228,0.111
6.035,78.91,0.6228,0.231
6.036,-8.91,0.4335,0.268
6.037,-12.66,0.0550,0.213
6.038,-4.06,0.2154,0.243
6.039,-86.25,0.5362,0.205
6.04,-124.53,0.5362,0.071
6.041,-93.12,0.5362,-0.044
6.042,-92.34,0.5362,-0.116
6.043,-82.50,0.5362,-0.228
6.044,-23.44,0.5362,-0.281
6.045,-6.25,0.5362,-0.275
6.046,28.59,0.5362,-0.293
6.047,102.03,0.5362,-0.218
6.048,107.19,0.5362,-0.089
6.049,77.03,0.5362,-0.004
6.05,94.06,0.5362,0.065
6.051,69.22,0.5362,0.184
6.052,18.12,0.5362,0.203
6.053,34.84,0.5362,0.221
6.054,-7.34,0.5595,0.273
6.055,-76.87,0.6059,0.206
6.056,-66.56,0.6059,0.119
6.057,-93.28,0.6059,0.073
6.058,-137.97,0.6059,-0.067
6.059,-72.81,0.6059,-0.203
6.06,-35.62,0.6059,-0.213
6.061,-60.00,0.6059,-0.274
6.062,30.94,0.6059,-0.333
6.063,94.22,0.6059,-0.212
6.064,62.50,0.6059,-0.144
6.065,110.00,0.6059,-0.088
6.066,115.63,0.6059,0.076
6.067,42.19,0.6059,0.144
6.068,63.28,0.6059,0.160
6.069,66.87,0.6059,0.270
6.07,-20.78,0.5961,0.294
6.071,-30.47,0.5766,0.229
6.072,-28.44,0.5766,0.233
6.073,-126.88,0.5766,0.172
6.074,-123.59,0.5766,-0.021
6.075,-48.91,0.5766,-0.075
6.076,-83.59,0.5766,-0.119
6.077,-82.03,0.5766,-0.242
6.078,-1.87,0.5766,-0.283
6.079,15.78,0.5766,-0.246
6.08,48.44,0.5766,-0.251
6.081,130.63,0.5766,-0.149
6.082,98.91,0.5766,0.010
6.083,40.47,0.5766,0.048
6.084,77.50,0.5766,0.091
6.085,64.06,0.5766,0.203
6.086,11.09,0.5766,0.219
6.087,15.94,0.5766,0.226
6.088,-23.44,0.5505,0.251
6.089,-102.03,0.4984,0.179
6.09,-88.12,0.4984,0.047
6.091,-92.97,0.4984,0.003
6.092,-125.00,0.4984,-0.139
6.093,-46.25,0.4984,-0.248
6.094,-13.44,0.4892,-0.232
6.095,-20.31,0.4706,-0.274
6.096,71.56,0.4706,-0.272
6.097,102.81,0.4706,-0.131
6.098,51.72,0.4706,-0.067
6.099,88.75,0.4706,-0.028
6.1,101.25,0.4706,0.111
6.101,42.66,0.4706,0.175
6.102,52.66,0.4706,0.196
6.103,35.31,0.5114,0.280
6.104,-50.16,0.5928,0.267
6.105,-54.53,0.5928,0.180
6.106,-54.06,0.5928,0.158
6.107,-127.34,0.5928,0.072
6.108,-120.00,0.5928,-0.097
6.109,-55.16,0.5928,-0.168
6.11,-69.53,0.5928,-0.207
6.111,-52.81,0.5928,-0.308
6.112,48.44,0.5928,-0.313
6.113,67.34,0.5928,-0.211
6.114,59.37,0.5928,-0.178
6.115,118.13,0.5928,-0.092
6.116,95.47,0.5928,0.058
6.117,52.66,0.5928,0.099
6.118,81.25,0.5928,0.163
6.119,32.03,0.4117,0.262
6.12,-24.69,0.0494,0.228
6.121,6.87,0.0494,0.212
6.122,-49.22,0.2058,0.241
6.123,-135.47,0.5188,0.114
6.124,-85.00,0.5188,-0.030
6.125,-70.47,0.5188,-0.056
6.126,-110.63,0.5188,-0.171
6.127,-47.97,0.5188,-0.278
6.128,3.28,0.5188,-0.267
6.129,8.75,0.5188,-0.271
6.13,67.03,0.5188,-0.249
6.131,113.28,0.5188,-0.137
6.132,83.28,0.5188,-0.022
6.133,92.66,0.5188,0.030
6.134,105.47,0.5188,0.163
6.135,27.19,0.3667,0.241
6.136,19.53,0.0625,0.217
6.137,33.28,0.0625,0.280
6.138,-46.87,0.2404,0.284
6.139,-84.37,0.5962,0.186
6.14,-80.47,0.5962,0.115
6.141,-113.12,0.5962,0.025
6.142,-100.94,0.5962,-0.111
6.143,-57.34,0.5962,-0.177
6.144,-67.81,0.5962,-0.226
6.145,-27.34,0.5962,-0.313
6.146,65.00,0.5962,-0.281
6.147,63.44,0.5962,-0.183
6.148,75.47,0.5962,-0.154
6.149,135.16,0.5962,-0.032
6.15,87.03,0.5962,0.117
6.151,36.41,0.5962,0.143
6.152,80.78,0.5962,0.189
6.153,33.13,0.6031,0.304
6.154,-51.09,0.6169,0.256
6.155,-23.91,0.6169,0.202
6.156,-70.63,0.6169,0.208
6.157,-148.75,0.6169,0.061
6.158,-88.59,0.6169,-0.090
6.159,-76.87,0.6169,-0.117
6.16,-98.13,0.6169,-0.243
6.161,-4.37,0.6169,-0.313
6.162,46.56,0.6169,-0.252
6.163,31.41,0.6169,-0.220
6.164,84.84,0.6169,-0.189
6.165,116.56,0.6169,-0.050
6.166,66.41,0.6169,0.044
6.167,84.53,0.6169,0.083
6.168,88.59,0.6169,0.213
6.169,8.59,0.4212,0.260
6.17,-3.59,0.0300,0.230
6.171,-5.00,0.2044,0.253
6.172,-82.81,0.5531,0.220
6.173,-97.66,0.5531,0.087
6.174,-81.56,0.5531,0.025
6.175,-110.47,0.5531,-0.076
6.176,-94.06,0.5531,-0.196
6.177,-32.81,0.5531,-0.264
6.178,-18.12,0.5531,-0.262
6.179,15.16,0.5531,-0.300
6.18,100.16,0.5531,-0.232
6.181,87.50,0.5531,-0.100
6.182,70.94,0.5531,-0.057
6.183,103.59,0.5531,0.042
6.184,75.00,0.5531,0.151
6.185,40.47,0.5531,0.192
6.186,49.38,0.5531,0.232
6.187,-1.09,0.5758,0.291
6.188,-72.66,0.6213,0.229
6.189,-41.41,0.6213,0.145
6.19,-79.53,0.6213,0.147
6.191,-154.06,0.6213,-0.014
6.192,-80.78,0.6213,-0.162
6.193,-55.78,0.6213,-0.175
6.194,-77.66,0.6213,-0.273
6.195,14.84,0.6213,-0.331
6.196,68.28,0.6213,-0.243
6.197,56.25,0.6213,-0.194
6.198,122.34,0.6213,-0.131
6.199,131.72,0.6213,0.051
6.2,42.34,0.6213,0.133
6.201,53.59,0.6213,0.135
6.202,72.81,0.6213,0.240
6.203,-3.13,0.4300,0.281
6.204,-13.44,0.0475,0.233
6.205,-22.34,0.2215,0.254
6.206,-119.06,0.5694,0.189
6.207,-118.13,0.5694,0.016
6.208,-71.41,0.5694,-0.048
6.209,-118.13,0.5694,-0.127
6.21,-94.22,0.5694,-0.284
6.211,4.69,0.5694,-0.315
6.212,30.47,0.5694,-0.274
6.213,47.66,0.5694,-0.254
6.214,99.53,0.5694,-0.179
6.215,102.19,0.5694,-0.055
6.216,80.00,0.5694,0.025
6.217,98.28,0.5694,0.105
6.218,58.91,0.5694,0.222
6.219,9.06,0.5694,0.223
6.22,39.38,0.5694,0.240
6.221,-14.84,0.5809,0.301
6.222,-96.41,0.6041,0.210
6.223,-75.16,0.6041,0.108
6.224,-96.56,0.6041,0.060
6.225,-125.00,0.6041,-0.085
6.226,-58.44,0.6041,-0.190
6.227,-46.56,0.6041,-0.202
6.228,-50.62,0.6041,-0.283
6.229,53.91,0.6041,-0.303
6.23,90.78,0.6041,-0.175
6.231,55.63,0.6041,-0.121
6.232,118.13,0.6041,-0.064
6.233,112.34,0.6041,0.115
6.234,29.37,0.6041,0.161
6.235,57.66,0.6041,0.174
6.236,49.84,0.5917,0.276
6.237,-36.56,0.5669,0.273
6.238,-51.25,0.5669,0.203
6.239,-50.16,0.5669,0.171
6.24,-119.38,0.5669,0.103
6.241,-105.00,0.5669,-0.068
6.242,-44.06,0.5669,-0.108
6.243,-84.84,0.5669,-0.156
6.244,-67.50,0.5669,-0.277
6.245,22.50,0.5669,-0.291
6.246,32.19,0.5669,-0.232
6.247,53.44,0.5669,-0.227
6.248,140.94,0.5669,-0.125
6.249,102.97,0.5669,0.055
6.25,50.31,0.5669,0.081
6.251,98.28,0.5669,0.156
6.252,56.41,0.3954,0.277
6.253,-26.25,0.0525,0.269
6.254,-1.25,0.0525,0.225
6.255,-17.50,0.2204,0.266
6.256,-114.84,0.5562,0.190
6.257,-98.13,0.5562,0.037
6.258,-96.72,0.5562,-0.007
6.259,-141.72,0.5562,-0.157
6.26,-39.69,0.5562,-0.290
6.261,2.34,0.5401,-0.236
6.262,-15.00,0.5078,-0.285
6.263,81.09,0.5078,-0.266
6.264,107.03,0.5078,-0.123
6.265,59.69,0.5078,-0.052
6.266,95.62,0.5078,-0.004
6.267,98.75,0.5078,0.139
6.268,41.72,0.5078,0.194
6.269,50.00,0.5078,0.223
6.27,25.78,0.5401,0.294
6.271,-62.81,0.6047,0.274
6.272,-65.94,0.6047,0.168
6.273,-74.53,0.6047,0.142
6.274,-140.16,0.6047,0.019
6.275,-99.06,0.6047,-0.138
6.276,-44.22,0.6047,-0.179
6.277,-65.94,0.6047,-0.227
6.278,-14.06,0.6047,-0.311
6.279,57.03,0.6047,-0.255
6.28,25.31,0.6047,-0.197
6.281,71.09,0.6047,-0.204
6.282,141.72,0.6047,-0.055
6.283,93.91,0.6047,0.079
6.284,61.41,0.6047,0.133
6.285,75.78,0.6047,0.202
6.286,19.38,0.4309,0.285
6.287,-41.72,0.0834,0.241
6.288,-9.06,0.0834,0.201
6.289,-58.44,0.2345,0.223
6.29,-137.50,0.5366,0.084
6.291,-91.25,0.5366,-0.052
6.292,-86.88,0.5366,-0.098
6.293,-107.81,0.5366,-0.226
6.294,-20.00,0.5366,-0.314
6.295,26.88,0.5366,-0.266
6.296,19.53,0.5366,-0.260
6.297,92.03,0.5366,-0.227
6.298,123.75,0.5366,-0.076
6.299,64.69,0.5366,0.021
6.3,87.50,0.5366,0.053
6.301,86.25,0.5366,0.196
6.302,2.19,0.3664,0.226
6.303,21.25,0.0259,0.200
6.304,16.25,0.2090,0.268
6.305,-78.91,0.5750,0.233
6.306,-90.94,0.5750,0.111
6.307,-76.41,0.5750,0.051
6.308,-111.88,0.5750,-0.042
6.309,-87.81,0.5750,-0.173
6.31,-37.19,0.5750,-0.218
6.311,-44.38,0.5750,-0.248
6.312,-4.06,0.5750,-0.307
6.313,85.63,0.5750,-0.256
6.314,75.31,0.5750,-0.135
6.315,81.09,0.5750,-0.105
6.316,121.88,0.5750,0.027
6.317,75.94,0.5750,0.139
6.318,48.44,0.5750,0.179
6.319,61.09,0.5750,0.236
6.32,-0.47,0.5880,0.301
6.321,-75.47,0.6141,0.235
6.322,-54.06,0.6141,0.150
6.323,-90.94,0.6141,0.127
6.324,-135.62,0.6141,-0.032
6.325,-54.69,0.6141,-0.145
6.326,-52.03,0.6141,-0.141
6.327,-85.94,0.6141,-0.249
6.328,7.50,0.6141,-0.313
6.329,42.97,0.6141,-0.234
6.33,21.25,0.6141,-0.227
6.331,99.69,0.6141,-0.191
6.332,123.75,0.6141,-0.028
6.333,63.59,0.6141,0.056
6.334,91.56,0.6141,0.099
6.335,80.16,0.6141,0.239
6.336,-4.22,0.5896,0.260
6.337,-11.09,0.5406,0.231
6.338,-13.28,0.5406,0.238
6.339,-83.59,0.5406,0.204
6.34,-107.34,0.5406,0.070
6.341,-87.03,0.5406,-0.010
6.342,-119.38,0.5406,-0.104
6.343,-83.13,0.5406,-0.249
6.344,-10.31,0.5406,-0.270
6.345,-5.47,0.5406,-0.270
6.346,34.53,0.5406,-0.281
6.347,87.66,0.5406,-0.201
6.348,73.91,0.5406,-0.106
6.349,84.06,0.5406,-0.053
6.35,119.53,0.5406,0.063
6.351,64.37,0.5406,0.186
6.352,26.87,0.5406,0.191
6.353,50.47,0.5406,0.240
6.354,-13.44,0.5583,0.292
6.355,-72.19,0.5937,0.213
6.356,-58.28,0.5937,0.148
6.357,-103.13,0.5937,0.097
6.358,-127.34,0.5937,-0.058
6.359,-72.66,0.5937,-0.158
6.36,-55.78,0.5937,-0.204
6.361,-48.91,0.5937,-0.270
6.362,41.72,0.5937,-0.302
6.363,76.25,0.5937,-0.186
6.364,49.84,0.5937,-0.149
6.365,109.22,0.5937,-0.087
6.366,96.72,0.5937,0.069
6.367,36.56,0.5937,0.107
6.368,82.81,0.5937,0.143
6.369,65.47,0.5937,0.273
6.37,-37.97,0.4215,0.273
6.371,-22.97,0.0769,0.197
6.372,-27.19,0.2297,0.228
6.373,-123.59,0.5353,0.142
6.374,-112.34,0.5353,-0.020
6.375,-73.75,0.5353,-0.083
6.376,-99.69,0.5353,-0.167
6.377,-57.97,0.5353,-0.282
6.378,16.25,0.5353,-0.283
6.379,13.13,0.5353,-0.249
6.38,54.06,0.5353,-0.257
6.381,119.69,0.5353,-0.141
6.382,81.41,0.5353,-0.018
6.383,74.84,0.5353,0.022
6.384,102.19,0.5353,0.132
6.385,55.31,0.5353,0.226
6.386,13.12,0.5353,0.243
6.387,5.31,0.5353,0.252
6.388,-38.91,0.5343,0.253
6.389,-85.47,0.5322,0.174
6.39,-78.75,0.5322,0.083
6.391,-104.53,0.5322,0.017
6.392,-118.28,0.5322,-0.127
6.393,-44.22,0.5322,-0.220
6.394,-29.53,0.5322,-0.215
6.395,-31.56,0.5322,-0.279
6.396,59.06,0.5322,-0.278
6.397,83.28,0.5322,-0.161
6.398,67.66,0.5322,-0.112
6.399,125.00,0.5322,-0.025
6.4,105.63,0.5322,0.138
6.401,31.72,0.5322,0.186
6.402,52.03,0.5322,0.202
6.403,32.50,0.5560,0.290
6.404,-63.75,0.6037,0.267
6.405,-50.94,0.6037,0.163
6.406,-41.41,0.6037,0.165
6.407,-135.62,0.6037,0.080
6.408,-111.88,0.6037,-0.106
6.409,-54.37,0.6037,-0.144
6.41,-84.84,0.6037,-0.215
6.411,-32.03,0.6037,-0.314
6.412,50.78,0.6037,-0.279
6.413,44.69,0.6037,-0.212
6.414,74.38,0.6037,-0.190
6.415,138.28,0.6037,-0.063
6.416,84.06,0.6037,0.087
6.417,51.25,0.6037,0.105
6.418,87.97,0.6037,0.189
6.419,25.16,0.4202,0.281
6.42,-26.56,0.0531,0.240
6.421,1.25,0.0531,0.228
6.422,-55.63,0.2131,0.242
6.423,-135.62,0.5331,0.116
6.424,-78.28,0.5331,-0.029
6.425,-74.22,0.5331,-0.040
6.426,-125.31,0.5331,-0.177
6.427,-41.41,0.5331,-0.291
6.428,-3.91,0.5282,-0.260
6.429,-7.50,0.5184,-0.299
6.43,87.19,0.5184,-0.275
6.431,104.53,0.5184,-0.124
6.432,69.69,0.5184,-0.066
6.433,118.91,0.5184,0.015
6.434,101.09,0.5184,0.172
6.435,24.06,0.5184,0.217
6.436,27.97,0.5184,0.220
6.437,0.00,0.5372,0.273
6.438,-66.25,0.5747,0.220
6.439,-58.44,0.5747,0.141
6.44,-81.88,0.5747,0.103
6.441,-135.47,0.5747,-0.023
6.442,-85.62,0.5747,-0.168
6.443,-43.28,0.5747,-0.194
6.444,-53.59,0.5747,-0.255
6.445,9.53,0.5747,-0.302
6.446,80.78,0.5747,-0.236
6.447,59.06,0.5747,-0.140
6.448,73.44,0.5747,-0.118
6.449,127.81,0.5747,0.007
6.45,72.50,0.5747,0.138
6.451,43.28,0.5747,0.152
6.452,57.50,0.5747,0.225
6.453,-7.50,0.5758,0.267
6.454,-31.72,0.5781,0.210
6.455,-7.34,0.5781,0.203
6.456,-83.13,0.5781,0.195
6.457,-152.81,0.5781,0.037
6.458,-73.91,0.5781,-0.111
6.459,-62.50,0.5781,-0.111
6.46,-100.31,0.5781,-0.236
6.461,-16.41,0.5781,-0.311
6.462,43.91,0.5781,-0.268
6.463,45.47,0.5781,-0.223
6.464,91.56,0.5781,-0.177
6.465,105.00,0.5781,-0.040
6.466,71.09,0.5781,0.033
6.467,98.13,0.5781,0.102
6.468,80.31,0.5781,0.229
6.469,2.97,0.3947,0.263
6.47,14.22,0.0278,0.235
6.471,1.25,0.2201,0.291
6.472,-85.31,0.6047,0.237
6.473,-90.31,0.6047,0.120
6.474,-80.31,0.6047,0.057
6.475,-126.09,0.6047,-0.040
6.476,-103.91,0.6047,-0.196
6.477,-40.94,0.6047,-0.248
6.478,-32.81,0.6047,-0.278
6.479,45.62,0.6047,-0.314
6.48,103.91,0.6047,-0.186
6.481,72.19,0.6047,-0.106
6.482,102.03,0.6047,-0.042
6.483,115.16,0.6047,0.098
6.484,46.56,0.6047,0.188
6.485,16.09,0.6047,0.191
6.486,41.88,0.6047,0.221
6.487,-10.94,0.6001,0.275
6.488,-44.69,0.5909,0.199
6.489,-33.28,0.5909,0.186
6.49,-114.53,0.5909,0.132
6.491,-135.78,0.5909,-0.043
6.492,-78.28,0.5909,-0.139
6.493,-73.13,0.5909,-0.200
6.494,-57.97,0.5909,-0.286
6.495,29.53,0.5909,-0.316
6.496,54.69,0.5909,-0.227
6.497,34.53,0.5909,-0.207
6.498,119.06,0.5909,-0.158
6.499,117.66,0.5909,0.032
6.5,44.69,0.5909,0.078
6.501,91.56,0.5909,0.121
6.502,81.72,0.5909,0.261
6.503,-4.22,0.4046,0.284
6.504,-6.88,0.0319,0.253
6.505,-34.37,0.1991,0.271
6.506,-113.28,0.5334,0.184
6.507,-106.88,0.5334,0.044
6.508,-86.41,0.5334,-0.030
6.509,-116.41,0.5334,-0.129
6.51,-56.56,0.5334,-0.263
6.511,3.44,0.4852,-0.242
6.512,-11.56,0.3887,-0.256
6.513,59.53,0.3887,-0.265
6.514,129.84,0.3887,-0.137
6.515,82.97,0.3887,-0.005
6.516,64.53,0.3887,0.029
6.517,90.00,0.3887,0.124
6.518,27.50,0.2703,0.209
6.519,1.56,0.0334,0.179
6.52,34.84,0.0334,0.212
6.521,-29.22,0.2104,0.248
6.522,-73.12,0.5644,0.154
6.523,-52.03,0.5644,0.102
6.524,-108.75,0.5644,0.050
6.525,-136.88,0.5644,-0.115
6.526,-54.69,0.5644,-0.224
6.527,-45.94,0.5644,-0.225
6.528,-27.19,0.5644,-0.316
6.529,84.06,0.5644,-0.279
6.53,75.16,0.5644,-0.148
6.531,56.09,0.5644,-0.129
6.532,118.91,0.5644,-0.036
6.533,91.56,0.5644,0.109
6.534,41.41,0.5644,0.147
6.535,64.22,0.5644,0.192
6.536,39.84,0.5729,0.276
6.537,-43.12,0.5900,0.272
6.538,-42.97,0.5900,0.190
6.539,-55.94,0.5900,0.186
6.54,-132.34,0.5900,0.078
6.541,-94.38,0.5900,-0.079
6.542,-76.72,0.5900,-0.111
6.543,-101.56,0.5900,-0.233
6.544,-16.56,0.5900,-0.314
6.545,47.50,0.5900,-0.266
6.546,28.59,0.5900,-0.219
6.547,66.25,0.5900,-0.208
6.548,124.69,0.5900,-0.087
6.549,80.62,0.5900,0.041
6.55,59.38,0.5900,0.075
6.551,91.09,0.5900,0.160
6.552,33.28,0.4035,0.257
6.553,-8.75,0.0306,0.226
6.554,9.38,0.0306,0.239
6.555,-54.84,0.1977,0.245
6.556,-99.53,0.5319,0.130
6.557,-77.19,0.5319,0.046
6.558,-99.37,0.5319,-0.025
6.559,-102.97,0.5319,-0.153
6.56,-34.69,0.5319,-0.231
6.561,-28.13,0.5319,-0.222
6.562,-20.47,0.5319,-0.287
6.563,75.63,0.5319,-0.263
6.564,92.19,0.5319,-0.136
6.565,73.75,0.5319,-0.079
6.566,110.16,0.5319,0.012
6.567,75.16,0.5319,0.142
6.568,40.78,0.5319,0.162
6.569,81.72,0.5319,0.223
6.57,22.19,0.5708,0.326
6.571,-74.53,0.6488,0.268
6.572,-54.38,0.6488,0.177
6.573,-80.00,0.6488,0.159
6.574,-149.06,0.6488,0.017
6.575,-94.84,0.6488,-0.139
6.576,-50.47,0.6488,-0.173
6.577,-75.00,0.6488,-0.240
6.578,-14.53,0.6488,-0.323
6.579,65.94,0.6488,-0.269
6.58,46.25,0.6488,-0.191
6.581,84.84,0.6488,-0.177
6.582,135.00,0.6488,-0.022
6.583,64.69,0.6488,0.093
6.584,52.81,0.6488,0.108
6.585,82.34,0.6488,0.199
6.586,15.47,0.6227,0.273
6.587,-31.88,0.5706,0.230
6.588,-19.84,0.5706,0.209
6.589,-66.87,0.5706,0.190
6.59,-120.47,0.5706,0.075
6.591,-90.63,0.5706,-0.051
6.592,-91.41,0.5706,-0.106
6.593,-95.94,0.5706,-0.234
6.594,-4.84,0.5706,-0.298
6.595,14.84,0.5445,-0.243
6.596,13.44,0.4922,-0.268
6.597,106.72,0.4922,-0.217
6.598,120.62,0.4922,-0.055
6.599,79.06,0.4922,0.025
6.6,99.53,0.4922,0.103
6.601,66.25,0.4922,0.224
6.602,-1.09,0.3328,0.236
6.603,15.00,0.0141,0.222
6.604,8.44,0.2026,0.266
6.605,-60.16,0.5797,0.238
6.606,-76.56,0.5797,0.145
6.607,-92.81,0.5797,0.085
6.608,-132.50,0.5797,-0.040
6.609,-81.09,0.5797,-0.180
6.61,-39.06,0.5797,-0.203
6.611,-55.78,0.5797,-0.258
6.612,27.81,0.5797,-0.314
6.613,85.47,0.5797,-0.202
6.614,45.78,0.5797,-0.143
6.615,96.56,0.5797,-0.111
6.616,132.34,0.5797,0.050
6.617,53.44,0.5797,0.154
6.618,48.75,0.5797,0.157
6.619,62.19,0.5797,0.252
6.62,-9.69,0.5843,0.281
6.621,-46.09,0.5934,0.232
6.622,-37.50,0.5934,0.189
6.623,-108.59,0.5934,0.157
6.624,-145.94,0.5934,-0.028
6.625,-65.94,0.5934,-0.135
6.626,-68.91,0.5934,-0.160
6.627,-76.09,0.5934,-0.273
6.628,3.75,0.5934,-0.312
6.629,26.25,0.5934,-0.265
6.63,34.53,0.5934,-0.260
6.631,119.84,0.5934,-0.196
6.632,114.22,0.5934,-0.020
6.633,58.44,0.5934,0.033
6.634,97.34,0.5934,0.097
6.635,70.63,0.5934,0.227
6.636,0.16,0.3992,0.238
6.637,13.59,0.0106,0.228
6.638,-12.34,0.1816,0.265
6.639,-99.84,0.5234,0.203
6.64,-96.25,0.5234,0.066
6.641,-82.66,0.5234,0.010
6.642,-113.12,0.5234,-0.100
6.643,-60.31,0.5234,-0.216
6.644,-9.06,0.5234,-0.220
6.645,-18.91,0.5234,-0.234
6.646,43.75,0.5234,-0.258
6.647,90.47,0.5234,-0.147
6.648,62.81,0.5234,-0.077
6.649,93.59,0.5234,-0.021
6.65,103.91,0.5234,0.110
6.651,41.72,0.5234,0.187
6.652,29.84,0.5234,0.193
6.653,32.66,0.5234,0.247
6.654,-19.06,0.5349,0.259
6.655,-55.31,0.5578,0.208
6.656,-69.37,0.5578,0.148
6.657,-124.06,0.5578,0.070
6.658,-117.50,0.5578,-0.100
6.659,-53.59,0.5578,-0.165
6.66,-66.87,0.5578,-0.207
6.661,-45.00,0.5578,-0.299
6.662,58.28,0.5578,-0.297
6.663,75.00,0.5578,-0.183
6.664,41.87,0.5578,-0.147
6.665,99.37,0.5578,-0.099
6.666,95.00,0.5578,0.052
6.667,57.19,0.5578,0.091
6.668,100.00,0.5578,0.166
6.669,45.94,0.4035,0.291
6.67,-47.50,0.0950,0.258
6.671,-16.41,0.0950,0.196
6.672,-37.66,0.2327,0.225
6.673,-129.06,0.5081,0.121
6.674,-92.19,0.5081,-0.033
6.675,-54.37,0.5081,-0.063
6.676,-109.84,0.5081,-0.142
6.677,-61.25,0.5081,-0.283
6.678,2.81,0.5052,-0.264
6.679,8.28,0.4994,-0.278
6.68,91.09,0.4994,-0.248
6.681,113.28,0.4994,-0.095
6.682,51.09,0.4994,-0.021
6.683,73.44,0.4994,0.007
6.684,107.50,0.4994,0.126
6.685,45.16,0.4994,0.222
6.686,23.91,0.4994,0.216
6.687,22.66,0.5194,0.270
6.688,-50.16,0.5594,0.261
6.689,-88.91,0.5594,0.169
6.69,-77.97,0.5594,0.083
6.691,-109.69,0.5594,0.013
6.692,-106.56,0.5594,-0.136
6.693,-35.47,0.5594,-0.200
6.694,-45.00,0.5594,-0.207
6.695,-31.56,0.5594,-0.290
6.696,78.13,0.5594,-0.270
6.697,82.50,0.5594,-0.133
6.698,57.03,0.5594,-0.105
6.699,118.12,0.5594,-0.019
6.7,91.56,0.5594,0.131
6.701,24.38,0.5594,0.164
6.702,66.25,0.5594,0.180
6.703,39.06,0.5871,0.296
6.704,-53.44,0.6425,0.258
6.705,-41.72,0.6425,0.189
6.706,-74.38,0.6425,0.175
6.707,-140.47,0.6425,0.041
6.708,-88.59,0.6425,-0.106
6.709,-75.16,0.6425,-0.137
6.71,-104.84,0.6425,-0.257
6.711,1.25,0.6425,-0.346
6.712,68.91,0.6425,-0.254
6.713,26.88,0.6425,-0.208
6.714,78.13,0.6425,-0.200
6.715,121.88,0.6425,-0.052
6.716,77.50,0.6425,0.043
6.717,82.34,0.6425,0.103
6.718,76.25,0.6425,0.208
6.719,3.59,0.4417,0.255
6.72,0.94,0.0400,0.215
6.721,12.81,0.2183,0.257
6.722,-71.87,0.5750,0.241
6.723,-113.44,0.5750,0.113
6.724,-78.91,0.5750,0.014
6.725,-105.94,0.5750,-0.044
6.726,-106.25,0.5750,-0.198
6.727,-32.81,0.5750,-0.257
6.728,-30.47,0.5750,-0.263
6.729,8.91,0.5750,-0.318
6.73,95.62,0.5750,-0.246
6.731,96.09,0.5750,-0.127
6.732,89.53,0.5750,-0.053
6.733,119.38,0.5750,0.052
6.734,75.16,0.5750,0.185
6.735,6.41,0.5750,0.203
6.736,41.72,0.5750,0.198
6.737,8.44,0.5820,0.286
6.738,-82.19,0.5959,0.215
6.739,-46.41,0.5959,0.122
6.74,-72.97,0.5959,0.122
6.741,-136.56,0.5959,-0.024
6.742,-68.44,0.5959,-0.151
6.743,-45.31,0.5959,-0.161
6.744,-74.37,0.5959,-0.242
6.745,7.50,0.5959,-0.310
6.746,76.41,0.5959,-0.227
6.747,49.69,0.5959,-0.157
6.748,96.56,0.5959,-0.127
6.749,112.81,0.5959,0.036
6.75,49.38,0.5959,0.098
6.751,76.25,0.5959,0.135
6.752,70.31,0.5959,0.251
6.753,-16.87,0.5819,0.276
6.754,-36.72,0.5537,0.217
6.755,-21.87,0.5537,0.202
6.756,-94.38,0.5537,0.173
6.757,-126.41,0.5537,0.013
6.758,-65.47,0.5537,-0.079
6.759,-87.03,0.5537,-0.118
6.76,-80.31,0.5537,-0.253
6.761,-7.03,0.5537,-0.278
6.762,6.72,0.5537,-0.268
6.763,45.31,0.5537,-0.265
6.764,104.38,0.5537,-0.177
6.765,92.97,0.5537,-0.056
6.766,79.84,0.5537,0.009
6.767,108.13,0.5537,0.104
6.768,71.56,0.5537,0.225
6.769,9.37,0.5537,0.247
6.77,24.69,0.5537,0.244
6.771,-9.06,0.5701,0.296
6.772,-85.16,0.6028,0.226
6.773,-83.91,0.6028,0.126
6.774,-100.94,0.6028,0.058
6.775,-130.47,0.6028,-0.076
6.776,-67.34,0.6028,-0.203
6.777,-27.19,0.6028,-0.211
6.778,-47.97,0.6028,-0.257
6.779,31.25,0.6028,-0.307
6.78,95.16,0.6028,-0.195
6.781,62.34,0.6028,-0.116
6.782,99.22,0.6028,-0.070
6.783,99.06,0.6028,0.082
6.784,36.25,0.6028,0.128
6.785,68.59,0.6028,0.155
6.786,54.84,0.5924,0.265
6.787,-42.66,0.5716,0.264
6.788,-41.09,0.5716,0.180
6.789,-25.94,0.5716,0.182
6.79,-121.88,0.5716,0.128
6.791,-126.25,0.5716,-0.062
6.792,-69.84,0.5716,-0.124
6.793,-90.94,0.5716,-0.201
6.794,-43.75,0.5716,-0.306
6.795,54.84,0.5716,-0.289
6.796,55.00,0.5716,-0.197
6.797,33.75,0.5716,-0.179
6.798,95.78,0.5716,-0.129
6.799,99.84,0.5716,0.013
6.8,62.81,0.5716,0.071
6.801,99.69,0.5716,0.138
6.802,56.72,0.3960,0.270
6.803,-22.50,0.0450,0.252
6.804,-8.28,0.0450,0.225
6.805,-41.56,0.2004,0.235
6.806,-116.09,0.5113,0.142
6.807,-93.12,0.5113,0.003
6.808,-90.00,0.5113,-0.044
6.809,-115.78,0.5113,-0.177
6.81,-41.25,0.5113,-0.276
6.811,-3.28,0.4869,-0.259
6.812,2.19,0.4381,-0.283
6.813,84.53,0.4381,-0.255
6.814,108.44,0.4381,-0.113
6.815,60.00,0.4381,-0.038
6.816,96.87,0.4381,0.007
6.817,113.59,0.4381,0.156
6.818,33.75,0.3147,0.234
6.819,28.59,0.0678,0.223
6.82,35.63,0.0678,0.291
6.821,-58.59,0.2450,0.294
6.822,-79.53,0.5994,0.174
6.823,-69.53,0.5994,0.135
6.824,-128.28,0.5994,0.035
6.825,-107.34,0.5994,-0.121
6.826,-58.75,0.5994,-0.180
6.827,-62.50,0.5994,-0.239
6.828,-15.00,0.5994,-0.305
6.829,59.69,0.5994,-0.269
6.83,48.13,0.5994,-0.186
6.831,72.19,0.5994,-0.173
6.832,138.44,0.5994,-0.041
6.833,82.19,0.5994,0.104
6.834,40.31,0.5994,0.123
6.835,84.53,0.5994,0.185
6.836,25.94,0.6011,0.292
6.837,-30.16,0.6047,0.237
6.838,-1.41,0.6047,0.232
6.839,-72.19,0.6047,0.234
6.84,-147.97,0.6047,0.088
6.841,-94.06,0.6047,-0.062
6.842,-72.34,0.6047,-0.101
6.843,-105.94,0.6047,-0.207
6.844,-23.75,0.6047,-0.313
6.845,46.09,0.6047,-0.254
6.846,20.47,0.6047,-0.220
6.847,87.50,0.6047,-0.213
6.848,122.19,0.6047,-0.045
6.849,53.91,0.6047,0.031
6.85,77.81,0.6047,0.063
6.851,91.09,0.6047,0.187
6.852,8.91,0.4165,0.245
6.853,18.12,0.0400,0.205
6.854,13.28,0.2256,0.281
6.855,-82.19,0.5969,0.231
6.856,-89.06,0.5969,0.117
6.857,-77.03,0.5969,0.053
6.858,-123.28,0.5969,-0.037
6.859,-95.31,0.5969,-0.193
6.86,-35.47,0.5969,-0.228
6.861,-43.91,0.5969,-0.264
6.862,7.50,0.5969,-0.316
6.863,89.69,0.5969,-0.249
6.864,70.63,0.5969,-0.137
6.865,72.19,0.5969,-0.108
6.866,121.88,0.5969,0.008
6.867,75.00,0.5969,0.136
6.868,29.84,0.5969,0.158
6.869,61.25,0.5969,0.195
6.87,18.44,0.5978,0.280
6.871,-49.69,0.5997,0.232
6.872,-36.25,0.5997,0.181
6.873,-86.56,0.5997,0.160
6.874,-140.00,0.5997,0.008
6.875,-72.34,0.5997,-0.120
6.876,-58.75,0.5997,-0.137
6.877,-91.25,0.5997,-0.238
6.878,0.78,0.5997,-0.319
6.879,50.63,0.5997,-0.236
6.88,26.25,0.5997,-0.218
6.881,102.19,0.5997,-0.184
6.882,130.47,0.5997,-0.014
6.883,58.44,0.5997,0.077
6.884,76.87,0.5997,0.103
6.885,65.94,0.5997,0.231
6.886,-18.59,0.4135,0.235
6.887,2.81,0.0413,0.194
6.888,-4.53,0.2027,0.241
6.889,-108.28,0.5256,0.185
6.89,-105.78,0.5256,0.024
6.891,-66.25,0.5256,-0.027
6.892,-104.69,0.5256,-0.108
6.893,-74.84,0.5256,-0.236
6.894,-11.56,0.5256,-0.258
6.895,-13.44,0.5256,-0.259
6.896,24.22,0.5256,-0.285
6.897,105.78,0.5256,-0.211
6.898,102.19,0.5256,-0.073
6.899,77.19,0.5256,-0.007
6.9,97.34,0.5256,0.081
6.901,69.53,0.5256,0.188
6.902,20.78,0.5256,0.220
6.903,29.53,0.5256,0.230
6.904,-9.69,0.5504,0.279
6.905,-77.97,0.6000,0.210
6.906,-59.38,0.6000,0.123
6.907,-87.34,0.6000,0.092
6.908,-128.12,0.6000,-0.052
6.909,-64.37,0.6000,-0.165
6.91,-51.72,0.6000,-0.180
6.911,-70.31,0.6000,-0.268
6.912,42.66,0.6000,-0.321
6.913,81.25,0.6000,-0.183
6.914,33.59,0.6000,-0.158
6.915,111.09,0.6000,-0.116
6.916,119.69,0.6000,0.064
6.917,35.78,0.6000,0.124
6.918,73.13,0.6000,0.135
6.919,75.63,0.6000,0.270
6.92,-32.03,0.4269,0.287
6.921,-33.44,0.0806,0.206
6.922,-29.22,0.2228,0.220
6.923,-111.56,0.5072,0.147
6.924,-116.72,0.5072,-0.003
6.925,-74.06,0.5072,-0.086
6.926,-100.78,0.5072,-0.152
6.927,-66.56,0.5072,-0.288
6.928,21.56,0.5072,-0.285
6.929,24.37,0.5072,-0.244
6.93,64.69,0.5072,-0.236
6.931,122.50,0.5072,-0.115
6.932,86.09,0.5072,0.009
6.933,71.72,0.5072,0.057
6.934,102.50,0.5072,0.153
6.935,42.97,0.3460,0.262
6.936,-6.09,0.0237,0.238
6.937,11.41,0.0237,0.250
6.938,-40.94,0.1958,0.261
6.939,-111.09,0.5400,0.168
6.94,-85.31,0.5400,0.039
6.941,-81.56,0.5400,-0.003
6.942,-117.50,0.5400,-0.124
6.943,-52.81,0.5400,-0.238
6.944,-20.63,0.5400,-0.230
6.945,-18.75,0.5400,-0.279
6.946,75.63,0.5400,-0.267
6.947,82.66,0.5400,-0.128
6.948,48.28,0.5400,-0.102
6.949,117.81,0.5400,-0.031
6.95,104.69,0.5400,0.134
6.951,30.94,0.5400,0.178
6.952,54.53,0.5400,0.196
6.953,31.87,0.5591,0.288
6.954,-47.66,0.5972,0.259
6.955,-31.72,0.5972,0.192
6.956,-46.72,0.5972,0.196
6.957,-132.34,0.5972,0.099
6.958,-97.81,0.5972,-0.069
6.959,-60.31,0.5972,-0.097
6.96,-106.41,0.5972,-0.189
6.961,-53.12,0.5972,-0.310
6.962,53.44,0.5972,-0.296
6.963,57.03,0.5972,-0.203
6.964,70.00,0.5972,-0.182
6.965,125.47,0.5972,-0.063
6.966,66.41,0.5972,0.069
6.967,57.97,0.5972,0.070
6.968,109.22,0.5972,0.185
6.969,21.88,0.4256,0.288
6.97,-41.25,0.0825,0.229
6.971,-5.16,0.0825,0.206
6.972,-51.88,0.2351,0.219
6.973,-126.88,0.5403,0.102
6.974,-85.78,0.5403,-0.035
6.975,-85.00,0.5403,-0.069
6.976,-126.09,0.5403,-0.205
6.977,-23.13,0.5403,-0.322
6.978,31.87,0.5403,-0.251
6.979,7.81,0.5403,-0.258
6.98,92.97,0.5403,-0.236
6.981,116.87,0.5403,-0.072
6.982,54.84,0.5403,-0.002
6.983,82.19,0.5403,0.038
6.984,88.44,0.5403,0.163
6.985,26.41,0.5403,0.215
6.986,36.72,0.5403,0.215
6.987,16.09,0.5574,0.288
6.988,-73.13,0.5916,0.248
6.989,-71.09,0.5916,0.142
6.99,-75.16,0.5916,0.105
6.991,-131.25,0.5916,-0.008
6.992,-91.72,0.5916,-0.157
6.993,-46.41,0.5916,-0.192
6.994,-55.78,0.5916,-0.250
6.995,1.25,0.5916,-0.303
6.996,73.75,0.5916,-0.248
6.997,55.00,0.5916,-0.156
6.998,69.53,0.5916,-0.138
6.999,131.25,0.5916,-0.017
7,81.56,0.5916,0.125
7.001,46.87,0.5916,0.146
7.002,62.97,0.5916,0.219
7.003,-7.66,0.5899,0.272
7.004,-50.00,0.5866,0.203
7.005,-17.03,0.5866,0.172
7.006,-66.09,0.5866,0.169
7.007,-128.59,0.5866,0.040
7.008,-77.97,0.5866,-0.088
7.009,-80.16,0.5866,-0.116
7.01,-99.22,0.5866,-0.248
7.011,12.03,0.5866,-0.314
7.012,44.38,0.5866,-0.224
7.013,19.06,0.5866,-0.226
7.014,106.72,0.5866,-0.186
7.015,122.03,0.5866,-0.012
7.016,48.13,0.5866,0.058
7.017,77.19,0.5866,0.084
7.018,79.53,0.5866,0.212
7.019,-8.59,0.4070,0.243
7.02,10.78,0.0478,0.195
7.021,14.69,0.2252,0.265
7.022,-79.38,0.5800,0.225
7.023,-97.81,0.5800,0.106
7.024,-92.19,0.5800,0.029
7.025,-120.62,0.5800,-0.078
7.026,-68.91,0.5800,-0.212
7.027,-25.94,0.5800,-0.216
7.028,-49.53,0.5800,-0.264
7.029,23.28,0.5800,-0.315
7.03,108.59,0.5800,-0.218
7.031,67.50,0.5800,-0.098
7.032,68.75,0.5800,-0.083
7.033,129.69,0.5800,0.039
7.034,67.81,0.5800,0.177
7.035,20.16,0.5800,0.175
7.036,49.53,0.5800,0.217
7.037,-18.91,0.5913,0.274
7.038,-67.81,0.6137,0.179
7.039,-35.00,0.6137,0.138
7.04,-99.06,0.6137,0.109
7.041,-133.13,0.6137,-0.060
7.042,-55.00,0.6137,-0.157
7.043,-61.56,0.6137,-0.170
7.044,-81.41,0.6137,-0.280
7.045,27.97,0.6137,-0.333
7.046,71.09,0.6137,-0.224
7.047,43.91,0.6137,-0.190
7.048,128.75,0.6137,-0.136
7.049,133.28,0.6137,0.067
7.05,45.31,0.6137,0.130
7.051,75.47,0.6137,0.158
7.052,63.44,0.6137,0.281
7.053,-42.19,0.4384,0.285
7.054,-22.50,0.0878,0.197
7.055,-14.69,0.2316,0.240
7.056,-120.94,0.5191,0.168
7.057,-93.28,0.5191,-0.002
7.058,-67.03,0.5191,-0.019
7.059,-130.16,0.5191,-0.136
7.06,-57.50,0.5191,-0.279
7.061,6.56,0.5193,-0.251
7.062,-10.16,0.5197,-0.266
7.063,49.06,0.5197,-0.272
7.064,111.09,0.5197,-0.168
7.065,98.59,0.5197,-0.049
7.066,78.28,0.5197,0.029
7.067,87.97,0.5197,0.107
7.068,44.06,0.5197,0.205
7.069,21.56,0.5197,0.195
7.07,44.22,0.5197,0.248
7.071,-33.12,0.5409,0.284
7.072,-91.87,0.5834,0.182
7.073,-71.72,0.5834,0.100
7.074,-109.84,0.5834,0.038
7.075,-118.44,0.5834,-0.120
7.076,-49.06,0.5834,-0.198
7.077,-43.91,0.5834,-0.218
7.078,-40.94,0.5834,-0.286
7.079,48.59,0.5834,-0.300
7.08,71.72,0.5834,-0.189
7.081,60.94,0.5834,-0.156
7.082,126.09,0.5834,-0.067
7.083,95.78,0.5834,0.096
7.084,24.06,0.5834,0.124
7.085,73.75,0.5834,0.144
7.086,58.59,0.5848,0.272
7.087,-45.16,0.5875,0.261
7.088,-42.66,0.5875,0.182
7.089,-49.37,0.5875,0.176
7.09,-119.53,0.5875,0.083
7.091,-96.09,0.5875,-0.063
7.092,-68.44,0.5875,-0.109
7.093,-103.13,0.5875,-0.200
7.094,-41.56,0.5875,-0.316
7.095,44.69,0.5875,-0.283
7.096,35.16,0.5875,-0.226
7.097,71.56,0.5875,-0.213
7.098,131.72,0.5875,-0.083
7.099,74.69,0.5875,0.051
7.1,69.22,0.5875,0.066
7.101,100.78,0.5875,0.189
7.102,14.53,0.4082,0.268
7.103,-19.22,0.0497,0.218
7.104,10.47,0.0497,0.229
7.105,-48.75,0.2074,0.239
7.106,-103.75,0.5228,0.132
7.107,-90.16,0.5228,0.032
7.108,-112.97,0.5228,-0.048
7.109,-117.66,0.5228,-0.194
7.11,-26.72,0.5228,-0.284
7.111,-13.13,0.5120,-0.248
7.112,-13.28,0.4903,-0.310
7.113,87.03,0.4903,-0.274
7.114,91.25,0.4903,-0.136
7.115,66.72,0.4903,-0.092
7.116,116.87,0.4903,-0.003
7.117,91.41,0.4903,0.142
7.118,15.31,0.4903,0.180
7.119,48.44,0.4903,0.173
7.12,33.91,0.5223,0.277
7.121,-49.22,0.5863,0.240
7.122,-45.62,0.5863,0.179
7.123,-65.31,0.5863,0.149
7.124,-116.72,0.5863,0.048
7.125,-90.00,0.5863,-0.084
7.126,-80.94,0.5863,-0.132
7.127,-88.59,0.5863,-0.246
7.128,-1.72,0.5863,-0.309
7.129,60.94,0.5863,-0.250
7.13,42.66,0.5863,-0.187
7.131,84.22,0.5863,-0.164
7.132,129.22,0.5863,-0.019
7.133,68.59,0.5863,0.094
7.134,65.00,0.5863,0.118
7.135,83.75,0.5863,0.224
7.136,-6.41,0.5777,0.286
7.137,-35.16,0.5606,0.211
7.138,-1.25,0.5606,0.216
7.139,-68.28,0.5606,0.209
7.14,-121.41,0.5606,0.079
7.141,-77.66,0.5606,-0.034
7.142,-76.56,0.5606,-0.076
7.143,-99.22,0.5606,-0.187
7.144,-30.78,0.5606,-0.275
7.145,1.09,0.5298,-0.249
7.146,16.56,0.4681,-0.273
7.147,94.53,0.4681,-0.216
7.148,99.06,0.4681,-0.083
7.149,73.59,0.4681,-0.018
7.15,106.56,0.4681,0.064
7.151,79.38,0.4681,0.196
7.152,2.50,0.3194,0.223
7.153,27.50,0.0219,0.201
7.154,11.87,0.2336,0.278
7.155,-70.47,0.6572,0.224
7.156,-67.81,0.6572,0.137
7.157,-86.56,0.6572,0.089
7.158,-140.16,0.6572,-0.037
7.159,-89.22,0.6572,-0.192
7.16,-47.50,0.6572,-0.215
7.161,-82.34,0.6572,-0.287
7.162,18.91,0.6572,-0.380
7.163,106.72,0.6572,-0.249
7.164,66.25,0.6572,-0.166
7.165,102.97,0.6572,-0.116
7.166,133.91,0.6572,0.040
7.167,61.09,0.6572,0.152
7.168,40.00,0.6572,0.162
7.169,66.09,0.6572,0.232
7.17,-9.22,0.6392,0.294
7.171,-63.91,0.6031,0.213
7.172,-43.59,0.6031,0.166
7.173,-93.28,0.6031,0.126
7.174,-123.91,0.6031,-0.020
7.175,-59.06,0.6031,-0.122
7.176,-72.19,0.6031,-0.138
7.177,-85.31,0.6031,-0.266
7.178,14.69,0.6031,-0.309
7.179,47.66,0.6031,-0.237
7.18,35.78,0.6031,-0.214
7.181,114.69,0.6031,-0.165
7.182,114.53,0.6031,0.016
7.183,55.00,0.6031,0.064
7.184,95.31,0.6031,0.126
7.185,62.81,0.4111,0.254
7.186,-13.59,0.0272,0.251
7.187,14.38,0.0272,0.227
7.188,-15.47,0.2143,0.280
7.189,-103.44,0.5884,0.196
7.19,-91.41,0.5884,0.073
7.191,-85.31,0.5884,0.013
7.192,-130.31,0.5884,-0.098
7.193,-79.84,0.5884,-0.247
7.194,-21.09,0.5884,-0.257
7.195,-25.63,0.5884,-0.289
7.196,50.47,0.5884,-0.308
7.197,116.09,0.5884,-0.188
7.198,85.16,0.5884,-0.076
7.199,93.91,0.5884,-0.018
7.2,117.97,0.5884,0.112
7.201,42.81,0.4139,0.218
7.202,22.03,0.0647,0.197
7.203,48.13,0.0647,0.262
7.204,-42.34,0.2449,0.293
7.205,-72.03,0.6053,0.177
7.206,-36.56,0.6053,0.149
7.207,-114.53,0.6053,0.104
7.208,-123.91,0.6053,-0.080
7.209,-49.06,0.6053,-0.144
7.21,-74.22,0.6053,-0.178
7.211,-67.03,0.6053,-0.292
7.212,41.41,0.6053,-0.312
7.213,76.56,0.6053,-0.209
7.214,54.53,0.6053,-0.159
7.215,122.34,0.6053,-0.100
7.216,108.44,0.6053,0.086
7.217,34.53,0.6053,0.117
7.218,82.66,0.6053,0.155
7.219,48.75,0.4354,0.282
7.22,-47.81,0.0956,0.253
7.221,-13.59,0.0956,0.186
7.222,-26.72,0.2410,0.225
7.223,-128.59,0.5319,0.133
7.224,-100.31,0.5319,-0.032
7.225,-72.81,0.5319,-0.068
7.226,-119.38,0.5319,-0.177
7.227,-45.16,0.5319,-0.307
7.228,25.78,0.5319,-0.268
7.229,21.25,0.5319,-0.255
7.23,79.53,0.5319,-0.225
7.231,114.84,0.5319,-0.096
7.232,73.12,0.5319,0.004
7.233,84.06,0.5319,0.050
7.234,100.00,0.5319,0.173
7.235,22.66,0.3654,0.250
7.236,-5.47,0.0325,0.218
7.237,23.59,0.0325,0.239
7.238,-30.47,0.2150,0.265
7.239,-81.09,0.5800,0.178
7.24,-91.72,0.5800,0.103
7.241,-120.16,0.5800,-0.005
7.242,-100.62,0.5800,-0.138
7.243,-50.62,0.5800,-0.206
7.244,-54.37,0.5800,-0.239
7.245,-17.81,0.5800,-0.315
7.246,77.97,0.5800,-0.274
7.247,77.19,0.5800,-0.159
7.248,62.03,0.5800,-0.120
7.249,113.75,0.5800,-0.035
7.25,94.06,0.5800,0.108
7.251,38.59,0.5800,0.153
7.252,60.47,0.5800,0.185
7.253,42.50,0.4142,0.274
7.254,-41.25,0.0825,0.270
7.255,-31.09,0.0825,0.192
7.256,-52.66,0.2245,0.208
7.257,-142.50,0.5084,0.086
7.258,-93.28,0.5084,-0.077
7.259,-59.53,0.5084,-0.100
7.26,-95.47,0.5084,-0.197
7.261,-21.56,0.5084,-0.291
7.262,44.22,0.5084,-0.240
7.263,25.16,0.5084,-0.203
7.264,79.84,0.5084,-0.189
7.265,127.66,0.5084,-0.043
7.266,74.22,0.5084,0.066
7.267,75.63,0.5084,0.105
7.268,76.72,0.5084,0.217
7.269,5.94,0.3489,0.259
7.27,-4.53,0.0297,0.229
7.271,5.16,0.1897,0.250
7.272,-76.87,0.5097,0.239
7.273,-126.41,0.5097,0.096
7.274,-90.16,0.5097,-0.013
7.275,-102.34,0.5097,-0.084
7.276,-87.81,0.5097,-0.218
7.277,-13.91,0.5097,-0.260
7.278,-0.62,0.5053,-0.246
7.279,25.00,0.4966,-0.261
7.28,92.97,0.4966,-0.196
7.281,78.91,0.4966,-0.075
7.282,55.31,0.4966,-0.038
7.283,107.19,0.4966,0.035
7.284,93.44,0.4966,0.176
7.285,29.53,0.4966,0.222
7.286,32.66,0.4966,0.235
7.287,-2.81,0.5361,0.288
7.288,-62.66,0.6153,0.230
7.289,-50.16,0.6153,0.162
7.29,-84.69,0.6153,0.129
7.291,-142.03,0.6153,-0.007
7.292,-78.28,0.6153,-0.155
7.293,-53.13,0.6153,-0.164
7.294,-82.03,0.6153,-0.261
7.295,15.31,0.6153,-0.328
7.296,81.88,0.6153,-0.230
7.297,46.87,0.6153,-0.164
7.298,90.16,0.6153,-0.137
7.299,122.81,0.6153,0.016
7.3,49.22,0.6153,0.109
7.301,61.09,0.6153,0.115
7.302,83.28,0.6153,0.231
7.303,-1.09,0.5960,0.281
7.304,-35.47,0.5575,0.229
7.305,-23.59,0.5575,0.210
7.306,-91.09,0.5575,0.182
7.307,-127.97,0.5575,0.028
7.308,-66.88,0.5575,-0.074
7.309,-79.69,0.5575,-0.106
7.31,-85.31,0.5575,-0.233
7.311,2.19,0.5575,-0.276
7.312,18.75,0.5575,-0.229
7.313,35.94,0.5575,-0.239
7.314,103.75,0.5575,-0.157
7.315,87.34,0.5575,-0.031
7.316,65.47,0.5575,0.018
7.317,108.91,0.5575,0.100
7.318,72.03,0.5575,0.235
7.319,-6.09,0.3785,0.244
7.32,18.28,0.0206,0.223
7.321,-9.37,0.2001,0.280
7.322,-99.53,0.5591,0.204
7.323,-83.28,0.5591,0.081
7.324,-76.72,0.5591,0.038
7.325,-125.78,0.5591,-0.072
7.326,-67.97,0.5591,-0.214
7.327,-23.91,0.5591,-0.208
7.328,-34.69,0.5591,-0.262
7.329,58.75,0.5591,-0.278
7.33,95.94,0.5591,-0.144
7.331,55.00,0.5591,-0.086
7.332,90.63,0.5591,-0.034
7.333,109.06,0.5591,0.096
7.334,53.91,0.5591,0.184
7.335,48.75,0.5591,0.203
7.336,46.09,0.5591,0.282
7.337,-26.72,0.5671,0.296
7.338,-40.00,0.5831,0.228
7.339,-40.31,0.5831,0.216
7.34,-112.66,0.5831,0.147
7.341,-115.63,0.5831,-0.010
7.342,-74.06,0.5831,-0.084
7.343,-91.88,0.5831,-0.158
7.344,-64.84,0.5831,-0.268
7.345,39.53,0.5831,-0.288
7.346,56.41,0.5831,-0.188
7.347,44.22,0.5831,-0.175
7.348,111.72,0.5831,-0.100
7.349,101.09,0.5831,0.049
7.35,64.06,0.5831,0.102
7.351,84.37,0.5831,0.177
7.352,38.44,0.4014,0.271
7.353,-18.91,0.0378,0.254
7.354,11.72,0.0378,0.233
7.355,-35.16,0.2154,0.277
7.356,-133.44,0.5706,0.163
7.357,-110.78,0.5706,0.010
7.358,-87.81,0.5706,-0.059
7.359,-117.34,0.5706,-0.165
7.36,-54.84,0.5706,-0.293
7.361,12.03,0.5706,-0.275
7.362,9.38,0.5706,-0.269
7.363,68.44,0.5706,-0.256
7.364,108.59,0.5706,-0.133
7.365,72.97,0.5706,-0.039
7.366,93.75,0.5706,0.013
7.367,99.22,0.5706,0.148
7.368,25.00,0.3982,0.212
7.369,20.00,0.0534,0.198
7.37,34.06,0.0534,0.252
7.371,-27.50,0.2259,0.267
7.372,-51.56,0.5709,0.197
7.373,-66.41,0.5709,0.163
7.374,-146.56,0.5709,0.064
7.375,-120.47,0.5709,-0.130
7.376,-41.87,0.5709,-0.177
7.377,-63.75,0.5709,-0.213
7.378,-26.41,0.5709,-0.304
7.379,70.16,0.5709,-0.266
7.38,62.66,0.5709,-0.164
7.381,56.09,0.5709,-0.141
7.382,122.50,0.5709,-0.052
7.383,90.94,0.5709,0.104
7.384,45.00,0.5709,0.130
7.385,76.25,0.5709,0.194
7.386,32.50,0.4053,0.283
7.387,-37.03,0.0741,0.259
7.388,-17.97,0.0741,0.208
7.389,-61.87,0.2237,0.223
7.39,-144.38,0.5231,0.085
7.391,-104.22,0.5231,-0.066
7.392,-68.13,0.5231,-0.124
7.393,-88.13,0.5231,-0.202
7.394,-20.47,0.5231,-0.300
7.395,35.78,0.5231,-0.243
7.396,3.44,0.5231,-0.228
7.397,67.03,0.5231,-0.236
7.398,122.50,0.5231,-0.094
7.399,76.41,0.5231,0.009
7.4,80.00,0.5231,0.058
7.401,89.69,0.5231,0.169
7.402,20.16,0.3582,0.238
7.403,3.59,0.0284,0.209
7.404,-9.37,0.2040,0.245
7.405,-70.63,0.5550,0.191
7.406,-72.03,0.5550,0.104
7.407,-59.84,0.5550,0.047
7.408,-111.72,0.5550,-0.016
7.409,-112.34,0.5550,-0.177
7.41,-37.81,0.5550,-0.241
7.411,-34.69,0.5550,-0.253
7.412,6.72,0.5550,-0.310
7.413,92.50,0.5550,-0.239
7.414,76.72,0.5550,-0.125
7.415,71.88,0.5550,-0.086
7.416,127.19,0.5550,0.019
7.417,85.94,0.5550,0.169
7.418,25.47,0.5550,0.191
7.419,43.59,0.5550,0.220
7.42,5.78,0.5748,0.278
7.421,-60.31,0.6144,0.231
7.422,-38.28,0.6144,0.157
7.423,-78.28,0.6144,0.155
7.424,-154.06,0.6144,0.001
7.425,-86.88,0.6144,-0.153
7.426,-67.81,0.6144,-0.173
7.427,-81.72,0.6144,-0.289
7.428,20.94,0.6144,-0.337
7.429,64.69,0.6144,-0.247
7.43,34.37,0.6144,-0.207
7.431,100.78,0.6144,-0.178
7.432,131.41,0.6144,-0.006
7.433,51.25,0.6144,0.084
7.434,60.00,0.6144,0.097
7.435,85.94,0.6144,0.204
7.436,22.66,0.5859,0.269
7.437,-12.34,0.5291,0.250
7.438,-16.72,0.5291,0.244
7.439,-92.34,0.5291,0.216
7.44,-119.38,0.5291,0.059
7.441,-73.75,0.5291,-0.022
7.442,-100.31,0.5291,-0.088
7.443,-86.09,0.5291,-0.223
7.444,-17.81,0.5291,-0.260
7.445,2.50,0.5291,-0.259
7.446,33.44,0.5291,-0.255
7.447,88.75,0.5291,-0.192
7.448,92.81,0.5291,-0.078
7.449,73.12,0.5291,-0.006
7.45,93.44,0.5291,0.068
7.451,56.56,0.5291,0.181
7.452,7.03,0.5291,0.182
7.453,52.97,0.5291,0.195
7.454,3.59,0.5567,0.288
7.455,-90.47,0.6119,0.202
7.456,-67.03,0.6119,0.107
7.457,-82.50,0.6119,0.068
7.458,-115.78,0.6119,-0.058
7.459,-64.22,0.6119,-0.164
7.46,-58.13,0.6119,-0.187
7.461,-68.75,0.6119,-0.280
7.462,36.56,0.6119,-0.324
7.463,78.59,0.6119,-0.207
7.464,32.34,0.6119,-0.167
7.465,102.19,0.6119,-0.142
7.466,120.78,0.6119,0.037
7.467,44.06,0.6119,0.099
7.468,70.00,0.6119,0.125
7.469,73.91,0.6119,0.239
7.47,-27.81,0.4377,0.273
7.471,-30.47,0.0894,0.184
7.472,-12.34,0.2304,0.212
7.473,-110.00,0.5125,0.159
7.474,-120.78,0.5125,-0.008
7.475,-67.50,0.5125,-0.083
7.476,-93.59,0.5125,-0.143
7.477,-66.25,0.5125,-0.270
7.478,23.91,0.5125,-0.275
7.479,27.34,0.5125,-0.222
7.48,33.91,0.5125,-0.221
7.481,121.88,0.5125,-0.154
7.482,107.81,0.5125,0.023
7.483,57.03,0.5125,0.062
7.484,87.81,0.5125,0.137
7.485,49.06,0.5125,0.237
7.486,-4.84,0.5125,0.235
7.487,24.53,0.5125,0.228
7.488,-22.66,0.5322,0.284
7.489,-112.50,0.5716,0.182
7.49,-82.34,0.5716,0.059
7.491,-93.91,0.5716,0.018
7.492,-125.16,0.5716,-0.128
7.493,-54.69,0.5716,-0.233
7.494,-21.41,0.5716,-0.238
7.495,-24.69,0.5716,-0.276
7.496,52.66,0.5716,-0.287
7.497,85.62,0.5716,-0.170
7.498,63.59,0.5716,-0.116
7.499,118.44,0.5716,-0.043
7.5,120.00,0.5716,0.121
7.501,42.97,0.5716,0.197
7.502,40.31,0.5716,0.207
7.503,36.87,0.5716,0.278
7.504,-38.44,0.5828,0.281
7.505,-54.22,0.6053,0.201
7.506,-60.78,0.6053,0.172
7.507,-134.22,0.6053,0.079
7.508,-103.44,0.6053,-0.096
7.509,-56.72,0.6053,-0.128
7.51,-98.44,0.6053,-0.210
7.511,-51.72,0.6053,-0.325
7.512,56.25,0.6053,-0.313
7.513,68.44,0.6053,-0.212
7.514,70.63,0.6053,-0.176
7.515,122.66,0.6053,-0.071
7.516,79.84,0.6053,0.069
7.517,39.22,0.6053,0.089
7.518,88.59,0.6053,0.147
7.519,43.59,0.4289,0.266
7.52,-37.97,0.0759,0.235
7.521,-8.59,0.0759,0.190
7.522,-36.72,0.2218,0.218
7.523,-104.06,0.5134,0.117
7.524,-70.63,0.5134,0.009
7.525,-99.69,0.5134,-0.025
7.526,-135.62,0.5134,-0.190
7.527,-31.25,0.5134,-0.296
7.528,18.44,0.5134,-0.253
7.529,8.13,0.5134,-0.259
7.53,80.78,0.5134,-0.236
7.531,110.31,0.5134,-0.098
7.532,77.81,0.5134,-0.016
7.533,98.59,0.5134,0.058
7.534,82.81,0.5134,0.182
7.535,8.91,0.3504,0.224
7.536,26.72,0.0244,0.199
7.537,27.50,0.2122,0.277
7.538,-68.59,0.5878,0.254
7.539,-87.50,0.5878,0.140
7.54,-72.19,0.5878,0.079
7.541,-104.84,0.5878,-0.004
7.542,-97.19,0.5878,-0.130
7.543,-52.50,0.5878,-0.199
7.544,-55.94,0.5878,-0.235
7.545,-8.59,0.5878,-0.311
7.546,78.44,0.5878,-0.253
7.547,67.34,0.5878,-0.154
7.548,81.72,0.5878,-0.118
7.549,121.88,0.5878,0.010
7.55,77.66,0.5878,0.126
7.551,41.72,0.5878,0.165
7.552,68.75,0.5878,0.209
7.553,15.62,0.5947,0.302
7.554,-54.84,0.6084,0.241
7.555,-24.37,0.6084,0.193
7.556,-78.75,0.6084,0.192
7.557,-149.84,0.6084,0.035
7.558,-87.34,0.6084,-0.108
7.559,-67.66,0.6084,-0.139
7.56,-83.28,0.6084,-0.243
7.561,-0.16,0.6084,-0.306
7.562,41.09,0.6084,-0.243
7.563,18.28,0.6084,-0.224
7.564,86.09,0.6084,-0.207
7.565,129.53,0.6084,-0.052
7.566,61.72,0.6084,0.052
7.567,79.38,0.6084,0.072
7.568,80.94,0.6084,0.211
7.569,1.56,0.4122,0.234
7.57,21.56,0.0197,0.214
7.571,-8.28,0.1970,0.277
7.572,-88.75,0.5516,0.198
7.573,-83.28,0.5516,0.099
7.574,-79.69,0.5516,0.031
7.575,-115.63,0.5516,-0.060
7.576,-85.94,0.5516,-0.200
7.577,-30.16,0.5516,-0.232
7.578,-21.41,0.5516,-0.261
7.579,34.38,0.5516,-0.275
7.58,85.62,0.5516,-0.192
7.581,56.56,0.5516,-0.103
7.582,65.31,0.5516,-0.079
7.583,108.91,0.5516,0.027
7.584,69.53,0.5516,0.139
7.585,35.47,0.5516,0.166
7.586,59.06,0.5516,0.210
7.587,-5.94,0.5700,0.284
7.588,-73.13,0.6069,0.198
7.589,-36.09,0.6069,0.138
7.59,-86.25,0.6069,0.126
7.591,-140.31,0.6069,-0.034
7.592,-69.22,0.6069,-0.155
7.593,-53.44,0.6069,-0.173
7.594,-74.84,0.6069,-0.262
7.595,25.94,0.6069,-0.323
7.596,60.16,0.6069,-0.210
7.597,30.94,0.6069,-0.202
7.598,119.37,0.6069,-0.148
7.599,125.78,0.6069,0.037
7.6,47.03,0.6069,0.104
7.601,78.91,0.6069,0.131
7.602,77.34,0.6069,0.262
7.603,-17.97,0.4245,0.285
7.604,-21.25,0.0597,0.226
7.605,-35.31,0.2211,0.243
7.606,-123.59,0.5441,0.155
7.607,-110.47,0.5441,-0.004
7.608,-63.59,0.5441,-0.066
7.609,-98.13,0.5441,-0.132
7.61,-63.59,0.5441,-0.262
7.611,-0.47,0.5441,-0.259
7.612,-21.25,0.5441,-0.263
7.613,36.41,0.5441,-0.301
7.614,124.69,0.5441,-0.190
7.615,87.66,0.5441,-0.052
7.616,67.81,0.5441,-0.015
7.617,113.44,0.5441,0.084
7.618,60.78,0.5441,0.212
7.619,10.62,0.5441,0.205
7.62,28.28,0.5441,0.233
7.621,-33.44,0.5529,0.262
7.622,-82.50,0.5706,0.166
7.623,-58.91,0.5706,0.097
7.624,-101.88,0.5706,0.048
7.625,-131.25,0.5706,-0.107
7.626,-56.25,0.5706,-0.214
7.627,-37.03,0.5706,-0.219
7.628,-28.91,0.5706,-0.288
7.629,60.31,0.5706,-0.277
7.63,81.25,0.5706,-0.168
7.631,51.25,0.5706,-0.115
7.632,103.28,0.5706,-0.065
7.633,110.47,0.5706,0.092
7.634,44.38,0.5706,0.156
7.635,63.28,0.5706,0.181
7.636,59.06,0.5706,0.283
7.637,-22.03,0.5782,0.299
7.638,-41.88,0.5934,0.238
7.639,-53.91,0.5934,0.215
7.64,-133.91,0.5934,0.131
7.641,-117.19,0.5934,-0.053
7.642,-61.87,0.5934,-0.104
7.643,-95.47,0.5934,-0.177
7.644,-52.97,0.5934,-0.295
7.645,26.41,0.5934,-0.283
7.646,19.22,0.5934,-0.242
7.647,60.00,0.5934,-0.244
7.648,122.81,0.5934,-0.122
7.649,76.72,0.5934,0.002
7.65,62.81,0.5934,0.032
7.651,110.78,0.5934,0.127
7.652,60.47,0.4006,0.253
7.653,-7.50,0.0150,0.248
7.654,3.28,0.0150,0.238
7.655,-46.41,0.1754,0.255
7.656,-110.16,0.4962,0.145
7.657,-82.97,0.4962,0.034
7.658,-95.16,0.4962,-0.021
7.659,-110.47,0.4962,-0.156
7.66,-34.06,0.4962,-0.242
7.661,-17.97,0.4908,-0.224
7.662,-9.06,0.4800,-0.278
7.663,86.09,0.4800,-0.242
7.664,96.56,0.4800,-0.105
7.665,65.00,0.4800,-0.049
7.666,97.97,0.4800,0.025
7.667,79.06,0.4800,0.147
7.668,27.81,0.4800,0.183
7.669,57.50,0.4800,0.203
7.67,23.44,0.5263,0.298
7.671,-72.81,0.6187,0.249
7.672,-57.19,0.6187,0.152
7.673,-75.94,0.6187,0.135
7.674,-137.81,0.6187,0.000
7.675,-81.56,0.6187,-0.141
7.676,-43.59,0.6187,-0.163
7.677,-79.06,0.6187,-0.228
7.678,-14.84,0.6187,-0.321
7.679,69.38,0.6187,-0.258
7.68,42.50,0.6187,-0.182
7.681,65.94,0.6187,-0.173
7.682,131.25,0.6187,-0.050
7.683,85.78,0.6187,0.090
7.684,66.25,0.6187,0.121
7.685,79.06,0.6187,0.223
7.686,-1.72,0.6062,0.279
7.687,-33.59,0.5812,0.219
7.688,-2.19,0.5812,0.212
7.689,-83.59,0.5812,0.215
7.69,-127.19,0.5812,0.045
7.691,-62.19,0.5812,-0.040
7.692,-91.25,0.5812,-0.079
7.693,-111.25,0.5812,-0.222
7.694,-14.84,0.5812,-0.302
7.695,24.22,0.5812,-0.252
7.696,18.13,0.5812,-0.253
7.697,97.34,0.5812,-0.216
7.698,112.03,0.5812,-0.059
7.699,66.25,0.5812,0.008
7.7,104.84,0.5812,0.074
7.701,87.34,0.5812,0.218
7.702,-9.22,0.4037,0.248
7.703,11.56,0.0487,0.200
7.704,15.16,0.2272,0.272
7.705,-81.87,0.5841,0.230
7.706,-77.50,0.5841,0.108
7.707,-79.53,0.5841,0.075
7.708,-125.78,0.5841,-0.051
7.709,-75.16,0.5841,-0.177
7.71,-26.09,0.5841,-0.202
7.711,-55.47,0.5841,-0.229
7.712,2.81,0.5841,-0.313
7.713,83.44,0.5841,-0.223
7.714,62.66,0.5841,-0.146
7.715,86.72,0.5841,-0.098
7.716,118.59,0.5841,0.028
7.717,67.81,0.5841,0.139
7.718,48.28,0.5841,0.163
7.719,60.16,0.5841,0.236
7.72,-7.81,0.5910,0.284
7.721,-45.78,0.6050,0.220
7.722,-30.00,0.6050,0.192
7.723,-97.81,0.6050,0.160
7.724,-128.91,0.6050,-0.003
7.725,-65.47,0.6050,-0.098
7.726,-97.66,0.6050,-0.134
7.727,-93.44,0.6050,-0.293
7.728,33.28,0.6050,-0.321
7.729,53.12,0.6050,-0.226
7.73,28.59,0.6050,-0.215
7.731,107.97,0.6050,-0.169
7.732,125.94,0.6050,0.001
7.733,68.44,0.6050,0.083
7.734,97.50,0.6050,0.138
7.735,65.62,0.4200,0.278
7.736,-25.00,0.0500,0.269
7.737,2.81,0.0500,0.228
7.738,-6.56,0.2328,0.275
7.739,-91.87,0.5984,0.215
7.74,-87.03,0.5984,0.091
7.741,-78.59,0.5984,0.041
7.742,-140.94,0.5984,-0.066
7.743,-91.09,0.5984,-0.241
7.744,-24.69,0.5984,-0.248
7.745,-37.66,0.5984,-0.291
7.746,44.38,0.5984,-0.324
7.747,117.34,0.5984,-0.202
7.748,89.06,0.5984,-0.089
7.749,100.31,0.5984,-0.024
7.75,111.72,0.5984,0.112
7.751,43.75,0.5984,0.200
7.752,31.25,0.5984,0.199
7.753,37.03,0.5984,0.262
7.754,-37.34,0.5985,0.273
7.755,-67.97,0.5987,0.188
7.756,-56.09,0.5987,0.137
7.757,-111.56,0.5987,0.075
7.758,-122.66,0.5987,-0.086
7.759,-64.84,0.5987,-0.170
7.76,-67.19,0.5987,-0.216
7.761,-55.00,0.5987,-0.304
7.762,45.78,0.5987,-0.326
7.763,73.44,0.5987,-0.213
7.764,66.41,0.5987,-0.179
7.765,123.59,0.5987,-0.080
7.766,98.28,0.5987,0.068
7.767,38.59,0.5987,0.117
7.768,75.62,0.5987,0.146
7.769,51.09,0.4197,0.268
7.77,-30.78,0.0616,0.248
7.771,-3.59,0.0616,0.206
7.772,-26.41,0.2272,0.241
7.773,-130.00,0.5584,0.153
7.774,-98.13,0.5584,-0.019
7.775,-76.56,0.5584,-0.043
7.776,-137.50,0.5584,-0.173
7.777,-62.34,0.5584,-0.318
7.778,22.03,0.5584,-0.297
7.779,23.59,0.5584,-0.274
7.78,70.00,0.5584,-0.250
7.781,104.37,0.5584,-0.134
7.782,82.66,0.5584,-0.041
7.783,94.22,0.5584,0.032
7.784,103.91,0.5584,0.147
7.785,31.09,0.3840,0.239
7.786,2.50,0.0350,0.209
7.787,22.97,0.0350,0.244
7.788,-45.16,0.2144,0.255
7.789,-77.03,0.5731,0.154
7.79,-61.41,0.5731,0.101
7.791,-113.75,0.5731,0.031
7.792,-124.69,0.5731,-0.126
7.793,-52.66,0.5731,-0.218
7.794,-49.84,0.5731,-0.232
7.795,-29.22,0.5731,-0.318
7.796,79.06,0.5731,-0.290
7.797,92.19,0.5731,-0.160
7.798,76.25,0.5731,-0.106
7.799,124.84,0.5731,-0.007
7.8,90.47,0.5731,0.144
7.801,23.44,0.5731,0.174
7.802,55.63,0.5731,0.191
7.803,34.06,0.5834,0.285
7.804,-50.16,0.6041,0.259
7.805,-39.69,0.6041,0.185
7.806,-65.62,0.6041,0.180
7.807,-149.37,0.6041,0.053
7.808,-101.72,0.6041,-0.119
7.809,-57.34,0.6041,-0.150
7.81,-84.53,0.6041,-0.234
7.811,-6.41,0.6041,-0.319
7.812,56.87,0.6041,-0.247
7.813,29.06,0.6041,-0.205
7.814,81.72,0.6041,-0.188
7.815,126.25,0.6041,-0.042
7.816,55.94,0.6041,0.064
7.817,52.97,0.6041,0.070
7.818,94.53,0.6041,0.170
7.819,15.47,0.5829,0.259
7.82,-25.00,0.5406,0.201
7.821,-1.56,0.5406,0.209
7.822,-66.56,0.5406,0.198
7.823,-103.13,0.5406,0.076
7.824,-75.31,0.5406,-0.008
7.825,-103.44,0.5406,-0.075
7.826,-103.44,0.5406,-0.215
7.827,-24.84,0.5406,-0.282
7.828,-17.97,0.5340,-0.265
7.829,2.03,0.5206,-0.318
7.83,92.97,0.5206,-0.261
7.831,84.84,0.5206,-0.132
7.832,64.06,0.5206,-0.091
7.833,116.41,0.5206,-0.003
7.834,85.16,0.5206,0.142
7.835,30.78,0.5206,0.167
7.836,53.91,0.5206,0.203
7.837,5.16,0.5506,0.275
7.838,-69.06,0.6106,0.213
7.839,-46.56,0.6106,0.137
7.84,-87.66,0.6106,0.120
7.841,-154.84,0.6106,-0.039
7.842,-89.53,0.6106,-0.189
7.843,-51.41,0.6106,-0.218
7.844,-59.06,0.6106,-0.292
7.845,30.63,0.6106,-0.336
7.846,73.12,0.6106,-0.231
7.847,45.31,0.6106,-0.190
7.848,107.34,0.6106,-0.140
7.849,125.16,0.6106,0.025
7.85,49.84,0.6106,0.110
7.851,48.59,0.6106,0.125
7.852,58.59,0.6106,0.207
7.853,-3.91,0.5952,0.242
7.854,-24.22,0.5644,0.199
7.855,-16.09,0.5644,0.193
7.856,-92.50,0.5644,0.167
7.857,-131.56,0.5644,0.008
7.858,-77.19,0.5644,-0.096
7.859,-86.72,0.5644,-0.146
7.86,-88.28,0.5644,-0.269
7.861,1.87,0.5644,-0.323
7.862,38.28,0.5644,-0.266
7.863,47.19,0.5644,-0.246
7.864,99.84,0.5644,-0.171
7.865,84.37,0.5644,-0.046
7.866,46.41,0.5644,-0.003
7.867,99.53,0.5644,0.047
7.868,77.34,0.5644,0.197
7.869,12.34,0.5644,0.201
7.87,38.28,0.5644,0.221
7.871,-8.28,0.5378,0.278
7.872,-92.34,0.4847,0.205
7.873,-77.97,0.4847,0.093
7.874,-86.72,0.4847,0.049
7.875,-127.81,0.4847,-0.080
7.876,-56.72,0.4847,-0.207
7.877,-25.00,0.5002,-0.194
7.878,-41.25,0.5313,-0.257
7.879,46.56,0.5313,-0.276
7.88,84.53,0.5313,-0.164
7.881,69.84,0.5313,-0.107
7.882,106.56,0.5313,-0.024
7.883,93.75,0.5313,0.106
7.884,32.34,0.5313,0.163
7.885,45.78,0.5313,0.171
7.886,61.09,0.5313,0.255
7.887,-21.87,0.5514,0.293
7.888,-52.81,0.5916,0.211
7.889,-41.41,0.5916,0.187
7.89,-114.38,0.5916,0.128
7.891,-129.22,0.5916,-0.042
7.892,-68.44,0.5916,-0.130
7.893,-72.19,0.5916,-0.178
7.894,-60.16,0.5916,-0.274
7.895,38.28,0.5916,-0.299
7.896,57.66,0.5916,-0.198
7.897,43.12,0.5916,-0.183
7.898,125.31,0.5916,-0.112
7.899,113.28,0.5916,0.067
7.9,45.00,0.5916,0.115
7.901,84.69,0.5916,0.157
7.902,59.69,0.4057,0.284
7.903,-17.03,0.0341,0.277
7.904,-4.38,0.0341,0.250
7.905,-37.66,0.1983,0.268
7.906,-109.69,0.5269,0.175
7.907,-85.31,0.5269,0.048
7.908,-84.84,0.5269,0.004
7.909,-131.72,0.5269,-0.121
7.91,-57.66,0.5269,-0.259
7.911,0.00,0.5109,-0.237
7.912,-14.84,0.4791,-0.259
7.913,56.72,0.4791,-0.266
7.914,119.06,0.4791,-0.146
7.915,82.34,0.4791,-0.028
7.916,78.13,0.4791,0.019
7.917,96.87,0.4791,0.128
7.918,39.37,0.4791,0.213
7.919,29.06,0.4791,0.207
7.92,28.75,0.5075,0.271
7.921,-58.91,0.5644,0.264
7.922,-61.87,0.5644,0.153
7.923,-52.34,0.5644,0.141
7.924,-119.38,0.5644,0.048
7.925,-106.56,0.5644,-0.098
7.926,-51.88,0.5644,-0.165
7.927,-62.34,0.5644,-0.202
7.928,-45.78,0.5644,-0.289
7.929,52.97,0.5644,-0.293
7.93,72.97,0.5644,-0.183
7.931,69.22,0.5644,-0.147
7.932,122.19,0.5644,-0.045
7.933,81.56,0.5644,0.097
7.934,52.03,0.5644,0.118
7.935,102.97,0.5644,0.201
7.936,32.50,0.4170,0.324
7.937,-61.09,0.1222,0.266
7.938,-8.59,0.1222,0.202
7.939,-39.69,0.2540,0.249
7.94,-137.66,0.5175,0.123
7.941,-101.09,0.5175,-0.027
7.942,-71.88,0.5175,-0.080
7.943,-94.53,0.5175,-0.170
7.944,-38.75,0.5175,-0.269
7.945,21.56,0.5175,-0.248
7.946,23.91,0.5175,-0.226
7.947,89.53,0.5175,-0.200
7.948,131.41,0.5175,-0.047
7.949,60.94,0.5175,0.063
7.95,75.78,0.5175,0.075
7.951,95.62,0.5175,0.214
7.952,0.78,0.3619,0.267
7.953,-5.00,0.0506,0.216
7.954,7.81,0.2013,0.257
7.955,-76.87,0.5025,0.232
7.956,-91.56,0.5025,0.103
7.957,-79.22,0.5025,0.048
7.958,-105.31,0.5025,-0.056
7.959,-68.59,0.5025,-0.162
7.96,-20.31,0.5025,-0.193
7.961,-26.56,0.5025,-0.203
7.962,-3.13,0.5025,-0.246
7.963,67.81,0.5025,-0.209
7.964,66.41,0.5025,-0.110
7.965,72.50,0.5025,-0.076
7.966,123.44,0.5025,0.035
7.967,81.25,0.5025,0.171
7.968,35.47,0.5025,0.197
7.969,64.38,0.5025,0.242
7.97,10.31,0.5463,0.326
7.971,-65.16,0.6338,0.262
7.972,-46.25,0.6338,0.196
7.973,-81.72,0.6338,0.170
7.974,-130.16,0.6338,0.032
7.975,-70.00,0.6338,-0.091
7.976,-74.06,0.6338,-0.108
7.977,-100.00,0.6338,-0.239
7.978,15.94,0.6338,-0.308
7.979,75.63,0.6338,-0.207
7.98,30.00,0.6338,-0.157
7.981,87.34,0.6338,-0.147
7.982,131.87,0.6338,0.018
7.983,58.44,0.6338,0.117
7.984,65.47,0.6338,0.135
7.985,72.19,0.6338,0.248
7.986,0.00,0.4330,0.279
7.987,-10.00,0.0316,0.248
7.988,-5.78,0.1973,0.259
7.989,-91.72,0.5288,0.236
7.99,-124.53,0.5288,0.076
7.991,-79.38,0.5288,-0.013
7.992,-108.75,0.5288,-0.083
7.993,-93.28,0.5288,-0.230
7.994,-3.13,0.5288,-0.269
7.995,5.94,0.5108,-0.237
7.996,27.03,0.4750,-0.258
7.997,99.22,0.4750,-0.183
7.998,90.00,0.4750,-0.059
7.999,65.94,0.4750,-0.003
8,96.09,0.4750,0.073
8.001,64.84,0.4750,0.190
8.002,13.91,0.4750,0.203
8.003,26.41,0.4750,0.218
8.004,-0.62,0.5115,0.255
8.005,-77.66,0.5844,0.216
8.006,-80.47,0.5844,0.100
8.007,-78.44,0.5844,0.055
8.008,-117.03,0.5844,-0.057
8.009,-74.84,0.5844,-0.179
8.01,-55.16,0.5844,-0.207
8.011,-56.56,0.5844,-0.289
8.012,49.22,0.5844,-0.320
8.013,92.03,0.5844,-0.191
8.014,38.28,0.5844,-0.136
8.015,105.47,0.5844,-0.114
8.016,130.16,0.5844,0.075
8.017,43.91,0.5844,0.146
8.018,59.22,0.5844,0.163
8.019,54.69,0.5844,0.265
8.02,-31.56,0.4132,0.273
8.021,-27.03,0.0709,0.202
8.022,-17.97,0.2241,0.218
8.023,-114.06,0.5303,0.166
8.024,-117.81,0.5303,-0.010
8.025,-69.37,0.5303,-0.070
8.026,-103.59,0.5303,-0.148
8.027,-68.44,0.5303,-0.277
8.028,23.75,0.5303,-0.285
8.029,29.53,0.5303,-0.230
8.03,47.81,0.5303,-0.226
8.031,117.97,0.5303,-0.134
8.032,101.25,0.5303,0.010
8.033,58.91,0.5303,0.068
8.034,88.28,0.5303,0.128
8.035,55.63,0.5303,0.245
8.036,-3.59,0.5303,0.239
8.037,14.22,0.5303,0.238
8.038,-31.25,0.5441,0.267
8.039,-115.94,0.5716,0.175
8.04,-88.12,0.5716,0.035
8.041,-80.94,0.5716,-0.001
8.042,-110.16,0.5716,-0.127
8.043,-47.19,0.5716,-0.221
8.044,-38.91,0.5716,-0.221
8.045,-41.72,0.5716,-0.299
8.046,53.44,0.5716,-0.304
8.047,90.94,0.5716,-0.192
8.048,74.84,0.5716,-0.123
8.049,109.69,0.5716,-0.043
8.05,108.13,0.5716,0.097
8.051,39.84,0.5716,0.174
8.052,50.47,0.5716,0.177
8.053,42.50,0.5830,0.275
8.054,-45.00,0.6059,0.262
8.055,-44.53,0.6059,0.185
8.056,-61.87,0.6059,0.173
8.057,-151.88,0.6059,0.061
8.058,-117.97,0.6059,-0.131
8.059,-47.97,0.6059,-0.175
8.06,-78.13,0.6059,-0.227
8.061,-37.66,0.6059,-0.331
8.062,73.91,0.6059,-0.302
8.063,56.09,0.6059,-0.183
8.064,48.75,0.6059,-0.190
8.065,128.91,0.6059,-0.086
8.066,83.13,0.6059,0.068
8.067,45.62,0.6059,0.080
8.068,91.09,0.6059,0.159
8.069,30.00,0.5873,0.263
8.07,-33.59,0.5500,0.219
8.071,-7.03,0.5500,0.195
8.072,-47.97,0.5500,0.205
8.073,-112.50,0.5500,0.099
8.074,-80.94,0.5500,-0.020
8.075,-84.69,0.5500,-0.063
8.076,-112.50,0.5500,-0.190
8.077,-41.72,0.5500,-0.288
8.078,11.41,0.5500,-0.273
8.079,11.56,0.5500,-0.265
8.08,68.28,0.5500,-0.250
8.081,110.78,0.5500,-0.128
8.082,70.63,0.5500,-0.028
8.083,88.59,0.5500,0.013
8.084,102.81,0.5500,0.149
8.085,27.03,0.3720,0.219
8.086,18.28,0.0159,0.203
8.087,24.22,0.2034,0.255
8.088,-49.06,0.5784,0.251
8.089,-73.28,0.5784,0.157
8.09,-76.41,0.5784,0.105
8.091,-134.06,0.5784,0.004
8.092,-109.53,0.5784,-0.163
8.093,-42.19,0.5784,-0.215
8.094,-54.22,0.5784,-0.248
8.095,2.66,0.5784,-0.323
8.096,90.94,0.5784,-0.242
8.097,56.41,0.5784,-0.141
8.098,63.91,0.5784,-0.130
8.099,128.59,0.5784,-0.013
8.1,86.56,0.5784,0.128
8.101,43.59,0.5784,0.160
8.102,60.00,0.5784,0.215
8.103,-0.31,0.4205,0.280
8.104,-52.34,0.1047,0.214
8.105,-14.69,0.1047,0.175
8.106,-78.13,0.2431,0.185
8.107,-153.75,0.5200,0.019
8.108,-82.50,0.5200,-0.123
8.109,-54.84,0.5200,-0.146
8.11,-82.19,0.5200,-0.233
8.111,-9.84,0.5200,-0.311
8.112,46.41,0.5200,-0.252
8.113,32.81,0.5200,-0.218
8.114,94.53,0.5200,-0.187
8.115,125.47,0.5200,-0.029
8.116,49.84,0.5200,0.064
8.117,72.50,0.5200,0.071
8.118,94.84,0.5200,0.209
8.119,1.41,0.3628,0.261
8.12,1.25,0.0484,0.212
8.121,16.41,0.2220,0.263
8.122,-72.34,0.5691,0.245
8.123,-104.37,0.5691,0.118
8.124,-75.78,0.5691,0.036
8.125,-126.09,0.5691,-0.033
8.126,-110.16,0.5691,-0.216
8.127,-17.66,0.5691,-0.253
8.128,-26.25,0.5691,-0.251
8.129,21.72,0.5691,-0.306
8.13,111.56,0.5691,-0.208
8.131,79.38,0.5691,-0.083
8.132,73.28,0.5691,-0.049
8.133,113.44,0.5691,0.064
8.134,71.09,0.5691,0.178
8.135,32.03,0.5691,0.206
8.136,50.62,0.5691,0.242
8.137,-6.25,0.5871,0.307
8.138,-71.72,0.6231,0.229
8.139,-46.25,0.6231,0.164
8.14,-88.59,0.6231,0.137
8.141,-136.88,0.6231,-0.013
8.142,-70.63,0.6231,-0.137
8.143,-48.28,0.6231,-0.155
8.144,-80.62,0.6231,-0.233
8.145,12.34,0.6231,-0.316
8.146,72.81,0.6231,-0.209
8.147,42.50,0.6231,-0.170
8.148,113.44,0.6231,-0.124
8.149,125.78,0.6231,0.057
8.15,37.34,0.6231,0.128
8.151,63.44,0.6231,0.131
8.152,71.09,0.6231,0.255
8.153,-20.31,0.4352,0.273
8.154,-16.72,0.0594,0.214
8.155,-10.94,0.2193,0.240
8.156,-115.16,0.5391,0.192
8.157,-126.88,0.5391,0.010
8.158,-73.91,0.5391,-0.062
8.159,-101.56,0.5391,-0.138
8.16,-80.47,0.5391,-0.265
8.161,-2.97,0.5391,-0.299
8.162,14.06,0.5391,-0.271
8.163,51.09,0.5391,-0.271
8.164,110.00,0.5391,-0.168
8.165,84.53,0.5391,-0.051
8.166,78.75,0.5391,0.001
8.167,113.59,0.5391,0.107
8.168,63.12,0.5391,0.228
8.169,5.94,0.5391,0.233
8.17,26.25,0.5391,0.240
8.171,-19.22,0.5359,0.285
8.172,-85.00,0.5297,0.201
8.173,-61.87,0.5297,0.115
8.174,-99.22,0.5297,0.077
8.175,-160.94,0.5297,-0.083
8.176,-72.03,0.5297,-0.244
8.177,-24.22,0.5446,-0.227
8.178,-48.28,0.5744,-0.293
8.179,45.31,0.5744,-0.324
8.18,84.84,0.5744,-0.202
8.181,67.81,0.5744,-0.154
8.182,127.81,0.5744,-0.067
8.183,101.72,0.5744,0.102
8.184,18.12,0.5744,0.137
8.185,56.88,0.5744,0.138
8.186,64.69,0.5744,0.251
8.187,-28.91,0.5642,0.267
8.188,-34.38,0.5438,0.193
8.189,-36.56,0.5438,0.198
8.19,-125.16,0.5438,0.120
8.191,-122.19,0.5438,-0.052
8.192,-68.44,0.5438,-0.125
8.193,-75.94,0.5438,-0.189
8.194,-38.75,0.5438,-0.277
8.195,20.00,0.5438,-0.266
8.196,27.50,0.5438,-0.237
8.197,59.06,0.5438,-0.211
8.198,111.09,0.5438,-0.118
8.199,84.37,0.5438,0.011
8.2,64.69,0.5438,0.050
8.201,96.72,0.5438,0.140
8.202,38.44,0.3714,0.244
8.203,-11.56,0.0266,0.217
8.204,16.72,0.0266,0.221
8.205,-40.78,0.2090,0.251
8.206,-121.56,0.5738,0.139
8.207,-84.69,0.5738,0.007
8.208,-83.13,0.5738,-0.030
8.209,-107.19,0.5738,-0.159
8.21,-46.87,0.5738,-0.245
8.211,-25.94,0.5738,-0.253
8.212,-0.78,0.5738,-0.297
8.213,85.16,0.5738,-0.254
8.214,88.75,0.5738,-0.126
8.215,55.00,0.5738,-0.077
8.216,109.22,0.5738,-0.016
8.217,108.44,0.5738,0.142
8.218,26.88,0.5738,0.201
8.219,38.28,0.5738,0.196
8.22,43.44,0.5738,0.277
8.221,-52.03,0.5872,0.283
8.222,-72.81,0.6141,0.173
8.223,-70.47,0.6141,0.137
8.224,-128.59,0.6141,0.032
8.225,-102.19,0.6141,-0.120
8.226,-59.06,0.6141,-0.172
8.227,-79.69,0.6141,-0.238
8.228,-22.66,0.6141,-0.332
8.229,62.03,0.6141,-0.284
8.23,48.13,0.6141,-0.208
8.231,83.59,0.6141,-0.188
8.232,140.47,0.6141,-0.040
8.233,77.50,0.6141,0.093
8.234,48.59,0.6141,0.115
8.235,85.16,0.6141,0.191
8.236,26.25,0.6040,0.285
8.237,-35.31,0.5838,0.243
8.238,-13.28,0.5838,0.214
8.239,-63.91,0.5838,0.217
8.24,-115.16,0.5838,0.087
8.241,-81.56,0.5838,-0.014
8.242,-101.09,0.5838,-0.077
8.243,-111.09,0.5838,-0.216
8.244,-21.09,0.5838,-0.299
8.245,28.59,0.5838,-0.258
8.246,29.53,0.5838,-0.242
8.247,96.72,0.5838,-0.199
8.248,112.03,0.5838,-0.048
8.249,60.00,0.5838,0.025
8.25,84.37,0.5838,0.072
8.251,76.25,0.5838,0.194
8.252,8.13,0.3940,0.224
8.253,16.72,0.0144,0.210
8.254,0.31,0.2034,0.258
8.255,-74.84,0.5816,0.211
8.256,-84.69,0.5816,0.108
8.257,-80.62,0.5816,0.041
8.258,-119.38,0.5816,-0.053
8.259,-86.09,0.5816,-0.198
8.26,-42.66,0.5816,-0.225
8.261,-49.22,0.5816,-0.283
8.262,23.13,0.5816,-0.324
8.263,91.87,0.5816,-0.237
8.264,72.03,0.5816,-0.140
8.265,97.50,0.5816,-0.092
8.266,128.44,0.5816,0.055
8.267,57.50,0.5816,0.164
8.268,35.62,0.5816,0.170
8.269,49.53,0.5816,0.236
8.27,-23.28,0.5834,0.269
8.271,-52.34,0.5872,0.189
8.272,-20.63,0.5872,0.164
8.273,-85.31,0.5872,0.148
8.274,-130.31,0.5872,-0.006
8.275,-73.12,0.5872,-0.113
8.276,-75.47,0.5872,-0.153
8.277,-82.81,0.5872,-0.264
8.278,9.22,0.5872,-0.318
8.279,55.00,0.5872,-0.245
8.28,37.19,0.5872,-0.208
8.281,105.47,0.5872,-0.171
8.282,121.87,0.5872,0.003
8.283,50.94,0.5872,0.073
8.284,83.59,0.5872,0.105
8.285,75.94,0.5872,0.240
8.286,-8.91,0.4029,0.257
8.287,-3.28,0.0344,0.222
8.288,-10.31,0.2025,0.250
8.289,-91.56,0.5387,0.202
8.29,-107.81,0.5387,0.067
8.291,-86.41,0.5387,-0.014
8.292,-118.75,0.5387,-0.106
8.293,-77.03,0.5387,-0.252
8.294,-15.31,0.5387,-0.260
8.295,-14.38,0.5387,-0.282
8.296,63.13,0.5387,-0.289
8.297,112.34,0.5387,-0.156
8.298,68.13,0.5387,-0.064
8.299,75.63,0.5387,-0.020
8.3,111.56,0.5387,0.087
8.301,58.44,0.5387,0.203
8.302,15.62,0.5387,0.204
8.303,37.97,0.5387,0.235
8.304,-25.31,0.5576,0.280
8.305,-69.53,0.5953,0.184
8.306,-50.62,0.5953,0.141
8.307,-106.25,0.5953,0.083
8.308,-124.06,0.5953,-0.072
8.309,-62.97,0.5953,-0.165
8.31,-69.22,0.5953,-0.198
8.311,-58.91,0.5953,-0.304
8.312,56.56,0.5953,-0.315
8.313,75.78,0.5953,-0.191
8.314,30.31,0.5953,-0.164
8.315,106.72,0.5953,-0.130
8.316,120.62,0.5953,0.050
8.317,47.03,0.5953,0.111
8.318,81.56,0.5953,0.144
8.319,51.72,0.4201,0.274
8.32,-34.84,0.0697,0.247
8.321,7.03,0.0697,0.205
8.322,-23.75,0.2343,0.261
8.323,-148.44,0.5634,0.157
8.324,-109.84,0.5634,-0.036
8.325,-68.13,0.5634,-0.063
8.326,-119.84,0.5634,-0.172
8.327,-59.53,0.5634,-0.302
8.328,20.00,0.5634,-0.291
8.329,7.81,0.5451,-0.262
8.33,60.31,0.5084,-0.275
8.331,134.06,0.5084,-0.142
8.332,89.22,0.5084,-0.007
8.333,78.59,0.5084,0.037
8.334,95.94,0.5084,0.150
8.335,41.56,0.5084,0.229
8.336,15.78,0.5084,0.233
8.337,10.63,0.5034,0.260
8.338,-55.16,0.4934,0.254
8.339,-85.00,0.4934,0.150
8.34,-66.09,0.4934,0.084
8.341,-120.00,0.4934,0.018
8.342,-125.47,0.4934,-0.156
8.343,-29.53,0.4934,-0.233
8.344,-18.75,0.4756,-0.215
8.345,-33.91,0.4400,-0.271
8.346,58.44,0.4400,-0.283
8.347,81.56,0.4400,-0.154
8.348,66.41,0.4400,-0.119
8.349,121.88,0.4400,-0.021
8.35,82.19,0.4400,0.124
8.351,16.56,0.4400,0.143
8.352,70.47,0.4400,0.158
8.353,44.69,0.4945,0.284
8.354,-45.00,0.6034,0.247
8.355,-28.28,0.6034,0.194
8.356,-65.00,0.6034,0.190
8.357,-142.97,0.6034,0.064
8.358,-97.81,0.6034,-0.096
8.359,-66.25,0.6034,-0.131
8.36,-93.91,0.6034,-0.228
8.361,-17.81,0.6034,-0.319
8.362,61.41,0.6034,-0.264
8.363,38.75,0.6034,-0.196
8.364,65.63,0.6034,-0.186
8.365,119.22,0.6034,-0.065
8.366,65.94,0.6034,0.052
8.367,59.53,0.6034,0.067
8.368,92.81,0.6034,0.171
8.369,24.53,0.4130,0.253
8.37,-9.69,0.0322,0.220
8.371,7.34,0.0322,0.233
8.372,-49.69,0.1885,0.235
8.373,-97.03,0.5013,0.134
8.374,-82.81,0.5013,0.041
8.375,-118.59,0.5013,-0.032
8.376,-117.19,0.5013,-0.196
8.377,-27.34,0.5013,-0.266
8.378,-5.94,0.4902,-0.251
8.379,8.75,0.4681,-0.278
8.38,90.62,0.4681,-0.233
8.381,102.50,0.4681,-0.097
8.382,62.03,0.4681,-0.028
8.383,109.22,0.4681,0.027
8.384,91.09,0.4681,0.190
8.385,0.78,0.3180,0.209
8.386,34.06,0.0178,0.192
8.387,20.94,0.2134,0.278
8.388,-62.66,0.6047,0.233
8.389,-55.94,0.6047,0.152
8.39,-85.47,0.6047,0.122
8.391,-143.44,0.6047,-0.019
8.392,-87.81,0.6047,-0.165
8.393,-49.22,0.6047,-0.194
8.394,-66.41,0.6047,-0.264
8.395,8.12,0.6047,-0.327
8.396,84.84,0.6047,-0.248
8.397,58.44,0.6047,-0.158
8.398,80.47,0.6047,-0.131
8.399,111.09,0.6047,0.003
8.4,57.97,0.6047,0.092
8.401,66.09,0.6047,0.119
8.402,75.00,0.6047,0.224
8.403,5.00,0.5993,0.269
8.404,-26.09,0.5884,0.234
8.405,-11.72,0.5884,0.217
8.406,-85.16,0.5884,0.210
8.407,-131.25,0.5884,0.047
8.408,-81.41,0.5884,-0.052
8.409,-93.75,0.5884,-0.116
8.41,-101.56,0.5884,-0.240
8.411,-16.72,0.5884,-0.319
8.412,25.63,0.5884,-0.273
8.413,39.69,0.5884,-0.268
8.414,112.03,0.5884,-0.194
8.415,106.41,0.5884,-0.044
8.416,52.66,0.5884,0.019
8.417,91.87,0.5884,0.062
8.418,70.62,0.5884,0.203
8.419,6.25,0.5884,0.203
8.42,30.94,0.5884,0.215
8.421,-20.31,0.5814,0.265
8.422,-92.34,0.5672,0.175
8.423,-68.28,0.5672,0.080
8.424,-81.41,0.5672,0.038
8.425,-129.53,0.5672,-0.083
8.426,-77.19,0.5672,-0.221
8.427,-25.94,0.5672,-0.237
8.428,-32.66,0.5672,-0.273
8.429,41.56,0.5672,-0.302
8.43,93.91,0.5672,-0.190
8.431,57.50,0.5672,-0.115
8.432,104.53,0.5672,-0.075
8.433,122.34,0.5672,0.094
8.434,48.91,0.5672,0.170
8.435,34.69,0.5672,0.192
8.436,45.00,0.5672,0.239
8.437,-24.06,0.5882,0.282
8.438,-49.84,0.6303,0.191
8.439,-40.31,0.6303,0.183
8.44,-119.06,0.6303,0.111
8.441,-130.78,0.6303,-0.056
8.442,-67.81,0.6303,-0.151
8.443,-85.47,0.6303,-0.191
8.444,-78.44,0.6303,-0.322
8.445,40.47,0.6303,-0.348
8.446,65.00,0.6303,-0.241
8.447,45.78,0.6303,-0.218
8.448,120.00,0.6303,-0.149
8.449,120.16,0.6303,0.022
8.45,54.37,0.6303,0.091
8.451,77.34,0.6303,0.131
8.452,48.91,0.5879,0.246
8.453,-23.13,0.5031,0.228
8.454,-11.09,0.5031,0.199
8.455,-29.84,0.5031,0.206
8.456,-87.03,0.5031,0.140
8.457,-67.19,0.5031,0.032
8.458,-63.75,0.5031,0.005
8.459,-131.41,0.5031,-0.095
8.46,-66.56,0.5031,-0.258
8.461,4.22,0.4661,-0.228
8.462,-8.59,0.3922,-0.249
8.463,71.09,0.3922,-0.246
8.464,113.59,0.3922,-0.107
8.465,59.38,0.3922,-0.018
8.466,80.78,0.3922,0.012
8.467,106.25,0.3922,0.143
8.468,28.75,0.2744,0.224
8.469,7.50,0.0388,0.201
8.47,25.00,0.0388,0.239
8.471,-45.94,0.2093,0.251
8.472,-64.84,0.5503,0.147
8.473,-49.37,0.5503,0.121
8.474,-123.91,0.5503,0.049
8.475,-119.53,0.5503,-0.127
8.476,-46.25,0.5503,-0.190
8.477,-54.69,0.5503,-0.219
8.478,-22.81,0.5503,-0.300
8.479,81.09,0.5503,-0.265
8.48,63.44,0.5503,-0.138
8.481,45.31,0.5503,-0.138
8.482,130.16,0.5503,-0.047
8.483,94.84,0.5503,0.122
8.484,33.28,0.5503,0.143
8.485,76.41,0.5503,0.189
8.486,36.09,0.3947,0.296
8.487,-41.72,0.0834,0.261
8.488,-14.69,0.0834,0.212
8.489,-50.00,0.2423,0.232
8.49,-144.06,0.5600,0.112
8.491,-99.06,0.5600,-0.057
8.492,-68.91,0.5600,-0.086
8.493,-111.88,0.5600,-0.194
8.494,-30.00,0.5600,-0.310
8.495,50.47,0.5600,-0.254
8.496,27.97,0.5600,-0.209
8.497,69.69,0.5600,-0.198
8.498,119.84,0.5600,-0.069
8.499,71.56,0.5600,0.041
8.5,72.34,0.5600,0.074
8.501,88.28,0.5600,0.186
8.502,30.47,0.5600,0.250
8.503,7.66,0.5600,0.247
8.504,1.72,0.5611,0.266
8.505,-72.66,0.5634,0.250
8.506,-99.69,0.5634,0.120
8.507,-72.03,0.5634,0.051
8.508,-107.19,0.5634,-0.024
8.509,-103.75,0.5634,-0.163
8.51,-37.66,0.5634,-0.231
8.511,-33.28,0.5634,-0.239
8.512,-2.81,0.5634,-0.298
8.513,77.81,0.5634,-0.244
8.514,81.41,0.5634,-0.142
8.515,84.06,0.5634,-0.082
8.516,118.91,0.5634,0.026
8.517,74.22,0.5634,0.156
8.518,38.28,0.5634,0.174
8.519,67.81,0.5634,0.233
8.52,11.88,0.5801,0.310
8.521,-69.22,0.6134,0.257
8.522,-43.13,0.6134,0.172
8.523,-77.19,0.6134,0.170
8.524,-141.72,0.6134,0.017
8.525,-92.66,0.6134,-0.113
8.526,-72.97,0.6134,-0.168
8.527,-67.66,0.6134,-0.259
8.528,19.53,0.6134,-0.303
8.529,59.69,0.6134,-0.220
8.53,18.59,0.6134,-0.184
8.531,84.37,0.6134,-0.183
8.532,134.84,0.6134,-0.015
8.533,67.66,0.6134,0.087
8.534,79.38,0.6134,0.120
8.535,89.22,0.6134,0.246
8.536,4.53,0.4235,0.298
8.537,-16.09,0.0438,0.255
8.538,-16.72,0.2079,0.266
8.539,-105.47,0.5362,0.221
8.54,-134.06,0.5362,0.055
8.541,-81.56,0.5362,-0.047
8.542,-98.13,0.5362,-0.108
8.543,-81.09,0.5362,-0.243
8.544,-12.50,0.5362,-0.270
8.545,2.34,0.5362,-0.268
8.546,37.50,0.5362,-0.265
8.547,107.03,0.5362,-0.193
8.548,95.00,0.5362,-0.051
8.549,65.78,0.5362,-0.003
8.55,101.25,0.5362,0.080
8.551,76.87,0.5362,0.199
8.552,32.97,0.5362,0.234
8.553,46.56,0.5362,0.265
8.554,-31.56,0.5675,0.327
8.555,-96.56,0.6300,0.202
8.556,-51.25,0.6300,0.134
8.557,-81.56,0.6300,0.100
8.558,-141.72,0.6300,-0.029
8.559,-81.88,0.6300,-0.184
8.56,-35.00,0.6300,-0.193
8.561,-55.00,0.6300,-0.254
8.562,32.34,0.6300,-0.303
8.563,82.81,0.6300,-0.189
8.564,46.56,0.6300,-0.137
8.565,95.78,0.6300,-0.096
8.566,127.19,0.6300,0.054
8.567,60.94,0.6300,0.158
8.568,54.69,0.6300,0.176
8.569,55.78,0.6300,0.268
8.57,-21.09,0.6105,0.288
8.571,-32.66,0.5716,0.226
8.572,-39.22,0.5716,0.223
8.573,-126.72,0.5716,0.147
8.574,-116.72,0.5716,-0.031
8.575,-45.94,0.5716,-0.086
8.576,-88.28,0.5716,-0.123
8.577,-80.47,0.5716,-0.263
8.578,14.53,0.5716,-0.284
8.579,29.84,0.5716,-0.234
8.58,59.22,0.5716,-0.224
8.581,125.94,0.5716,-0.115
8.582,103.44,0.5716,0.028
8.583,60.62,0.5716,0.092
8.584,90.62,0.5716,0.149
8.585,52.50,0.3972,0.273
8.586,-24.22,0.0484,0.254
8.587,3.75,0.0484,0.224
8.588,-23.44,0.2254,0.262
8.589,-84.37,0.5794,0.177
8.59,-54.84,0.5794,0.093
8.591,-87.66,0.5794,0.068
8.592,-147.81,0.5794,-0.083
8.593,-69.22,0.5794,-0.228
8.594,-20.31,0.5794,-0.221
8.595,-36.41,0.5794,-0.268
8.596,56.88,0.5794,-0.294
8.597,100.31,0.5794,-0.155
8.598,73.12,0.5794,-0.093
8.599,110.47,0.5794,-0.008
8.6,95.47,0.5794,0.128
8.601,26.09,0.5794,0.183
8.602,51.56,0.5794,0.180
8.603,59.06,0.5794,0.286
8.604,-43.13,0.5831,0.298
8.605,-58.28,0.5906,0.199
8.606,-52.34,0.5906,0.182
8.607,-121.88,0.5906,0.095
8.608,-107.66,0.5906,-0.062
8.609,-49.53,0.5906,-0.121
8.61,-85.94,0.5906,-0.161
8.611,-56.25,0.5906,-0.292
8.612,55.62,0.5906,-0.274
8.613,49.69,0.5906,-0.181
8.614,50.94,0.5906,-0.174
8.615,131.87,0.5906,-0.079
8.616,107.81,0.5906,0.089
8.617,54.53,0.5906,0.136
8.618,77.19,0.5906,0.198
8.619,31.72,0.4217,0.291
8.62,-41.88,0.0838,0.262
8.621,-4.53,0.0838,0.207
8.622,-44.38,0.2317,0.253
8.623,-141.41,0.5275,0.118
8.624,-81.56,0.5275,-0.030
8.625,-71.25,0.5275,-0.045
8.626,-114.84,0.5275,-0.173
8.627,-24.84,0.5275,-0.275
8.628,18.44,0.4995,-0.222
8.629,2.81,0.4434,-0.238
8.63,79.38,0.4434,-0.217
8.631,112.50,0.4434,-0.079
8.632,78.13,0.4434,0.008
8.633,98.59,0.4434,0.077
8.634,96.09,0.4434,0.206
8.635,17.50,0.3052,0.269
8.636,20.62,0.0288,0.241
8.637,24.38,0.2240,0.311
8.638,-57.97,0.6144,0.289
8.639,-72.50,0.6144,0.195
8.64,-74.06,0.6144,0.144
8.641,-121.09,0.6144,0.047
8.642,-88.91,0.6144,-0.098
8.643,-49.06,0.6144,-0.131
8.644,-86.25,0.6144,-0.196
8.645,-20.78,0.6144,-0.304
8.646,86.72,0.6144,-0.238
8.647,70.63,0.6144,-0.130
8.648,74.06,0.6144,-0.096
8.649,108.59,0.6144,0.018
8.65,62.81,0.6144,0.121
8.651,44.84,0.6144,0.143
8.652,69.37,0.6144,0.211
8.653,13.13,0.6125,0.282
8.654,-55.00,0.6087,0.237
8.655,-30.16,0.6087,0.172
8.656,-72.81,0.6087,0.177
8.657,-144.53,0.6087,0.027
8.658,-85.94,0.6087,-0.113
8.659,-63.75,0.6087,-0.145
8.66,-90.62,0.6087,-0.240
8.661,-29.22,0.6087,-0.327
8.662,39.22,0.6087,-0.298
8.663,43.13,0.6087,-0.248
8.664,90.78,0.6087,-0.212
8.665,117.97,0.6087,-0.067
8.666,57.97,0.6087,0.024
8.667,82.97,0.6087,0.049
8.668,92.34,0.6087,0.190
8.669,11.41,0.4130,0.234
8.67,7.19,0.0216,0.212
8.671,10.78,0.1959,0.248
8.672,-82.81,0.5447,0.234
8.673,-114.38,0.5447,0.083
8.674,-85.94,0.5447,0.005
8.675,-121.72,0.5447,-0.089
8.676,-94.38,0.5447,-0.238
8.677,-21.41,0.5447,-0.278
8.678,-9.22,0.5447,-0.281
8.679,30.47,0.5447,-0.296
8.68,87.97,0.5447,-0.220
8.681,66.25,0.5447,-0.120
8.682,69.84,0.5447,-0.088
8.683,117.34,0.5447,0.019
8.684,77.66,0.5447,0.147
8.685,34.84,0.5447,0.175
8.686,58.13,0.5447,0.217
8.687,-8.75,0.5688,0.291
8.688,-65.31,0.6169,0.199
8.689,-22.50,0.6169,0.160
8.69,-85.78,0.6169,0.154
8.691,-148.44,0.6169,-0.011
8.692,-65.00,0.6169,-0.143
8.693,-61.72,0.6169,-0.141
8.694,-92.34,0.6169,-0.266
8.695,20.94,0.6169,-0.326
8.696,63.91,0.6169,-0.224
8.697,29.53,0.6169,-0.198
8.698,102.97,0.6169,-0.165
8.699,127.81,0.6169,0.008
8.7,49.53,0.6169,0.091
8.701,59.53,0.6169,0.107
8.702,54.22,0.6169,0.210
8.703,-16.72,0.4243,0.215
8.704,-7.19,0.0391,0.176
8.705,-19.69,0.2055,0.201
8.706,-121.56,0.5384,0.137
8.707,-106.25,0.5384,-0.042
8.708,-57.50,0.5384,-0.076
8.709,-105.31,0.5384,-0.157
8.71,-71.25,0.5384,-0.286
8.711,0.94,0.5384,-0.300
8.712,11.25,0.5384,-0.284
8.713,65.31,0.5384,-0.277
8.714,117.66,0.5384,-0.154
8.715,77.97,0.5384,-0.042
8.716,55.63,0.5384,0.002
8.717,97.66,0.5384,0.069
8.718,76.56,0.5384,0.198
8.719,20.62,0.5384,0.223
8.72,36.41,0.5384,0.239
8.721,-18.75,0.5622,0.295
8.722,-92.97,0.6097,0.201
8.723,-66.09,0.6097,0.109
8.724,-109.69,0.6097,0.069
8.725,-150.16,0.6097,-0.110
8.726,-62.50,0.6097,-0.231
8.727,-30.47,0.6097,-0.235
8.728,-39.69,0.6097,-0.292
8.729,47.03,0.6097,-0.314
8.73,80.47,0.6097,-0.198
8.731,58.13,0.6097,-0.153
8.732,127.66,0.6097,-0.082
8.733,114.84,0.6097,0.102
8.734,32.34,0.6097,0.148
8.735,65.94,0.6097,0.167
8.736,62.81,0.6097,0.280
8.737,-36.25,0.6031,0.292
8.738,-40.16,0.5900,0.207
8.739,-48.13,0.5900,0.212
8.74,-135.31,0.5900,0.111
8.741,-110.00,0.5900,-0.059
8.742,-62.81,0.5900,-0.109
8.743,-94.37,0.5900,-0.184
8.744,-38.59,0.5900,-0.298
8.745,49.84,0.5900,-0.262
8.746,29.06,0.5900,-0.198
8.747,38.28,0.5900,-0.203
8.748,103.91,0.5900,-0.122
8.749,93.59,0.5900,0.004
8.75,78.28,0.5900,0.066
8.751,91.25,0.5900,0.161
8.752,39.69,0.3995,0.248
8.753,-9.22,0.0184,0.240
8.754,-0.31,0.0184,0.230
8.755,-45.16,0.1842,0.240
8.756,-108.13,0.5156,0.139
8.757,-87.34,0.5156,0.023
8.758,-94.84,0.5156,-0.035
8.759,-120.31,0.5156,-0.166
8.76,-46.56,0.5156,-0.276
8.761,-10.78,0.5091,-0.259
8.762,-15.62,0.4959,-0.297
8.763,75.47,0.4959,-0.291
8.764,107.34,0.4959,-0.147
8.765,64.22,0.4959,-0.076
8.766,98.28,0.4959,-0.018
8.767,95.16,0.4959,0.121
8.768,38.91,0.4959,0.172
8.769,58.59,0.4959,0.198
8.77,35.94,0.5394,0.289
8.771,-61.25,0.6263,0.270
8.772,-52.97,0.6263,0.167
8.773,-60.00,0.6263,0.164
8.774,-147.81,0.6263,0.047
8.775,-107.19,0.6263,-0.131
8.776,-55.94,0.6263,-0.168
8.777,-84.69,0.6263,-0.243
8.778,-13.28,0.6263,-0.337
8.779,68.91,0.6263,-0.270
8.78,48.91,0.6263,-0.199
8.781,80.00,0.6263,-0.172
8.782,131.41,0.6263,-0.039
8.783,69.37,0.6263,0.091
8.784,44.69,0.6263,0.100
8.785,88.12,0.6263,0.180
8.786,30.63,0.6089,0.276
8.787,-21.72,0.5741,0.242
8.788,-13.91,0.5741,0.233
8.789,-83.13,0.5741,0.214
8.79,-132.81,0.5741,0.066
8.791,-68.59,0.5741,-0.052
8.792,-86.09,0.5741,-0.071
8.793,-113.59,0.5741,-0.224
8.794,-18.59,0.5741,-0.298
8.795,13.75,0.5741,-0.261
8.796,15.16,0.5741,-0.271
8.797,94.22,0.5741,-0.231
8.798,118.91,0.5741,-0.082
8.799,58.44,0.5741,0.007
8.8,86.56,0.5741,0.035
8.801,103.28,0.5741,0.180
8.802,20.16,0.3897,0.241
8.803,14.06,0.0209,0.220
8.804,2.97,0.2112,0.269
8.805,-79.06,0.5919,0.226
8.806,-76.87,0.5919,0.111
8.807,-82.34,0.5919,0.072
8.808,-129.69,0.5919,-0.053
8.809,-86.09,0.5919,-0.187
8.81,-38.13,0.5919,-0.226
8.811,-48.44,0.5919,-0.263
8.812,20.00,0.5919,-0.323
8.813,99.84,0.5919,-0.223
8.814,54.53,0.5919,-0.123
8.815,82.34,0.5919,-0.114
8.816,135.47,0.5919,0.042
8.817,67.66,0.5919,0.157
8.818,44.53,0.5919,0.177
8.819,65.62,0.5919,0.246
8.82,-11.09,0.6085,0.308
8.821,-69.22,0.6419,0.224
8.822,-34.06,0.6419,0.170
8.823,-86.56,0.6419,0.156
8.824,-129.69,0.6419,-0.003
8.825,-60.78,0.6419,-0.104
8.826,-82.19,0.6419,-0.125
8.827,-104.37,0.6419,-0.268
8.828,13.75,0.6419,-0.333
8.829,64.53,0.6419,-0.241
8.83,34.69,0.6419,-0.204
8.831,105.00,0.6419,-0.171
8.832,119.69,0.6419,0.006
8.833,45.78,0.6419,0.068
8.834,87.19,0.6419,0.097
8.835,72.97,0.6419,0.242
8.836,-16.72,0.4393,0.243
8.837,7.97,0.0341,0.209
8.838,-12.34,0.2060,0.259
8.839,-109.22,0.5500,0.184
8.84,-98.28,0.5500,0.041
8.841,-76.09,0.5500,-0.012
8.842,-118.59,0.5500,-0.112
8.843,-74.06,0.5500,-0.249
8.844,-3.13,0.5500,-0.260
8.845,-15.62,0.5500,-0.256
8.846,44.84,0.5500,-0.291
8.847,107.50,0.5500,-0.166
8.848,77.97,0.5500,-0.076
8.849,94.53,0.5500,-0.010
8.85,110.47,0.5500,0.113
8.851,43.44,0.3819,0.211
8.852,17.34,0.0456,0.200
8.853,42.50,0.0456,0.246
8.854,-24.22,0.2215,0.285
8.855,-63.13,0.5731,0.197
8.856,-51.41,0.5731,0.159
8.857,-117.81,0.5731,0.094
8.858,-126.56,0.5731,-0.077
8.859,-51.25,0.5731,-0.159
8.86,-61.56,0.5731,-0.179
8.861,-54.38,0.5731,-0.282
8.862,51.25,0.5731,-0.288
8.863,64.38,0.5731,-0.179
8.864,38.91,0.5731,-0.159
8.865,110.47,0.5731,-0.102
8.866,109.22,0.5731,0.062
8.867,44.84,0.5731,0.117
8.868,68.28,0.5731,0.151
8.869,44.84,0.4001,0.253
8.87,-27.03,0.0541,0.241
8.871,-7.03,0.0541,0.199
8.872,-33.91,0.2076,0.227
8.873,-128.59,0.5147,0.132
8.874,-93.91,0.5147,-0.030
8.875,-60.62,0.5147,-0.056
8.876,-115.78,0.5147,-0.152
8.877,-45.78,0.5147,-0.288
8.878,18.28,0.5147,-0.243
8.879,-3.59,0.5147,-0.251
8.88,63.28,0.5147,-0.250
8.881,126.72,0.5147,-0.125
8.882,82.50,0.5147,0.003
8.883,76.09,0.5147,0.040
8.884,92.50,0.5147,0.155
8.885,33.59,0.5147,0.225
8.886,18.44,0.5147,0.223
8.887,2.81,0.5333,0.262
8.888,-57.97,0.5706,0.228
8.889,-62.66,0.5706,0.146
8.89,-72.03,0.5706,0.103
8.891,-121.56,0.5706,0.002
8.892,-108.44,0.5706,-0.140
8.893,-49.38,0.5706,-0.215
8.894,-41.25,0.5706,-0.239
8.895,-7.66,0.5706,-0.297
8.896,78.44,0.5706,-0.254
8.897,65.31,0.5706,-0.140
8.898,50.16,0.5706,-0.124
8.899,126.09,0.5706,-0.040
8.9,112.81,0.5706,0.128
8.901,36.56,0.5706,0.186
8.902,43.91,0.5706,0.202
8.903,36.09,0.5706,0.273
8.904,-44.53,0.4102,0.274
8.905,-38.44,0.0894,0.184
8.906,-47.97,0.2269,0.197
8.907,-143.59,0.5019,0.088
8.908,-99.06,0.5019,-0.090
8.909,-52.03,0.5019,-0.110
8.91,-97.66,0.5019,-0.194
8.911,-37.50,0.5019,-0.305
8.912,50.47,0.5019,-0.269
8.913,34.22,0.5019,-0.204
8.914,62.81,0.5019,-0.201
8.915,121.72,0.5019,-0.078
8.916,80.94,0.5019,0.043
8.917,76.72,0.5019,0.083
8.918,100.94,0.5019,0.196
8.919,16.56,0.3533,0.285
8.92,-15.94,0.0563,0.229
8.921,10.16,0.2103,0.253
8.922,-68.59,0.5184,0.249
8.923,-120.00,0.5184,0.116
8.924,-78.59,0.5184,0.009
8.925,-91.72,0.5184,-0.041
8.926,-106.25,0.5184,-0.174
8.927,-35.47,0.5184,-0.253
8.928,-5.78,0.5184,-0.245
8.929,-1.72,0.5184,-0.265
8.93,67.97,0.5184,-0.248
8.931,87.03,0.5184,-0.129
8.932,79.53,0.5184,-0.074
8.933,117.97,0.5184,0.030
8.934,81.25,0.5184,0.162
8.935,23.75,0.5184,0.193
8.936,51.25,0.5184,0.209
8.937,20.63,0.5513,0.295
8.938,-65.31,0.6169,0.250
8.939,-47.03,0.6169,0.164
8.94,-75.31,0.6169,0.156
8.941,-147.03,0.6169,0.014
8.942,-94.22,0.6169,-0.138
8.943,-49.84,0.6169,-0.175
8.944,-73.59,0.6169,-0.238
8.945,-1.41,0.6169,-0.322
8.946,72.03,0.6169,-0.240
8.947,56.87,0.6169,-0.178
8.948,100.16,0.6169,-0.127
8.949,132.19,0.6169,0.022
8.95,53.91,0.6169,0.138
8.951,36.88,0.6169,0.130
8.952,68.12,0.6169,0.212
8.953,-2.03,0.5949,0.267
8.954,-26.25,0.5509,0.208
8.955,-17.50,0.5509,0.214
8.956,-91.87,0.5509,0.173
8.957,-108.28,0.5509,0.030
8.958,-58.91,0.5509,-0.044
8.959,-93.59,0.5509,-0.088
8.96,-98.44,0.5509,-0.231
8.961,-4.53,0.5509,-0.284
8.962,25.00,0.5509,-0.240
8.963,25.47,0.5509,-0.234
8.964,93.28,0.5509,-0.189
8.965,91.09,0.5509,-0.048
8.966,53.28,0.5509,-0.007
8.967,104.69,0.5509,0.059
8.968,76.87,0.5509,0.202
8.969,-5.62,0.3745,0.212
8.97,23.12,0.0216,0.191
8.971,13.12,0.2095,0.259
8.972,-82.81,0.5853,0.217
8.973,-97.81,0.5853,0.093
8.974,-85.31,0.5853,0.022
8.975,-122.50,0.5853,-0.077
8.976,-84.84,0.5853,-0.223
8.977,-19.22,0.5853,-0.247
8.978,-39.69,0.5853,-0.262
8.979,29.06,0.5853,-0.327
8.98,108.91,0.5853,-0.204
8.981,70.94,0.5853,-0.109
8.982,91.09,0.5853,-0.062
8.983,116.41,0.5853,0.073
8.984,41.72,0.4214,0.171
8.985,39.69,0.0934,0.157
8.986,68.28,0.0934,0.250
8.987,-23.75,0.2584,0.293
8.988,-56.41,0.5884,0.203
8.989,-41.41,0.5884,0.181
8.99,-116.09,0.5884,0.120
8.991,-137.34,0.5884,-0.052
8.992,-70.00,0.5884,-0.155
8.993,-68.59,0.5884,-0.192
8.994,-51.72,0.5884,-0.292
8.995,40.47,0.5884,-0.295
8.996,52.19,0.5884,-0.211
8.997,33.44,0.5884,-0.191
8.998,111.56,0.5884,-0.144
8.999,105.94,0.5884,0.033
9,47.03,0.5884,0.068
9.001,102.19,0.5884,0.127
9.002,67.19,0.4048,0.272
9.003,-18.75,0.0375,0.261
9.004,10.62,0.0375,0.235
9.005,-31.25,0.2026,0.282
9.006,-128.91,0.5328,0.172
9.007,-93.91,0.5328,0.024
9.008,-78.28,0.5328,-0.016
9.009,-117.50,0.5328,-0.132
9.01,-50.47,0.5328,-0.251
9.011,7.97,0.5123,-0.233
9.012,-14.06,0.4712,-0.235
9.013,44.84,0.4712,-0.261
9.014,115.31,0.4712,-0.145
9.015,78.75,0.4712,-0.031
9.016,83.91,0.4712,0.013
9.017,98.13,0.4712,0.137
9.018,36.41,0.4712,0.209
9.019,25.47,0.4712,0.210
9.02,24.22,0.5038,0.260
9.021,-47.19,0.5688,0.258
9.022,-68.13,0.5688,0.165
9.023,-62.03,0.5688,0.122
9.024,-119.38,0.5688,0.041
9.025,-115.00,0.5688,-0.117
9.026,-49.37,0.5688,-0.189
9.027,-55.94,0.5688,-0.215
9.028,-46.88,0.5688,-0.301
9.029,67.97,0.5688,-0.309
9.03,91.56,0.5688,-0.165
9.031,57.66,0.5688,-0.126
9.032,111.56,0.5688,-0.049
9.033,84.53,0.5688,0.097
9.034,43.59,0.5688,0.120
9.035,86.88,0.5688,0.184
9.036,33.91,0.4108,0.293
9.037,-47.50,0.0950,0.252
9.038,-12.19,0.0950,0.198
9.039,-40.78,0.2393,0.228
9.04,-144.84,0.5278,0.117
9.041,-111.41,0.5278,-0.062
9.042,-71.41,0.5278,-0.106
9.043,-97.03,0.5278,-0.205
9.044,-35.31,0.5278,-0.300
9.045,31.09,0.5278,-0.275
9.046,31.72,0.5278,-0.238
9.047,80.78,0.5278,-0.212
9.048,121.88,0.5278,-0.076
9.049,69.06,0.5278,0.032
9.05,72.50,0.5278,0.062
9.051,92.97,0.5278,0.177
9.052,22.34,0.3606,0.248
9.053,3.75,0.0262,0.222
9.054,0.16,0.1984,0.255
9.055,-77.34,0.5428,0.222
9.056,-92.19,0.5428,0.101
9.057,-64.84,0.5428,0.037
9.058,-94.22,0.5428,-0.029
9.059,-95.94,0.5428,-0.151
9.06,-38.91,0.5428,-0.221
9.061,-33.28,0.5428,-0.229
9.062,-2.81,0.5428,-0.288
9.063,87.50,0.5428,-0.234
9.064,85.94,0.5428,-0.113
9.065,66.88,0.5428,-0.063
9.066,110.94,0.5428,0.021
9.067,94.84,0.5428,0.159
9.068,38.75,0.5428,0.211
9.069,51.72,0.5428,0.237
9.07,5.00,0.5770,0.314
9.071,-71.72,0.6453,0.247
9.072,-44.38,0.6453,0.171
9.073,-80.31,0.6453,0.158
9.074,-147.50,0.6453,0.010
9.075,-81.41,0.6453,-0.137
9.076,-59.06,0.6453,-0.153
9.077,-89.22,0.6453,-0.255
9.078,1.41,0.6453,-0.331
9.079,63.13,0.6453,-0.252
9.08,33.12,0.6453,-0.205
9.081,83.59,0.6453,-0.186
9.082,131.25,0.6453,-0.037
9.083,65.47,0.6453,0.077
9.084,65.16,0.6453,0.093
9.085,75.78,0.6453,0.207
9.086,-2.66,0.6103,0.245
9.087,-19.53,0.5403,0.202
9.088,-13.28,0.5403,0.206
9.089,-87.66,0.5403,0.175
9.09,-105.78,0.5403,0.031
9.091,-68.59,0.5403,-0.037
9.092,-104.84,0.5403,-0.107
9.093,-94.37,0.5403,-0.246
9.094,-15.94,0.5403,-0.295
9.095,3.75,0.5296,-0.278
9.096,45.16,0.5081,-0.288
9.097,116.56,0.5081,-0.188
9.098,90.63,0.5081,-0.055
9.099,65.47,0.5081,-0.007
9.1,104.37,0.5081,0.076
9.101,70.47,0.5081,0.202
9.102,9.06,0.5081,0.217
9.103,34.53,0.5081,0.220
9.104,-2.66,0.5361,0.286
9.105,-77.19,0.5922,0.215
9.106,-53.91,0.5922,0.132
9.107,-86.88,0.5922,0.107
9.108,-145.00,0.5922,-0.042
9.109,-71.25,0.5922,-0.183
9.11,-38.59,0.5922,-0.184
9.111,-60.78,0.5922,-0.260
9.112,29.06,0.5922,-0.306
9.113,81.09,0.5922,-0.202
9.114,54.53,0.5922,-0.144
9.115,99.06,0.5922,-0.093
9.116,115.00,0.5922,0.054
9.117,61.72,0.5922,0.137
9.118,51.88,0.5922,0.178
9.119,41.41,0.5922,0.241
9.12,-23.91,0.5858,0.261
9.121,-37.81,0.5731,0.193
9.122,-20.00,0.5731,0.185
9.123,-107.66,0.5731,0.153
9.124,-130.94,0.5731,-0.030
9.125,-55.16,0.5731,-0.109
9.126,-79.38,0.5731,-0.141
9.127,-85.94,0.5731,-0.268
9.128,-4.53,0.5731,-0.313
9.129,25.78,0.5731,-0.277
9.13,42.81,0.5731,-0.261
9.131,108.44,0.5731,-0.191
9.132,102.66,0.5731,-0.044
9.133,72.34,0.5731,0.014
9.134,109.06,0.5731,0.101
9.135,62.97,0.5731,0.233
9.136,9.22,0.5731,0.227
9.137,25.00,0.5731,0.251
9.138,-34.69,0.5757,0.277
9.139,-94.69,0.5809,0.182
9.14,-80.16,0.5809,0.087
9.141,-100.78,0.5809,0.021
9.142,-131.41,0.5809,-0.114
9.143,-63.91,0.5809,-0.242
9.144,-25.62,0.5809,-0.242
9.145,-31.09,0.5809,-0.293
9.146,66.72,0.5809,-0.304
9.147,104.69,0.5809,-0.159
9.148,59.84,0.5809,-0.095
9.149,106.56,0.5809,-0.040
9.15,112.50,0.5809,0.118
9.151,32.50,0.5809,0.185
9.152,40.16,0.5809,0.183
9.153,44.84,0.5809,0.266
9.154,-35.31,0.5777,0.273
9.155,-36.87,0.5712,0.195
9.156,-45.16,0.5712,0.199
9.157,-128.28,0.5712,0.105
9.158,-115.78,0.5712,-0.058
9.159,-71.09,0.5712,-0.127
9.16,-85.78,0.5712,-0.200
9.161,-31.72,0.5712,-0.298
9.162,66.56,0.5712,-0.263
9.163,48.44,0.5712,-0.165
9.164,41.25,0.5712,-0.166
9.165,121.88,0.5712,-0.083
9.166,92.19,0.5712,0.077
9.167,39.69,0.5712,0.102
9.168,87.03,0.5712,0.157
9.169,35.94,0.4048,0.276
9.17,-35.94,0.0719,0.229
9.171,7.97,0.0719,0.204
9.172,-39.84,0.2299,0.245
9.173,-133.75,0.5459,0.124
9.174,-95.31,0.5459,-0.023
9.175,-78.75,0.5459,-0.067
9.176,-117.34,0.5459,-0.180
9.177,-32.50,0.5459,-0.301
9.178,24.38,0.5459,-0.245
9.179,8.91,0.5459,-0.253
9.18,75.78,0.5459,-0.228
9.181,112.03,0.5459,-0.101
9.182,66.41,0.5459,-0.003
9.183,77.66,0.5459,0.032
9.184,95.78,0.5459,0.152
9.185,37.66,0.5459,0.223
9.186,27.97,0.5459,0.227
9.187,12.50,0.5615,0.279
9.188,-78.75,0.5925,0.252
9.189,-77.50,0.5925,0.122
9.19,-62.97,0.5925,0.097
9.191,-136.88,0.5925,-0.004
9.192,-107.34,0.5925,-0.177
9.193,-31.56,0.5925,-0.219
9.194,-47.19,0.5925,-0.240
9.195,-13.91,0.5925,-0.313
9.196,74.53,0.5925,-0.268
9.197,63.13,0.5925,-0.164
9.198,71.72,0.5925,-0.141
9.199,141.25,0.5925,-0.021
9.2,86.88,0.5925,0.141
9.201,29.53,0.5925,0.153
9.202,67.81,0.5925,0.200
9.203,24.69,0.5987,0.289
9.204,-45.47,0.6112,0.250
9.205,-30.16,0.6112,0.198
9.206,-73.91,0.6112,0.189
9.207,-135.47,0.6112,0.050
9.208,-78.44,0.6112,-0.082
9.209,-70.00,0.6112,-0.107
9.21,-107.81,0.6112,-0.222
9.211,-14.22,0.6112,-0.323
9.212,62.66,0.6112,-0.250
9.213,30.94,0.6112,-0.197
9.214,68.28,0.6112,-0.188
9.215,107.81,0.6112,-0.061
9.216,72.97,0.6112,0.028
9.217,101.72,0.6112,0.085
9.218,98.59,0.6112,0.231
9.219,-0.16,0.4248,0.283
9.22,-20.78,0.0519,0.231
9.221,-15.00,0.2116,0.241
9.222,-75.16,0.5309,0.201
9.223,-89.69,0.5309,0.091
9.224,-65.16,0.5309,0.021
9.225,-109.22,0.5309,-0.040
9.226,-106.25,0.5309,-0.197
9.227,-29.22,0.5309,-0.252
9.228,-18.91,0.5309,-0.256
9.229,25.16,0.5309,-0.290
9.23,100.47,0.5309,-0.205
9.231,86.72,0.5309,-0.089
9.232,72.66,0.5309,-0.032
9.233,104.06,0.5309,0.056
9.234,70.00,0.5309,0.176
9.235,30.47,0.5309,0.196
9.236,45.94,0.5309,0.237
9.237,-3.75,0.5570,0.288
9.238,-67.81,0.6091,0.230
9.239,-46.25,0.6091,0.153
9.24,-93.59,0.6091,0.137
9.241,-140.16,0.6091,-0.035
9.242,-64.06,0.6091,-0.143
9.243,-58.59,0.6091,-0.163
9.244,-79.06,0.6091,-0.260
9.245,18.91,0.6091,-0.321
9.246,83.91,0.6091,-0.223
9.247,49.69,0.6091,-0.153
9.248,88.28,0.6091,-0.123
9.249,125.94,0.6091,0.023
9.25,63.59,0.6091,0.129
9.251,65.31,0.6091,0.151
9.252,65.00,0.6091,0.259
9.253,-12.81,0.5952,0.281
9.254,-21.25,0.5675,0.234
9.255,-21.09,0.5675,0.238
9.256,-108.59,0.5675,0.192
9.257,-123.59,0.5675,0.021
9.258,-82.03,0.5675,-0.056
9.259,-107.03,0.5675,-0.143
9.26,-71.88,0.5675,-0.270
9.261,-3.28,0.5675,-0.287
9.262,17.03,0.5675,-0.276
9.263,51.72,0.5675,-0.253
9.264,101.25,0.5675,-0.173
9.265,97.34,0.5675,-0.050
9.266,78.75,0.5675,0.022
9.267,97.81,0.5675,0.107
9.268,52.97,0.5675,0.218
9.269,17.50,0.5675,0.213
9.27,31.87,0.5675,0.253
9.271,-32.66,0.5629,0.277
9.272,-89.06,0.5537,0.187
9.273,-52.03,0.5537,0.099
9.274,-83.75,0.5537,0.083
9.275,-146.25,0.5537,-0.069
9.276,-68.28,0.5537,-0.209
9.277,-29.22,0.5537,-0.205
9.278,-35.78,0.5537,-0.268
9.279,54.22,0.5537,-0.277
9.28,72.66,0.5537,-0.159
9.281,40.00,0.5537,-0.132
9.282,102.66,0.5537,-0.079
9.283,117.19,0.5537,0.074
9.284,49.69,0.5537,0.155
9.285,55.31,0.5537,0.173
9.286,41.88,0.3954,0.266
9.287,-39.37,0.0787,0.257
9.288,-26.25,0.0787,0.187
9.289,-34.69,0.2285,0.204
9.29,-129.53,0.5281,0.118
9.291,-114.53,0.5281,-0.055
9.292,-61.87,0.5281,-0.112
9.293,-106.09,0.5281,-0.178
9.294,-67.97,0.5281,-0.324
9.295,40.78,0.5281,-0.314
9.296,39.38,0.5281,-0.242
9.297,60.00,0.5281,-0.236
9.298,138.91,0.5281,-0.122
9.299,93.75,0.5281,0.042
9.3,38.59,0.5281,0.065
9.301,96.25,0.5281,0.119
9.302,55.94,0.5246,0.258
9.303,-13.91,0.5175,0.231
9.304,1.56,0.5175,0.230
9.305,-41.41,0.5175,0.234
9.306,-102.81,0.5175,0.147
9.307,-88.44,0.5175,0.029
9.308,-99.69,0.5175,-0.030
9.309,-115.00,0.5175,-0.171
9.31,-32.50,0.5175,-0.260
9.311,-20.00,0.5347,-0.236
9.312,-14.53,0.5691,-0.300
9.313,86.09,0.5691,-0.265
9.314,94.69,0.5691,-0.128
9.315,57.97,0.5691,-0.075
9.316,100.94,0.5691,-0.012
9.317,90.31,0.5691,0.127
9.318,23.44,0.5691,0.169
9.319,50.16,0.5691,0.173
9.32,51.25,0.5691,0.269
9.321,-51.56,0.5817,0.276
9.322,-59.69,0.6069,0.166
9.323,-65.00,0.6069,0.157
9.324,-129.69,0.6069,0.036
9.325,-96.41,0.6069,-0.103
9.326,-59.84,0.6069,-0.157
9.327,-87.19,0.6069,-0.223
9.328,-27.81,0.6069,-0.331
9.329,89.22,0.6069,-0.278
9.33,69.37,0.6069,-0.153
9.331,56.87,0.6069,-0.139
9.332,135.00,0.6069,-0.039
9.333,88.59,0.6069,0.131
9.334,42.50,0.6069,0.138
9.335,81.25,0.6069,0.216
9.336,25.78,0.5940,0.301
9.337,-24.53,0.5681,0.267
9.338,-9.84,0.5681,0.252
9.339,-69.38,0.5681,0.248
9.34,-140.78,0.5681,0.113
9.341,-95.16,0.5681,-0.034
9.342,-92.03,0.5681,-0.077
9.343,-95.00,0.5681,-0.218
9.344,-8.91,0.5681,-0.267
9.345,2.50,0.5332,-0.236
9.346,8.28,0.4634,-0.262
9.347,95.16,0.4634,-0.219
9.348,107.50,0.4634,-0.072
9.349,60.00,0.4634,-0.004
9.35,102.81,0.4634,0.048
9.351,89.69,0.4634,0.201
9.352,4.53,0.3147,0.228
9.353,31.09,0.0172,0.210
9.354,14.22,0.2124,0.290
9.355,-77.34,0.6028,0.239
9.356,-69.37,0.6028,0.135
9.357,-78.28,0.6028,0.100
9.358,-140.94,0.6028,-0.022
9.359,-98.28,0.6028,-0.182
9.36,-39.53,0.6028,-0.218
9.361,-47.50,0.6028,-0.261
9.362,20.31,0.6028,-0.313
9.363,90.16,0.6028,-0.220
9.364,47.03,0.6028,-0.133
9.365,68.91,0.6028,-0.126
9.366,128.44,0.6028,0.005
9.367,72.97,0.6028,0.131
9.368,44.84,0.6028,0.151
9.369,80.16,0.6028,0.220
9.37,-0.78,0.6054,0.311
9.371,-75.47,0.6106,0.219
9.372,-37.34,0.6106,0.160
9.373,-83.59,0.6106,0.144
9.374,-124.53,0.6106,-0.007
9.375,-67.97,0.6106,-0.105
9.376,-81.09,0.6106,-0.143
9.377,-78.28,0.6106,-0.267
9.378,17.34,0.6106,-0.299
9.379,41.72,0.6106,-0.233
9.38,42.03,0.6106,-0.216
9.381,109.22,0.6106,-0.148
9.382,112.66,0.6106,0.003
9.383,56.72,0.6106,0.077
9.384,85.00,0.6106,0.116
9.385,74.53,0.6106,0.247
9.386,-14.84,0.4230,0.265
9.387,-2.97,0.0478,0.217
9.388,-16.72,0.2189,0.259
9.389,-107.50,0.5609,0.184
9.39,-86.25,0.5609,0.044
9.391,-68.75,0.5609,0.011
9.392,-129.22,0.5609,-0.093
9.393,-79.37,0.5609,-0.247
9.394,-16.09,0.5609,-0.252
9.395,-24.84,0.5609,-0.279
9.396,44.84,0.5609,-0.302
9.397,105.78,0.5609,-0.190
9.398,72.66,0.5609,-0.090
9.399,96.41,0.5609,-0.044
9.4,122.19,0.5609,0.103
9.401,50.63,0.5609,0.200
9.402,24.69,0.5609,0.204
9.403,32.50,0.5609,0.249
9.404,-39.53,0.5639,0.269
9.405,-65.47,0.5697,0.170
9.406,-55.16,0.5697,0.138
9.407,-97.03,0.5697,0.060
9.408,-118.91,0.5697,-0.056
9.409,-77.97,0.5697,-0.178
9.41,-53.59,0.5697,-0.212
9.411,-44.38,0.5697,-0.285
9.412,48.44,0.5697,-0.301
9.413,74.69,0.5697,-0.188
9.414,46.41,0.5697,-0.152
9.415,103.28,0.5697,-0.095
9.416,93.91,0.5697,0.055
9.417,35.62,0.5697,0.092
9.418,73.75,0.5697,0.126
9.419,58.13,0.5697,0.240
9.42,-14.69,0.3904,0.242
9.421,-9.06,0.0319,0.211
9.422,-45.78,0.1919,0.224
9.423,-133.13,0.5119,0.119
9.424,-108.28,0.5119,-0.042
9.425,-77.50,0.5119,-0.098
9.426,-95.00,0.5119,-0.197
9.427,-30.47,0.5119,-0.288
9.428,30.78,0.5119,-0.258
9.429,13.44,0.5119,-0.226
9.43,52.03,0.5119,-0.231
9.431,121.25,0.5119,-0.122
9.432,93.91,0.5119,0.012
9.433,72.97,0.5119,0.066
9.434,100.94,0.5119,0.158
9.435,41.72,0.3502,0.268
9.436,-0.62,0.0269,0.241
9.437,12.34,0.1851,0.267
9.438,-60.78,0.5016,0.266
9.439,-86.72,0.5016,0.145
9.44,-75.31,0.5016,0.092
9.441,-115.47,0.5016,-0.006
9.442,-114.69,0.5016,-0.139
9.443,-42.66,0.5016,-0.235
9.444,-27.19,0.4860,-0.224
9.445,-29.06,0.4550,-0.289
9.446,59.84,0.4550,-0.282
9.447,81.72,0.4550,-0.170
9.448,65.00,0.4550,-0.119
9.449,122.50,0.4550,-0.040
9.45,102.19,0.4550,0.126
9.451,19.69,0.4550,0.165
9.452,61.41,0.4550,0.166
9.453,48.13,0.5019,0.288
9.454,-61.09,0.5956,0.262
9.455,-44.69,0.5956,0.165
9.456,-45.78,0.5956,0.173
9.457,-121.56,0.5956,0.074
9.458,-94.38,0.5956,-0.071
9.459,-66.88,0.5956,-0.115
9.46,-96.56,0.5956,-0.204
9.461,-33.28,0.5956,-0.308
9.462,48.91,0.5956,-0.271
9.463,32.34,0.5956,-0.210
9.464,71.88,0.5956,-0.206
9.465,132.81,0.5956,-0.067
9.466,72.03,0.5956,0.059
9.467,63.44,0.5956,0.077
9.468,91.09,0.5956,0.186
9.469,17.19,0.4101,0.260
9.47,-6.09,0.0391,0.221
9.471,16.88,0.0391,0.248
9.472,-66.88,0.2045,0.254
9.473,-118.59,0.5353,0.114
9.474,-78.28,0.5353,0.017
9.475,-90.63,0.5353,-0.043
9.476,-104.69,0.5353,-0.164
9.477,-42.97,0.5353,-0.252
9.478,-14.38,0.5353,-0.250
9.479,17.50,0.5353,-0.281
9.48,90.62,0.5353,-0.215
9.481,82.19,0.5353,-0.100
9.482,64.84,0.5353,-0.051
9.483,117.50,0.5353,0.030
9.484,89.53,0.5353,0.184
9.485,5.63,0.3614,0.209
9.486,29.06,0.0134,0.196
9.487,13.12,0.2077,0.267
9.488,-58.59,0.5962,0.222
9.489,-52.97,0.5962,0.150
9.49,-72.97,0.5962,0.116
9.491,-139.06,0.5962,0.004
9.492,-82.66,0.5962,-0.162
9.493,-42.34,0.5962,-0.161
9.494,-83.91,0.5962,-0.247
9.495,7.50,0.5962,-0.329
9.496,84.22,0.5962,-0.232
9.497,52.50,0.5962,-0.161
9.498,87.03,0.5962,-0.127
9.499,125.00,0.5962,0.013
9.5,53.75,0.5962,0.123
9.501,45.47,0.5962,0.121
9.502,66.56,0.5962,0.214
9.503,-26.72,0.4286,0.254
9.504,-39.84,0.0934,0.161
9.505,20.47,0.0934,0.174
9.506,-64.06,0.2346,0.202
9.507,-136.88,0.5169,0.046
9.508,-77.50,0.5169,-0.072
9.509,-84.53,0.5169,-0.109
9.51,-91.25,0.5169,-0.241
9.511,4.69,0.5169,-0.291
9.512,28.28,0.5169,-0.232
9.513,22.19,0.5169,-0.235
9.514,102.50,0.5169,-0.188
9.515,111.25,0.5169,-0.030
9.516,53.75,0.5169,0.035
9.517,89.06,0.5169,0.078
9.518,71.56,0.5169,0.213
9.519,6.25,0.5169,0.221
9.52,21.72,0.5169,0.226
9.521,-7.03,0.5296,0.264
9.522,-80.62,0.5550,0.212
9.523,-82.66,0.5550,0.103
9.524,-100.00,0.5550,0.046
9.525,-126.72,0.5550,-0.097
9.526,-52.50,0.5550,-0.207
9.527,-17.50,0.5550,-0.202
9.528,-44.38,0.5550,-0.242
9.529,28.91,0.5550,-0.291
9.53,91.87,0.5550,-0.184
9.531,61.72,0.5550,-0.107
9.532,85.62,0.5550,-0.061
9.533,109.53,0.5550,0.064
9.534,58.91,0.5550,0.158
9.535,50.94,0.5550,0.182
9.536,48.91,0.5550,0.260
9.537,-34.22,0.5602,0.280
9.538,-63.13,0.5706,0.192
9.539,-34.84,0.5706,0.154
9.54,-90.16,0.5706,0.122
9.541,-111.72,0.5706,-0.027
9.542,-49.22,0.5706,-0.102
9.543,-72.19,0.5706,-0.125
9.544,-82.81,0.5706,-0.246
9.545,30.31,0.5706,-0.291
9.546,47.81,0.4896,-0.185
9.547,32.03,0.3275,-0.195
9.548,128.59,0.3275,-0.121
9.549,111.41,0.3275,0.062
9.55,35.16,0.3275,0.102
9.551,80.16,0.3275,0.133
9.552,53.91,0.2355,0.262
9.553,-25.78,0.0516,0.240
9.554,8.44,0.0516,0.210
9.555,-23.75,0.2116,0.257
9.556,-123.91,0.5316,0.163
9.557,-101.09,0.5316,0.009
9.558,-81.09,0.5316,-0.039
9.559,-117.50,0.5316,-0.153
9.56,-48.28,0.5316,-0.274
9.561,14.53,0.5316,-0.249
9.562,-4.22,0.5133,-0.245
9.563,46.25,0.4769,-0.258
9.564,108.75,0.4769,-0.153
9.565,77.50,0.4769,-0.040
9.566,79.53,0.4769,0.002
9.567,95.78,0.4769,0.119
9.568,50.16,0.4769,0.194
9.569,44.53,0.4769,0.219
9.57,30.63,0.5160,0.283
9.571,-59.53,0.5944,0.280
9.572,-76.25,0.5944,0.164
9.573,-63.44,0.5944,0.128
9.574,-127.66,0.5944,0.037
9.575,-122.03,0.5944,-0.128
9.576,-49.84,0.5944,-0.207
9.577,-52.19,0.5944,-0.227
9.578,-35.00,0.5944,-0.312
9.579,63.28,0.5944,-0.297
9.58,77.19,0.5944,-0.185
9.581,59.84,0.5944,-0.143
9.582,133.75,0.5944,-0.065
9.583,105.94,0.5944,0.125
9.584,31.41,0.5944,0.147
9.585,67.19,0.5944,0.188
9.586,39.22,0.5809,0.281
9.587,-29.53,0.5541,0.266
9.588,-25.31,0.5541,0.222
9.589,-60.78,0.5541,0.215
9.59,-150.94,0.5541,0.100
9.591,-101.09,0.5541,-0.087
9.592,-57.50,0.5541,-0.102
9.593,-85.62,0.5541,-0.202
9.594,-23.75,0.5541,-0.273
9.595,22.34,0.5541,-0.249
9.596,19.69,0.5541,-0.228
9.597,77.50,0.5541,-0.210
9.598,111.72,0.5541,-0.073
9.599,65.31,0.5541,0.014
9.6,80.78,0.5541,0.057
9.601,95.78,0.5541,0.175
9.602,26.72,0.3760,0.249
9.603,3.91,0.0200,0.229
9.604,5.78,0.1943,0.257
9.605,-67.81,0.5428,0.240
9.606,-97.34,0.5428,0.121
9.607,-81.41,0.5428,0.046
9.608,-111.41,0.5428,-0.042
9.609,-105.63,0.5428,-0.177
9.61,-35.78,0.5428,-0.253
9.611,-16.56,0.5428,-0.249
9.612,10.16,0.5428,-0.286
9.613,85.00,0.5428,-0.228
9.614,78.28,0.5428,-0.116
9.615,62.66,0.5428,-0.072
9.616,106.41,0.5428,0.009
9.617,79.06,0.5428,0.141
9.618,41.72,0.5428,0.167
9.619,68.59,0.5428,0.224
9.62,8.28,0.5687,0.304
9.621,-62.81,0.6206,0.241
9.622,-37.50,0.6206,0.179
9.623,-71.88,0.6206,0.166
9.624,-146.41,0.6206,0.035
9.625,-98.13,0.6206,-0.127
9.626,-59.53,0.6206,-0.161
9.627,-77.50,0.6206,-0.246
9.628,0.62,0.6206,-0.316
9.629,69.22,0.6206,-0.245
9.63,40.31,0.6206,-0.178
9.631,73.28,0.6206,-0.164
9.632,122.50,0.6206,-0.031
9.633,66.41,0.6206,0.081
9.634,56.87,0.6206,0.102
9.635,74.84,0.6206,0.195
9.636,14.53,0.5929,0.251
9.637,-15.47,0.5375,0.224
9.638,-6.88,0.5375,0.220
9.639,-81.41,0.5375,0.210
9.64,-128.44,0.5375,0.058
9.641,-90.47,0.5375,-0.047
9.642,-93.59,0.5375,-0.123
9.643,-81.41,0.5375,-0.234
9.644,-5.00,0.5375,-0.286
9.645,12.34,0.5243,-0.244
9.646,13.75,0.4978,-0.262
9.647,99.69,0.4978,-0.217
9.648,109.69,0.4978,-0.062
9.649,76.09,0.4978,0.003
9.65,97.03,0.4978,0.090
9.651,65.16,0.4978,0.197
9.652,19.69,0.4978,0.220
9.653,45.78,0.4978,0.236
9.654,-6.56,0.5509,0.312
9.655,-99.69,0.6572,0.223
9.656,-66.72,0.6572,0.113
9.657,-89.84,0.6572,0.090
9.658,-141.87,0.6572,-0.067
9.659,-76.72,0.6572,-0.194
9.66,-49.69,0.6572,-0.221
9.661,-62.34,0.6572,-0.293
9.662,43.59,0.6572,-0.345
9.663,84.69,0.6572,-0.206
9.664,38.75,0.6572,-0.176
9.665,113.91,0.6572,-0.129
9.666,118.44,0.6572,0.052
9.667,50.00,0.6572,0.108
9.668,74.06,0.6572,0.152
9.669,66.56,0.6572,0.256
9.67,-17.19,0.6310,0.285
9.671,-31.87,0.5788,0.222
9.672,-27.50,0.5788,0.221
9.673,-120.62,0.5788,0.167
9.674,-133.13,0.5788,-0.020
9.675,-61.41,0.5788,-0.099
9.676,-86.09,0.5788,-0.143
9.677,-75.47,0.5788,-0.272
9.678,12.34,0.5788,-0.294
9.679,28.28,0.5788,-0.247
9.68,37.81,0.5788,-0.237
9.681,125.94,0.5788,-0.171
9.682,112.81,0.5788,0.015
9.683,43.75,0.5788,0.054
9.684,86.41,0.5788,0.102
9.685,65.62,0.5788,0.227
9.686,6.72,0.5788,0.233
9.687,10.16,0.5788,0.241
9.688,-32.03,0.5812,0.254
9.689,-93.91,0.5862,0.177
9.69,-91.87,0.5862,0.066
9.691,-98.75,0.5862,-0.007
9.692,-121.09,0.5862,-0.132
9.693,-57.81,0.5862,-0.249
9.694,-17.34,0.5862,-0.247
9.695,-35.00,0.5862,-0.284
9.696,45.78,0.5862,-0.317
9.697,95.62,0.5862,-0.193
9.698,76.87,0.5862,-0.126
9.699,113.28,0.5862,-0.039
9.7,110.00,0.5862,0.101
9.701,39.22,0.5862,0.181
9.702,43.91,0.5862,0.179
9.703,45.47,0.5862,0.269
9.704,-45.16,0.5802,0.270
9.705,-60.16,0.5681,0.179
9.706,-43.91,0.5681,0.150
9.707,-112.50,0.5681,0.091
9.708,-106.88,0.5681,-0.075
9.709,-53.28,0.5681,-0.123
9.71,-87.66,0.5681,-0.182
9.711,-49.06,0.5681,-0.298
9.712,53.12,0.5681,-0.280
9.713,47.03,0.5681,-0.192
9.714,49.53,0.5681,-0.186
9.715,120.78,0.5681,-0.093
9.716,101.41,0.5681,0.056
9.717,61.87,0.5681,0.110
9.718,86.09,0.5681,0.179
9.719,39.69,0.3977,0.282
9.72,-28.44,0.0569,0.259
9.721,1.87,0.0569,0.225
9.722,-46.72,0.2246,0.263
9.723,-137.66,0.5600,0.132
9.724,-102.34,0.5600,-0.013
9.725,-75.78,0.5600,-0.073
9.726,-112.34,0.5600,-0.164
9.727,-46.09,0.5600,-0.297
9.728,11.72,0.5220,-0.257
9.729,12.34,0.4459,-0.274
9.73,74.84,0.4459,-0.232
9.731,109.53,0.4459,-0.124
9.732,88.75,0.4459,-0.013
9.733,92.34,0.4459,0.053
9.734,89.37,0.4459,0.172
9.735,24.22,0.3011,0.232
9.736,22.19,0.0116,0.220
9.737,12.19,0.2120,0.276
9.738,-78.44,0.6128,0.245
9.739,-71.88,0.6128,0.119
9.74,-65.62,0.6128,0.101
9.741,-147.34,0.6128,-0.012
9.742,-109.22,0.6128,-0.194
9.743,-32.81,0.6128,-0.230
9.744,-53.13,0.6128,-0.259
9.745,-17.50,0.6128,-0.337
9.746,88.28,0.6128,-0.294
9.747,81.25,0.6128,-0.160
9.748,75.31,0.6128,-0.132
9.749,121.72,0.6128,-0.009
9.75,81.72,0.6128,0.112
9.751,56.87,0.6128,0.154
9.752,77.03,0.6128,0.225
9.753,16.09,0.6131,0.308
9.754,-57.81,0.6137,0.258
9.755,-30.31,0.6137,0.193
9.756,-71.25,0.6137,0.197
9.757,-144.22,0.6137,0.050
9.758,-77.97,0.6137,-0.092
9.759,-71.09,0.6137,-0.106
9.76,-99.84,0.6137,-0.234
9.761,1.41,0.6137,-0.306
9.762,33.59,0.6137,-0.231
9.763,6.25,0.6137,-0.238
9.764,88.12,0.6137,-0.218
9.765,121.56,0.6137,-0.062
9.766,61.87,0.6137,0.025
9.767,98.13,0.6137,0.062
9.768,108.28,0.6137,0.221
9.769,9.22,0.4221,0.278
9.77,-11.09,0.0388,0.239
9.771,-3.75,0.2127,0.256
9.772,-68.28,0.5606,0.232
9.773,-94.38,0.5606,0.119
9.774,-87.66,0.5606,0.043
9.775,-122.66,0.5606,-0.056
9.776,-102.81,0.5606,-0.202
9.777,-25.47,0.5606,-0.262
9.778,-21.56,0.5606,-0.253
9.779,9.84,0.5606,-0.305
9.78,97.66,0.5606,-0.233
9.781,91.72,0.5606,-0.109
9.782,92.03,0.5606,-0.050
9.783,118.75,0.5606,0.075
9.784,56.09,0.5606,0.188
9.785,16.87,0.5606,0.187
9.786,45.62,0.5606,0.221
9.787,-3.59,0.5724,0.278
9.788,-55.78,0.5959,0.214
9.789,-45.62,0.5959,0.167
9.79,-101.72,0.5959,0.123
9.791,-150.47,0.5959,-0.037
9.792,-73.59,0.5959,-0.178
9.793,-48.28,0.5959,-0.184
9.794,-66.88,0.5959,-0.275
9.795,37.66,0.5959,-0.318
9.796,79.53,0.5959,-0.199
9.797,26.56,0.5959,-0.159
9.798,89.84,0.5959,-0.146
9.799,115.63,0.5959,0.021
9.8,52.34,0.5959,0.085
9.801,89.53,0.5959,0.126
9.802,83.75,0.5959,0.264
9.803,-18.75,0.4195,0.293
9.804,-28.44,0.0666,0.227
9.805,-21.25,0.2189,0.236
9.806,-105.94,0.5234,0.184
9.807,-125.47,0.5234,0.024
9.808,-81.88,0.5234,-0.067
9.809,-98.28,0.5234,-0.139
9.81,-73.91,0.5234,-0.263
9.811,4.53,0.5234,-0.287
9.812,5.94,0.5238,-0.254
9.813,35.63,0.5244,-0.275
9.814,120.94,0.5244,-0.183
9.815,100.78,0.5244,-0.033
9.816,71.41,0.5244,0.018
9.817,111.41,0.5244,0.109
9.818,66.72,0.5244,0.241
9.819,3.91,0.5244,0.243
9.82,24.69,0.5244,0.249
9.821,-24.06,0.5427,0.292
9.822,-83.13,0.5794,0.201
9.823,-80.31,0.5794,0.126
9.824,-119.38,0.5794,0.040
9.825,-116.87,0.5794,-0.113
9.826,-48.28,0.5794,-0.193
9.827,-38.75,0.5794,-0.209
9.828,-38.91,0.5794,-0.271
9.829,54.69,0.5794,-0.287
9.83,88.28,0.5794,-0.162
9.831,40.78,0.5794,-0.111
9.832,94.69,0.5794,-0.080
9.833,106.25,0.5794,0.079
9.834,43.13,0.5794,0.133
9.835,67.81,0.5794,0.165
9.836,59.69,0.5794,0.268
9.837,-31.25,0.5776,0.284
9.838,-41.41,0.5741,0.206
9.839,-38.44,0.5741,0.202
9.84,-120.31,0.5741,0.129
9.841,-117.19,0.5741,-0.039
9.842,-70.47,0.5741,-0.106
9.843,-92.03,0.5741,-0.180
9.844,-48.75,0.5741,-0.290
9.845,31.41,0.5741,-0.278
9.846,32.66,0.5741,-0.227
9.847,49.69,0.5741,-0.212
9.848,118.59,0.5741,-0.128
9.849,103.75,0.5741,0.025
9.85,60.31,0.5741,0.080
9.851,85.16,0.5741,0.146
9.852,39.22,0.3933,0.250
9.853,-15.94,0.0319,0.224
9.854,9.53,0.0319,0.218
9.855,-33.28,0.1988,0.243
9.856,-102.50,0.5325,0.152
9.857,-90.47,0.5325,0.038
9.858,-90.00,0.5325,-0.029
9.859,-109.22,0.5325,-0.142
9.86,-52.81,0.5325,-0.248
9.861,-20.94,0.5325,-0.248
9.862,-17.81,0.5325,-0.289
9.863,72.03,0.5325,-0.283
9.864,106.56,0.5325,-0.145
9.865,69.06,0.5325,-0.070
9.866,93.28,0.5325,-0.007
9.867,91.72,0.5325,0.117
9.868,32.34,0.5325,0.176
9.869,45.16,0.5325,0.181
9.87,35.31,0.5516,0.267
9.871,-51.41,0.5897,0.252
9.872,-51.09,0.5897,0.164
9.873,-69.69,0.5897,0.150
9.874,-141.87,0.5897,0.024
9.875,-101.87,0.5897,-0.134
9.876,-54.53,0.5897,-0.179
9.877,-71.88,0.5897,-0.243
9.878,-16.87,0.5897,-0.323
9.879,51.72,0.5897,-0.277
9.88,45.62,0.5897,-0.220
9.881,83.44,0.5897,-0.186
9.882,142.50,0.5897,-0.053
9.883,91.25,0.5897,0.099
9.884,57.97,0.5897,0.130
9.885,69.06,0.5897,0.215
9.886,7.19,0.5793,0.268
9.887,-25.78,0.5584,0.230
9.888,-12.03,0.5584,0.216
9.889,-73.12,0.5584,0.206
9.89,-137.50,0.5584,0.070
9.891,-75.16,0.5584,-0.069
9.892,-73.59,0.5584,-0.080
9.893,-105.16,0.5584,-0.217
9.894,-26.72,0.5584,-0.291
9.895,7.50,0.5584,-0.270
9.896,36.09,0.5584,-0.276
9.897,116.56,0.5584,-0.198
9.898,116.41,0.5584,-0.043
9.899,61.87,0.5584,0.035
9.9,86.88,0.5584,0.081
9.901,85.31,0.5584,0.209
9.902,15.31,0.3765,0.252
9.903,21.87,0.0125,0.239
9.904,4.69,0.2007,0.296
9.905,-87.34,0.5772,0.249
9.906,-102.34,0.5772,0.121
9.907,-82.03,0.5772,0.044
9.908,-112.19,0.5772,-0.043
9.909,-82.81,0.5772,-0.180
9.91,-22.19,0.5772,-0.209
9.911,-36.41,0.5772,-0.225
9.912,2.97,0.5772,-0.282
9.913,79.53,0.5772,-0.219
9.914,62.34,0.5772,-0.123
9.915,69.69,0.5772,-0.094
9.916,123.13,0.5772,0.017
9.917,79.69,0.5772,0.152
9.918,35.16,0.5772,0.176
9.919,48.44,0.5772,0.223
9.92,5.63,0.5776,0.273
9.921,-39.84,0.5784,0.234
9.922,-35.00,0.5784,0.193
9.923,-93.59,0.5784,0.164
9.924,-144.38,0.5784,0.006
9.925,-75.78,0.5784,-0.125
9.926,-54.06,0.5784,-0.145
9.927,-80.00,0.5784,-0.233
9.928,-6.88,0.5784,-0.305
9.929,54.53,0.5784,-0.247
9.93,39.84,0.5784,-0.196
9.931,98.91,0.5784,-0.167
9.932,117.19,0.5784,0.002
9.933,48.91,0.5784,0.067
9.934,86.72,0.5784,0.099
9.935,76.72,0.5784,0.241
9.936,-15.78,0.4002,0.253
9.937,-7.34,0.0438,0.209
9.938,-6.41,0.2045,0.238
9.939,-95.16,0.5259,0.196
9.94,-101.25,0.5259,0.048
9.941,-67.03,0.5259,-0.006
9.942,-109.53,0.5259,-0.086
9.943,-87.34,0.5259,-0.225
9.944,-17.19,0.5259,-0.261
9.945,-11.56,0.5259,-0.260
9.946,40.00,0.5259,-0.284
9.947,109.69,0.5259,-0.180
9.948,85.94,0.5259,-0.065
9.949,80.16,0.5259,-0.008
9.95,105.31,0.5259,0.096
9.951,50.16,0.5259,0.203
9.952,19.53,0.5259,0.196
9.953,62.97,0.5259,0.242
9.954,2.97,0.5610,0.322
9.955,-91.87,0.6313,0.248
9.956,-77.81,0.6313,0.138
9.957,-105.00,0.6313,0.092
9.958,-133.44,0.6313,-0.072
9.959,-57.50,0.6313,-0.175
9.96,-49.06,0.6313,-0.187
9.961,-61.25,0.6313,-0.273
9.962,48.59,0.6313,-0.309
9.963,81.72,0.6313,-0.176
9.964,36.25,0.6313,-0.146
9.965,97.03,0.6313,-0.103
9.966,108.75,0.6313,0.048
9.967,41.25,0.6313,0.114
9.968,73.44,0.6313,0.131
9.969,71.72,0.6313,0.261
9.97,-36.72,0.4496,0.274
9.971,-29.69,0.0863,0.188
9.972,-27.19,0.2276,0.215
9.973,-128.12,0.5103,0.133
9.974,-107.97,0.5103,-0.042
9.975,-57.50,0.5103,-0.083
9.976,-106.56,0.5103,-0.157
9.977,-64.53,0.5103,-0.296
9.978,24.53,0.5103,-0.286
9.979,28.75,0.5103,-0.247
9.98,53.28,0.5103,-0.228
9.981,114.84,0.5103,-0.140
9.982,87.97,0.5103,0.002
9.983,65.16,0.5103,0.036
9.984,95.94,0.5103,0.132
9.985,41.09,0.3456,0.228
9.986,1.25,0.0163,0.214
9.987,25.94,0.0163,0.230
9.988,-22.03,0.2023,0.266
9.989,-99.06,0.5744,0.186
9.99,-94.06,0.5744,0.068
9.991,-109.37,0.5744,-0.002
9.992,-122.03,0.5744,-0.151
9.993,-57.81,0.5744,-0.246
9.994,-31.25,0.5744,-0.267
9.995,-6.56,0.5744,-0.308
9.996,66.25,0.5744,-0.280
9.997,75.00,0.5744,-0.176
9.998,65.78,0.5744,-0.130
9.999,129.22,0.5744,-0.044
10,118.28,0.5744,0.129
