Time,Channel 1,Channel 2,Channel 3
0,-0.47,NaN,-0.006
0.001,-0.47,NaN,-0.005
0.002,-1.09,NaN,-0.007
0.003,-1.72,NaN,-0.007
0.004,-2.81,NaN,-0.010
0.005,-2.66,NaN,-0.013
0.006,-2.03,NaN,-0.015
0.007,-2.34,NaN,-0.017
0.008,-1.88,NaN,-0.020
0.009,0.00,NaN,-0.021
0.01,0.47,NaN,-0.020
0.011,0.78,NaN,-0.020
0.012,3.44,NaN,-0.018
0.013,4.06,NaN,-0.013
0.014,2.66,NaN,-0.010
0.015,3.44,NaN,-0.008
0.016,2.50,NaN,-0.003
0.017,0.63,NaN,-0.003
0.018,-0.16,0.0169,-0.002
0.019,-1.56,0.0169,-0.003
0.02,-2.50,0.0169,-0.005
0.021,-2.66,0.0169,-0.008
0.022,-2.34,0.0169,-0.011
0.023,-2.97,0.0169,-0.013
0.024,-2.03,0.0169,-0.017
0.025,-0.63,0.0169,-0.017
0.026,-0.47,0.0169,-0.018
0.027,0.47,0.0169,-0.018
0.028,2.03,0.0169,-0.017
0.029,2.97,0.0169,-0.014
0.03,3.59,0.0169,-0.011
0.031,3.75,0.0169,-0.007
0.032,2.81,0.0169,-0.003
0.033,1.72,0.0169,-0.001
0.034,0.16,0.0170,0.000
0.035,-0.78,0.0172,-0.001
0.036,-1.56,0.0172,-0.002
0.037,-2.03,0.0172,-0.004
0.038,-2.81,0.0172,-0.006
0.039,-2.81,0.0172,-0.009
0.04,-2.34,0.0172,-0.011
0.041,-2.81,0.0172,-0.014
0.042,-1.41,0.0172,-0.017
0.043,0.31,0.0172,-0.017
0.044,0.94,0.0172,-0.016
0.045,2.66,0.0172,-0.015
0.046,3.12,0.0172,-0.011
0.047,2.50,0.0172,-0.009
0.048,3.75,0.0172,-0.006
0.049,3.12,0.0172,-0.001
0.05,0.94,0.0172,0.000
0.051,-0.63,0.0176,0.001
0.052,-0.78,0.0184,-0.001
0.053,-1.72,0.0184,-0.001
0.054,-3.59,0.0184,-0.004
0.055,-3.12,0.0184,-0.008
0.056,-3.28,0.0184,-0.011
0.057,-3.28,0.0184,-0.015
0.058,-1.56,0.0184,-0.017
0.059,0.00,0.0184,-0.018
0.06,1.09,0.0184,-0.017
0.061,1.88,0.0184,-0.016
0.062,2.66,0.0184,-0.013
0.063,3.44,0.0184,-0.010
0.064,3.59,0.0184,-0.007
0.065,3.12,0.0184,-0.003
0.066,2.66,0.0184,-0.000
0.067,1.25,0.0189,0.002
0.068,-1.09,0.0197,0.002
0.069,-2.66,0.0197,0.000
0.07,-2.50,0.0197,-0.003
0.071,-3.13,0.0197,-0.005
0.072,-3.28,0.0197,-0.009
0.073,-2.19,0.0197,-0.012
0.074,-2.03,0.0197,-0.014
0.075,-1.56,0.0197,-0.016
0.076,-0.94,0.0197,-0.017
0.077,0.16,0.0197,-0.018
0.078,1.56,0.0197,-0.017
0.079,3.44,0.0197,-0.014
0.08,3.59,0.0197,-0.010
0.081,2.34,0.0197,-0.007
0.082,2.66,0.0197,-0.005
0.083,2.97,0.0197,-0.002
0.084,0.78,0.0195,0.001
0.085,-0.94,0.0191,-0.000
0.086,-1.25,0.0191,-0.001
0.087,-2.97,0.0191,-0.003
0.088,-3.28,0.0191,-0.007
0.089,-2.66,0.0191,-0.009
0.09,-2.97,0.0191,-0.012
0.091,-2.66,0.0191,-0.015
0.092,-0.78,0.0191,-0.018
0.093,0.63,0.0191,-0.017
0.094,1.72,0.0191,-0.016
0.095,2.81,0.0191,-0.013
0.096,3.28,0.0191,-0.011
0.097,3.28,0.0191,-0.007
0.098,3.28,0.0191,-0.004
0.099,2.81,0.0191,-0.000
0.1,1.09,0.0191,0.002
0.101,-0.31,0.0181,0.002
0.102,-0.78,0.0162,0.001
0.103,-1.72,0.0162,0.000
0.104,-2.97,0.0162,-0.003
0.105,-3.44,0.0162,-0.006
0.106,-3.28,0.0162,-0.009
0.107,-2.19,0.0162,-0.012
0.108,-1.09,0.0162,-0.014
0.109,-0.16,0.0162,-0.014
0.11,1.41,0.0162,-0.014
0.111,1.72,0.0162,-0.012
0.112,1.72,0.0162,-0.011
0.113,2.81,0.0162,-0.008
0.114,2.97,0.0162,-0.005
0.115,2.81,0.0162,-0.002
0.116,2.19,0.0162,0.001
0.117,0.78,0.0165,0.002
0.118,-0.78,0.0169,0.002
0.119,-1.25,0.0169,0.001
0.12,-1.25,0.0169,-0.000
0.121,-2.97,0.0169,-0.002
0.122,-3.12,0.0169,-0.006
0.123,-2.19,0.0169,-0.008
0.124,-2.50,0.0169,-0.011
0.125,-2.03,0.0169,-0.013
0.126,-0.31,0.0169,-0.015
0.127,0.62,0.0169,-0.014
0.128,1.25,0.0169,-0.013
0.129,3.12,0.0169,-0.011
0.13,3.75,0.0169,-0.007
0.131,2.97,0.0169,-0.004
0.132,2.50,0.0169,-0.001
0.133,1.72,0.0169,0.001
0.134,0.31,0.0166,0.002
0.135,-0.31,0.0159,0.002
0.136,-1.41,0.0159,0.002
0.137,-2.97,0.0159,-0.001
0.138,-3.44,0.0159,-0.004
0.139,-2.19,0.0159,-0.008
0.14,-2.03,0.0159,-0.009
0.141,-2.03,0.0159,-0.012
0.142,-0.78,0.0159,-0.013
0.143,-0.31,0.0159,-0.013
0.144,1.25,0.0159,-0.013
0.145,3.12,0.0159,-0.011
0.146,2.81,0.0159,-0.007
0.147,2.97,0.0159,-0.005
0.148,3.12,0.0159,-0.001
0.149,1.87,0.0159,0.001
0.15,1.88,0.0159,0.003
0.151,0.78,0.0170,0.005
0.152,-1.72,0.0191,0.004
0.153,-2.19,0.0191,0.001
0.154,-2.19,0.0191,-0.000
0.155,-3.28,0.0191,-0.003
0.156,-3.59,0.0191,-0.007
0.157,-2.19,0.0191,-0.010
0.158,-2.03,0.0191,-0.011
0.159,-1.56,0.0191,-0.014
0.16,0.78,0.0191,-0.014
0.161,1.88,0.0191,-0.013
0.162,3.44,0.0191,-0.011
0.163,4.22,0.0191,-0.006
0.164,2.66,0.0191,-0.002
0.165,2.19,0.0191,-0.001
0.166,2.19,0.0191,0.002
0.167,0.78,0.0196,0.004
0.168,-0.63,0.0206,0.004
0.169,-0.94,0.0206,0.003
0.17,-2.03,0.0206,0.002
0.171,-3.59,0.0206,-0.002
0.172,-3.75,0.0206,-0.005
0.173,-4.37,0.0206,-0.009
0.174,-2.97,0.0206,-0.014
0.175,-1.41,0.0206,-0.015
0.176,0.00,0.0206,-0.017
0.177,1.72,0.0206,-0.015
0.178,2.66,0.0206,-0.013
0.179,2.97,0.0206,-0.010
0.18,2.66,0.0206,-0.007
0.181,2.81,0.0206,-0.004
0.182,2.50,0.0206,-0.002
0.183,1.72,0.0206,0.001
0.184,0.47,0.0198,0.002
0.185,-0.78,0.0181,0.002
0.186,-1.56,0.0181,0.000
0.187,-1.72,0.0181,-0.002
0.188,-3.12,0.0181,-0.003
0.189,-3.75,0.0181,-0.008
0.19,-2.34,0.0181,-0.011
0.191,-2.03,0.0181,-0.013
0.192,-1.25,0.0181,-0.015
0.193,0.78,0.0181,-0.015
0.194,1.87,0.0181,-0.013
0.195,1.41,0.0181,-0.011
0.196,2.97,0.0181,-0.011
0.197,5.31,0.0181,-0.005
0.198,3.75,0.0181,0.000
0.199,1.56,0.0181,0.002
0.2,1.09,0.0181,0.003
0.201,0.31,0.0178,0.004
0.202,-0.94,0.0172,0.004
0.203,-1.56,0.0172,0.003
0.204,-2.97,0.0172,0.001
0.205,-3.12,0.0172,-0.003
0.206,-2.66,0.0172,-0.006
0.207,-2.81,0.0172,-0.009
0.208,-2.03,0.0172,-0.011
0.209,-0.16,0.0172,-0.013
0.21,0.47,0.0172,-0.012
0.211,0.94,0.0172,-0.012
0.212,2.66,0.0172,-0.010
0.213,2.66,0.0172,-0.007
0.214,2.97,0.0172,-0.004
0.215,3.28,0.0172,-0.001
0.216,2.50,0.0172,0.002
0.217,0.94,0.0180,0.004
0.218,-0.94,0.0197,0.004
0.219,-2.03,0.0197,0.003
0.22,-2.34,0.0197,0.000
0.221,-2.50,0.0197,-0.002
0.222,-3.13,0.0197,-0.005
0.223,-3.28,0.0197,-0.008
0.224,-2.66,0.0197,-0.012
0.225,-1.56,0.0197,-0.014
0.226,-0.78,0.0197,-0.015
0.227,0.78,0.0197,-0.015
0.228,2.50,0.0197,-0.013
0.229,3.28,0.0197,-0.010
0.23,3.59,0.0197,-0.007
0.231,3.28,0.0197,-0.003
0.232,2.34,0.0197,0.000
0.233,1.41,0.0197,0.002
0.234,0.63,0.0195,0.003
0.235,-1.25,0.0191,0.003
0.236,-1.87,0.0191,0.000
0.237,-2.03,0.0191,-0.001
0.238,-3.12,0.0191,-0.004
0.239,-3.12,0.0191,-0.007
0.24,-2.81,0.0191,-0.010
0.241,-2.34,0.0191,-0.013
0.242,-1.72,0.0191,-0.015
0.243,0.62,0.0191,-0.016
0.244,2.50,0.0191,-0.013
0.245,2.19,0.0191,-0.011
0.246,3.28,0.0191,-0.009
0.247,2.34,0.0191,-0.005
0.248,1.88,0.0191,-0.004
0.249,3.12,0.0191,-0.001
0.25,1.87,0.0191,0.002
0.251,0.63,0.0191,0.003
0.252,-0.16,0.0183,0.003
0.253,-1.87,0.0169,0.003
0.254,-3.12,0.0169,-0.001
0.255,-2.50,0.0169,-0.004
0.256,-2.66,0.0169,-0.006
0.257,-3.12,0.0169,-0.009
0.258,-2.03,0.0169,-0.012
0.259,-0.94,0.0169,-0.013
0.26,0.62,0.0169,-0.014
0.261,2.34,0.0169,-0.012
0.262,2.81,0.0169,-0.009
0.263,2.81,0.0169,-0.006
0.264,2.34,0.0169,-0.003
0.265,2.81,0.0169,-0.002
0.266,2.34,0.0169,0.002
0.267,0.78,0.0169,0.003
0.268,0.31,0.0176,0.004
0.269,-0.94,0.0191,0.004
0.27,-2.50,0.0191,0.002
0.271,-2.81,0.0191,-0.001
0.272,-3.75,0.0191,-0.004
0.273,-3.28,0.0191,-0.009
0.274,-2.81,0.0191,-0.010
0.275,-2.50,0.0191,-0.014
0.276,0.47,0.0191,-0.015
0.277,1.88,0.0191,-0.013
0.278,1.25,0.0191,-0.012
0.279,2.19,0.0191,-0.011
0.28,3.44,0.0191,-0.007
0.281,2.19,0.0191,-0.004
0.282,1.72,0.0191,-0.003
0.283,2.50,0.0191,-0.001
0.284,0.94,0.0194,0.002
0.285,-1.41,0.0200,0.001
0.286,-2.03,0.0200,-0.001
0.287,-2.97,0.0200,-0.003
0.288,-3.75,0.0200,-0.007
0.289,-3.12,0.0200,-0.010
0.29,-2.66,0.0200,-0.013
0.291,-1.87,0.0200,-0.016
0.292,-0.31,0.0200,-0.017
0.293,0.78,0.0200,-0.016
0.294,1.72,0.0200,-0.015
0.295,3.44,0.0200,-0.013
0.296,4.06,0.0200,-0.008
0.297,2.81,0.0200,-0.005
0.298,2.34,0.0200,-0.003
0.299,2.97,0.0200,0.000
0.3,1.72,0.0200,0.003
0.301,0.16,0.0200,0.003
0.302,-0.63,0.0193,0.004
0.303,-1.87,0.0178,0.002
0.304,-2.81,0.0178,0.000
0.305,-3.44,0.0178,-0.003
0.306,-3.91,0.0178,-0.007
0.307,-2.97,0.0178,-0.011
0.308,-1.41,0.0178,-0.013
0.309,-0.62,0.0178,-0.014
0.31,1.09,0.0178,-0.014
0.311,2.50,0.0178,-0.012
0.312,2.50,0.0178,-0.009
0.313,2.81,0.0178,-0.007
0.314,3.28,0.0178,-0.003
0.315,2.50,0.0178,-0.000
0.316,1.41,0.0178,0.002
0.317,1.09,0.0178,0.003
0.318,0.16,0.0185,0.004
0.319,-2.19,0.0200,0.003
0.32,-2.66,0.0200,-0.001
0.321,-2.50,0.0200,-0.003
0.322,-3.59,0.0200,-0.006
0.323,-3.28,0.0200,-0.010
0.324,-2.19,0.0200,-0.012
0.325,-2.03,0.0200,-0.014
0.326,-0.63,0.0200,-0.016
0.327,0.94,0.0200,-0.015
0.328,1.56,0.0200,-0.014
0.329,3.28,0.0200,-0.012
0.33,3.44,0.0200,-0.008
0.331,2.81,0.0200,-0.005
0.332,3.44,0.0200,-0.002
0.333,2.50,0.0200,0.002
0.334,0.31,0.0193,0.003
0.335,-0.31,0.0178,0.002
0.336,-1.41,0.0178,0.002
0.337,-3.28,0.0178,-0.001
0.338,-3.44,0.0178,-0.004
0.339,-3.12,0.0178,-0.007
0.34,-3.12,0.0178,-0.011
0.341,-2.03,0.0178,-0.014
0.342,-0.47,0.0178,-0.015
0.343,0.16,0.0178,-0.015
0.344,0.94,0.0178,-0.014
0.345,2.19,0.0178,-0.013
0.346,3.12,0.0178,-0.010
0.347,3.44,0.0178,-0.007
0.348,3.12,0.0178,-0.003
0.349,2.03,0.0178,-0.000
0.35,1.72,0.0178,0.001
0.351,1.25,0.0178,0.003
0.352,-0.63,0.0182,0.003
0.353,-1.25,0.0191,0.002
0.354,-1.72,0.0191,0.001
0.355,-3.59,0.0191,-0.002
0.356,-3.75,0.0191,-0.006
0.357,-2.19,0.0191,-0.009
0.358,-1.88,0.0191,-0.011
0.359,-0.94,0.0191,-0.013
0.36,1.09,0.0191,-0.013
0.361,2.50,0.0191,-0.011
0.362,3.59,0.0191,-0.007
0.363,3.59,0.0191,-0.003
0.364,2.50,0.0191,-0.000
0.365,3.28,0.0191,0.002
0.366,3.28,0.0191,0.006
0.367,0.94,0.0189,0.008
0.368,-0.94,0.0184,0.008
0.369,-1.09,0.0184,0.006
0.37,-2.03,0.0184,0.006
0.371,-2.81,0.0184,0.002
0.372,-1.87,0.0184,0.000
0.373,-2.97,0.0184,-0.002
0.374,-2.81,0.0184,-0.006
0.375,-1.88,0.0184,-0.007
0.376,-0.94,0.0184,-0.009
0.377,1.25,0.0184,-0.009
0.378,2.81,0.0184,-0.007
0.379,4.22,0.0184,-0.003
0.38,3.28,0.0184,0.002
0.381,2.50,0.0184,0.003
0.382,2.50,0.0184,0.007
0.383,1.25,0.0184,0.008
0.384,1.25,0.0184,0.009
0.385,0.31,0.0180,0.011
0.386,-1.88,0.0172,0.010
0.387,-2.66,0.0172,0.007
0.388,-2.81,0.0172,0.004
0.389,-3.28,0.0172,0.001
0.39,-3.12,0.0172,-0.002
0.391,-1.56,0.0172,-0.005
0.392,-0.78,0.0172,-0.005
0.393,-0.62,0.0172,-0.007
0.394,0.94,0.0172,-0.007
0.395,1.87,0.0172,-0.005
0.396,2.34,0.0172,-0.003
0.397,3.44,0.0172,0.000
0.398,3.12,0.0172,0.004
0.399,2.03,0.0172,0.006
0.4,1.25,0.0172,0.008
0.401,0.00,0.0178,0.009
0.402,-1.41,0.0191,0.008
0.403,-1.72,0.0191,0.006
0.404,-2.66,0.0191,0.005
0.405,-3.12,0.0191,0.001
0.406,-2.81,0.0191,-0.002
0.407,-3.12,0.0191,-0.005
0.408,-2.03,0.0191,-0.008
0.409,-0.31,0.0191,-0.009
0.41,0.62,0.0191,-0.008
0.411,1.09,0.0191,-0.008
0.412,3.28,0.0191,-0.006
0.413,4.06,0.0191,-0.001
0.414,2.66,0.0191,0.002
0.415,2.50,0.0191,0.004
0.416,2.97,0.0191,0.007
0.417,1.56,0.0191,0.010
0.418,0.16,0.0191,0.010
0.419,-1.09,0.0190,0.010
0.42,-2.81,0.0188,0.008
0.421,-2.81,0.0188,0.005
0.422,-2.81,0.0188,0.002
0.423,-3.28,0.0188,-0.001
0.424,-2.50,0.0188,-0.004
0.425,-1.41,0.0188,-0.006
0.426,-1.25,0.0188,-0.007
0.427,0.47,0.0188,-0.008
0.428,1.72,0.0188,-0.006
0.429,2.03,0.0188,-0.005
0.43,3.59,0.0188,-0.002
0.431,3.75,0.0188,0.002
0.432,2.81,0.0188,0.005
0.433,1.87,0.0188,0.008
0.434,0.94,0.0188,0.009
0.435,-0.47,0.0186,0.010
0.436,-1.88,0.0184,0.008
0.437,-2.03,0.0184,0.006
0.438,-3.12,0.0184,0.004
0.439,-3.44,0.0184,-0.000
0.44,-2.34,0.0184,-0.003
0.441,-2.34,0.0184,-0.005
0.442,-1.88,0.0184,-0.007
0.443,0.16,0.0184,-0.009
0.444,1.88,0.0184,-0.007
0.445,2.50,0.0184,-0.005
0.446,3.59,0.0184,-0.002
0.447,3.44,0.0184,0.002
0.448,2.34,0.0184,0.005
0.449,2.34,0.0184,0.007
0.45,1.88,0.0184,0.009
0.451,-0.16,0.0186,0.011
0.452,-1.09,0.0191,0.009
0.453,-1.56,0.0191,0.008
0.454,-3.44,0.0191,0.006
0.455,-3.59,0.0191,0.002
0.456,-2.66,0.0191,-0.001
0.457,-2.66,0.0191,-0.004
0.458,-2.34,0.0191,-0.007
0.459,-0.78,0.0191,-0.008
0.46,0.63,0.0191,-0.008
0.461,1.72,0.0191,-0.007
0.462,2.34,0.0191,-0.005
0.463,2.66,0.0191,-0.003
0.464,3.44,0.0191,0.001
0.465,2.66,0.0191,0.004
0.466,2.03,0.0191,0.006
0.467,1.56,0.0191,0.008
0.468,0.00,0.0188,0.009
0.469,-1.25,0.0181,0.008
0.47,-1.72,0.0181,0.007
0.471,-2.50,0.0181,0.005
0.472,-4.37,0.0181,0.002
0.473,-4.06,0.0181,-0.004
0.474,-1.72,0.0181,-0.007
0.475,-1.09,0.0181,-0.007
0.476,-0.16,0.0181,-0.009
0.477,1.56,0.0181,-0.007
0.478,2.19,0.0181,-0.006
0.479,2.97,0.0181,-0.003
0.48,4.06,0.0181,0.000
0.481,3.75,0.0181,0.005
0.482,2.19,0.0181,0.008
0.483,1.88,0.0181,0.009
0.484,0.94,0.0185,0.012
0.485,-1.09,0.0194,0.011
0.486,-1.88,0.0194,0.009
0.487,-2.97,0.0194,0.007
0.488,-3.44,0.0194,0.003
0.489,-3.12,0.0194,0.001
0.49,-2.66,0.0194,-0.003
0.491,-2.50,0.0194,-0.005
0.492,-1.41,0.0194,-0.008
0.493,0.63,0.0194,-0.007
0.494,1.25,0.0194,-0.007
0.495,2.50,0.0194,-0.005
0.496,2.97,0.0194,-0.002
0.497,3.28,0.0194,0.001
0.498,3.75,0.0194,0.005
0.499,2.03,0.0194,0.008
0.5,0.78,0.0194,0.009
0.501,-0.16,0.0199,0.010
0.502,-1.41,0.0209,0.009
0.503,-2.19,0.0209,0.007
0.504,-2.66,0.0209,0.004
0.505,-2.66,0.0209,0.002
0.506,-3.28,0.0209,-0.001
0.507,-2.81,0.0209,-0.005
0.508,-2.03,0.0209,-0.007
0.509,-2.19,0.0209,-0.009
0.51,-0.31,0.0209,-0.011
0.511,2.19,0.0209,-0.009
0.512,2.66,0.0209,-0.007
0.513,3.28,0.0209,-0.004
0.514,3.44,0.0209,0.000
0.515,2.03,0.0209,0.003
0.516,1.41,0.0209,0.004
0.517,1.41,0.0209,0.006
0.518,0.16,0.0208,0.007
0.519,-1.72,0.0206,0.006
0.52,-1.87,0.0206,0.003
0.521,-2.66,0.0206,0.002
0.522,-4.37,0.0206,-0.002
0.523,-3.59,0.0206,-0.007
0.524,-2.34,0.0206,-0.009
0.525,-2.34,0.0206,-0.011
0.526,-0.78,0.0206,-0.014
0.527,1.72,0.0206,-0.013
0.528,3.28,0.0206,-0.010
0.529,3.28,0.0206,-0.006
0.53,2.19,0.0206,-0.004
0.531,2.34,0.0206,-0.002
0.532,2.81,0.0206,0.001
0.533,1.41,0.0206,0.004
0.534,0.16,0.0206,0.004
0.535,0.31,0.0206,0.004
0.536,-1.09,0.0193,0.004
0.537,-3.28,0.0166,0.002
0.538,-3.12,0.0166,-0.002
0.539,-2.19,0.0166,-0.004
0.54,-2.34,0.0166,-0.007
0.541,-1.88,0.0166,-0.009
0.542,-0.47,0.0166,-0.010
0.543,-0.31,0.0166,-0.010
0.544,0.78,0.0166,-0.011
0.545,2.34,0.0166,-0.008
0.546,2.34,0.0166,-0.006
0.547,2.97,0.0166,-0.004
0.548,3.44,0.0166,-0.000
0.549,2.34,0.0166,0.003
0.55,1.25,0.0166,0.004
0.551,1.09,0.0166,0.006
0.552,-0.63,0.0170,0.007
0.553,-1.87,0.0178,0.004
0.554,-2.03,0.0178,0.003
0.555,-3.28,0.0178,0.000
0.556,-3.59,0.0178,-0.004
0.557,-2.81,0.0178,-0.007
0.558,-2.19,0.0178,-0.009
0.559,-0.62,0.0178,-0.011
0.56,0.94,0.0178,-0.011
0.561,1.25,0.0178,-0.009
0.562,2.34,0.0178,-0.008
0.563,3.12,0.0178,-0.005
0.564,2.19,0.0178,-0.002
0.565,2.34,0.0178,-0.000
0.566,2.66,0.0178,0.003
0.567,0.62,0.0184,0.005
0.568,-0.63,0.0197,0.004
0.569,-0.94,0.0197,0.004
0.57,-2.50,0.0197,0.002
0.571,-4.06,0.0197,-0.001
0.572,-3.44,0.0197,-0.006
0.573,-3.28,0.0197,-0.008
0.574,-2.66,0.0197,-0.013
0.575,-0.78,0.0197,-0.013
0.576,-0.62,0.0197,-0.014
0.577,0.47,0.0197,-0.015
0.578,2.81,0.0197,-0.013
0.579,4.06,0.0197,-0.009
0.58,3.59,0.0197,-0.005
0.581,3.44,0.0197,-0.002
0.582,2.50,0.0197,0.002
0.583,1.09,0.0197,0.003
0.584,0.63,0.0197,0.004
0.585,0.00,0.0193,0.004
0.586,-1.09,0.0184,0.004
0.587,-2.19,0.0184,0.002
0.588,-2.97,0.0184,-0.000
0.589,-3.59,0.0184,-0.004
0.59,-2.66,0.0184,-0.007
0.591,-1.56,0.0184,-0.009
0.592,-2.19,0.0184,-0.011
0.593,-0.47,0.0184,-0.013
0.594,2.34,0.0184,-0.012
0.595,2.97,0.0184,-0.009
0.596,3.12,0.0184,-0.006
0.597,3.75,0.0184,-0.003
0.598,2.97,0.0184,0.002
0.599,1.56,0.0184,0.003
0.6,1.88,0.0184,0.005
0.601,0.47,0.0189,0.007
0.602,-1.41,0.0197,0.006
0.603,-2.34,0.0197,0.004
0.604,-4.06,0.0197,0.001
0.605,-3.91,0.0197,-0.004
0.606,-2.81,0.0197,-0.007
0.607,-1.88,0.0197,-0.009
0.608,-1.25,0.0197,-0.010
0.609,-0.78,0.0197,-0.012
0.61,0.94,0.0197,-0.012
0.611,1.72,0.0197,-0.010
0.612,2.81,0.0197,-0.008
0.613,3.59,0.0197,-0.004
0.614,3.59,0.0197,-0.001
0.615,3.91,0.0197,0.003
0.616,2.50,0.0197,0.007
0.617,0.78,0.0197,0.008
0.618,-0.31,0.0200,0.008
0.619,-1.25,0.0206,0.007
0.62,-2.81,0.0206,0.006
0.621,-3.28,0.0206,0.002
0.622,-2.66,0.0206,-0.001
0.623,-3.44,0.0206,-0.004
0.624,-2.81,0.0206,-0.008
0.625,-1.88,0.0206,-0.009
0.626,-1.56,0.0206,-0.012
0.627,0.00,0.0206,-0.013
0.628,1.56,0.0206,-0.012
0.629,2.66,0.0206,-0.009
0.63,3.28,0.0206,-0.006
0.631,3.28,0.0206,-0.003
0.632,2.34,0.0206,0.000
0.633,1.09,0.0206,0.002
0.634,0.31,0.0207,0.003
0.635,-0.94,0.0209,0.003
0.636,-2.03,0.0209,0.001
0.637,-2.50,0.0209,-0.002
0.638,-3.75,0.0209,-0.004
0.639,-3.12,0.0209,-0.009
0.64,-1.72,0.0209,-0.011
0.641,-2.66,0.0209,-0.013
0.642,-1.41,0.0209,-0.016
0.643,0.47,0.0209,-0.015
0.644,1.09,0.0209,-0.015
0.645,3.44,0.0209,-0.013
0.646,4.53,0.0209,-0.008
0.647,3.28,0.0209,-0.004
0.648,3.28,0.0209,-0.002
0.649,3.12,0.0209,0.003
0.65,1.25,0.0209,0.005
0.651,0.47,0.0209,0.005
0.652,-0.16,0.0199,0.006
0.653,-1.72,0.0178,0.005
0.654,-3.12,0.0178,0.002
0.655,-3.28,0.0178,-0.002
0.656,-2.97,0.0178,-0.004
0.657,-2.81,0.0178,-0.007
0.658,-1.72,0.0178,-0.010
0.659,-1.09,0.0178,-0.011
0.66,-0.16,0.0178,-0.012
0.661,1.72,0.0178,-0.011
0.662,2.81,0.0178,-0.009
0.663,2.34,0.0178,-0.006
0.664,2.81,0.0178,-0.004
0.665,4.06,0.0178,0.000
0.666,2.34,0.0178,0.004
0.667,0.94,0.0178,0.005
0.668,0.00,0.0179,0.006
0.669,-2.34,0.0181,0.005
0.67,-2.50,0.0181,0.001
0.671,-1.72,0.0181,-0.000
0.672,-3.12,0.0181,-0.002
0.673,-2.81,0.0181,-0.007
0.674,-0.94,0.0181,-0.008
0.675,-0.94,0.0181,-0.008
0.676,-1.09,0.0181,-0.010
0.677,0.16,0.0181,-0.011
0.678,1.88,0.0181,-0.009
0.679,3.28,0.0181,-0.007
0.68,4.22,0.0181,-0.003
0.681,3.75,0.0181,0.002
0.682,2.97,0.0181,0.005
0.683,2.81,0.0181,0.007
0.684,1.41,0.0185,0.010
0.685,-0.78,0.0194,0.010
0.686,-2.19,0.0194,0.009
0.687,-3.44,0.0194,0.006
0.688,-3.91,0.0194,0.002
0.689,-2.50,0.0194,-0.002
0.69,-2.97,0.0194,-0.003
0.691,-2.97,0.0194,-0.008
0.692,-0.16,0.0194,-0.009
0.693,0.78,0.0194,-0.008
0.694,0.78,0.0194,-0.007
0.695,2.19,0.0194,-0.007
0.696,3.75,0.0194,-0.003
0.697,3.44,0.0194,0.001
0.698,3.12,0.0194,0.004
0.699,2.97,0.0194,0.007
0.7,1.56,0.0194,0.010
0.701,0.62,0.0194,0.010
0.702,-0.94,0.0198,0.011
0.703,-1.72,0.0206,0.008
0.704,-2.03,0.0206,0.007
0.705,-3.12,0.0206,0.004
0.706,-3.12,0.0206,0.001
0.707,-2.50,0.0206,-0.002
0.708,-1.56,0.0206,-0.004
0.709,-1.72,0.0206,-0.005
0.71,0.47,0.0206,-0.007
0.711,2.66,0.0206,-0.004
0.712,2.66,0.0206,-0.002
0.713,3.28,0.0206,0.001
0.714,3.91,0.0206,0.005
0.715,3.28,0.0206,0.009
0.716,2.19,0.0206,0.011
0.717,2.03,0.0206,0.013
0.718,0.16,0.0203,0.015
0.719,-1.88,0.0197,0.014
0.72,-2.03,0.0197,0.012
0.721,-3.28,0.0197,0.010
0.722,-4.37,0.0197,0.005
0.723,-2.97,0.0197,0.001
0.724,-2.66,0.0197,-0.001
0.725,-1.41,0.0197,-0.004
0.726,0.47,0.0197,-0.004
0.727,0.78,0.0197,-0.003
0.728,1.72,0.0197,-0.002
0.729,3.28,0.0197,0.000
0.73,3.91,0.0197,0.004
0.731,2.97,0.0197,0.008
0.732,3.12,0.0197,0.010
0.733,2.66,0.0197,0.014
0.734,0.63,0.0191,0.016
0.735,-0.47,0.0178,0.015
0.736,-1.72,0.0178,0.015
0.737,-3.12,0.0178,0.012
0.738,-3.59,0.0178,0.008
0.739,-3.28,0.0178,0.005
0.74,-3.44,0.0178,0.002
0.741,-2.03,0.0178,-0.002
0.742,0.00,0.0178,-0.002
0.743,0.00,0.0178,-0.002
0.744,0.63,0.0178,-0.002
0.745,2.03,0.0178,-0.001
0.746,2.66,0.0178,0.002
0.747,2.81,0.0178,0.004
0.748,3.59,0.0178,0.007
0.749,2.81,0.0178,0.012
0.75,1.56,0.0178,0.013
0.751,0.94,0.0178,0.015
0.752,-1.25,0.0182,0.015
0.753,-2.34,0.0191,0.012
0.754,-2.50,0.0191,0.010
0.755,-3.59,0.0191,0.007
0.756,-3.44,0.0191,0.003
0.757,-2.50,0.0191,0.000
0.758,-1.87,0.0191,-0.002
0.759,-1.09,0.0191,-0.003
0.76,0.47,0.0191,-0.004
0.761,1.87,0.0191,-0.003
0.762,2.81,0.0191,-0.000
0.763,3.59,0.0191,0.003
0.764,3.13,0.0191,0.007
0.765,1.72,0.0191,0.009
0.766,1.72,0.0191,0.010
0.767,1.56,0.0191,0.013
0.768,-0.47,0.0185,0.013
0.769,-1.72,0.0175,0.012
0.77,-1.56,0.0175,0.010
0.771,-3.12,0.0175,0.009
0.772,-3.28,0.0175,0.004
0.773,-2.03,0.0175,0.002
0.774,-2.34,0.0175,-0.000
0.775,-1.87,0.0175,-0.003
0.776,-0.47,0.0175,-0.004
0.777,-0.16,0.0169,-0.003
0.778,1.09,0.0156,-0.004
0.779,3.12,0.0156,-0.001
0.78,3.59,0.0156,0.002
0.781,3.91,0.0156,0.006
0.782,2.66,0.0156,0.010
0.783,1.41,0.0156,0.011
0.784,0.62,0.0168,0.013
0.785,-0.78,0.0191,0.013
0.786,-1.88,0.0191,0.011
0.787,-2.03,0.0191,0.009
0.788,-3.12,0.0191,0.007
0.789,-4.22,0.0191,0.003
0.79,-3.44,0.0191,-0.002
0.791,-1.72,0.0191,-0.004
0.792,-1.09,0.0191,-0.005
0.793,-0.47,0.0191,-0.007
0.794,0.78,0.0191,-0.006
0.795,0.94,0.0191,-0.005
0.796,2.97,0.0191,-0.004
0.797,4.06,0.0191,0.001
0.798,2.50,0.0191,0.004
0.799,2.50,0.0191,0.006
0.8,2.97,0.0191,0.009
0.801,0.00,0.0190,0.012
0.802,-1.72,0.0188,0.009
0.803,-1.25,0.0188,0.008
0.804,-2.34,0.0188,0.007
0.805,-3.28,0.0188,0.004
0.806,-3.12,0.0188,0.000
0.807,-3.28,0.0188,-0.003
0.808,-2.19,0.0188,-0.007
0.809,0.00,0.0188,-0.007
0.81,0.31,0.0188,-0.007
0.811,0.47,0.0188,-0.006
0.812,2.66,0.0188,-0.006
0.813,3.91,0.0188,-0.001
0.814,2.97,0.0188,0.002
0.815,2.97,0.0188,0.005
0.816,2.50,0.0188,0.008
0.817,0.47,0.0194,0.010
0.818,-1.09,0.0206,0.009
0.819,-1.41,0.0206,0.008
0.82,-2.19,0.0206,0.006
0.821,-3.28,0.0206,0.003
0.822,-2.81,0.0206,-0.000
0.823,-3.28,0.0206,-0.002
0.824,-3.28,0.0206,-0.007
0.825,-1.25,0.0206,-0.009
0.826,-0.94,0.0206,-0.009
0.827,0.16,0.0206,-0.011
0.828,2.03,0.0206,-0.009
0.829,2.66,0.0206,-0.007
0.83,4.22,0.0206,-0.004
0.831,4.22,0.0206,0.002
0.832,2.66,0.0206,0.005
0.833,1.41,0.0206,0.007
0.834,0.16,0.0200,0.007
0.835,-1.25,0.0188,0.007
0.836,-1.87,0.0188,0.005
0.837,-1.25,0.0188,0.004
0.838,-3.12,0.0188,0.003
0.839,-4.06,0.0188,-0.003
0.84,-2.50,0.0188,-0.006
0.841,-2.34,0.0188,-0.007
0.842,-1.88,0.0188,-0.010
0.843,-0.16,0.0188,-0.011
0.844,0.63,0.0188,-0.011
0.845,1.25,0.0188,-0.010
0.846,2.97,0.0188,-0.008
0.847,3.28,0.0188,-0.004
0.848,2.97,0.0188,-0.002
0.849,3.12,0.0188,0.002
0.85,1.88,0.0188,0.005
0.851,0.16,0.0188,0.006
0.852,-1.09,0.0188,0.005
0.853,-1.56,0.0188,0.003
0.854,-2.66,0.0188,0.002
0.855,-3.44,0.0188,-0.002
0.856,-3.12,0.0188,-0.005
0.857,-3.44,0.0188,-0.008
0.858,-2.34,0.0188,-0.012
0.859,-0.62,0.0188,-0.013
0.86,0.47,0.0188,-0.013
0.861,1.87,0.0188,-0.012
0.862,2.66,0.0188,-0.009
0.863,2.34,0.0188,-0.007
0.864,2.19,0.0188,-0.005
0.865,3.28,0.0188,-0.002
0.866,2.19,0.0188,0.002
0.867,0.78,0.0188,0.002
0.868,0.31,0.0183,0.003
0.869,-1.56,0.0175,0.003
0.87,-2.66,0.0175,0.000
0.871,-2.97,0.0175,-0.003
0.872,-2.81,0.0175,-0.006
0.873,-2.81,0.0175,-0.008
0.874,-2.03,0.0175,-0.011
0.875,-1.41,0.0175,-0.012
0.876,-0.47,0.0175,-0.014
0.877,1.87,0.0175,-0.013
0.878,1.56,0.0175,-0.010
0.879,2.03,0.0175,-0.010
0.88,3.75,0.0175,-0.006
0.881,2.81,0.0175,-0.003
0.882,2.34,0.0175,-0.001
0.883,2.19,0.0175,0.002
0.884,0.16,0.0180,0.004
0.885,-1.25,0.0191,0.003
0.886,-1.72,0.0191,0.001
0.887,-2.97,0.0191,-0.001
0.888,-3.59,0.0191,-0.005
0.889,-2.97,0.0191,-0.008
0.89,-2.34,0.0191,-0.011
0.891,-2.34,0.0191,-0.013
0.892,-0.94,0.0191,-0.015
0.893,0.94,0.0191,-0.015
0.894,0.47,0.0191,-0.013
0.895,1.09,0.0191,-0.014
0.896,3.12,0.0191,-0.011
0.897,3.28,0.0191,-0.007
0.898,2.81,0.0191,-0.005
0.899,3.28,0.0191,-0.002
0.9,1.72,0.0189,0.002
0.901,-0.47,0.0184,0.002
0.902,-0.78,0.0184,0.001
0.903,-2.19,0.0184,0.000
0.904,-2.97,0.0184,-0.003
0.905,-2.81,0.0184,-0.006
0.906,-3.44,0.0184,-0.009
0.907,-2.66,0.0184,-0.013
0.908,-1.41,0.0184,-0.014
0.909,-1.09,0.0184,-0.016
0.91,0.00,0.0184,-0.017
0.911,1.72,0.0184,-0.016
0.912,2.19,0.0184,-0.013
0.913,3.91,0.0184,-0.011
0.914,3.75,0.0184,-0.005
0.915,2.19,0.0184,-0.004
0.916,1.87,0.0184,-0.001
0.917,1.25,0.0184,0.000
0.918,0.63,0.0183,0.002
0.919,-0.63,0.0181,0.001
0.92,-1.25,0.0181,0.000
0.921,-2.66,0.0181,-0.001
0.922,-3.91,0.0181,-0.005
0.923,-3.28,0.0181,-0.009
0.924,-2.50,0.0181,-0.012
0.925,-1.72,0.0181,-0.014
0.926,0.00,0.0181,-0.015
0.927,1.25,0.0181,-0.014
0.928,2.03,0.0181,-0.013
0.929,3.44,0.0181,-0.010
0.93,2.97,0.0181,-0.006
0.931,2.34,0.0181,-0.004
0.932,3.59,0.0181,-0.001
0.933,2.81,0.0181,0.003
0.934,0.63,0.0184,0.005
0.935,-0.16,0.0191,0.004
0.936,-1.56,0.0191,0.004
0.937,-3.12,0.0191,0.001
0.938,-2.81,0.0191,-0.002
0.939,-2.97,0.0191,-0.004
0.94,-3.75,0.0191,-0.008
0.941,-2.50,0.0191,-0.012
0.942,-0.62,0.0191,-0.013
0.943,-0.16,0.0191,-0.013
0.944,1.25,0.0191,-0.013
0.945,3.59,0.0191,-0.011
0.946,4.37,0.0191,-0.006
0.947,3.44,0.0191,-0.002
0.948,2.66,0.0191,0.001
0.949,2.50,0.0191,0.003
0.95,2.03,0.0191,0.006
0.951,0.16,0.0186,0.007
0.952,-1.41,0.0178,0.006
0.953,-1.88,0.0178,0.005
0.954,-2.19,0.0178,0.003
0.955,-2.81,0.0178,0.000
0.956,-2.97,0.0178,-0.003
0.957,-1.72,0.0178,-0.006
0.958,-1.56,0.0178,-0.007
0.959,-1.88,0.0178,-0.009
0.96,-0.31,0.0178,-0.010
0.961,1.09,0.0178,-0.009
0.962,2.19,0.0178,-0.008
0.963,3.75,0.0178,-0.005
0.964,3.44,0.0178,-0.001
0.965,2.97,0.0178,0.002
0.966,3.12,0.0178,0.005
0.967,1.41,0.0183,0.008
0.968,-0.78,0.0194,0.008
0.969,-0.94,0.0194,0.007
0.97,-1.72,0.0194,0.006
0.971,-3.59,0.0194,0.003
0.972,-3.12,0.0194,-0.001
0.973,-2.66,0.0194,-0.003
0.974,-2.81,0.0194,-0.006
0.975,-1.87,0.0194,-0.009
0.976,-0.31,0.0194,-0.010
0.977,0.47,0.0194,-0.009
0.978,1.41,0.0194,-0.009
0.979,3.91,0.0194,-0.007
0.98,3.91,0.0194,-0.001
0.981,2.97,0.0194,0.001
0.982,3.91,0.0194,0.005
0.983,2.34,0.0194,0.009
0.984,0.31,0.0194,0.009
0.985,-0.16,0.0192,0.010
0.986,-1.09,0.0188,0.009
0.987,-2.34,0.0188,0.007
0.988,-3.12,0.0188,0.004
0.989,-3.12,0.0188,0.001
0.99,-3.28,0.0188,-0.002
0.991,-1.88,0.0188,-0.005
0.992,-1.25,0.0188,-0.006
0.993,-0.47,0.0188,-0.008
0.994,2.19,0.0188,-0.007
0.995,2.34,0.0188,-0.003
0.996,3.12,0.0188,-0.002
0.997,4.06,0.0188,0.003
0.998,2.66,0.0188,0.006
0.999,2.34,0.0188,0.008
1,2.50,0.0188,0.011
1.001,1.09,0.0186,0.013
1.002,-0.16,0.0184,0.013
1.003,-0.94,0.0184,0.013
1.004,-2.50,0.0184,0.011
1.005,-4.38,0.0184,0.008
1.006,-3.59,0.0184,0.003
1.007,-2.66,0.0184,0.001
1.008,-2.97,0.0184,-0.003
1.009,-1.25,0.0184,-0.005
1.01,1.09,0.0184,-0.005
1.011,1.72,0.0184,-0.003
1.012,1.87,0.0184,-0.002
1.013,3.12,0.0184,0.001
1.014,3.28,0.0184,0.004
1.015,3.12,0.0184,0.007
1.016,2.34,0.0184,0.011
1.017,0.62,0.0189,0.012
1.018,-0.47,0.0197,0.012
1.019,-0.78,0.0197,0.011
1.02,-1.72,0.0197,0.010
1.021,-2.97,0.0197,0.007
1.022,-2.97,0.0197,0.004
1.023,-2.81,0.0197,0.002
1.024,-2.66,0.0197,-0.001
1.025,-2.34,0.0197,-0.004
1.026,-0.94,0.0197,-0.006
1.027,1.72,0.0197,-0.006
1.028,2.81,0.0197,-0.003
1.029,2.34,0.0197,0.000
1.03,3.44,0.0197,0.002
1.031,4.53,0.0197,0.007
1.032,3.28,0.0197,0.011
1.033,1.25,0.0197,0.013
1.034,0.47,0.0197,0.014
1.035,-0.47,0.0192,0.014
1.036,-2.03,0.0181,0.013
1.037,-2.81,0.0181,0.010
1.038,-2.97,0.0181,0.007
1.039,-2.97,0.0181,0.004
1.04,-1.56,0.0181,0.001
1.041,-0.78,0.0181,0.001
1.042,-2.03,0.0181,-0.000
1.043,-0.63,0.0181,-0.003
1.044,1.56,0.0181,-0.002
1.045,2.34,0.0181,0.000
1.046,2.66,0.0181,0.003
1.047,2.97,0.0181,0.006
1.048,3.44,0.0181,0.009
1.049,3.13,0.0181,0.013
1.05,2.19,0.0181,0.015
1.051,0.31,0.0188,0.017
1.052,-1.09,0.0200,0.016
1.053,-1.56,0.0200,0.015
1.054,-2.81,0.0200,0.013
1.055,-3.28,0.0200,0.009
1.056,-2.81,0.0200,0.006
1.057,-3.75,0.0200,0.003
1.058,-2.66,0.0200,-0.001
1.059,-0.31,0.0200,-0.002
1.06,-0.31,0.0200,-0.002
1.061,1.09,0.0200,-0.003
1.062,4.22,0.0200,0.000
1.063,4.69,0.0200,0.006
1.064,3.44,0.0200,0.010
1.065,3.44,0.0200,0.013
1.066,2.34,0.0200,0.017
1.067,1.72,0.0200,0.018
1.068,0.47,0.0201,0.020
1.069,-1.88,0.0203,0.018
1.07,-2.50,0.0203,0.016
1.071,-2.81,0.0203,0.013
1.072,-3.75,0.0203,0.011
1.073,-3.91,0.0203,0.006
1.074,-2.50,0.0203,0.003
1.075,-1.56,0.0203,0.001
1.076,-0.47,0.0203,-0.000
1.077,0.94,0.0203,0.000
1.078,2.34,0.0203,0.002
1.079,2.66,0.0203,0.005
1.08,2.97,0.0203,0.007
1.081,2.97,0.0203,0.011
1.082,2.34,0.0203,0.013
1.083,2.03,0.0203,0.015
1.084,0.31,0.0199,0.017
1.085,-1.56,0.0191,0.016
1.086,-2.03,0.0191,0.014
1.087,-2.50,0.0191,0.012
1.088,-3.44,0.0191,0.009
1.089,-2.97,0.0191,0.005
1.09,-2.34,0.0191,0.003
1.091,-2.50,0.0191,0.000
1.092,-0.63,0.0191,-0.002
1.093,0.31,0.0180,-0.001
1.094,-0.47,0.0159,-0.002
1.095,1.87,0.0159,-0.002
1.096,4.69,0.0159,0.002
1.097,4.22,0.0159,0.007
1.098,3.28,0.0159,0.011
1.099,2.03,0.0159,0.014
1.1,0.31,0.0167,0.015
1.101,0.00,0.0181,0.015
1.102,-0.31,0.0181,0.015
1.103,-1.72,0.0181,0.014
1.104,-3.28,0.0181,0.011
1.105,-3.44,0.0181,0.007
1.106,-3.91,0.0181,0.004
1.107,-3.44,0.0181,-0.000
1.108,-1.56,0.0181,-0.003
1.109,-0.47,0.0181,-0.003
1.11,0.47,0.0181,-0.003
1.111,1.72,0.0181,-0.003
1.112,2.34,0.0181,0.000
1.113,2.97,0.0181,0.002
1.114,3.75,0.0181,0.006
1.115,3.59,0.0181,0.010
1.116,2.19,0.0181,0.013
1.117,1.41,0.0181,0.014
1.118,0.31,0.0197,0.016
1.119,-2.34,0.0228,0.015
1.12,-2.81,0.0228,0.011
1.121,-3.28,0.0228,0.009
1.122,-4.22,0.0228,0.005
1.123,-3.44,0.0228,0.001
1.124,-2.34,0.0228,-0.002
1.125,-2.34,0.0228,-0.004
1.126,-0.47,0.0228,-0.007
1.127,1.87,0.0228,-0.005
1.128,1.41,0.0228,-0.003
1.129,2.19,0.0228,-0.002
1.13,3.44,0.0228,0.001
1.131,2.97,0.0228,0.005
1.132,2.66,0.0228,0.007
1.133,1.87,0.0228,0.010
1.134,0.00,0.0218,0.011
1.135,-1.41,0.0197,0.010
1.136,-1.25,0.0197,0.008
1.137,-1.72,0.0197,0.007
1.138,-3.59,0.0197,0.005
1.139,-3.28,0.0197,0.000
1.14,-3.59,0.0197,-0.002
1.141,-3.12,0.0197,-0.007
1.142,-0.78,0.0197,-0.008
1.143,-0.31,0.0197,-0.008
1.144,0.94,0.0197,-0.009
1.145,2.66,0.0197,-0.007
1.146,2.81,0.0197,-0.003
1.147,3.12,0.0197,-0.001
1.148,3.91,0.0197,0.003
1.149,2.03,0.0197,0.007
1.15,1.09,0.0197,0.007
1.151,1.25,0.0197,0.009
1.152,-0.78,0.0197,0.009
1.153,-2.50,0.0197,0.007
1.154,-2.81,0.0197,0.004
1.155,-3.28,0.0197,0.002
1.156,-3.59,0.0197,-0.002
1.157,-2.34,0.0197,-0.005
1.158,-1.56,0.0197,-0.007
1.159,-1.72,0.0197,-0.008
1.16,-0.31,0.0197,-0.010
1.161,1.56,0.0197,-0.009
1.162,1.87,0.0197,-0.007
1.163,2.50,0.0197,-0.005
1.164,3.91,0.0197,-0.002
1.165,4.06,0.0197,0.003
1.166,2.66,0.0197,0.006
1.167,1.25,0.0197,0.008
1.168,-0.31,0.0198,0.008
1.169,-1.56,0.0200,0.007
1.17,-1.72,0.0200,0.005
1.171,-3.28,0.0200,0.004
1.172,-3.91,0.0200,-0.001
1.173,-2.66,0.0200,-0.004
1.174,-2.81,0.0200,-0.007
1.175,-2.50,0.0200,-0.010
1.176,-0.78,0.0200,-0.012
1.177,0.62,0.0200,-0.011
1.178,2.19,0.0200,-0.010
1.179,3.91,0.0200,-0.007
1.18,3.75,0.0200,-0.003
1.181,3.28,0.0200,0.001
1.182,3.12,0.0200,0.004
1.183,2.50,0.0200,0.007
1.184,0.78,0.0208,0.009
1.185,-0.94,0.0225,0.008
1.186,-1.72,0.0225,0.007
1.187,-3.12,0.0225,0.005
1.188,-3.91,0.0225,0.001
1.189,-4.06,0.0225,-0.003
1.19,-3.59,0.0225,-0.007
1.191,-2.66,0.0225,-0.010
1.192,-1.72,0.0225,-0.013
1.193,-0.16,0.0225,-0.013
1.194,1.56,0.0225,-0.013
1.195,2.50,0.0225,-0.010
1.196,2.03,0.0225,-0.008
1.197,2.81,0.0225,-0.006
1.198,2.97,0.0225,-0.002
1.199,1.87,0.0225,-0.000
1.2,2.03,0.0225,0.002
1.201,1.09,0.0211,0.004
1.202,-1.41,0.0184,0.004
1.203,-1.87,0.0184,0.001
1.204,-1.87,0.0184,0.000
1.205,-2.97,0.0184,-0.003
1.206,-4.06,0.0184,-0.006
1.207,-3.44,0.0184,-0.011
1.208,-1.88,0.0184,-0.013
1.209,-0.94,0.0184,-0.015
1.21,0.16,0.0184,-0.015
1.211,1.41,0.0184,-0.014
1.212,2.50,0.0184,-0.012
1.213,2.97,0.0184,-0.009
1.214,3.44,0.0184,-0.006
1.215,2.66,0.0184,-0.003
1.216,2.19,0.0184,-0.001
1.217,1.09,0.0180,0.002
1.218,-0.31,0.0172,0.002
1.219,-1.41,0.0172,0.001
1.22,-2.50,0.0172,-0.001
1.221,-3.12,0.0172,-0.004
1.222,-3.44,0.0172,-0.007
1.223,-2.81,0.0172,-0.011
1.224,-2.03,0.0172,-0.013
1.225,-1.09,0.0172,-0.015
1.226,0.62,0.0172,-0.015
1.227,1.25,0.0172,-0.013
1.228,1.72,0.0172,-0.013
1.229,3.44,0.0172,-0.010
1.23,2.97,0.0172,-0.006
1.231,2.50,0.0172,-0.004
1.232,2.97,0.0172,-0.001
1.233,2.34,0.0172,0.002
1.234,0.78,0.0174,0.004
1.235,-1.41,0.0178,0.003
1.236,-1.87,0.0178,0.001
1.237,-1.87,0.0178,-0.000
1.238,-2.97,0.0178,-0.003
1.239,-3.59,0.0178,-0.006
1.24,-2.81,0.0178,-0.010
1.241,-1.09,0.0178,-0.012
1.242,-1.09,0.0178,-0.012
1.243,0.16,0.0178,-0.014
1.244,1.72,0.0178,-0.012
1.245,1.88,0.0178,-0.011
1.246,3.12,0.0178,-0.008
1.247,2.97,0.0178,-0.004
1.248,2.50,0.0178,-0.002
1.249,2.97,0.0178,0.001
1.25,2.50,0.0178,0.004
1.251,0.31,0.0189,0.006
1.252,-0.78,0.0209,0.004
1.253,-0.47,0.0209,0.004
1.254,-2.97,0.0209,0.003
1.255,-3.91,0.0209,-0.002
1.256,-2.97,0.0209,-0.004
1.257,-3.12,0.0209,-0.008
1.258,-2.50,0.0209,-0.011
1.259,-0.78,0.0209,-0.013
1.26,1.09,0.0209,-0.012
1.261,1.87,0.0209,-0.011
1.262,3.12,0.0209,-0.008
1.263,3.75,0.0209,-0.004
1.264,3.59,0.0209,-0.001
1.265,4.22,0.0209,0.003
1.266,2.66,0.0209,0.007
1.267,0.63,0.0209,0.008
1.268,-0.31,0.0200,0.009
1.269,-1.56,0.0181,0.007
1.27,-2.03,0.0181,0.006
1.271,-2.97,0.0181,0.003
1.272,-2.97,0.0181,-0.000
1.273,-2.19,0.0181,-0.003
1.274,-2.03,0.0181,-0.005
1.275,-1.72,0.0181,-0.007
1.276,-0.78,0.0181,-0.008
1.277,1.09,0.0181,-0.008
1.278,2.50,0.0181,-0.006
1.279,2.66,0.0181,-0.003
1.28,3.59,0.0181,-0.001
1.281,3.12,0.0181,0.004
1.282,1.72,0.0181,0.006
1.283,2.19,0.0181,0.007
1.284,1.56,0.0181,0.010
1.285,-0.16,0.0181,0.011
1.286,-1.72,0.0181,0.010
1.287,-2.66,0.0181,0.007
1.288,-3.75,0.0181,0.004
1.289,-2.81,0.0181,-0.000
1.29,-1.72,0.0181,-0.001
1.291,-2.50,0.0181,-0.004
1.292,-1.41,0.0181,-0.006
1.293,0.16,0.0181,-0.007
1.294,0.94,0.0181,-0.006
1.295,2.50,0.0181,-0.005
1.296,2.81,0.0181,-0.001
1.297,2.50,0.0181,0.001
1.298,3.44,0.0181,0.004
1.299,3.75,0.0181,0.008
1.3,2.50,0.0181,0.012
1.301,0.31,0.0186,0.013
1.302,-1.09,0.0197,0.012
1.303,-2.66,0.0197,0.011
1.304,-3.91,0.0197,0.007
1.305,-3.91,0.0197,0.003
1.306,-3.12,0.0197,-0.001
1.307,-2.50,0.0197,-0.003
1.308,-1.72,0.0197,-0.006
1.309,-0.31,0.0197,-0.007
1.31,0.16,0.0197,-0.007
1.311,1.72,0.0197,-0.007
1.312,2.50,0.0197,-0.003
1.313,2.03,0.0197,-0.002
1.314,3.12,0.0197,0.001
1.315,3.75,0.0197,0.005
1.316,3.28,0.0197,0.008
1.317,1.87,0.0197,0.011
1.318,0.47,0.0192,0.012
1.319,-0.94,0.0181,0.012
1.32,-2.34,0.0181,0.010
1.321,-3.13,0.0181,0.007
1.322,-3.12,0.0181,0.004
1.323,-2.19,0.0181,0.001
1.324,-2.03,0.0181,-0.000
1.325,-2.19,0.0181,-0.003
1.326,-1.09,0.0181,-0.005
1.327,0.47,0.0181,-0.005
1.328,1.87,0.0181,-0.004
1.329,2.97,0.0181,-0.001
1.33,4.06,0.0181,0.002
1.331,3.91,0.0181,0.007
1.332,3.12,0.0181,0.010
1.333,2.19,0.0181,0.013
1.334,0.31,0.0180,0.014
1.335,-0.47,0.0178,0.014
1.336,-0.94,0.0178,0.013
1.337,-3.12,0.0178,0.012
1.338,-3.75,0.0178,0.007
1.339,-2.50,0.0178,0.004
1.34,-2.66,0.0178,0.002
1.341,-2.81,0.0178,-0.001
1.342,-1.25,0.0178,-0.003
1.343,0.16,0.0178,-0.003
1.344,1.72,0.0178,-0.003
1.345,2.34,0.0178,0.000
1.346,2.50,0.0178,0.002
1.347,3.28,0.0178,0.005
1.348,3.13,0.0178,0.008
1.349,2.66,0.0178,0.011
1.35,1.25,0.0178,0.013
1.351,0.62,0.0178,0.014
1.352,0.00,0.0182,0.015
1.353,-2.19,0.0191,0.014
1.354,-3.28,0.0191,0.010
1.355,-2.66,0.0191,0.007
1.356,-2.66,0.0191,0.005
1.357,-2.97,0.0191,0.002
1.358,-2.66,0.0191,-0.001
1.359,-1.72,0.0191,-0.003
1.36,0.63,0.0191,-0.004
1.361,1.41,0.0191,-0.002
1.362,2.34,0.0191,-0.002
1.363,4.22,0.0191,0.003
1.364,3.44,0.0191,0.007
1.365,2.97,0.0191,0.009
1.366,2.66,0.0191,0.013
1.367,1.87,0.0191,0.015
1.368,0.62,0.0185,0.017
1.369,-1.09,0.0175,0.016
1.37,-1.88,0.0175,0.014
1.371,-2.97,0.0175,0.012
1.372,-3.28,0.0175,0.008
1.373,-2.81,0.0175,0.006
1.374,-2.66,0.0175,0.003
1.375,-1.87,0.0175,0.000
1.376,0.16,0.0175,-0.001
1.377,1.56,0.0175,0.001
1.378,1.56,0.0175,0.002
1.379,2.19,0.0175,0.004
1.38,3.28,0.0175,0.007
1.381,2.81,0.0175,0.010
1.382,2.66,0.0175,0.012
1.383,2.97,0.0175,0.016
1.384,0.94,0.0176,0.018
1.385,-0.62,0.0178,0.018
1.386,-1.56,0.0178,0.017
1.387,-2.81,0.0178,0.014
1.388,-3.13,0.0178,0.011
1.389,-3.13,0.0178,0.008
1.39,-3.44,0.0178,0.005
1.391,-2.03,0.0178,0.001
1.392,-0.47,0.0178,0.001
1.393,0.00,0.0178,0.000
1.394,1.25,0.0178,0.001
1.395,1.41,0.0178,0.003
1.396,2.19,0.0178,0.004
1.397,3.59,0.0178,0.007
1.398,3.59,0.0178,0.011
1.399,2.50,0.0178,0.014
1.4,1.25,0.0178,0.016
1.401,-0.31,0.0191,0.017
1.402,-2.66,0.0216,0.015
1.403,-2.66,0.0216,0.012
1.404,-2.03,0.0216,0.010
1.405,-2.66,0.0216,0.007
1.406,-3.28,0.0216,0.005
1.407,-3.28,0.0216,0.001
1.408,-2.81,0.0216,-0.002
1.409,-0.94,0.0216,-0.005
1.41,0.78,0.0216,-0.004
1.411,1.25,0.0216,-0.003
1.412,2.66,0.0216,-0.001
1.413,3.75,0.0216,0.002
1.414,3.44,0.0216,0.006
1.415,2.81,0.0216,0.009
1.416,2.50,0.0216,0.012
1.417,0.78,0.0204,0.014
1.418,-0.78,0.0181,0.013
1.419,-1.25,0.0181,0.013
1.42,-1.88,0.0181,0.011
1.421,-3.28,0.0181,0.009
1.422,-2.97,0.0181,0.004
1.423,-2.81,0.0181,0.003
1.424,-3.44,0.0181,-0.001
1.425,-1.25,0.0181,-0.004
1.426,0.31,0.0181,-0.004
1.427,0.31,0.0181,-0.003
1.428,1.41,0.0181,-0.003
1.429,2.81,0.0181,-0.001
1.43,2.34,0.0181,0.003
1.431,2.81,0.0181,0.004
1.432,3.44,0.0181,0.008
1.433,2.03,0.0181,0.011
1.434,1.41,0.0181,0.012
1.435,0.47,0.0181,0.014
1.436,-1.41,0.0181,0.013
1.437,-2.81,0.0181,0.011
1.438,-3.44,0.0181,0.007
1.439,-3.28,0.0181,0.004
1.44,-2.81,0.0181,0.001
1.441,-2.34,0.0181,-0.002
1.442,-1.41,0.0181,-0.004
1.443,-0.16,0.0181,-0.004
1.444,1.25,0.0181,-0.004
1.445,1.72,0.0181,-0.002
1.446,2.19,0.0181,-0.001
1.447,3.59,0.0181,0.003
1.448,3.28,0.0181,0.007
1.449,2.19,0.0181,0.009
1.45,2.50,0.0181,0.011
1.451,1.09,0.0185,0.014
1.452,-1.41,0.0194,0.013
1.453,-1.56,0.0194,0.011
1.454,-2.03,0.0194,0.010
1.455,-3.59,0.0194,0.007
1.456,-2.81,0.0194,0.003
1.457,-2.34,0.0194,0.002
1.458,-2.34,0.0194,-0.002
1.459,-1.72,0.0194,-0.003
1.46,-0.63,0.0194,-0.005
1.461,1.72,0.0194,-0.004
1.462,2.97,0.0194,-0.002
1.463,2.97,0.0194,0.002
1.464,2.81,0.0194,0.004
1.465,2.97,0.0194,0.007
1.466,2.03,0.0194,0.010
1.467,1.09,0.0194,0.011
1.468,-0.47,0.0193,0.012
1.469,-1.56,0.0191,0.010
1.47,-1.56,0.0191,0.009
1.471,-2.50,0.0191,0.007
1.472,-2.97,0.0191,0.004
1.473,-2.97,0.0191,0.001
1.474,-2.34,0.0191,-0.002
1.475,-1.09,0.0191,-0.003
1.476,-0.94,0.0191,-0.004
1.477,-0.16,0.0191,-0.005
1.478,2.34,0.0191,-0.004
1.479,3.28,0.0191,-0.001
1.48,3.75,0.0191,0.002
1.481,3.44,0.0191,0.007
1.482,2.19,0.0191,0.009
1.483,2.34,0.0191,0.011
1.484,1.72,0.0191,0.014
1.485,-0.47,0.0191,0.015
1.486,-1.41,0.0191,0.013
1.487,-2.19,0.0191,0.012
1.488,-3.75,0.0191,0.008
1.489,-3.28,0.0191,0.004
1.49,-2.66,0.0191,0.002
1.491,-2.81,0.0191,-0.001
1.492,-1.72,0.0191,-0.004
1.493,0.47,0.0191,-0.004
1.494,1.41,0.0191,-0.003
1.495,1.72,0.0191,-0.002
1.496,2.19,0.0191,0.001
1.497,3.28,0.0191,0.003
1.498,3.59,0.0191,0.007
1.499,2.34,0.0191,0.010
1.5,2.03,0.0191,0.012
1.501,1.09,0.0188,0.014
1.502,-0.16,0.0181,0.014
1.503,-1.25,0.0181,0.014
1.504,-3.28,0.0181,0.012
1.505,-3.91,0.0181,0.007
1.506,-3.59,0.0181,0.004
1.507,-2.81,0.0181,0.000
1.508,-1.72,0.0181,-0.002
1.509,-1.09,0.0181,-0.003
1.51,0.16,0.0181,-0.004
1.511,2.03,0.0181,-0.003
1.512,3.28,0.0181,0.000
1.513,3.12,0.0181,0.003
1.514,3.59,0.0181,0.006
1.515,2.97,0.0181,0.011
1.516,1.25,0.0181,0.012
1.517,1.09,0.0181,0.013
1.518,0.63,0.0190,0.014
1.519,-1.09,0.0206,0.014
1.52,-2.66,0.0206,0.012
1.521,-2.81,0.0206,0.009
1.522,-2.50,0.0206,0.007
1.523,-3.28,0.0206,0.004
1.524,-3.44,0.0206,0.000
1.525,-2.66,0.0206,-0.003
1.526,-1.72,0.0206,-0.005
1.527,0.00,0.0206,-0.006
1.528,1.56,0.0206,-0.005
1.529,2.50,0.0206,-0.003
1.53,2.81,0.0206,-0.000
1.531,2.81,0.0206,0.003
1.532,2.81,0.0206,0.005
1.533,2.81,0.0206,0.008
1.534,1.25,0.0205,0.011
1.535,-1.41,0.0203,0.011
1.536,-2.19,0.0203,0.008
1.537,-2.19,0.0203,0.006
1.538,-2.66,0.0203,0.004
1.539,-3.12,0.0203,0.001
1.54,-3.44,0.0203,-0.003
1.541,-2.97,0.0203,-0.006
1.542,-1.72,0.0203,-0.008
1.543,-0.47,0.0203,-0.009
1.544,1.25,0.0203,-0.009
1.545,3.28,0.0203,-0.007
1.546,3.75,0.0203,-0.003
1.547,3.12,0.0203,0.001
1.548,3.59,0.0203,0.003
1.549,3.28,0.0203,0.008
1.55,0.78,0.0194,0.010
1.551,-0.47,0.0175,0.009
1.552,-0.31,0.0175,0.009
1.553,-1.72,0.0175,0.009
1.554,-2.81,0.0175,0.006
1.555,-2.81,0.0175,0.003
1.556,-3.44,0.0175,0.000
1.557,-3.12,0.0175,-0.004
1.558,-1.72,0.0175,-0.006
1.559,-0.62,0.0175,-0.007
1.56,0.31,0.0175,-0.007
1.561,1.56,0.0175,-0.007
1.562,2.50,0.0175,-0.004
1.563,3.12,0.0175,-0.002
1.564,3.28,0.0175,0.002
1.565,2.19,0.0175,0.005
1.566,2.19,0.0175,0.006
1.567,2.50,0.0175,0.009
1.568,-0.16,0.0182,0.011
1.569,-2.19,0.0197,0.009
1.57,-2.50,0.0197,0.007
1.571,-3.12,0.0197,0.004
1.572,-3.59,0.0197,0.001
1.573,-2.66,0.0197,-0.003
1.574,-1.87,0.0197,-0.005
1.575,-1.88,0.0197,-0.007
1.576,-0.31,0.0197,-0.008
1.577,0.78,0.0197,-0.007
1.578,2.19,0.0197,-0.007
1.579,3.75,0.0197,-0.003
1.58,3.44,0.0197,0.001
1.581,3.12,0.0197,0.004
1.582,2.50,0.0197,0.007
1.583,1.41,0.0197,0.009
1.584,0.31,0.0193,0.010
1.585,-0.94,0.0184,0.009
1.586,-2.50,0.0184,0.008
1.587,-2.81,0.0184,0.004
1.588,-2.66,0.0184,0.002
1.589,-2.66,0.0184,-0.001
1.59,-2.81,0.0184,-0.003
1.591,-2.19,0.0184,-0.007
1.592,-1.09,0.0184,-0.007
1.593,-0.47,0.0184,-0.009
1.594,0.94,0.0184,-0.008
1.595,1.72,0.0184,-0.007
1.596,2.34,0.0184,-0.005
1.597,3.44,0.0184,-0.002
1.598,3.44,0.0184,0.002
1.599,2.50,0.0184,0.005
1.6,1.88,0.0184,0.007
1.601,0.78,0.0189,0.008
1.602,-0.63,0.0197,0.008
1.603,-1.25,0.0197,0.007
1.604,-2.50,0.0197,0.006
1.605,-3.44,0.0197,0.002
1.606,-2.97,0.0197,-0.001
1.607,-2.81,0.0197,-0.004
1.608,-2.34,0.0197,-0.007
1.609,-1.09,0.0197,-0.008
1.61,0.63,0.0197,-0.009
1.611,1.09,0.0197,-0.007
1.612,2.34,0.0197,-0.007
1.613,4.06,0.0197,-0.003
1.614,3.59,0.0197,0.002
1.615,2.97,0.0197,0.005
1.616,3.12,0.0197,0.007
1.617,1.88,0.0197,0.011
1.618,0.00,0.0192,0.011
1.619,-0.63,0.0181,0.011
1.62,-2.34,0.0181,0.010
1.621,-3.44,0.0181,0.006
1.622,-2.66,0.0181,0.003
1.623,-2.66,0.0181,0.001
1.624,-3.59,0.0181,-0.002
1.625,-2.34,0.0181,-0.006
1.626,0.00,0.0181,-0.007
1.627,0.47,0.0181,-0.006
1.628,1.09,0.0181,-0.006
1.629,2.50,0.0181,-0.004
1.63,2.66,0.0181,-0.001
1.631,3.12,0.0181,0.001
1.632,3.44,0.0181,0.005
1.633,2.19,0.0181,0.008
1.634,0.78,0.0183,0.010
1.635,-0.31,0.0188,0.010
1.636,-1.41,0.0188,0.009
1.637,-2.19,0.0188,0.007
1.638,-3.28,0.0188,0.005
1.639,-3.59,0.0188,0.000
1.64,-2.66,0.0188,-0.003
1.641,-1.72,0.0188,-0.005
1.642,-2.03,0.0188,-0.006
1.643,-1.25,0.0188,-0.009
1.644,1.72,0.0188,-0.008
1.645,2.50,0.0188,-0.006
1.646,2.66,0.0188,-0.003
1.647,3.28,0.0188,-0.000
1.648,2.66,0.0188,0.003
1.649,2.81,0.0188,0.005
1.65,2.97,0.0188,0.009
1.651,0.78,0.0189,0.011
1.652,-0.78,0.0191,0.010
1.653,-1.72,0.0191,0.009
1.654,-2.66,0.0191,0.007
1.655,-3.12,0.0191,0.004
1.656,-2.66,0.0191,0.001
1.657,-2.50,0.0191,-0.001
1.658,-3.28,0.0191,-0.004
1.659,-1.72,0.0191,-0.008
1.66,0.31,0.0191,-0.008
1.661,1.09,0.0191,-0.007
1.662,2.34,0.0191,-0.006
1.663,3.12,0.0191,-0.003
1.664,2.97,0.0191,0.001
1.665,3.12,0.0191,0.003
1.666,3.28,0.0191,0.007
1.667,2.19,0.0191,0.010
1.668,1.25,0.0191,0.011
1.669,0.16,0.0192,0.013
1.67,-2.66,0.0194,0.012
1.671,-4.06,0.0194,0.007
1.672,-3.28,0.0194,0.003
1.673,-2.50,0.0194,0.001
1.674,-2.81,0.0194,-0.002
1.675,-2.03,0.0194,-0.005
1.676,-0.47,0.0194,-0.006
1.677,1.09,0.0194,-0.006
1.678,3.12,0.0194,-0.003
1.679,3.75,0.0194,0.000
1.68,3.75,0.0194,0.004
1.681,3.44,0.0194,0.008
1.682,2.34,0.0194,0.011
1.683,1.25,0.0194,0.013
1.684,1.25,0.0194,0.013
1.685,0.00,0.0194,0.015
1.686,-1.56,0.0194,0.013
1.687,-2.19,0.0194,0.012
1.688,-3.12,0.0194,0.009
1.689,-3.28,0.0194,0.006
1.69,-2.50,0.0194,0.003
1.691,-2.34,0.0194,0.001
1.692,-1.72,0.0194,-0.002
1.693,0.00,0.0194,-0.003
1.694,1.09,0.0194,-0.002
1.695,1.56,0.0194,-0.001
1.696,3.75,0.0194,0.001
1.697,4.69,0.0194,0.007
1.698,2.81,0.0194,0.010
1.699,2.50,0.0194,0.013
1.7,2.03,0.0194,0.015
1.701,0.62,0.0194,0.017
1.702,0.16,0.0194,0.017
1.703,-0.62,0.0186,0.017
1.704,-2.81,0.0172,0.015
1.705,-4.06,0.0172,0.011
1.706,-3.28,0.0172,0.007
1.707,-2.97,0.0172,0.005
1.708,-2.50,0.0172,0.001
1.709,-0.63,0.0172,-0.000
1.71,0.94,0.0172,0.000
1.711,2.19,0.0172,0.002
1.712,2.81,0.0172,0.004
1.713,2.34,0.0172,0.007
1.714,2.34,0.0172,0.009
1.715,2.81,0.0172,0.012
1.716,2.03,0.0172,0.015
1.717,1.09,0.0172,0.016
1.718,-0.16,0.0183,0.017
1.719,-1.88,0.0206,0.016
1.72,-2.50,0.0206,0.013
1.721,-2.81,0.0206,0.011
1.722,-3.28,0.0206,0.007
1.723,-3.44,0.0206,0.004
1.724,-2.97,0.0206,0.001
1.725,-1.87,0.0206,-0.002
1.726,-0.94,0.0206,-0.003
1.727,0.31,0.0206,-0.004
1.728,1.41,0.0206,-0.003
1.729,2.19,0.0206,-0.001
1.73,3.75,0.0206,0.002
1.731,4.22,0.0206,0.007
1.732,3.28,0.0206,0.010
1.733,2.66,0.0206,0.013
1.734,1.88,0.0206,0.016
1.735,-0.16,0.0195,0.017
1.736,-1.56,0.0172,0.015
1.737,-2.66,0.0172,0.014
1.738,-3.44,0.0172,0.010
1.739,-3.12,0.0172,0.007
1.74,-2.97,0.0172,0.004
1.741,-1.87,0.0172,0.001
1.742,-0.63,0.0172,0.000
1.743,-0.16,0.0172,-0.000
1.744,0.16,0.0172,-0.000
1.745,1.56,0.0172,0.000
1.746,3.59,0.0172,0.003
1.747,3.12,0.0172,0.007
1.748,2.50,0.0172,0.009
1.749,2.97,0.0172,0.012
1.75,1.41,0.0172,0.015
1.751,0.16,0.0172,0.015
1.752,-0.78,0.0178,0.015
1.753,-2.19,0.0191,0.013
1.754,-2.81,0.0191,0.011
1.755,-3.12,0.0191,0.008
1.756,-2.66,0.0191,0.005
1.757,-2.19,0.0191,0.003
1.758,-2.19,0.0191,0.000
1.759,-2.03,0.0191,-0.002
1.76,-0.94,0.0191,-0.004
1.761,0.94,0.0191,-0.004
1.762,2.50,0.0191,-0.002
1.763,3.75,0.0191,0.001
1.764,4.06,0.0191,0.006
1.765,2.66,0.0191,0.009
1.766,1.56,0.0191,0.011
1.767,2.34,0.0191,0.013
1.768,0.47,0.0190,0.016
1.769,-1.88,0.0187,0.013
1.77,-1.72,0.0187,0.012
1.771,-2.81,0.0187,0.010
1.772,-3.28,0.0187,0.006
1.773,-2.66,0.0187,0.003
1.774,-1.41,0.0187,0.001
1.775,-0.78,0.0187,0.001
1.776,-0.31,0.0187,-0.001
1.777,1.09,0.0187,0.000
1.778,1.41,0.0187,0.002
1.779,3.12,0.0187,0.003
1.78,4.06,0.0187,0.008
1.781,2.81,0.0187,0.011
1.782,2.81,0.0187,0.013
1.783,2.34,0.0187,0.017
1.784,1.09,0.0187,0.018
1.785,-0.47,0.0192,0.019
1.786,-1.56,0.0200,0.017
1.787,-2.34,0.0200,0.016
1.788,-2.81,0.0200,0.013
1.789,-3.44,0.0200,0.010
1.79,-3.59,0.0200,0.006
1.791,-2.34,0.0200,0.003
1.792,-0.94,0.0200,0.001
1.793,0.00,0.0200,0.001
1.794,0.47,0.0200,0.001
1.795,2.50,0.0200,0.002
1.796,3.44,0.0200,0.006
1.797,2.81,0.0200,0.009
1.798,3.59,0.0200,0.012
1.799,3.59,0.0200,0.016
1.8,2.50,0.0200,0.019
1.801,1.25,0.0200,0.021
1.802,-0.78,0.0195,0.021
1.803,-1.88,0.0184,0.019
1.804,-2.19,0.0184,0.018
1.805,-3.12,0.0184,0.015
1.806,-3.44,0.0184,0.011
1.807,-2.03,0.0184,0.008
1.808,-1.72,0.0184,0.007
1.809,-2.19,0.0184,0.005
1.81,-0.94,0.0184,0.003
1.811,0.47,0.0184,0.003
1.812,2.34,0.0184,0.004
1.813,4.37,0.0184,0.007
1.814,3.44,0.0184,0.013
1.815,2.19,0.0184,0.014
1.816,2.50,0.0184,0.017
1.817,1.88,0.0184,0.019
1.818,-0.47,0.0191,0.021
1.819,-2.19,0.0203,0.018
1.82,-1.87,0.0203,0.016
1.821,-3.44,0.0203,0.015
1.822,-4.22,0.0203,0.009
1.823,-2.97,0.0203,0.006
1.824,-2.19,0.0203,0.003
1.825,-1.56,0.0203,0.002
1.826,-0.63,0.0203,0.000
1.827,0.31,0.0203,0.001
1.828,1.25,0.0203,0.001
1.829,2.81,0.0203,0.003
1.83,2.66,0.0203,0.007
1.831,2.66,0.0203,0.008
1.832,3.75,0.0203,0.012
1.833,2.19,0.0203,0.016
1.834,0.47,0.0203,0.016
1.835,0.16,0.0194,0.017
1.836,-1.41,0.0175,0.017
1.837,-1.72,0.0175,0.014
1.838,-2.50,0.0175,0.013
1.839,-3.75,0.0175,0.009
1.84,-2.97,0.0175,0.006
1.841,-2.19,0.0175,0.003
1.842,-1.87,0.0175,0.001
1.843,-0.16,0.0175,-0.001
1.844,2.03,0.0175,0.001
1.845,2.50,0.0175,0.003
1.846,2.50,0.0175,0.006
1.847,2.66,0.0175,0.008
1.848,2.34,0.0175,0.011
1.849,1.72,0.0175,0.013
1.85,1.25,0.0175,0.015
1.851,1.09,0.0175,0.016
1.852,0.00,0.0178,0.017
1.853,-1.88,0.0184,0.016
1.854,-2.81,0.0184,0.013
1.855,-3.91,0.0184,0.010
1.856,-3.59,0.0184,0.005
1.857,-2.19,0.0184,0.003
1.858,-1.87,0.0184,0.001
1.859,-1.09,0.0184,-0.001
1.86,-0.31,0.0184,-0.001
1.861,0.94,0.0184,-0.002
1.862,2.50,0.0184,0.001
1.863,3.28,0.0184,0.003
1.864,2.19,0.0184,0.007
1.865,2.50,0.0184,0.008
1.866,3.44,0.0184,0.012
1.867,1.56,0.0184,0.015
1.868,-0.47,0.0190,0.015
1.869,-1.88,0.0200,0.014
1.87,-2.97,0.0200,0.012
1.871,-3.12,0.0200,0.008
1.872,-2.66,0.0200,0.005
1.873,-2.97,0.0200,0.003
1.874,-2.97,0.0200,-0.001
1.875,-1.72,0.0200,-0.003
1.876,-0.63,0.0200,-0.004
1.877,0.31,0.0200,-0.005
1.878,2.66,0.0200,-0.003
1.879,3.44,0.0200,0.001
1.88,2.81,0.0200,0.003
1.881,2.97,0.0200,0.006
1.882,2.19,0.0200,0.009
1.883,1.09,0.0200,0.011
1.884,0.31,0.0201,0.012
1.885,-0.78,0.0203,0.011
1.886,-1.41,0.0203,0.010
1.887,-2.34,0.0203,0.008
1.888,-3.44,0.0203,0.005
1.889,-3.44,0.0203,0.002
1.89,-2.81,0.0203,-0.002
1.891,-2.03,0.0203,-0.004
1.892,-1.41,0.0203,-0.006
1.893,-1.56,0.0203,-0.007
1.894,0.16,0.0203,-0.009
1.895,2.50,0.0203,-0.007
1.896,3.59,0.0203,-0.004
1.897,3.91,0.0203,0.001
1.898,2.81,0.0203,0.004
1.899,2.03,0.0203,0.006
1.9,1.87,0.0203,0.008
1.901,0.31,0.0192,0.010
1.902,-1.09,0.0169,0.009
1.903,-1.41,0.0169,0.008
1.904,-2.34,0.0169,0.006
1.905,-2.50,0.0169,0.003
1.906,-2.19,0.0169,0.001
1.907,-3.28,0.0169,-0.001
1.908,-2.81,0.0169,-0.006
1.909,-0.62,0.0169,-0.007
1.91,0.16,0.0169,-0.007
1.911,1.41,0.0169,-0.007
1.912,3.44,0.0169,-0.004
1.913,4.06,0.0169,0.000
1.914,2.81,0.0169,0.004
1.915,1.88,0.0169,0.006
1.916,2.19,0.0169,0.008
1.917,1.09,0.0177,0.010
1.918,0.00,0.0194,0.010
1.919,-0.78,0.0194,0.010
1.92,-2.66,0.0194,0.008
1.921,-2.81,0.0194,0.005
1.922,-2.81,0.0194,0.003
1.923,-3.59,0.0194,-0.001
1.924,-3.44,0.0194,-0.004
1.925,-1.72,0.0194,-0.007
1.926,-0.78,0.0194,-0.008
1.927,0.63,0.0194,-0.009
1.928,1.72,0.0194,-0.007
1.929,1.56,0.0194,-0.006
1.93,3.44,0.0194,-0.003
1.931,4.53,0.0194,0.001
1.932,2.97,0.0194,0.006
1.933,1.09,0.0194,0.007
1.934,0.78,0.0194,0.008
1.935,-0.47,0.0191,0.009
1.936,-1.25,0.0184,0.007
1.937,-1.25,0.0184,0.006
1.938,-3.44,0.0184,0.004
1.939,-4.06,0.0184,-0.001
1.94,-2.81,0.0184,-0.004
1.941,-2.34,0.0184,-0.006
1.942,-1.72,0.0184,-0.008
1.943,0.16,0.0184,-0.010
1.944,0.47,0.0169,-0.008
1.945,1.09,0.0137,-0.009
1.946,3.44,0.0137,-0.006
1.947,3.12,0.0137,-0.002
1.948,2.03,0.0137,0.000
1.949,2.34,0.0137,0.002
1.95,1.72,0.0137,0.005
1.951,0.31,0.0148,0.006
1.952,-0.63,0.0169,0.006
1.953,-1.88,0.0169,0.004
1.954,-2.97,0.0169,0.002
1.955,-2.66,0.0169,-0.002
1.956,-2.66,0.0169,-0.003
1.957,-2.81,0.0169,-0.007
1.958,-1.41,0.0169,-0.009
1.959,-0.78,0.0169,-0.010
1.96,-0.47,0.0169,-0.011
1.961,0.94,0.0169,-0.011
1.962,2.97,0.0169,-0.009
1.963,3.75,0.0169,-0.005
1.964,3.75,0.0169,-0.001
1.965,3.75,0.0169,0.003
1.966,1.72,0.0169,0.006
1.967,0.94,0.0169,0.006
1.968,0.31,0.0179,0.008
1.969,-1.56,0.0200,0.007
1.97,-1.87,0.0200,0.005
1.971,-2.50,0.0200,0.003
1.972,-3.44,0.0200,0.000
1.973,-2.97,0.0200,-0.004
1.974,-2.66,0.0200,-0.006
1.975,-2.97,0.0200,-0.009
1.976,-0.63,0.0200,-0.012
1.977,1.09,0.0200,-0.010
1.978,1.41,0.0200,-0.010
1.979,3.28,0.0200,-0.007
1.98,4.22,0.0200,-0.003
1.981,2.66,0.0200,0.001
1.982,2.34,0.0200,0.002
1.983,2.81,0.0200,0.006
1.984,0.16,0.0203,0.008
1.985,-2.03,0.0209,0.006
1.986,-1.56,0.0209,0.004
1.987,-2.19,0.0209,0.003
1.988,-3.12,0.0209,-0.001
1.989,-3.12,0.0209,-0.003
1.99,-3.28,0.0209,-0.007
1.991,-3.12,0.0209,-0.010
1.992,-1.41,0.0209,-0.013
1.993,0.78,0.0209,-0.013
1.994,1.41,0.0209,-0.012
1.995,2.03,0.0209,-0.010
1.996,2.97,0.0209,-0.007
1.997,3.28,0.0209,-0.004
1.998,3.28,0.0209,-0.001
1.999,2.97,0.0209,0.003
2,1.72,0.0209,0.005
2.001,0.78,0.0209,0.006
2.002,0.31,0.0202,0.007
2.003,-1.87,0.0188,0.007
2.004,-2.97,0.0188,0.003
2.005,-2.66,0.0188,0.001
2.006,-3.44,0.0188,-0.003
2.007,-2.81,0.0188,-0.006
2.008,-1.41,0.0188,-0.008
2.009,-0.94,0.0188,-0.009
2.01,0.00,0.0188,-0.010
2.011,1.25,0.0188,-0.009
2.012,2.34,0.0188,-0.007
2.013,3.59,0.0188,-0.004
2.014,4.06,0.0188,-0.000
2.015,3.59,0.0188,0.004
2.016,2.50,0.0188,0.007
2.017,2.19,0.0188,0.009
2.018,0.16,0.0190,0.011
2.019,-2.03,0.0194,0.009
2.02,-1.56,0.0194,0.007
2.021,-2.19,0.0194,0.006
2.022,-2.66,0.0194,0.003
2.023,-2.03,0.0194,0.001
2.024,-2.03,0.0194,-0.001
2.025,-2.03,0.0194,-0.003
2.026,-1.09,0.0194,-0.005
2.027,0.78,0.0194,-0.006
2.028,1.72,0.0194,-0.004
2.029,2.81,0.0194,-0.002
2.03,2.97,0.0194,0.002
2.031,2.97,0.0194,0.004
2.032,4.22,0.0194,0.008
2.033,2.66,0.0194,0.012
2.034,0.78,0.0194,0.013
2.035,0.63,0.0194,0.014
2.036,-1.25,0.0189,0.014
2.037,-2.97,0.0178,0.011
2.038,-3.13,0.0178,0.008
2.039,-3.13,0.0178,0.005
2.04,-3.44,0.0178,0.002
2.041,-2.03,0.0178,-0.002
2.042,-0.78,0.0178,-0.002
2.043,-0.47,0.0178,-0.003
2.044,1.72,0.0178,-0.003
2.045,2.34,0.0178,0.000
2.046,2.66,0.0178,0.002
2.047,3.44,0.0178,0.005
2.048,2.66,0.0178,0.009
2.049,1.88,0.0178,0.011
2.05,1.56,0.0178,0.013
2.051,0.62,0.0173,0.014
2.052,-0.47,0.0162,0.014
2.053,-1.41,0.0162,0.013
2.054,-2.50,0.0162,0.011
2.055,-2.81,0.0162,0.008
2.056,-2.03,0.0162,0.005
2.057,-2.34,0.0162,0.004
2.058,-2.81,0.0162,0.001
2.059,-1.09,0.0162,-0.002
2.06,0.63,0.0162,-0.002
2.061,1.56,0.0162,-0.001
2.062,2.97,0.0162,0.002
2.063,3.44,0.0162,0.005
2.064,2.81,0.0162,0.008
2.065,2.97,0.0162,0.011
2.066,2.97,0.0162,0.014
2.067,1.25,0.0111,0.017
2.068,-0.47,0.0009,0.017
2.069,-0.16,0.0009,0.016
2.07,-1.09,0.0063,0.017
2.071,-3.12,0.0169,0.014
2.072,-2.66,0.0169,0.010
2.073,-2.66,0.0169,0.008
2.074,-2.97,0.0169,0.005
2.075,-2.03,0.0169,0.003
2.076,-0.63,0.0169,0.001
2.077,0.00,0.0169,0.001
2.078,1.56,0.0169,0.001
2.079,3.44,0.0169,0.004
2.08,3.28,0.0169,0.008
2.081,3.59,0.0169,0.011
2.082,3.28,0.0169,0.015
2.083,1.41,0.0169,0.018
2.084,1.41,0.0169,0.018
2.085,0.63,0.0176,0.020
2.086,-2.03,0.0191,0.019
2.087,-2.50,0.0191,0.016
2.088,-2.50,0.0191,0.014
2.089,-3.44,0.0191,0.011
2.09,-3.13,0.0191,0.007
2.091,-2.34,0.0191,0.005
2.092,-1.87,0.0191,0.003
2.093,-0.16,0.0191,0.001
2.094,1.41,0.0191,0.002
2.095,2.03,0.0191,0.004
2.096,2.81,0.0191,0.006
2.097,3.28,0.0191,0.010
2.098,2.50,0.0191,0.013
2.099,2.50,0.0191,0.015
2.1,2.66,0.0191,0.018
2.101,0.94,0.0195,0.020
2.102,-1.41,0.0203,0.020
2.103,-1.88,0.0203,0.017
2.104,-2.34,0.0203,0.016
2.105,-3.28,0.0203,0.013
2.106,-2.66,0.0203,0.009
2.107,-2.81,0.0203,0.007
2.108,-2.81,0.0203,0.004
2.109,-1.87,0.0203,0.002
2.11,-0.94,0.0203,0.000
2.111,1.25,0.0203,-0.000
2.112,3.28,0.0203,0.003
2.113,3.91,0.0203,0.006
2.114,3.91,0.0203,0.010
2.115,3.59,0.0203,0.014
2.116,2.34,0.0203,0.018
2.117,0.78,0.0203,0.019
2.118,0.94,0.0203,0.019
2.119,-0.47,0.0198,0.021
2.12,-2.34,0.0188,0.018
2.121,-2.34,0.0188,0.016
2.122,-3.12,0.0188,0.013
2.123,-3.75,0.0188,0.010
2.124,-2.66,0.0188,0.006
2.125,-1.56,0.0188,0.004
2.126,-1.25,0.0188,0.003
2.127,0.47,0.0188,0.002
2.128,2.50,0.0188,0.004
2.129,2.97,0.0188,0.007
2.13,2.97,0.0188,0.010
2.131,2.66,0.0188,0.013
2.132,2.19,0.0188,0.015
2.133,1.72,0.0188,0.017
2.134,0.94,0.0188,0.018
2.135,-0.62,0.0182,0.019
2.136,-1.25,0.0172,0.017
2.137,-1.25,0.0172,0.017
2.138,-3.12,0.0172,0.015
2.139,-3.59,0.0172,0.010
2.14,-2.19,0.0172,0.007
2.141,-2.03,0.0172,0.006
2.142,-2.03,0.0172,0.003
2.143,-0.16,0.0172,0.002
2.144,1.09,0.0172,0.003
2.145,1.87,0.0172,0.004
2.146,2.97,0.0172,0.007
2.147,3.12,0.0172,0.010
2.148,3.28,0.0172,0.013
2.149,2.66,0.0172,0.017
2.15,1.72,0.0172,0.018
2.151,0.31,0.0172,0.020
2.152,-0.31,0.0172,0.019
2.153,-0.94,0.0172,0.019
2.154,-2.50,0.0172,0.017
2.155,-2.50,0.0172,0.014
2.156,-2.97,0.0172,0.012
2.157,-3.28,0.0172,0.008
2.158,-1.56,0.0172,0.006
2.159,-0.63,0.0172,0.005
2.16,-0.63,0.0172,0.004
2.161,0.47,0.0172,0.004
2.162,2.50,0.0172,0.005
2.163,4.06,0.0172,0.009
2.164,4.06,0.0172,0.013
2.165,2.50,0.0172,0.017
2.166,2.03,0.0172,0.018
2.167,2.03,0.0172,0.021
2.168,0.31,0.0180,0.022
2.169,-1.72,0.0197,0.022
2.17,-2.97,0.0197,0.019
2.171,-2.97,0.0197,0.016
2.172,-3.28,0.0197,0.013
2.173,-3.12,0.0197,0.009
2.174,-2.34,0.0197,0.007
2.175,-1.56,0.0197,0.005
2.176,-0.94,0.0197,0.004
2.177,0.00,0.0197,0.003
2.178,0.94,0.0197,0.004
2.179,2.03,0.0197,0.005
2.18,3.59,0.0197,0.008
2.181,2.66,0.0197,0.012
2.182,2.19,0.0197,0.013
2.183,2.50,0.0197,0.016
2.184,0.78,0.0192,0.018
2.185,-1.25,0.0181,0.018
2.186,-1.09,0.0181,0.016
2.187,-1.56,0.0181,0.016
2.188,-3.44,0.0181,0.013
2.189,-2.66,0.0181,0.009
2.19,-2.97,0.0181,0.007
2.191,-3.28,0.0181,0.003
2.192,-1.41,0.0181,0.001
2.193,0.00,0.0181,0.000
2.194,0.78,0.0181,0.001
2.195,1.41,0.0181,0.002
2.196,2.50,0.0181,0.003
2.197,3.59,0.0181,0.007
2.198,3.28,0.0181,0.011
2.199,2.03,0.0181,0.013
2.2,1.09,0.0181,0.015
2.201,-0.31,0.0196,0.015
2.202,-1.56,0.0225,0.014
2.203,-2.81,0.0225,0.012
2.204,-3.59,0.0225,0.008
2.205,-3.13,0.0225,0.005
2.206,-3.59,0.0225,0.002
2.207,-4.06,0.0225,-0.002
2.208,-2.50,0.0225,-0.006
2.209,-0.63,0.0225,-0.007
2.21,0.78,0.0225,-0.007
2.211,1.56,0.0225,-0.006
2.212,1.25,0.0225,-0.004
2.213,2.97,0.0225,-0.003
2.214,4.53,0.0225,0.002
2.215,3.44,0.0225,0.006
2.216,2.34,0.0225,0.009
2.217,1.88,0.0225,0.011
2.218,-0.31,0.0216,0.013
2.219,-1.88,0.0197,0.010
2.22,-1.25,0.0197,0.009
2.221,-2.50,0.0197,0.007
2.222,-3.75,0.0197,0.004
2.223,-3.12,0.0197,0.000
2.224,-2.81,0.0197,-0.003
2.225,-2.34,0.0197,-0.006
2.226,-0.78,0.0197,-0.007
2.227,1.09,0.0197,-0.007
2.228,1.56,0.0197,-0.005
2.229,2.34,0.0197,-0.004
2.23,3.75,0.0197,-0.000
2.231,3.12,0.0197,0.003
2.232,2.34,0.0197,0.006
2.233,1.56,0.0197,0.008
2.234,0.16,0.0197,0.009
2.235,-0.62,0.0197,0.008
2.236,-1.41,0.0197,0.008
2.237,-2.50,0.0197,0.006
2.238,-2.66,0.0197,0.003
2.239,-2.81,0.0197,0.000
2.24,-3.28,0.0197,-0.003
2.241,-2.97,0.0197,-0.006
2.242,-2.03,0.0197,-0.009
2.243,-0.94,0.0197,-0.010
2.244,0.47,0.0197,-0.011
2.245,2.19,0.0197,-0.009
2.246,2.97,0.0197,-0.006
2.247,3.75,0.0197,-0.003
2.248,3.75,0.0197,0.001
2.249,2.34,0.0197,0.004
2.25,1.09,0.0197,0.006
2.251,0.16,0.0199,0.006
2.252,-0.94,0.0203,0.006
2.253,-1.72,0.0203,0.004
2.254,-2.19,0.0203,0.003
2.255,-3.59,0.0203,0.000
2.256,-3.44,0.0203,-0.004
2.257,-2.81,0.0203,-0.007
2.258,-2.66,0.0203,-0.010
2.259,-2.03,0.0203,-0.012
2.26,-0.63,0.0203,-0.014
2.261,1.56,0.0203,-0.013
2.262,2.19,0.0203,-0.011
2.263,2.97,0.0203,-0.009
2.264,3.12,0.0203,-0.005
2.265,2.66,0.0203,-0.003
2.266,2.81,0.0203,0.000
2.267,1.87,0.0203,0.003
2.268,0.78,0.0203,0.004
2.269,-0.31,0.0198,0.004
2.27,-1.72,0.0188,0.003
2.271,-2.81,0.0188,0.001
2.272,-2.66,0.0188,-0.002
2.273,-3.13,0.0188,-0.004
2.274,-2.50,0.0188,-0.008
2.275,-1.25,0.0188,-0.009
2.276,-1.09,0.0188,-0.011
2.277,0.16,0.0188,-0.012
2.278,2.03,0.0188,-0.011
2.279,2.97,0.0188,-0.007
2.28,2.81,0.0188,-0.005
2.281,3.28,0.0188,-0.002
2.282,3.28,0.0188,0.002
2.283,2.66,0.0188,0.005
2.284,1.41,0.0188,0.007
2.285,-0.47,0.0188,0.007
2.286,-2.19,0.0188,0.006
2.287,-1.88,0.0188,0.003
2.288,-2.34,0.0188,0.003
2.289,-4.06,0.0188,-0.002
2.29,-3.12,0.0188,-0.006
2.291,-1.88,0.0188,-0.008
2.292,-1.72,0.0188,-0.009
2.293,-0.62,0.0188,-0.011
2.294,1.25,0.0188,-0.011
2.295,1.25,0.0188,-0.009
2.296,2.03,0.0188,-0.008
2.297,3.59,0.0188,-0.005
2.298,3.44,0.0188,-0.001
2.299,2.66,0.0188,0.002
2.3,1.87,0.0188,0.004
2.301,0.78,0.0179,0.006
2.302,-0.78,0.0162,0.006
2.303,-1.09,0.0162,0.004
2.304,-1.87,0.0162,0.004
2.305,-3.12,0.0162,0.001
2.306,-2.50,0.0162,-0.003
2.307,-2.97,0.0162,-0.004
2.308,-2.50,0.0162,-0.008
2.309,-0.16,0.0162,-0.009
2.31,0.63,0.0162,-0.009
2.311,0.78,0.0162,-0.008
2.312,2.66,0.0162,-0.007
2.313,4.06,0.0162,-0.003
2.314,2.66,0.0162,0.001
2.315,2.97,0.0162,0.003
2.316,3.12,0.0162,0.007
2.317,0.94,0.0166,0.009
2.318,-0.16,0.0172,0.009
2.319,-0.47,0.0172,0.008
2.32,-1.88,0.0172,0.008
2.321,-3.12,0.0172,0.005
2.322,-2.66,0.0172,0.002
2.323,-2.19,0.0172,-0.001
2.324,-2.50,0.0172,-0.003
2.325,-2.03,0.0172,-0.006
2.326,-1.41,0.0172,-0.007
2.327,-0.16,0.0172,-0.008
2.328,1.88,0.0172,-0.007
2.329,2.81,0.0172,-0.005
2.33,3.44,0.0172,-0.002
2.331,3.59,0.0172,0.002
2.332,2.50,0.0172,0.006
2.333,1.56,0.0172,0.007
2.334,1.72,0.0172,0.009
2.335,0.47,0.0174,0.011
2.336,-1.41,0.0178,0.010
2.337,-1.88,0.0178,0.008
2.338,-2.34,0.0178,0.006
2.339,-3.44,0.0178,0.003
2.34,-2.97,0.0178,-0.001
2.341,-2.50,0.0178,-0.003
2.342,-1.41,0.0178,-0.006
2.343,0.16,0.0178,-0.006
2.344,0.31,0.0178,-0.006
2.345,1.56,0.0178,-0.005
2.346,3.12,0.0178,-0.003
2.347,3.44,0.0178,0.001
2.348,3.59,0.0178,0.004
2.349,3.75,0.0178,0.008
2.35,2.97,0.0178,0.012
2.351,0.16,0.0182,0.014
2.352,-1.41,0.0191,0.012
2.353,-0.78,0.0191,0.012
2.354,-2.34,0.0191,0.011
2.355,-2.66,0.0191,0.007
2.356,-2.50,0.0191,0.005
2.357,-3.12,0.0191,0.002
2.358,-2.03,0.0191,-0.001
2.359,-1.41,0.0191,-0.002
2.36,-0.63,0.0191,-0.004
2.361,1.25,0.0191,-0.003
2.362,2.81,0.0191,-0.001
2.363,3.28,0.0191,0.002
2.364,3.44,0.0191,0.005
2.365,4.06,0.0191,0.009
2.366,3.13,0.0191,0.013
2.367,1.41,0.0191,0.015
2.368,-0.16,0.0189,0.016
2.369,-1.25,0.0184,0.015
2.37,-2.03,0.0184,0.014
2.371,-3.12,0.0184,0.011
2.372,-2.97,0.0184,0.007
2.373,-2.50,0.0184,0.005
2.374,-2.03,0.0184,0.003
2.375,-2.19,0.0184,0.001
2.376,-1.56,0.0184,-0.002
2.377,0.63,0.0184,-0.002
2.378,1.56,0.0184,-0.001
2.379,2.81,0.0184,0.001
2.38,4.22,0.0184,0.005
2.381,3.28,0.0184,0.009
2.382,2.19,0.0184,0.012
2.383,2.66,0.0184,0.014
2.384,1.56,0.0187,0.017
2.385,-0.78,0.0194,0.017
2.386,-1.25,0.0194,0.015
2.387,-2.19,0.0194,0.014
2.388,-3.59,0.0194,0.011
2.389,-2.66,0.0194,0.007
2.39,-2.50,0.0194,0.006
2.391,-3.44,0.0194,0.002
2.392,-1.87,0.0194,-0.001
2.393,-0.63,0.0194,-0.002
2.394,0.31,0.0194,-0.003
2.395,2.34,0.0194,-0.001
2.396,3.59,0.0194,0.002
2.397,3.13,0.0194,0.006
2.398,3.12,0.0194,0.008
2.399,2.97,0.0194,0.013
2.4,1.56,0.0194,0.014
2.401,0.94,0.0194,0.016
2.402,0.00,0.0191,0.016
2.403,-1.56,0.0184,0.016
2.404,-2.81,0.0184,0.013
2.405,-2.66,0.0184,0.010
2.406,-2.50,0.0184,0.008
2.407,-1.88,0.0184,0.005
2.408,-1.56,0.0184,0.004
2.409,-1.87,0.0184,0.002
2.41,-0.16,0.0184,0.000
2.411,1.41,0.0184,0.002
2.412,2.34,0.0184,0.003
2.413,3.44,0.0184,0.006
2.414,3.59,0.0184,0.010
2.415,3.12,0.0184,0.013
2.416,2.50,0.0184,0.016
2.417,1.25,0.0184,0.018
2.418,0.31,0.0184,0.019
2.419,-0.63,0.0184,0.019
2.42,-0.78,0.0184,0.018
2.421,-2.03,0.0184,0.018
2.422,-4.84,0.0184,0.013
2.423,-3.28,0.0184,0.008
2.424,-1.72,0.0184,0.007
2.425,-2.66,0.0184,0.004
2.426,-1.87,0.0184,0.002
2.427,-0.16,0.0184,0.001
2.428,0.94,0.0184,0.001
2.429,2.50,0.0184,0.003
2.43,4.38,0.0184,0.006
2.431,3.75,0.0184,0.011
2.432,2.81,0.0184,0.014
2.433,2.03,0.0184,0.017
2.434,0.78,0.0184,0.018
2.435,0.16,0.0189,0.018
2.436,-0.78,0.0197,0.018
2.437,-2.81,0.0197,0.017
2.438,-3.75,0.0197,0.013
2.439,-2.97,0.0197,0.009
2.44,-2.97,0.0197,0.007
2.441,-2.34,0.0197,0.003
2.442,-0.94,0.0197,0.002
2.443,-0.78,0.0197,0.002
2.444,0.16,0.0197,0.000
2.445,1.87,0.0197,0.002
2.446,2.97,0.0197,0.004
2.447,3.75,0.0197,0.008
2.448,4.06,0.0197,0.012
2.449,3.75,0.0197,0.016
2.45,2.03,0.0197,0.019
2.451,0.94,0.0197,0.020
2.452,-0.78,0.0193,0.021
2.453,-2.50,0.0184,0.018
2.454,-2.03,0.0184,0.016
2.455,-2.34,0.0184,0.014
2.456,-3.13,0.0184,0.011
2.457,-2.81,0.0184,0.008
2.458,-2.19,0.0184,0.006
2.459,-1.56,0.0184,0.004
2.46,-0.31,0.0184,0.003
2.461,1.88,0.0184,0.003
2.462,2.81,0.0184,0.006
2.463,2.81,0.0184,0.009
2.464,2.50,0.0184,0.012
2.465,2.19,0.0184,0.014
2.466,2.81,0.0184,0.016
2.467,1.41,0.0180,0.019
2.468,-0.94,0.0172,0.019
2.469,-1.41,0.0172,0.018
2.47,-1.41,0.0172,0.016
2.471,-2.50,0.0172,0.015
2.472,-2.81,0.0172,0.011
2.473,-1.88,0.0172,0.009
2.474,-2.66,0.0172,0.007
2.475,-2.50,0.0172,0.004
2.476,-0.78,0.0172,0.003
2.477,0.00,0.0172,0.002
2.478,1.87,0.0172,0.003
2.479,2.66,0.0172,0.006
2.48,2.19,0.0172,0.008
2.481,3.28,0.0172,0.010
2.482,3.59,0.0172,0.014
2.483,2.03,0.0172,0.018
2.484,1.25,0.0172,0.018
2.485,0.78,0.0185,0.020
2.486,-1.56,0.0213,0.020
2.487,-2.19,0.0213,0.017
2.488,-2.34,0.0213,0.016
2.489,-4.06,0.0213,0.012
2.49,-4.37,0.0213,0.007
2.491,-3.28,0.0213,0.003
2.492,-2.34,0.0213,0.001
2.493,-0.78,0.0213,-0.001
2.494,1.72,0.0213,-0.001
2.495,2.50,0.0213,0.002
2.496,2.50,0.0213,0.004
2.497,2.66,0.0213,0.007
2.498,2.34,0.0213,0.010
2.499,1.88,0.0213,0.012
2.5,1.88,0.0213,0.013
2.501,1.25,0.0213,0.016
2.502,-1.41,0.0207,0.016
2.503,-2.81,0.0197,0.013
2.504,-2.19,0.0197,0.010
2.505,-3.28,0.0197,0.008
2.506,-3.59,0.0197,0.004
2.507,-2.34,0.0197,0.001
2.508,-2.50,0.0197,-0.001
2.509,-1.41,0.0197,-0.004
2.51,0.16,0.0197,-0.004
2.511,0.63,0.0197,-0.003
2.512,1.87,0.0197,-0.003
2.513,3.59,0.0197,0.000
2.514,3.59,0.0197,0.005
2.515,3.12,0.0197,0.007
2.516,3.12,0.0197,0.011
2.517,1.25,0.0197,0.014
2.518,0.16,0.0197,0.013
2.519,-0.78,0.0191,0.014
2.52,-2.34,0.0178,0.012
2.521,-2.97,0.0178,0.009
2.522,-3.13,0.0178,0.006
2.523,-3.44,0.0178,0.003
2.524,-2.97,0.0178,-0.001
2.525,-0.94,0.0178,-0.003
2.526,-0.47,0.0178,-0.003
2.527,0.16,0.0178,-0.004
2.528,1.41,0.0178,-0.003
2.529,2.34,0.0178,-0.001
2.53,2.97,0.0178,0.002
2.531,3.13,0.0178,0.005
2.532,3.59,0.0178,0.008
2.533,2.19,0.0178,0.012
2.534,0.47,0.0178,0.013
2.535,-0.16,0.0178,0.013
2.536,-1.87,0.0178,0.013
2.537,-2.66,0.0178,0.009
2.538,-2.34,0.0178,0.007
2.539,-2.66,0.0178,0.005
2.54,-2.66,0.0178,0.002
2.541,-2.66,0.0178,-0.001
2.542,-1.87,0.0178,-0.003
2.543,-0.31,0.0178,-0.004
2.544,1.09,0.0178,-0.004
2.545,1.87,0.0178,-0.002
2.546,2.97,0.0178,-0.000
2.547,4.06,0.0178,0.004
2.548,3.12,0.0178,0.008
2.549,1.88,0.0178,0.010
2.55,1.72,0.0178,0.012
2.551,1.56,0.0178,0.013
2.552,0.00,0.0184,0.015
2.553,-1.88,0.0197,0.013
2.554,-2.66,0.0197,0.011
2.555,-3.28,0.0197,0.008
2.556,-3.44,0.0197,0.004
2.557,-3.12,0.0197,0.001
2.558,-2.19,0.0197,-0.002
2.559,-1.09,0.0197,-0.003
2.56,-0.94,0.0197,-0.004
2.561,0.47,0.0197,-0.005
2.562,2.19,0.0197,-0.003
2.563,2.66,0.0197,-0.001
2.564,2.97,0.0197,0.002
2.565,3.13,0.0197,0.005
2.566,1.87,0.0197,0.008
2.567,1.25,0.0197,0.009
2.568,0.63,0.0197,0.011
2.569,-0.94,0.0197,0.010
2.57,-2.50,0.0197,0.009
2.571,-3.28,0.0197,0.005
2.572,-2.66,0.0197,0.003
2.573,-3.12,0.0197,0.000
2.574,-2.97,0.0197,-0.004
2.575,-2.03,0.0197,-0.006
2.576,-1.41,0.0197,-0.008
2.577,0.31,0.0197,-0.009
2.578,1.88,0.0197,-0.007
2.579,2.19,0.0197,-0.005
2.58,2.97,0.0197,-0.003
2.581,2.97,0.0197,0.001
2.582,2.97,0.0197,0.003
2.583,2.97,0.0197,0.007
2.584,1.72,0.0197,0.009
2.585,-0.31,0.0195,0.010
2.586,-1.56,0.0191,0.008
2.587,-1.56,0.0191,0.007
2.588,-2.03,0.0191,0.005
2.589,-3.12,0.0191,0.003
2.59,-3.44,0.0191,-0.001
2.591,-2.66,0.0191,-0.004
2.592,-1.72,0.0191,-0.006
2.593,-1.25,0.0191,-0.007
2.594,-0.47,0.0191,-0.009
2.595,1.56,0.0191,-0.008
2.596,2.97,0.0191,-0.006
2.597,3.28,0.0191,-0.002
2.598,2.97,0.0191,0.001
2.599,3.44,0.0191,0.004
2.6,2.34,0.0191,0.008
2.601,0.47,0.0191,0.008
2.602,-0.31,0.0183,0.009
2.603,-1.88,0.0169,0.008
2.604,-2.97,0.0169,0.005
2.605,-2.81,0.0169,0.002
2.606,-2.81,0.0169,-0.001
2.607,-2.97,0.0169,-0.004
2.608,-1.56,0.0169,-0.007
2.609,-0.78,0.0169,-0.007
2.61,-0.62,0.0169,-0.008
2.611,1.09,0.0169,-0.008
2.612,2.19,0.0169,-0.006
2.613,2.81,0.0169,-0.004
2.614,4.06,0.0169,-0.000
2.615,3.28,0.0169,0.004
2.616,2.03,0.0169,0.006
2.617,1.72,0.0169,0.008
2.618,0.47,0.0172,0.010
2.619,-1.25,0.0178,0.009
2.62,-1.56,0.0178,0.007
2.621,-2.19,0.0178,0.006
2.622,-3.44,0.0178,0.003
2.623,-3.12,0.0178,-0.001
2.624,-1.87,0.0178,-0.003
2.625,-2.34,0.0178,-0.004
2.626,-1.72,0.0178,-0.008
2.627,0.94,0.0178,-0.008
2.628,1.25,0.0178,-0.006
2.629,2.66,0.0178,-0.005
2.63,3.59,0.0178,-0.001
2.631,2.03,0.0178,0.002
2.632,2.34,0.0178,0.003
2.633,2.97,0.0178,0.007
2.634,1.41,0.0178,0.009
2.635,0.16,0.0183,0.009
2.636,0.00,0.0194,0.009
2.637,-2.19,0.0194,0.009
2.638,-4.22,0.0194,0.005
2.639,-3.44,0.0194,0.001
2.64,-3.28,0.0194,-0.002
2.641,-2.81,0.0194,-0.006
2.642,-1.09,0.0194,-0.007
2.643,-0.16,0.0194,-0.008
2.644,0.94,0.0194,-0.008
2.645,2.66,0.0194,-0.006
2.646,3.28,0.0194,-0.003
2.647,2.97,0.0194,0.001
2.648,3.59,0.0194,0.003
2.649,2.97,0.0194,0.008
2.65,1.88,0.0194,0.009
2.651,1.56,0.0194,0.012
2.652,-0.47,0.0198,0.013
2.653,-2.66,0.0206,0.011
2.654,-2.34,0.0206,0.007
2.655,-2.97,0.0206,0.006
2.656,-3.75,0.0206,0.001
2.657,-2.34,0.0206,-0.002
2.658,-1.72,0.0206,-0.003
2.659,-2.03,0.0206,-0.005
2.66,-0.31,0.0206,-0.007
2.661,1.87,0.0206,-0.006
2.662,2.03,0.0206,-0.004
2.663,3.28,0.0206,-0.002
2.664,3.91,0.0206,0.003
2.665,3.28,0.0206,0.006
2.666,3.44,0.0206,0.009
2.667,2.97,0.0206,0.013
2.668,0.78,0.0194,0.015
2.669,-1.41,0.0169,0.015
2.67,-1.72,0.0169,0.013
2.671,-2.34,0.0169,0.011
2.672,-2.97,0.0169,0.008
2.673,-1.88,0.0169,0.005
2.674,-2.34,0.0169,0.004
2.675,-2.19,0.0169,0.001
2.676,-0.94,0.0169,-0.000
2.677,-0.16,0.0169,-0.001
2.678,1.41,0.0169,-0.001
2.679,2.66,0.0169,0.002
2.68,3.28,0.0169,0.005
2.681,2.66,0.0169,0.008
2.682,2.66,0.0169,0.010
2.683,2.81,0.0169,0.013
2.684,1.72,0.0169,0.016
2.685,0.47,0.0172,0.017
2.686,-1.09,0.0178,0.017
2.687,-2.19,0.0178,0.015
2.688,-2.19,0.0178,0.012
2.689,-2.66,0.0178,0.010
2.69,-3.28,0.0178,0.007
2.691,-2.50,0.0178,0.004
2.692,-2.34,0.0178,0.002
2.693,-0.94,0.0178,-0.001
2.694,1.72,0.0178,0.000
2.695,2.03,0.0178,0.003
2.696,2.66,0.0178,0.004
2.697,3.75,0.0178,0.008
2.698,3.28,0.0178,0.012
2.699,2.66,0.0178,0.014
2.7,2.03,0.0178,0.017
2.701,0.78,0.0182,0.018
2.702,-0.94,0.0191,0.018
2.703,-2.03,0.0191,0.017
2.704,-2.66,0.0191,0.014
2.705,-3.28,0.0191,0.011
2.706,-3.13,0.0191,0.008
2.707,-2.81,0.0191,0.005
2.708,-2.81,0.0191,0.002
2.709,-0.47,0.0191,-0.001
2.71,0.94,0.0191,0.001
2.711,0.94,0.0191,0.001
2.712,2.50,0.0191,0.003
2.713,2.97,0.0191,0.006
2.714,2.97,0.0191,0.009
2.715,3.59,0.0191,0.012
2.716,2.81,0.0191,0.016
2.717,1.88,0.0191,0.018
2.718,0.78,0.0182,0.020
2.719,-0.62,0.0166,0.019
2.72,-1.88,0.0166,0.019
2.721,-3.59,0.0166,0.016
2.722,-2.50,0.0166,0.012
2.723,-2.34,0.0166,0.011
2.724,-3.12,0.0166,0.007
2.725,-1.41,0.0166,0.004
2.726,0.00,0.0166,0.004
2.727,0.00,0.0166,0.004
2.728,1.41,0.0166,0.004
2.729,2.50,0.0166,0.007
2.73,3.28,0.0166,0.009
2.731,3.91,0.0166,0.014
2.732,2.81,0.0166,0.017
2.733,1.88,0.0166,0.019
2.734,1.41,0.0166,0.021
2.735,0.16,0.0168,0.022
2.736,-1.72,0.0172,0.021
2.737,-1.72,0.0172,0.019
2.738,-2.50,0.0172,0.018
2.739,-3.44,0.0172,0.014
2.74,-2.34,0.0172,0.011
2.741,-1.88,0.0172,0.009
2.742,-1.72,0.0172,0.007
2.743,-0.94,0.0172,0.006
2.744,1.25,0.0172,0.005
2.745,2.66,0.0172,0.008
2.746,2.66,0.0172,0.010
2.747,3.28,0.0172,0.013
2.748,3.12,0.0172,0.017
2.749,2.50,0.0172,0.020
2.75,2.03,0.0172,0.022
2.751,0.78,0.0180,0.024
2.752,-0.78,0.0197,0.023
2.753,-1.25,0.0197,0.022
2.754,-2.81,0.0197,0.021
2.755,-3.91,0.0197,0.017
2.756,-2.66,0.0197,0.013
2.757,-2.81,0.0197,0.011
2.758,-3.44,0.0197,0.007
2.759,-1.72,0.0197,0.004
2.76,0.00,0.0197,0.004
2.761,1.41,0.0197,0.004
2.762,2.50,0.0197,0.007
2.763,2.50,0.0197,0.009
2.764,2.81,0.0197,0.012
2.765,3.28,0.0197,0.015
2.766,3.28,0.0197,0.018
2.767,1.56,0.0197,0.022
2.768,0.47,0.0197,0.022
2.769,-0.16,0.0193,0.022
2.77,-2.50,0.0184,0.021
2.771,-3.44,0.0184,0.018
2.772,-3.28,0.0184,0.014
2.773,-3.75,0.0184,0.011
2.774,-2.81,0.0184,0.007
2.775,-1.09,0.0184,0.005
2.776,-0.63,0.0184,0.005
2.777,0.16,0.0184,0.004
2.778,2.81,0.0184,0.005
2.779,3.13,0.0184,0.010
2.78,2.34,0.0184,0.011
2.781,3.12,0.0184,0.014
2.782,2.19,0.0184,0.018
2.783,1.56,0.0184,0.019
2.784,1.72,0.0184,0.021
2.785,0.00,0.0183,0.022
2.786,-1.09,0.0181,0.021
2.787,-1.72,0.0181,0.020
2.788,-3.44,0.0181,0.017
2.789,-3.59,0.0181,0.013
2.79,-2.50,0.0181,0.010
2.791,-2.34,0.0181,0.008
2.792,-1.72,0.0181,0.005
2.793,0.16,0.0181,0.005
2.794,1.25,0.0181,0.006
2.795,1.41,0.0181,0.007
2.796,2.50,0.0181,0.008
2.797,3.28,0.0181,0.012
2.798,3.28,0.0181,0.015
2.799,3.44,0.0181,0.019
2.8,2.03,0.0181,0.022
2.801,0.63,0.0181,0.023
2.802,-0.47,0.0184,0.023
2.803,-1.88,0.0191,0.022
2.804,-2.66,0.0191,0.019
2.805,-2.66,0.0191,0.017
2.806,-2.81,0.0191,0.014
2.807,-3.12,0.0191,0.011
2.808,-2.97,0.0191,0.008
2.809,-1.41,0.0191,0.005
2.81,-0.47,0.0191,0.005
2.811,1.09,0.0191,0.004
2.812,2.97,0.0191,0.007
2.813,2.81,0.0191,0.010
2.814,2.97,0.0191,0.013
2.815,2.81,0.0191,0.016
2.816,1.56,0.0191,0.018
2.817,1.72,0.0191,0.019
2.818,1.25,0.0191,0.022
2.819,-0.62,0.0191,0.022
2.82,-2.03,0.0191,0.021
2.821,-2.66,0.0191,0.018
2.822,-3.59,0.0191,0.015
2.823,-4.06,0.0191,0.010
2.824,-2.81,0.0191,0.007
2.825,-1.72,0.0191,0.005
2.826,-0.94,0.0191,0.004
2.827,0.00,0.0191,0.003
2.828,1.41,0.0191,0.004
2.829,2.66,0.0191,0.006
2.83,3.75,0.0191,0.009
2.831,2.81,0.0191,0.013
2.832,2.19,0.0191,0.015
2.833,1.72,0.0191,0.018
2.834,0.47,0.0191,0.018
2.835,-0.16,0.0190,0.018
2.836,-0.94,0.0187,0.018
2.837,-2.03,0.0187,0.017
2.838,-3.44,0.0187,0.014
2.839,-3.12,0.0187,0.010
2.84,-2.97,0.0187,0.007
2.841,-3.12,0.0187,0.004
2.842,-1.87,0.0187,0.001
2.843,-0.78,0.0187,0.000
2.844,1.56,0.0187,-0.000
2.845,3.12,0.0187,0.003
2.846,2.50,0.0187,0.006
2.847,2.34,0.0187,0.008
2.848,2.97,0.0187,0.011
2.849,2.81,0.0187,0.014
2.85,1.41,0.0187,0.016
2.851,0.94,0.0187,0.017
2.852,0.47,0.0186,0.018
2.853,-1.25,0.0184,0.018
2.854,-2.50,0.0184,0.016
2.855,-3.12,0.0184,0.013
2.856,-3.91,0.0184,0.009
2.857,-2.97,0.0184,0.005
2.858,-1.72,0.0184,0.003
2.859,-1.41,0.0184,0.002
2.86,0.00,0.0184,0.001
2.861,1.25,0.0184,0.002
2.862,2.34,0.0184,0.003
2.863,3.59,0.0184,0.006
2.864,3.75,0.0184,0.010
2.865,3.28,0.0184,0.014
2.866,2.66,0.0184,0.017
2.867,1.72,0.0184,0.019
2.868,0.16,0.0189,0.020
2.869,-1.56,0.0197,0.019
2.87,-1.88,0.0197,0.017
2.871,-2.66,0.0197,0.016
2.872,-4.06,0.0197,0.012
2.873,-3.59,0.0197,0.007
2.874,-2.97,0.0197,0.005
2.875,-1.72,0.0197,0.002
2.876,-0.47,0.0197,0.001
2.877,0.00,0.0197,0.001
2.878,1.56,0.0197,0.001
2.879,3.28,0.0197,0.004
2.88,3.28,0.0197,0.008
2.881,2.34,0.0197,0.010
2.882,2.66,0.0197,0.013
2.883,2.81,0.0197,0.016
2.884,1.41,0.0197,0.018
2.885,-0.47,0.0189,0.018
2.886,-0.78,0.0172,0.017
2.887,-1.72,0.0172,0.017
2.888,-2.97,0.0172,0.014
2.889,-2.81,0.0172,0.011
2.89,-2.81,0.0172,0.008
2.891,-2.66,0.0172,0.005
2.892,-1.87,0.0172,0.003
2.893,-0.16,0.0172,0.002
2.894,0.94,0.0172,0.003
2.895,1.56,0.0172,0.003
2.896,2.50,0.0172,0.006
2.897,3.44,0.0172,0.008
2.898,3.44,0.0172,0.013
2.899,2.34,0.0172,0.015
2.9,1.72,0.0172,0.017
2.901,1.41,0.0172,0.019
2.902,-0.94,0.0180,0.020
2.903,-2.03,0.0197,0.017
2.904,-1.88,0.0197,0.016
2.905,-2.81,0.0197,0.013
2.906,-2.97,0.0197,0.010
2.907,-3.28,0.0197,0.007
2.908,-2.66,0.0197,0.004
2.909,-1.72,0.0197,0.002
2.91,-0.16,0.0197,0.000
2.911,1.09,0.0197,0.002
2.912,1.87,0.0197,0.003
2.913,3.12,0.0197,0.005
2.914,3.44,0.0197,0.009
2.915,3.28,0.0197,0.012
2.916,2.81,0.0197,0.015
2.917,2.03,0.0197,0.018
2.918,-0.16,0.0197,0.019
2.919,-1.41,0.0197,0.018
2.92,-1.56,0.0197,0.017
2.921,-2.66,0.0197,0.014
2.922,-3.13,0.0197,0.011
2.923,-2.66,0.0197,0.008
2.924,-2.66,0.0197,0.006
2.925,-2.19,0.0197,0.003
2.926,-1.09,0.0197,0.002
2.927,-0.94,0.0197,0.001
2.928,1.87,0.0197,-0.000
2.929,4.06,0.0197,0.004
2.93,2.97,0.0197,0.008
2.931,3.28,0.0197,0.010
2.932,3.75,0.0197,0.014
2.933,1.72,0.0197,0.018
2.934,0.16,0.0197,0.018
2.935,-0.31,0.0193,0.018
2.936,-1.41,0.0184,0.017
2.937,-1.56,0.0184,0.015
2.938,-2.81,0.0184,0.014
2.939,-4.69,0.0184,0.010
2.94,-3.75,0.0184,0.005
2.941,-1.41,0.0184,0.002
2.942,-1.25,0.0184,0.002
2.943,-0.94,0.0184,-0.000
2.944,1.25,0.0184,0.000
2.945,1.72,0.0184,0.002
2.946,2.34,0.0184,0.003
2.947,3.91,0.0184,0.007
2.948,3.59,0.0184,0.011
2.949,2.34,0.0184,0.014
2.95,1.88,0.0184,0.016
2.951,0.63,0.0181,0.018
2.952,-0.94,0.0175,0.017
2.953,-1.72,0.0175,0.016
2.954,-2.50,0.0175,0.014
2.955,-3.28,0.0175,0.011
2.956,-2.34,0.0175,0.007
2.957,-1.72,0.0175,0.006
2.958,-2.97,0.0175,0.004
2.959,-1.25,0.0175,0.000
2.96,0.78,0.0175,0.001
2.961,1.09,0.0175,0.002
2.962,2.19,0.0175,0.003
2.963,2.81,0.0175,0.006
2.964,2.81,0.0175,0.009
2.965,3.13,0.0175,0.012
2.966,2.50,0.0175,0.015
2.967,0.78,0.0175,0.017
2.968,0.47,0.0175,0.017
2.969,0.16,0.0174,0.018
2.97,-1.72,0.0172,0.017
2.971,-2.66,0.0172,0.014
2.972,-2.66,0.0172,0.012
2.973,-3.28,0.0172,0.009
2.974,-3.28,0.0172,0.005
2.975,-1.56,0.0172,0.003
2.976,-0.31,0.0172,0.002
2.977,0.47,0.0172,0.002
2.978,2.19,0.0172,0.003
2.979,2.66,0.0172,0.006
2.98,3.59,0.0172,0.008
2.981,4.22,0.0172,0.013
2.982,2.81,0.0172,0.017
2.983,2.19,0.0172,0.019
2.984,0.94,0.0176,0.021
2.985,-0.78,0.0184,0.021
2.986,-1.09,0.0184,0.020
2.987,-2.34,0.0184,0.019
2.988,-3.91,0.0184,0.015
2.989,-3.59,0.0184,0.011
2.99,-2.34,0.0184,0.008
2.991,-2.19,0.0184,0.006
2.992,-1.72,0.0184,0.003
2.993,0.16,0.0184,0.003
2.994,0.78,0.0184,0.004
2.995,1.56,0.0184,0.004
2.996,3.28,0.0184,0.007
2.997,3.28,0.0184,0.011
2.998,2.81,0.0184,0.013
2.999,3.12,0.0184,0.017
3,2.34,0.0184,0.020
3.001,0.78,0.0184,0.021
3.002,-0.16,0.0184,0.021
3.003,-1.25,0.0184,0.021
3.004,-3.28,0.0184,0.019
3.005,-3.44,0.0184,0.014
3.006,-2.66,0.0184,0.012
3.007,-3.28,0.0184,0.009
3.008,-2.34,0.0184,0.005
3.009,-1.25,0.0184,0.004
3.01,-0.78,0.0184,0.003
3.011,0.78,0.0184,0.003
3.012,2.34,0.0184,0.004
3.013,3.59,0.0184,0.007
3.014,3.59,0.0184,0.012
3.015,3.12,0.0184,0.015
3.016,2.03,0.0184,0.018
3.017,1.41,0.0184,0.019
3.018,1.09,0.0184,0.021
3.019,-0.78,0.0182,0.021
3.02,-2.50,0.0178,0.019
3.021,-2.66,0.0178,0.016
3.022,-3.59,0.0178,0.014
3.023,-3.28,0.0178,0.009
3.024,-1.41,0.0178,0.007
3.025,-1.88,0.0178,0.006
3.026,-1.41,0.0178,0.003
3.027,0.47,0.0178,0.003
3.028,1.87,0.0178,0.004
3.029,2.34,0.0178,0.007
3.03,3.28,0.0178,0.009
3.031,3.59,0.0178,0.013
3.032,2.97,0.0178,0.016
3.033,2.97,0.0178,0.019
3.034,1.41,0.0178,0.022
3.035,-0.31,0.0178,0.022
3.036,-0.62,0.0178,0.022
3.037,-1.56,0.0178,0.021
3.038,-2.97,0.0178,0.018
3.039,-2.81,0.0178,0.015
3.04,-2.97,0.0178,0.013
3.041,-3.75,0.0178,0.009
3.042,-2.34,0.0178,0.005
3.043,0.16,0.0178,0.004
3.044,0.94,0.0178,0.006
3.045,2.03,0.0178,0.006
3.046,2.97,0.0178,0.010
3.047,2.50,0.0178,0.012
3.048,2.81,0.0178,0.015
3.049,2.97,0.0178,0.018
3.05,2.03,0.0178,0.021
3.051,1.87,0.0178,0.022
3.052,0.94,0.0181,0.024
3.053,-1.72,0.0187,0.024
3.054,-2.66,0.0187,0.021
3.055,-2.97,0.0187,0.018
3.056,-3.75,0.0187,0.015
3.057,-3.44,0.0187,0.011
3.058,-2.03,0.0187,0.008
3.059,-1.25,0.0187,0.007
3.06,-0.47,0.0187,0.006
3.061,1.41,0.0187,0.006
3.062,2.50,0.0187,0.008
3.063,3.28,0.0187,0.011
3.064,4.22,0.0187,0.015
3.065,3.59,0.0187,0.019
3.066,2.50,0.0187,0.022
3.067,1.72,0.0187,0.024
3.068,0.31,0.0185,0.026
3.069,-1.09,0.0181,0.025
3.07,-1.56,0.0181,0.023
3.071,-2.34,0.0181,0.022
3.072,-2.97,0.0181,0.019
3.073,-3.13,0.0181,0.016
3.074,-3.12,0.0181,0.013
3.075,-2.34,0.0181,0.010
3.076,-1.09,0.0181,0.008
3.077,0.78,0.0181,0.007
3.078,1.41,0.0181,0.009
3.079,2.19,0.0181,0.010
3.08,3.44,0.0181,0.014
3.081,2.81,0.0181,0.017
3.082,2.81,0.0181,0.019
3.083,2.81,0.0181,0.023
3.084,1.72,0.0181,0.025
3.085,-0.16,0.0180,0.026
3.086,-1.56,0.0178,0.025
3.087,-2.50,0.0178,0.023
3.088,-3.75,0.0178,0.020
3.089,-2.81,0.0178,0.016
3.09,-2.34,0.0178,0.014
3.091,-2.50,0.0178,0.011
3.092,-0.94,0.0178,0.009
3.093,-0.31,0.0178,0.009
3.094,0.47,0.0178,0.008
3.095,2.03,0.0178,0.010
3.096,3.28,0.0178,0.013
3.097,3.75,0.0178,0.017
3.098,3.28,0.0178,0.020
3.099,2.19,0.0178,0.023
3.1,1.25,0.0178,0.024
3.101,1.25,0.0178,0.026
3.102,0.16,0.0181,0.027
3.103,-1.88,0.0188,0.026
3.104,-3.12,0.0188,0.023
3.105,-3.44,0.0188,0.020
3.106,-3.44,0.0188,0.016
3.107,-2.19,0.0188,0.013
3.108,-1.56,0.0188,0.012
3.109,-1.88,0.0188,0.010
3.11,-0.16,0.0188,0.008
3.111,1.41,0.0188,0.009
3.112,2.19,0.0188,0.011
3.113,3.28,0.0188,0.014
3.114,3.75,0.0188,0.018
3.115,3.28,0.0188,0.021
3.116,2.19,0.0188,0.024
3.117,1.25,0.0188,0.026
3.118,0.31,0.0174,0.027
3.119,-0.78,0.0147,0.026
3.12,-1.41,0.0147,0.025
3.121,-2.81,0.0147,0.023
3.122,-3.28,0.0147,0.019
3.123,-2.03,0.0147,0.017
3.124,-2.50,0.0147,0.015
3.125,-1.72,0.0147,0.012
3.126,0.16,0.0147,0.012
3.127,0.47,0.0147,0.012
3.128,1.56,0.0147,0.013
3.129,2.97,0.0147,0.015
3.13,3.12,0.0147,0.019
3.131,2.97,0.0147,0.022
3.132,3.44,0.0147,0.025
3.133,1.72,0.0167,0.028
3.134,0.00,0.0206,0.028
3.135,-0.47,0.0206,0.028
3.136,-1.88,0.0206,0.027
3.137,-2.19,0.0206,0.025
3.138,-2.50,0.0206,0.023
3.139,-3.44,0.0206,0.020
3.14,-3.59,0.0206,0.016
3.141,-3.12,0.0206,0.013
3.142,-2.34,0.0206,0.010
3.143,-0.62,0.0206,0.008
3.144,1.09,0.0206,0.008
3.145,1.72,0.0206,0.010
3.146,2.50,0.0206,0.012
3.147,3.44,0.0206,0.015
3.148,3.44,0.0206,0.019
3.149,2.97,0.0206,0.022
3.15,2.50,0.0206,0.025
3.151,1.09,0.0200,0.027
3.152,-0.63,0.0188,0.027
3.153,-1.56,0.0188,0.026
3.154,-2.66,0.0188,0.024
3.155,-3.91,0.0188,0.020
3.156,-3.59,0.0188,0.016
3.157,-2.66,0.0188,0.013
3.158,-2.50,0.0188,0.011
3.159,-0.94,0.0188,0.008
3.16,0.63,0.0188,0.009
3.161,0.78,0.0188,0.009
3.162,2.34,0.0188,0.010
3.163,3.28,0.0188,0.014
3.164,3.44,0.0188,0.017
3.165,3.75,0.0188,0.021
3.166,3.12,0.0188,0.024
3.167,1.09,0.0184,0.027
3.168,-0.47,0.0178,0.027
3.169,-0.78,0.0178,0.026
3.17,-1.25,0.0178,0.025
3.171,-1.56,0.0178,0.024
3.172,-2.50,0.0178,0.022
3.173,-3.44,0.0178,0.019
3.174,-3.13,0.0178,0.015
3.175,-1.56,0.0178,0.013
3.176,-1.09,0.0178,0.012
3.177,-0.31,0.0178,0.010
3.178,1.72,0.0178,0.011
3.179,2.97,0.0178,0.014
3.18,3.75,0.0178,0.017
3.181,4.06,0.0178,0.021
3.182,3.44,0.0178,0.025
3.183,2.50,0.0178,0.028
3.184,0.94,0.0182,0.030
3.185,-0.78,0.0191,0.030
3.186,-1.56,0.0191,0.029
3.187,-1.72,0.0191,0.027
3.188,-2.34,0.0191,0.025
3.189,-3.59,0.0191,0.022
3.19,-3.44,0.0191,0.018
3.191,-2.81,0.0191,0.015
3.192,-2.03,0.0191,0.013
3.193,0.16,0.0191,0.011
3.194,0.78,0.0191,0.013
3.195,1.72,0.0191,0.013
3.196,3.13,0.0191,0.016
3.197,3.44,0.0191,0.019
3.198,2.97,0.0191,0.023
3.199,2.66,0.0191,0.025
3.2,1.88,0.0191,0.028
3.201,0.00,0.0193,0.029
3.202,-0.78,0.0197,0.028
3.203,-1.25,0.0197,0.027
3.204,-2.66,0.0197,0.026
3.205,-4.53,0.0197,0.022
3.206,-3.91,0.0197,0.017
3.207,-2.34,0.0197,0.014
3.208,-2.03,0.0197,0.012
3.209,-1.56,0.0197,0.010
3.21,-0.31,0.0197,0.009
3.211,0.94,0.0197,0.009
3.212,2.34,0.0197,0.011
3.213,3.13,0.0197,0.014
3.214,3.59,0.0197,0.017
3.215,3.75,0.0197,0.021
3.216,2.34,0.0197,0.025
3.217,1.41,0.0197,0.026
3.218,0.63,0.0194,0.028
3.219,-1.09,0.0188,0.027
3.22,-1.88,0.0188,0.025
3.221,-3.12,0.0188,0.023
3.222,-4.22,0.0188,0.019
3.223,-3.44,0.0188,0.015
3.224,-2.19,0.0188,0.012
3.225,-1.72,0.0188,0.011
3.226,-0.94,0.0188,0.009
3.227,0.78,0.0188,0.009
3.228,1.72,0.0188,0.010
3.229,2.19,0.0188,0.012
3.23,2.97,0.0188,0.015
3.231,3.59,0.0188,0.018
3.232,2.50,0.0188,0.022
3.233,2.03,0.0188,0.023
3.234,2.03,0.0188,0.026
3.235,-0.62,0.0189,0.027
3.236,-2.50,0.0191,0.025
3.237,-2.97,0.0191,0.022
3.238,-3.44,0.0191,0.019
3.239,-2.66,0.0191,0.015
3.24,-1.88,0.0191,0.013
3.241,-1.88,0.0191,0.012
3.242,-1.72,0.0191,0.010
3.243,-0.47,0.0191,0.008
3.244,0.00,0.0173,0.009
3.245,0.62,0.0137,0.008
3.246,2.50,0.0137,0.010
3.247,2.50,0.0137,0.013
3.248,2.50,0.0137,0.015
3.249,3.44,0.0137,0.018
3.25,2.50,0.0137,0.022
3.251,0.47,0.0156,0.023
3.252,0.00,0.0194,0.023
3.253,-1.41,0.0194,0.023
3.254,-3.44,0.0194,0.020
3.255,-2.97,0.0194,0.016
3.256,-2.81,0.0194,0.014
3.257,-3.44,0.0194,0.011
3.258,-2.19,0.0194,0.007
3.259,-1.72,0.0194,0.006
3.26,-0.78,0.0194,0.004
3.261,1.56,0.0194,0.005
3.262,2.81,0.0194,0.007
3.263,3.44,0.0194,0.010
3.264,3.12,0.0194,0.014
3.265,2.97,0.0194,0.017
3.266,2.66,0.0194,0.020
3.267,1.72,0.0194,0.022
3.268,-0.16,0.0197,0.023
3.269,-1.56,0.0203,0.022
3.27,-2.50,0.0203,0.020
3.271,-2.66,0.0203,0.017
3.272,-2.50,0.0203,0.015
3.273,-3.12,0.0203,0.012
3.274,-2.81,0.0203,0.008
3.275,-2.81,0.0203,0.006
3.276,-1.41,0.0203,0.003
3.277,0.94,0.0203,0.003
3.278,2.03,0.0203,0.005
3.279,2.34,0.0203,0.007
3.28,3.75,0.0203,0.009
3.281,3.44,0.0203,0.015
3.282,2.34,0.0203,0.016
3.283,2.97,0.0203,0.019
3.284,1.56,0.0203,0.022
3.285,-0.31,0.0195,0.022
3.286,-1.09,0.0178,0.022
3.287,-2.34,0.0178,0.020
3.288,-2.50,0.0178,0.017
3.289,-2.19,0.0178,0.015
3.29,-4.06,0.0178,0.013
3.291,-3.44,0.0178,0.007
3.292,-0.94,0.0178,0.006
3.293,-0.31,0.0178,0.005
3.294,1.56,0.0178,0.005
3.295,2.97,0.0178,0.008
3.296,1.87,0.0178,0.011
3.297,1.88,0.0178,0.012
3.298,3.12,0.0178,0.015
3.299,3.13,0.0178,0.018
3.3,2.19,0.0178,0.021
3.301,1.25,0.0178,0.023
3.302,-0.47,0.0186,0.023
3.303,-2.19,0.0203,0.022
3.304,-3.28,0.0203,0.019
3.305,-4.06,0.0203,0.015
3.306,-3.28,0.0203,0.011
3.307,-2.34,0.0203,0.009
3.308,-2.03,0.0203,0.006
3.309,-1.56,0.0203,0.005
3.31,-0.47,0.0203,0.003
3.311,0.47,0.0203,0.004
3.312,1.72,0.0203,0.004
3.313,3.13,0.0203,0.007
3.314,3.91,0.0203,0.010
3.315,3.44,0.0203,0.015
3.316,2.97,0.0203,0.017
3.317,2.34,0.0203,0.021
3.318,-0.16,0.0195,0.022
3.319,-1.09,0.0178,0.021
3.32,-1.88,0.0178,0.020
3.321,-3.12,0.0178,0.017
3.322,-3.28,0.0178,0.013
3.323,-2.03,0.0178,0.010
3.324,-2.19,0.0178,0.009
3.325,-2.50,0.0178,0.006
3.326,-0.62,0.0178,0.004
3.327,-0.16,0.0178,0.005
3.328,0.78,0.0178,0.004
3.329,2.97,0.0178,0.006
3.33,3.44,0.0178,0.010
3.331,2.97,0.0178,0.013
3.332,2.50,0.0178,0.016
3.333,2.03,0.0178,0.018
3.334,1.41,0.0178,0.020
3.335,-0.47,0.0180,0.021
3.336,-1.72,0.0184,0.019
3.337,-2.03,0.0184,0.018
3.338,-2.34,0.0184,0.015
3.339,-3.12,0.0184,0.013
3.34,-3.59,0.0184,0.009
3.341,-2.81,0.0184,0.006
3.342,-1.56,0.0184,0.003
3.343,0.16,0.0184,0.003
3.344,1.88,0.0184,0.003
3.345,2.81,0.0184,0.006
3.346,2.97,0.0184,0.009
3.347,3.28,0.0184,0.012
3.348,3.12,0.0184,0.016
3.349,2.19,0.0184,0.018
3.35,1.25,0.0184,0.020
3.351,0.78,0.0184,0.021
3.352,-0.16,0.0181,0.022
3.353,-1.56,0.0175,0.021
3.354,-2.19,0.0175,0.018
3.355,-3.28,0.0175,0.016
3.356,-3.59,0.0175,0.012
3.357,-2.50,0.0175,0.009
3.358,-2.19,0.0175,0.007
3.359,-1.41,0.0175,0.005
3.36,0.47,0.0175,0.004
3.361,1.25,0.0175,0.006
3.362,2.34,0.0175,0.007
3.363,3.44,0.0175,0.010
3.364,2.66,0.0175,0.013
3.365,2.50,0.0175,0.016
3.366,2.19,0.0175,0.018
3.367,1.56,0.0175,0.020
3.368,0.16,0.0182,0.022
3.369,-0.78,0.0197,0.020
3.37,-1.72,0.0197,0.020
3.371,-2.81,0.0197,0.017
3.372,-2.50,0.0197,0.014
3.373,-2.81,0.0197,0.012
3.374,-2.81,0.0197,0.009
3.375,-2.03,0.0197,0.006
3.376,-0.94,0.0197,0.005
3.377,0.16,0.0197,0.004
3.378,1.72,0.0197,0.005
3.379,3.44,0.0197,0.008
3.38,3.75,0.0197,0.012
3.381,3.28,0.0197,0.015
3.382,3.59,0.0197,0.018
3.383,2.81,0.0197,0.022
3.384,1.72,0.0197,0.024
3.385,0.00,0.0196,0.026
3.386,-2.50,0.0194,0.024
3.387,-2.81,0.0194,0.021
3.388,-2.03,0.0194,0.018
3.389,-2.34,0.0194,0.017
3.39,-2.50,0.0194,0.014
3.391,-2.19,0.0194,0.012
3.392,-2.34,0.0194,0.009
3.393,-1.41,0.0194,0.007
3.394,1.09,0.0194,0.007
3.395,1.88,0.0194,0.009
3.396,2.66,0.0194,0.010
3.397,3.75,0.0194,0.015
3.398,2.50,0.0194,0.018
3.399,2.50,0.0194,0.020
3.4,2.66,0.0194,0.023
3.401,1.25,0.0194,0.025
3.402,-0.94,0.0191,0.025
3.403,-2.03,0.0184,0.023
3.404,-2.66,0.0184,0.021
3.405,-3.91,0.0184,0.018
3.406,-2.81,0.0184,0.013
3.407,-2.19,0.0184,0.012
3.408,-2.19,0.0184,0.009
3.409,-1.09,0.0184,0.008
3.41,0.16,0.0184,0.007
3.411,1.72,0.0184,0.008
3.412,2.66,0.0184,0.010
3.413,3.12,0.0184,0.013
3.414,2.34,0.0184,0.017
3.415,1.88,0.0184,0.018
3.416,2.19,0.0184,0.020
3.417,1.56,0.0184,0.022
3.418,0.31,0.0182,0.023
3.419,-1.09,0.0178,0.023
3.42,-1.72,0.0178,0.021
3.421,-2.19,0.0178,0.020
3.422,-3.44,0.0178,0.017
3.423,-3.75,0.0178,0.013
3.424,-2.34,0.0178,0.009
3.425,-1.25,0.0178,0.008
3.426,-1.25,0.0178,0.007
3.427,0.16,0.0178,0.006
3.428,0.94,0.0178,0.007
3.429,1.72,0.0178,0.007
3.43,3.59,0.0178,0.011
3.431,3.91,0.0178,0.015
3.432,2.97,0.0178,0.018
3.433,2.34,0.0178,0.021
3.434,2.34,0.0178,0.023
3.435,-0.31,0.0186,0.025
3.436,-2.19,0.0203,0.022
3.437,-1.88,0.0203,0.021
3.438,-3.28,0.0203,0.019
3.439,-3.44,0.0203,0.014
3.44,-2.66,0.0203,0.012
3.441,-2.81,0.0203,0.009
3.442,-2.03,0.0203,0.006
3.443,-0.63,0.0203,0.005
3.444,0.63,0.0203,0.005
3.445,1.41,0.0203,0.006
3.446,2.50,0.0203,0.008
3.447,2.97,0.0203,0.011
3.448,2.66,0.0203,0.014
3.449,3.12,0.0203,0.017
3.45,2.66,0.0203,0.020
3.451,1.41,0.0203,0.022
3.452,0.00,0.0194,0.023
3.453,-1.72,0.0175,0.022
3.454,-2.50,0.0175,0.019
3.455,-2.50,0.0175,0.017
3.456,-3.13,0.0175,0.014
3.457,-2.81,0.0175,0.011
3.458,-1.56,0.0175,0.009
3.459,-1.72,0.0175,0.007
3.46,-1.09,0.0175,0.005
3.461,0.47,0.0175,0.005
3.462,2.34,0.0175,0.006
3.463,3.44,0.0175,0.010
3.464,4.22,0.0175,0.013
3.465,4.22,0.0175,0.018
3.466,2.03,0.0175,0.022
3.467,1.88,0.0175,0.022
3.468,0.94,0.0186,0.025
3.469,-1.41,0.0209,0.024
3.47,-1.72,0.0209,0.022
3.471,-2.19,0.0209,0.021
3.472,-3.28,0.0209,0.018
3.473,-3.28,0.0209,0.014
3.474,-2.19,0.0209,0.012
3.475,-2.19,0.0209,0.010
3.476,-1.09,0.0209,0.007
3.477,1.56,0.0209,0.008
3.478,2.34,0.0209,0.010
3.479,2.34,0.0209,0.013
3.48,3.91,0.0209,0.015
3.481,3.91,0.0209,0.020
3.482,2.97,0.0209,0.023
3.483,2.66,0.0209,0.026
3.484,1.09,0.0209,0.028
3.485,-0.47,0.0202,0.028
3.486,-1.88,0.0188,0.027
3.487,-2.81,0.0188,0.025
3.488,-3.28,0.0188,0.022
3.489,-2.97,0.0188,0.018
3.49,-2.34,0.0188,0.016
3.491,-2.34,0.0188,0.013
3.492,-1.56,0.0188,0.011
3.493,-0.62,0.0188,0.010
3.494,0.00,0.0188,0.010
3.495,1.56,0.0188,0.010
3.496,3.12,0.0188,0.013
3.497,2.81,0.0188,0.017
3.498,2.66,0.0188,0.018
3.499,2.97,0.0188,0.022
3.5,1.88,0.0188,0.024
3.501,1.09,0.0188,0.026
3.502,0.31,0.0190,0.027
3.503,-1.09,0.0194,0.026
3.504,-3.12,0.0194,0.024
3.505,-3.91,0.0194,0.020
3.506,-3.59,0.0194,0.017
3.507,-2.34,0.0194,0.013
3.508,-1.72,0.0194,0.012
3.509,-1.72,0.0194,0.009
3.51,0.31,0.0194,0.008
3.511,1.41,0.0194,0.010
3.512,2.66,0.0194,0.011
3.513,3.59,0.0194,0.015
3.514,3.59,0.0194,0.018
3.515,2.66,0.0194,0.022
3.516,2.66,0.0194,0.024
3.517,3.12,0.0194,0.028
3.518,0.78,0.0200,0.030
3.519,-0.94,0.0212,0.029
3.52,-2.50,0.0212,0.028
3.521,-3.75,0.0212,0.024
3.522,-3.59,0.0212,0.021
3.523,-2.81,0.0212,0.017
3.524,-2.97,0.0212,0.015
3.525,-2.66,0.0212,0.011
3.526,-1.25,0.0212,0.010
3.527,0.62,0.0212,0.009
3.528,2.34,0.0212,0.011
3.529,2.81,0.0212,0.013
3.53,3.44,0.0212,0.017
3.531,3.28,0.0212,0.020
3.532,3.59,0.0212,0.023
3.533,2.19,0.0212,0.028
3.534,0.31,0.0212,0.028
3.535,0.31,0.0208,0.028
3.536,-1.41,0.0200,0.028
3.537,-3.44,0.0200,0.025
3.538,-3.44,0.0200,0.021
3.539,-3.44,0.0200,0.018
3.54,-3.75,0.0200,0.014
3.541,-2.34,0.0200,0.011
3.542,-0.78,0.0200,0.010
3.543,-0.78,0.0200,0.009
3.544,-0.31,0.0200,0.008
3.545,1.25,0.0200,0.009
3.546,2.34,0.0200,0.011
3.547,3.59,0.0200,0.013
3.548,3.12,0.0200,0.018
3.549,2.50,0.0200,0.020
3.55,2.81,0.0200,0.023
3.551,1.09,0.0203,0.025
3.552,-1.25,0.0209,0.025
3.553,-2.66,0.0209,0.023
3.554,-3.13,0.0209,0.020
3.555,-3.44,0.0209,0.017
3.556,-3.75,0.0209,0.013
3.557,-2.81,0.0209,0.009
3.558,-1.87,0.0209,0.007
3.559,-1.41,0.0209,0.005
3.56,0.31,0.0209,0.004
3.561,1.41,0.0209,0.006
3.562,2.03,0.0209,0.007
3.563,3.28,0.0209,0.010
3.564,2.81,0.0209,0.014
3.565,2.81,0.0209,0.016
3.566,2.81,0.0209,0.019
3.567,1.88,0.0209,0.021
3.568,0.63,0.0201,0.023
3.569,-0.63,0.0184,0.022
3.57,-1.88,0.0184,0.022
3.571,-3.12,0.0184,0.019
3.572,-2.97,0.0184,0.016
3.573,-3.28,0.0184,0.013
3.574,-3.44,0.0184,0.009
3.575,-1.72,0.0184,0.006
3.576,-0.62,0.0184,0.006
3.577,0.47,0.0184,0.005
3.578,2.03,0.0184,0.007
3.579,2.34,0.0184,0.009
3.58,2.66,0.0184,0.011
3.581,3.44,0.0184,0.014
3.582,3.44,0.0184,0.018
3.583,2.03,0.0184,0.021
3.584,1.41,0.0184,0.022
3.585,0.78,0.0185,0.024
3.586,-2.03,0.0188,0.024
3.587,-3.12,0.0188,0.020
3.588,-2.66,0.0188,0.018
3.589,-3.44,0.0188,0.014
3.59,-2.81,0.0188,0.011
3.591,-1.72,0.0188,0.009
3.592,-1.88,0.0188,0.007
3.593,-0.78,0.0188,0.005
3.594,1.41,0.0188,0.006
3.595,1.56,0.0188,0.008
3.596,1.56,0.0188,0.009
3.597,3.44,0.0188,0.011
3.598,3.59,0.0188,0.016
3.599,2.66,0.0188,0.018
3.6,2.81,0.0188,0.021
3.601,0.94,0.0192,0.024
3.602,-0.78,0.0200,0.023
3.603,-1.09,0.0200,0.022
3.604,-2.19,0.0200,0.021
3.605,-3.91,0.0200,0.018
3.606,-3.91,0.0200,0.013
3.607,-3.28,0.0200,0.010
3.608,-2.81,0.0200,0.006
3.609,-1.25,0.0200,0.004
3.61,-0.31,0.0200,0.004
3.611,0.63,0.0200,0.004
3.612,2.34,0.0200,0.005
3.613,3.28,0.0200,0.008
3.614,2.97,0.0200,0.012
3.615,3.75,0.0200,0.014
3.616,3.44,0.0200,0.019
3.617,1.09,0.0200,0.021
3.618,0.16,0.0200,0.021
3.619,-1.09,0.0205,0.022
3.62,-2.03,0.0216,0.019
3.621,-2.34,0.0216,0.018
3.622,-3.75,0.0216,0.014
3.623,-3.91,0.0216,0.010
3.624,-3.28,0.0216,0.007
3.625,-2.50,0.0216,0.003
3.626,-1.72,0.0216,0.002
3.627,0.00,0.0216,0.000
3.628,1.87,0.0216,0.002
3.629,1.87,0.0216,0.004
3.63,2.81,0.0216,0.005
3.631,3.91,0.0216,0.009
3.632,3.28,0.0216,0.013
3.633,2.34,0.0216,0.016
3.634,1.88,0.0216,0.018
3.635,0.63,0.0201,0.020
3.636,-0.63,0.0172,0.019
3.637,-0.78,0.0172,0.018
3.638,-3.12,0.0172,0.018
3.639,-3.91,0.0172,0.012
3.64,-2.66,0.0172,0.010
3.641,-3.28,0.0172,0.007
3.642,-2.19,0.0172,0.003
3.643,-0.31,0.0172,0.003
3.644,0.47,0.0172,0.003
3.645,2.19,0.0172,0.003
3.646,3.28,0.0172,0.007
3.647,3.12,0.0172,0.010
3.648,2.97,0.0172,0.013
3.649,2.50,0.0172,0.016
3.65,1.88,0.0172,0.018
3.651,1.25,0.0172,0.020
3.652,0.31,0.0176,0.021
3.653,-2.19,0.0184,0.020
3.654,-3.28,0.0184,0.016
3.655,-2.66,0.0184,0.014
3.656,-2.50,0.0184,0.011
3.657,-2.66,0.0184,0.009
3.658,-2.34,0.0184,0.006
3.659,-1.56,0.0184,0.004
3.66,-0.94,0.0184,0.003
3.661,0.31,0.0184,0.002
3.662,1.25,0.0184,0.003
3.663,2.50,0.0184,0.005
3.664,3.28,0.0184,0.008
3.665,2.97,0.0184,0.011
3.666,2.97,0.0184,0.014
3.667,2.34,0.0184,0.017
3.668,1.09,0.0184,0.019
3.669,-1.25,0.0186,0.019
3.67,-2.97,0.0191,0.016
3.671,-1.72,0.0191,0.013
3.672,-2.50,0.0191,0.013
3.673,-3.75,0.0191,0.008
3.674,-2.34,0.0191,0.005
3.675,-2.34,0.0191,0.004
3.676,-1.72,0.0191,0.001
3.677,0.31,0.0191,0.000
3.678,1.25,0.0191,0.001
3.679,2.19,0.0191,0.003
3.68,3.44,0.0191,0.006
3.681,3.44,0.0191,0.010
3.682,2.50,0.0191,0.013
3.683,2.19,0.0191,0.015
3.684,1.09,0.0188,0.017
3.685,-0.63,0.0181,0.017
3.686,-0.63,0.0181,0.016
3.687,-1.25,0.0181,0.016
3.688,-3.12,0.0181,0.013
3.689,-3.44,0.0181,0.009
3.69,-3.75,0.0181,0.006
3.691,-3.28,0.0181,0.002
3.692,-1.25,0.0181,-0.000
3.693,-0.47,0.0181,-0.001
3.694,-0.31,0.0181,-0.001
3.695,2.34,0.0181,-0.001
3.696,4.37,0.0181,0.003
3.697,3.28,0.0181,0.007
3.698,2.81,0.0181,0.010
3.699,2.34,0.0181,0.013
3.7,1.56,0.0181,0.015
3.701,1.87,0.0181,0.016
3.702,0.78,0.0185,0.018
3.703,-1.09,0.0194,0.018
3.704,-2.03,0.0194,0.016
3.705,-2.81,0.0194,0.014
3.706,-3.12,0.0194,0.011
3.707,-3.59,0.0194,0.007
3.708,-2.81,0.0194,0.003
3.709,-1.72,0.0194,0.002
3.71,0.63,0.0194,0.000
3.711,2.50,0.0194,0.003
3.712,1.87,0.0194,0.005
3.713,3.13,0.0194,0.007
3.714,3.44,0.0194,0.011
3.715,2.34,0.0194,0.014
3.716,2.81,0.0194,0.016
3.717,2.50,0.0194,0.019
3.718,0.63,0.0193,0.021
3.719,-0.94,0.0191,0.021
3.72,-1.72,0.0191,0.019
3.721,-2.97,0.0191,0.017
3.722,-3.59,0.0191,0.013
3.723,-3.59,0.0191,0.010
3.724,-3.44,0.0191,0.006
3.725,-2.03,0.0191,0.003
3.726,-0.63,0.0191,0.002
3.727,0.47,0.0191,0.002
3.728,1.41,0.0191,0.003
3.729,2.50,0.0191,0.005
3.73,3.12,0.0191,0.008
3.731,3.75,0.0191,0.011
3.732,3.59,0.0191,0.015
3.733,3.28,0.0191,0.018
3.734,1.88,0.0193,0.022
3.735,-0.47,0.0197,0.022
3.736,-0.62,0.0197,0.021
3.737,-1.88,0.0197,0.021
3.738,-3.13,0.0197,0.017
3.739,-3.13,0.0197,0.014
3.74,-3.59,0.0197,0.011
3.741,-2.97,0.0197,0.007
3.742,-1.72,0.0197,0.005
3.743,-1.41,0.0197,0.004
3.744,0.00,0.0197,0.002
3.745,1.72,0.0197,0.004
3.746,1.72,0.0197,0.006
3.747,2.97,0.0197,0.007
3.748,4.06,0.0197,0.012
3.749,3.28,0.0197,0.015
3.75,2.34,0.0197,0.018
3.751,0.94,0.0193,0.020
3.752,-1.56,0.0184,0.020
3.753,-2.19,0.0184,0.017
3.754,-2.03,0.0184,0.016
3.755,-2.50,0.0184,0.013
3.756,-2.34,0.0184,0.011
3.757,-2.34,0.0184,0.008
3.758,-2.19,0.0184,0.006
3.759,-1.25,0.0184,0.004
3.76,0.00,0.0184,0.003
3.761,1.09,0.0184,0.004
3.762,2.19,0.0184,0.006
3.763,3.44,0.0184,0.008
3.764,4.06,0.0184,0.013
3.765,2.97,0.0184,0.016
3.766,2.81,0.0184,0.018
3.767,2.03,0.0184,0.022
3.768,-0.62,0.0178,0.022
3.769,-0.94,0.0166,0.021
3.77,-0.31,0.0166,0.021
3.771,-1.72,0.0166,0.020
3.772,-2.81,0.0166,0.017
3.773,-3.75,0.0166,0.014
3.774,-3.44,0.0166,0.010
3.775,-1.72,0.0166,0.007
3.776,-0.78,0.0166,0.006
3.777,0.00,0.0166,0.006
3.778,1.56,0.0166,0.006
3.779,2.81,0.0166,0.009
3.78,2.34,0.0166,0.012
3.781,3.12,0.0166,0.014
3.782,3.59,0.0166,0.018
3.783,1.88,0.0166,0.021
3.784,1.09,0.0166,0.022
3.785,0.63,0.0173,0.023
3.786,-0.94,0.0188,0.023
3.787,-2.50,0.0188,0.021
3.788,-2.97,0.0188,0.018
3.789,-3.91,0.0188,0.015
3.79,-3.91,0.0188,0.010
3.791,-1.72,0.0188,0.007
3.792,-1.41,0.0188,0.007
3.793,-1.25,0.0188,0.005
3.794,0.62,0.0188,0.004
3.795,1.25,0.0188,0.006
3.796,2.34,0.0188,0.007
3.797,3.75,0.0188,0.011
3.798,2.81,0.0188,0.014
3.799,2.03,0.0188,0.016
3.8,1.88,0.0188,0.018
3.801,1.56,0.0188,0.020
3.802,-0.16,0.0192,0.022
3.803,-1.56,0.0200,0.020
3.804,-3.28,0.0200,0.018
3.805,-4.84,0.0200,0.013
3.806,-3.44,0.0200,0.009
3.807,-2.66,0.0200,0.006
3.808,-2.34,0.0200,0.003
3.809,-0.94,0.0200,0.002
3.81,0.47,0.0200,0.002
3.811,0.63,0.0200,0.003
3.812,1.41,0.0200,0.003
3.813,2.66,0.0200,0.005
3.814,3.28,0.0200,0.008
3.815,3.28,0.0200,0.012
3.816,2.97,0.0200,0.015
3.817,1.87,0.0200,0.018
3.818,0.31,0.0193,0.018
3.819,-0.62,0.0178,0.018
3.82,-2.03,0.0178,0.017
3.821,-2.19,0.0178,0.014
3.822,-1.88,0.0178,0.013
3.823,-2.81,0.0178,0.011
3.824,-3.12,0.0178,0.007
3.825,-1.41,0.0178,0.004
3.826,-1.09,0.0178,0.004
3.827,-0.78,0.0178,0.002
3.828,1.25,0.0178,0.003
3.829,1.87,0.0178,0.005
3.83,3.75,0.0178,0.007
3.831,4.69,0.0178,0.012
3.832,2.34,0.0178,0.016
3.833,2.03,0.0178,0.017
3.834,2.97,0.0178,0.020
3.835,0.78,0.0176,0.023
3.836,-1.72,0.0172,0.022
3.837,-1.88,0.0172,0.019
3.838,-2.66,0.0172,0.018
3.839,-3.44,0.0172,0.014
3.84,-2.50,0.0172,0.011
3.841,-2.50,0.0172,0.009
3.842,-1.72,0.0172,0.006
3.843,-0.16,0.0172,0.006
3.844,0.62,0.0172,0.006
3.845,1.09,0.0172,0.007
3.846,1.88,0.0172,0.008
3.847,3.12,0.0172,0.011
3.848,2.81,0.0172,0.014
3.849,2.66,0.0172,0.016
3.85,2.66,0.0172,0.019
3.851,0.78,0.0182,0.022
3.852,-0.31,0.0203,0.021
3.853,-0.63,0.0203,0.021
3.854,-2.97,0.0203,0.020
3.855,-3.59,0.0203,0.015
3.856,-3.59,0.0203,0.013
3.857,-4.37,0.0203,0.008
3.858,-2.81,0.0203,0.004
3.859,-1.25,0.0203,0.002
3.86,-0.47,0.0203,0.001
3.861,1.25,0.0203,0.001
3.862,2.81,0.0203,0.004
3.863,2.66,0.0203,0.007
3.864,2.81,0.0203,0.009
3.865,3.91,0.0203,0.013
3.866,3.28,0.0203,0.017
3.867,0.78,0.0137,0.019
3.868,0.16,0.0006,0.018
3.869,-0.94,0.0068,0.019
3.87,-2.34,0.0191,0.017
3.871,-1.87,0.0191,0.015
3.872,-3.28,0.0191,0.013
3.873,-3.91,0.0191,0.008
3.874,-2.19,0.0191,0.005
3.875,-1.41,0.0191,0.004
3.876,-1.72,0.0191,0.002
3.877,-0.63,0.0191,0.000
3.878,0.78,0.0191,0.001
3.879,2.03,0.0191,0.002
3.88,2.97,0.0191,0.005
3.881,3.13,0.0191,0.008
3.882,3.75,0.0191,0.011
3.883,2.66,0.0191,0.015
3.884,0.78,0.0191,0.017
3.885,-0.47,0.0185,0.017
3.886,-0.94,0.0175,0.016
3.887,-1.72,0.0175,0.015
3.888,-3.44,0.0175,0.012
3.889,-2.97,0.0175,0.008
3.89,-2.97,0.0175,0.006
3.891,-3.12,0.0175,0.002
3.892,-1.41,0.0175,0.000
3.893,-0.31,0.0175,-0.001
3.894,0.00,0.0175,-0.001
3.895,1.25,0.0175,-0.001
3.896,2.81,0.0175,0.002
3.897,3.28,0.0175,0.005
3.898,2.97,0.0175,0.008
3.899,3.28,0.0175,0.011
3.9,2.50,0.0175,0.015
3.901,1.25,0.0175,0.016
3.902,0.47,0.0179,0.018
3.903,-1.25,0.0188,0.017
3.904,-2.19,0.0188,0.015
3.905,-2.81,0.0188,0.013
3.906,-3.44,0.0188,0.009
3.907,-3.75,0.0188,0.006
3.908,-2.81,0.0188,0.002
3.909,-1.56,0.0188,0.000
3.91,-0.47,0.0188,-0.001
3.911,1.41,0.0188,-0.001
3.912,2.03,0.0188,0.002
3.913,2.34,0.0188,0.003
3.914,3.75,0.0188,0.006
3.915,3.75,0.0188,0.011
3.916,2.50,0.0188,0.014
3.917,1.41,0.0188,0.016
3.918,0.47,0.0186,0.017
3.919,-0.94,0.0184,0.017
3.92,-1.41,0.0184,0.015
3.921,-1.88,0.0184,0.014
3.922,-3.28,0.0184,0.011
3.923,-3.44,0.0184,0.007
3.924,-2.97,0.0184,0.004
3.925,-2.97,0.0184,0.001
3.926,-1.56,0.0184,-0.002
3.927,1.09,0.0184,-0.002
3.928,1.41,0.0184,0.000
3.929,2.03,0.0184,0.001
3.93,2.66,0.0184,0.004
3.931,1.87,0.0184,0.006
3.932,2.50,0.0184,0.008
3.933,3.28,0.0184,0.011
3.934,2.81,0.0184,0.015
3.935,0.16,0.0185,0.017
3.936,-0.78,0.0188,0.015
3.937,-1.25,0.0188,0.015
3.938,-3.13,0.0188,0.013
3.939,-3.28,0.0188,0.009
3.94,-3.59,0.0188,0.006
3.941,-2.81,0.0188,0.002
3.942,-0.94,0.0188,0.000
3.943,-1.09,0.0188,0.000
3.944,-0.16,0.0188,-0.002
3.945,1.87,0.0188,-0.000
3.946,2.03,0.0188,0.002
3.947,2.50,0.0188,0.004
3.948,3.59,0.0188,0.007
3.949,3.44,0.0188,0.011
3.95,2.19,0.0188,0.014
3.951,1.41,0.0188,0.015
3.952,0.31,0.0188,0.017
3.953,-1.56,0.0188,0.016
3.954,-2.03,0.0188,0.013
3.955,-2.50,0.0188,0.012
3.956,-3.12,0.0188,0.008
3.957,-2.81,0.0188,0.006
3.958,-2.66,0.0188,0.003
3.959,-2.34,0.0188,0.000
3.96,-0.31,0.0188,-0.002
3.961,1.87,0.0188,-0.000
3.962,2.66,0.0188,0.002
3.963,3.12,0.0188,0.005
3.964,3.59,0.0188,0.008
3.965,3.13,0.0188,0.012
3.966,2.34,0.0188,0.014
3.967,2.03,0.0188,0.017
3.968,0.00,0.0193,0.018
3.969,-0.94,0.0203,0.017
3.97,-0.78,0.0203,0.017
3.971,-3.12,0.0203,0.015
3.972,-4.22,0.0203,0.010
3.973,-3.28,0.0203,0.007
3.974,-2.97,0.0203,0.004
3.975,-2.50,0.0203,0.001
3.976,-1.41,0.0203,-0.001
3.977,-0.31,0.0203,-0.002
3.978,2.19,0.0203,-0.002
3.979,3.91,0.0203,0.003
3.98,2.97,0.0203,0.006
3.981,2.81,0.0203,0.008
3.982,3.28,0.0203,0.012
3.983,2.34,0.0203,0.015
3.984,0.94,0.0203,0.016
3.985,0.63,0.0203,0.017
3.986,-1.09,0.0208,0.018
3.987,-2.66,0.0219,0.015
3.988,-2.81,0.0219,0.012
3.989,-3.28,0.0219,0.009
3.99,-3.75,0.0219,0.006
3.991,-2.97,0.0219,0.002
3.992,-2.19,0.0219,-0.000
3.993,-2.03,0.0219,-0.003
3.994,0.47,0.0219,-0.004
3.995,2.50,0.0219,-0.002
3.996,2.97,0.0219,0.001
3.997,3.75,0.0219,0.004
3.998,3.13,0.0219,0.008
3.999,1.88,0.0219,0.010
4,1.72,0.0219,0.012
4.001,1.41,0.0219,0.014
4.002,-0.31,0.0210,0.015
4.003,-2.03,0.0194,0.013
4.004,-2.50,0.0194,0.011
4.005,-3.12,0.0194,0.008
4.006,-3.12,0.0194,0.004
4.007,-2.81,0.0194,0.002
4.008,-2.81,0.0194,-0.001
4.009,-1.09,0.0194,-0.004
4.01,1.56,0.0194,-0.003
4.011,1.87,0.0194,-0.001
4.012,1.87,0.0194,0.000
4.013,3.28,0.0194,0.003
4.014,2.50,0.0194,0.007
4.015,2.81,0.0194,0.008
4.016,3.75,0.0194,0.013
4.017,2.81,0.0194,0.016
4.018,0.78,0.0181,0.018
4.019,-0.78,0.0156,0.017
4.02,-2.03,0.0156,0.017
4.021,-2.97,0.0156,0.013
4.022,-2.50,0.0156,0.011
4.023,-2.81,0.0156,0.008
4.024,-2.50,0.0156,0.005
4.025,-1.09,0.0156,0.003
4.026,-0.31,0.0156,0.003
4.027,0.31,0.0156,0.003
4.028,1.41,0.0156,0.003
4.029,1.72,0.0156,0.005
4.03,2.19,0.0156,0.007
4.031,2.50,0.0156,0.010
4.032,2.97,0.0156,0.012
4.033,2.50,0.0156,0.016
4.034,1.41,0.0156,0.017
4.035,0.62,0.0171,0.018
4.036,-0.94,0.0200,0.018
4.037,-2.66,0.0200,0.017
4.038,-3.12,0.0200,0.013
4.039,-3.28,0.0200,0.010
4.04,-3.59,0.0200,0.006
4.041,-2.81,0.0200,0.003
4.042,-2.03,0.0200,0.001
4.043,-1.09,0.0200,-0.001
4.044,0.47,0.0200,-0.002
4.045,1.87,0.0200,0.000
4.046,2.66,0.0200,0.002
4.047,3.75,0.0200,0.005
4.048,2.66,0.0200,0.010
4.049,2.81,0.0200,0.011
4.05,2.66,0.0200,0.015
4.051,0.31,0.0191,0.016
4.052,-0.31,0.0172,0.016
4.053,-0.62,0.0172,0.015
4.054,-2.50,0.0172,0.015
4.055,-3.91,0.0172,0.010
4.056,-2.81,0.0172,0.007
4.057,-2.66,0.0172,0.005
4.058,-2.81,0.0172,0.002
4.059,-1.41,0.0172,-0.001
4.06,-0.16,0.0172,-0.001
4.061,0.78,0.0172,-0.001
4.062,2.50,0.0172,0.000
4.063,3.28,0.0172,0.004
4.064,2.97,0.0172,0.007
4.065,2.97,0.0172,0.010
4.066,2.66,0.0172,0.013
4.067,1.41,0.0172,0.015
4.068,0.62,0.0172,0.016
4.069,-0.47,0.0176,0.016
4.07,-2.03,0.0184,0.015
4.071,-2.66,0.0184,0.012
4.072,-2.81,0.0184,0.009
4.073,-3.13,0.0184,0.007
4.074,-2.66,0.0184,0.003
4.075,-1.56,0.0184,0.001
4.076,-1.56,0.0184,0.000
4.077,-0.63,0.0184,-0.002
4.078,1.87,0.0184,-0.001
4.079,2.66,0.0184,0.002
4.08,2.81,0.0184,0.004
4.081,3.28,0.0184,0.007
4.082,2.97,0.0184,0.011
4.083,2.97,0.0184,0.013
4.084,2.34,0.0184,0.017
4.085,0.78,0.0178,0.018
4.086,-0.78,0.0166,0.018
4.087,-1.25,0.0166,0.017
4.088,-2.81,0.0166,0.016
4.089,-3.59,0.0166,0.011
4.09,-2.66,0.0166,0.008
4.091,-3.13,0.0166,0.006
4.092,-1.72,0.0166,0.002
4.093,-0.16,0.0166,0.002
4.094,0.47,0.0166,0.002
4.095,1.25,0.0166,0.003
4.096,2.50,0.0166,0.004
4.097,3.44,0.0166,0.008
4.098,3.59,0.0166,0.011
4.099,2.81,0.0166,0.015
4.1,1.56,0.0166,0.017
4.101,1.41,0.0166,0.018
4.102,0.47,0.0168,0.020
4.103,-1.41,0.0172,0.019
4.104,-2.34,0.0172,0.017
4.105,-2.81,0.0172,0.015
4.106,-3.91,0.0172,0.011
4.107,-3.28,0.0172,0.007
4.108,-1.87,0.0172,0.005
4.109,-1.09,0.0172,0.003
4.11,0.00,0.0172,0.003
4.111,0.16,0.0172,0.003
4.112,0.94,0.0172,0.003
4.113,2.81,0.0172,0.005
4.114,3.44,0.0172,0.008
4.115,2.03,0.0172,0.012
4.116,1.56,0.0172,0.013
4.117,2.66,0.0172,0.015
4.118,0.78,0.0174,0.018
4.119,-1.41,0.0178,0.017
4.12,-1.25,0.0178,0.015
4.121,-1.87,0.0178,0.014
4.122,-2.66,0.0178,0.011
4.123,-2.81,0.0178,0.009
4.124,-2.97,0.0178,0.006
4.125,-2.81,0.0178,0.003
4.126,-1.41,0.0178,0.000
4.127,0.63,0.0178,0.000
4.128,0.47,0.0178,0.001
4.129,1.87,0.0178,0.001
4.13,4.06,0.0178,0.005
4.131,3.13,0.0178,0.009
4.132,3.44,0.0178,0.011
4.133,2.81,0.0178,0.016
4.134,0.47,0.0123,0.017
4.135,-0.63,0.0012,0.017
4.136,-0.31,0.0012,0.016
4.137,-1.56,0.0077,0.016
4.138,-3.75,0.0206,0.013
4.139,-3.75,0.0206,0.009
4.14,-4.22,0.0206,0.005
4.141,-3.91,0.0206,0.000
4.142,-1.87,0.0206,-0.003
4.143,-0.78,0.0206,-0.003
4.144,0.16,0.0206,-0.004
4.145,2.03,0.0206,-0.003
4.146,3.12,0.0206,-0.000
4.147,2.81,0.0206,0.003
4.148,3.59,0.0206,0.005
4.149,3.75,0.0206,0.010
4.15,1.87,0.0206,0.013
4.151,0.94,0.0206,0.014
4.152,-0.16,0.0199,0.015
4.153,-1.09,0.0184,0.014
4.154,-1.88,0.0184,0.013
4.155,-2.97,0.0184,0.010
4.156,-3.91,0.0184,0.007
4.157,-3.44,0.0184,0.002
4.158,-2.50,0.0184,-0.000
4.159,-1.72,0.0184,-0.003
4.16,0.47,0.0184,-0.004
4.161,1.09,0.0184,-0.002
4.162,1.25,0.0184,-0.002
4.163,3.44,0.0184,0.001
4.164,4.06,0.0184,0.005
4.165,3.12,0.0184,0.009
4.166,2.81,0.0184,0.012
4.167,2.66,0.0184,0.014
4.168,0.47,0.0190,0.017
4.169,-0.94,0.0200,0.015
4.17,-1.56,0.0200,0.015
4.171,-3.59,0.0200,0.012
4.172,-3.59,0.0200,0.008
4.173,-2.66,0.0200,0.005
4.174,-2.66,0.0200,0.003
4.175,-2.50,0.0200,-0.000
4.176,-1.41,0.0200,-0.003
4.177,0.00,0.0200,-0.003
4.178,1.41,0.0200,-0.003
4.179,3.12,0.0200,-0.000
4.18,3.59,0.0200,0.004
4.181,3.75,0.0200,0.007
4.182,4.22,0.0200,0.011
4.183,2.81,0.0200,0.015
4.184,0.94,0.0200,0.017
4.185,0.00,0.0197,0.017
4.186,-1.56,0.0191,0.017
4.187,-2.66,0.0191,0.014
4.188,-2.66,0.0191,0.012
4.189,-2.66,0.0191,0.009
4.19,-2.66,0.0191,0.006
4.191,-2.66,0.0191,0.003
4.192,-1.41,0.0191,0.001
4.193,-1.41,0.0191,0.001
4.194,-0.63,0.0191,-0.002
4.195,1.72,0.0191,-0.001
4.196,2.19,0.0191,0.002
4.197,3.44,0.0191,0.004
4.198,4.37,0.0191,0.008
4.199,3.44,0.0191,0.013
4.2,2.03,0.0191,0.015
4.201,0.78,0.0191,0.017
4.202,-0.31,0.0190,0.017
4.203,-1.56,0.0188,0.016
4.204,-2.50,0.0188,0.014
4.205,-3.28,0.0188,0.011
4.206,-3.28,0.0188,0.007
4.207,-2.19,0.0188,0.004
4.208,-2.34,0.0188,0.003
4.209,-2.03,0.0188,-0.000
4.21,-0.78,0.0188,-0.001
4.211,0.31,0.0188,-0.002
4.212,1.41,0.0188,-0.001
4.213,3.59,0.0188,0.001
4.214,4.84,0.0188,0.007
4.215,3.44,0.0188,0.011
4.216,2.50,0.0188,0.013
4.217,1.56,0.0188,0.016
4.218,0.16,0.0185,0.017
4.219,-0.94,0.0181,0.016
4.22,-1.56,0.0181,0.015
4.221,-2.34,0.0181,0.013
4.222,-2.81,0.0181,0.010
4.223,-3.12,0.0181,0.007
4.224,-3.28,0.0181,0.004
4.225,-2.19,0.0181,0.001
4.226,-1.09,0.0181,-0.001
4.227,-0.31,0.0181,-0.002
4.228,1.56,0.0181,-0.001
4.229,2.97,0.0181,0.002
4.23,3.12,0.0181,0.005
4.231,3.44,0.0181,0.008
4.232,2.81,0.0181,0.012
4.233,1.41,0.0181,0.013
4.234,1.72,0.0181,0.014
4.235,0.78,0.0194,0.017
4.236,-1.41,0.0219,0.016
4.237,-2.66,0.0219,0.014
4.238,-3.75,0.0219,0.011
4.239,-4.22,0.0219,0.007
4.24,-3.75,0.0219,0.002
4.241,-2.66,0.0219,-0.001
4.242,-2.03,0.0219,-0.003
4.243,-0.78,0.0219,-0.005
4.244,1.25,0.0219,-0.005
4.245,1.25,0.0219,-0.003
4.246,2.34,0.0219,-0.002
4.247,3.91,0.0219,0.002
4.248,3.44,0.0219,0.006
4.249,2.97,0.0219,0.009
4.25,2.81,0.0219,0.012
4.251,1.56,0.0205,0.015
4.252,-0.62,0.0178,0.015
4.253,-1.09,0.0178,0.013
4.254,-1.88,0.0178,0.013
4.255,-3.91,0.0178,0.010
4.256,-3.12,0.0178,0.005
4.257,-2.50,0.0178,0.003
4.258,-1.87,0.0178,-0.000
4.259,-0.94,0.0178,-0.000
4.26,-1.09,0.0178,-0.002
4.261,0.31,0.0178,-0.003
4.262,1.87,0.0178,-0.002
4.263,3.59,0.0178,0.001
4.264,3.12,0.0178,0.006
4.265,2.34,0.0178,0.007
4.266,2.97,0.0178,0.010
4.267,2.50,0.0178,0.013
4.268,1.41,0.0178,0.015
4.269,-0.31,0.0180,0.016
4.27,-1.41,0.0184,0.015
4.271,-2.66,0.0184,0.013
4.272,-3.59,0.0184,0.009
4.273,-2.50,0.0184,0.006
4.274,-1.88,0.0184,0.004
4.275,-2.50,0.0184,0.003
4.276,-2.34,0.0184,-0.001
4.277,-0.63,0.0184,-0.002
4.278,1.56,0.0184,-0.002
4.279,2.66,0.0184,0.001
4.28,2.66,0.0184,0.003
4.281,3.28,0.0184,0.006
4.282,2.97,0.0184,0.010
4.283,2.34,0.0184,0.012
4.284,1.72,0.0184,0.015
4.285,-0.31,0.0185,0.016
4.286,-1.56,0.0188,0.014
4.287,-1.72,0.0188,0.013
4.288,-2.81,0.0188,0.011
4.289,-4.06,0.0188,0.007
4.29,-3.12,0.0188,0.003
4.291,-1.87,0.0188,0.001
4.292,-1.87,0.0188,-0.001
4.293,-0.94,0.0188,-0.003
4.294,0.94,0.0188,-0.003
4.295,1.25,0.0188,-0.001
4.296,2.34,0.0188,-0.001
4.297,3.91,0.0188,0.003
4.298,3.28,0.0188,0.007
4.299,3.12,0.0188,0.010
4.3,3.28,0.0188,0.013
4.301,0.94,0.0184,0.017
4.302,-0.94,0.0178,0.015
4.303,-0.94,0.0178,0.015
4.304,-1.88,0.0178,0.013
4.305,-3.44,0.0178,0.011
4.306,-3.12,0.0178,0.007
4.307,-2.34,0.0178,0.005
4.308,-2.03,0.0178,0.002
4.309,-1.09,0.0178,0.001
4.31,-0.94,0.0178,-0.000
4.311,0.31,0.0178,-0.001
4.312,2.03,0.0178,0.000
4.313,2.50,0.0178,0.003
4.314,3.75,0.0178,0.005
4.315,3.91,0.0178,0.010
4.316,2.66,0.0178,0.013
4.317,2.03,0.0178,0.016
4.318,0.78,0.0185,0.017
4.319,-1.41,0.0200,0.017
4.32,-2.50,0.0200,0.014
4.321,-2.66,0.0200,0.012
4.322,-3.59,0.0200,0.009
4.323,-3.44,0.0200,0.005
4.324,-1.72,0.0200,0.002
4.325,-1.56,0.0200,0.002
4.326,-2.19,0.0200,-0.001
4.327,0.47,0.0200,-0.003
4.328,1.41,0.0200,0.000
4.329,1.41,0.0200,0.000
4.33,2.97,0.0200,0.003
4.331,3.44,0.0200,0.006
4.332,3.12,0.0200,0.010
4.333,2.81,0.0200,0.012
4.334,2.19,0.0200,0.015
4.335,0.00,0.0202,0.017
4.336,-1.41,0.0206,0.015
4.337,-2.03,0.0206,0.014
4.338,-2.81,0.0206,0.011
4.339,-3.13,0.0206,0.008
4.34,-2.81,0.0206,0.005
4.341,-2.97,0.0206,0.003
4.342,-2.81,0.0206,-0.001
4.343,-1.56,0.0206,-0.003
4.344,0.31,0.0206,-0.004
4.345,2.03,0.0206,-0.003
4.346,3.28,0.0206,0.000
4.347,3.75,0.0206,0.004
4.348,3.13,0.0206,0.007
4.349,3.28,0.0206,0.010
4.35,2.34,0.0206,0.014
4.351,1.09,0.0206,0.015
4.352,0.31,0.0200,0.016
4.353,-1.41,0.0187,0.016
4.354,-2.19,0.0187,0.013
4.355,-2.50,0.0187,0.011
4.356,-3.75,0.0187,0.008
4.357,-3.75,0.0187,0.004
4.358,-2.34,0.0187,0.001
4.359,-1.72,0.0187,-0.001
4.36,0.00,0.0187,-0.003
4.361,1.56,0.0187,-0.001
4.362,1.87,0.0187,0.001
4.363,3.12,0.0187,0.003
4.364,3.75,0.0187,0.007
4.365,2.81,0.0187,0.010
4.366,2.19,0.0187,0.013
4.367,2.19,0.0187,0.015
4.368,0.62,0.0184,0.017
4.369,-0.47,0.0178,0.016
4.37,-0.78,0.0178,0.016
4.371,-2.66,0.0178,0.014
4.372,-4.06,0.0178,0.011
4.373,-3.12,0.0178,0.006
4.374,-2.03,0.0178,0.004
4.375,-2.19,0.0178,0.002
4.376,-1.56,0.0178,0.000
4.377,0.31,0.0178,-0.001
4.378,1.09,0.0178,0.001
4.379,2.34,0.0178,0.001
4.38,3.75,0.0178,0.005
4.381,3.28,0.0178,0.009
4.382,2.50,0.0178,0.012
4.383,1.88,0.0178,0.014
4.384,1.56,0.0178,0.016
4.385,0.63,0.0178,0.017
4.386,-0.63,0.0178,0.017
4.387,-2.34,0.0178,0.016
4.388,-2.97,0.0178,0.012
4.389,-2.50,0.0178,0.010
4.39,-3.12,0.0178,0.007
4.391,-3.44,0.0178,0.003
4.392,-1.87,0.0178,0.000
4.393,-0.63,0.0178,-0.000
4.394,0.63,0.0178,-0.001
4.395,2.34,0.0178,0.001
4.396,2.03,0.0178,0.004
4.397,2.66,0.0178,0.005
4.398,3.91,0.0178,0.009
4.399,2.66,0.0178,0.013
4.4,1.87,0.0178,0.014
4.401,1.09,0.0179,0.017
4.402,-0.16,0.0181,0.017
4.403,-1.41,0.0181,0.016
4.404,-1.56,0.0181,0.014
4.405,-2.66,0.0181,0.013
4.406,-3.75,0.0181,0.008
4.407,-2.03,0.0181,0.006
4.408,-2.34,0.0181,0.004
4.409,-2.66,0.0181,0.001
4.41,-1.25,0.0181,-0.001
4.411,0.63,0.0181,-0.002
4.412,2.19,0.0181,0.000
4.413,2.97,0.0181,0.003
4.414,3.44,0.0181,0.006
4.415,3.12,0.0181,0.010
4.416,2.66,0.0181,0.013
4.417,2.03,0.0181,0.015
4.418,0.16,0.0181,0.017
4.419,-1.41,0.0181,0.015
4.42,-1.09,0.0181,0.014
4.421,-1.72,0.0181,0.013
4.422,-2.34,0.0181,0.010
4.423,-2.19,0.0181,0.008
4.424,-3.13,0.0181,0.006
4.425,-2.66,0.0181,0.002
4.426,-1.87,0.0181,0.001
4.427,-1.09,0.0181,-0.002
4.428,0.78,0.0181,-0.002
4.429,2.34,0.0181,0.000
4.43,2.81,0.0181,0.003
4.431,3.59,0.0181,0.006
4.432,4.06,0.0181,0.010
4.433,2.34,0.0181,0.014
4.434,0.78,0.0181,0.015
4.435,1.09,0.0181,0.015
4.436,-0.16,0.0189,0.017
4.437,-2.03,0.0203,0.015
4.438,-2.50,0.0203,0.013
4.439,-3.44,0.0203,0.010
4.44,-3.75,0.0203,0.006
4.441,-3.28,0.0203,0.003
4.442,-2.81,0.0203,-0.000
4.443,-1.25,0.0203,-0.003
4.444,0.94,0.0203,-0.003
4.445,1.56,0.0203,-0.001
4.446,1.87,0.0203,0.000
4.447,2.81,0.0203,0.003
4.448,2.50,0.0203,0.006
4.449,2.34,0.0203,0.007
4.45,2.03,0.0203,0.011
4.451,1.25,0.0203,0.012
4.452,0.00,0.0201,0.013
4.453,-0.78,0.0197,0.012
4.454,-1.72,0.0197,0.012
4.455,-3.59,0.0197,0.008
4.456,-3.44,0.0197,0.004
4.457,-2.97,0.0197,0.001
4.458,-2.50,0.0197,-0.002
4.459,-0.94,0.0197,-0.004
4.46,0.16,0.0197,-0.003
4.461,0.47,0.0197,-0.003
4.462,1.87,0.0197,-0.003
4.463,3.59,0.0197,0.000
4.464,3.44,0.0197,0.005
4.465,2.97,0.0197,0.007
4.466,3.59,0.0197,0.011
4.467,2.66,0.0197,0.014
4.468,0.94,0.0197,0.016
4.469,0.00,0.0193,0.016
4.47,-1.25,0.0184,0.016
4.471,-2.66,0.0184,0.014
4.472,-3.44,0.0184,0.011
4.473,-3.75,0.0184,0.007
4.474,-2.97,0.0184,0.003
4.475,-1.56,0.0184,0.001
4.476,-1.56,0.0184,0.000
4.477,-0.78,0.0184,-0.002
4.478,1.09,0.0184,-0.002
4.479,2.19,0.0184,0.000
4.48,3.44,0.0184,0.003
4.481,3.75,0.0184,0.007
4.482,2.97,0.0184,0.010
4.483,1.87,0.0184,0.013
4.484,1.72,0.0184,0.014
4.485,0.31,0.0182,0.016
4.486,-1.56,0.0178,0.015
4.487,-1.56,0.0178,0.013
4.488,-2.66,0.0178,0.012
4.489,-2.81,0.0178,0.008
4.49,-2.50,0.0178,0.006
4.491,-3.12,0.0178,0.003
4.492,-2.19,0.0178,-0.000
4.493,0.16,0.0178,-0.002
4.494,0.63,0.0178,0.000
4.495,0.78,0.0178,-0.000
4.496,2.34,0.0178,0.002
4.497,3.59,0.0178,0.004
4.498,3.75,0.0178,0.009
4.499,3.12,0.0178,0.012
4.5,1.56,0.0178,0.015
4.501,0.16,0.0178,0.015
4.502,-0.31,0.0178,0.015
4.503,-2.03,0.0178,0.014
4.504,-2.97,0.0178,0.011
4.505,-2.97,0.0178,0.008
4.506,-2.66,0.0178,0.005
4.507,-2.19,0.0178,0.003
4.508,-2.66,0.0178,0.001
4.509,-1.72,0.0178,-0.002
4.51,-0.16,0.0178,-0.003
4.511,0.63,0.0178,-0.003
4.512,2.03,0.0178,-0.001
4.513,3.28,0.0178,0.002
4.514,3.44,0.0178,0.005
4.515,3.28,0.0178,0.008
4.516,2.34,0.0178,0.012
4.517,1.56,0.0178,0.013
4.518,1.56,0.0178,0.015
4.519,-0.31,0.0182,0.016
4.52,-1.87,0.0191,0.014
4.521,-2.50,0.0191,0.013
4.522,-4.22,0.0191,0.009
4.523,-4.22,0.0191,0.004
4.524,-2.19,0.0191,0.001
4.525,-1.87,0.0191,-0.000
4.526,-0.78,0.0191,-0.003
4.527,1.09,0.0191,-0.002
4.528,1.41,0.0191,-0.001
4.529,1.87,0.0191,0.001
4.53,2.97,0.0191,0.003
4.531,2.97,0.0191,0.007
4.532,2.03,0.0191,0.009
4.533,2.34,0.0191,0.011
4.534,2.19,0.0191,0.014
4.535,0.31,0.0191,0.015
4.536,-1.09,0.0191,0.014
4.537,-1.56,0.0191,0.013
4.538,-2.97,0.0191,0.011
4.539,-3.28,0.0191,0.007
4.54,-2.50,0.0191,0.005
4.541,-2.97,0.0191,0.002
4.542,-2.66,0.0191,-0.001
4.543,-1.25,0.0191,-0.003
4.544,0.16,0.0191,-0.004
4.545,1.87,0.0191,-0.003
4.546,2.81,0.0191,0.000
4.547,2.81,0.0191,0.003
4.548,3.12,0.0191,0.006
4.549,3.44,0.0191,0.009
4.55,1.72,0.0191,0.013
4.551,1.41,0.0191,0.013
4.552,1.25,0.0182,0.015
4.553,-1.88,0.0166,0.015
4.554,-2.50,0.0166,0.012
4.555,-2.19,0.0166,0.010
4.556,-3.12,0.0166,0.007
4.557,-3.28,0.0166,0.004
4.558,-1.56,0.0166,0.001
4.559,-0.63,0.0166,0.001
4.56,-0.31,0.0166,-0.001
4.561,0.94,0.0166,0.000
4.562,1.41,0.0166,0.001
4.563,3.12,0.0166,0.003
4.564,4.22,0.0166,0.007
4.565,3.28,0.0166,0.011
4.566,2.34,0.0166,0.014
4.567,2.03,0.0166,0.016
4.568,1.09,0.0176,0.018
4.569,-0.94,0.0197,0.018
4.57,-1.72,0.0197,0.016
4.571,-2.03,0.0197,0.015
4.572,-3.59,0.0197,0.012
4.573,-2.97,0.0197,0.007
4.574,-2.97,0.0197,0.006
4.575,-3.59,0.0197,0.002
4.576,-1.56,0.0197,-0.001
4.577,0.63,0.0197,-0.002
4.578,2.03,0.0197,0.000
4.579,2.50,0.0197,0.003
4.58,3.12,0.0197,0.005
4.581,2.97,0.0197,0.009
4.582,2.34,0.0197,0.011
4.583,2.50,0.0197,0.013
4.584,1.88,0.0197,0.016
4.585,0.16,0.0197,0.017
4.586,-0.63,0.0197,0.017
4.587,-2.34,0.0197,0.016
4.588,-3.91,0.0197,0.012
4.589,-3.12,0.0197,0.008
4.59,-2.97,0.0197,0.006
4.591,-2.81,0.0197,0.002
4.592,-1.87,0.0197,0.000
4.593,-0.94,0.0197,-0.002
4.594,0.63,0.0197,-0.002
4.595,2.03,0.0197,-0.000
4.596,3.12,0.0197,0.002
4.597,3.59,0.0197,0.006
4.598,4.06,0.0197,0.009
4.599,3.28,0.0197,0.014
4.6,1.88,0.0197,0.016
4.601,1.56,0.0197,0.018
4.602,0.16,0.0193,0.019
4.603,-1.25,0.0184,0.018
4.604,-1.87,0.0184,0.017
4.605,-2.81,0.0184,0.014
4.606,-3.75,0.0184,0.011
4.607,-3.12,0.0184,0.007
4.608,-2.66,0.0184,0.005
4.609,-2.03,0.0184,0.002
4.61,0.47,0.0184,0.001
4.611,0.94,0.0184,0.003
4.612,0.94,0.0184,0.003
4.613,3.12,0.0184,0.004
4.614,3.91,0.0184,0.009
4.615,2.66,0.0184,0.012
4.616,2.81,0.0184,0.014
4.617,2.19,0.0184,0.018
4.618,0.00,0.0186,0.018
4.619,-0.16,0.0191,0.018
4.62,-0.63,0.0191,0.018
4.621,-2.34,0.0191,0.017
4.622,-3.59,0.0191,0.013
4.623,-3.44,0.0191,0.009
4.624,-3.13,0.0191,0.007
4.625,-2.19,0.0191,0.003
4.626,-0.63,0.0191,0.002
4.627,0.47,0.0191,0.002
4.628,1.88,0.0191,0.003
4.629,3.13,0.0191,0.006
4.63,3.28,0.0191,0.009
4.631,3.12,0.0191,0.012
4.632,2.97,0.0191,0.016
4.633,2.03,0.0191,0.018
4.634,1.41,0.0191,0.020
4.635,0.78,0.0191,0.021
4.636,-0.78,0.0192,0.021
4.637,-1.41,0.0194,0.019
4.638,-2.19,0.0194,0.018
4.639,-3.28,0.0194,0.015
4.64,-3.28,0.0194,0.012
4.641,-3.28,0.0194,0.008
4.642,-2.66,0.0194,0.005
4.643,-1.72,0.0194,0.003
4.644,-0.31,0.0194,0.002
4.645,1.88,0.0194,0.003
4.646,2.81,0.0194,0.006
4.647,3.59,0.0194,0.008
4.648,3.59,0.0194,0.013
4.649,2.03,0.0194,0.015
4.65,2.19,0.0194,0.017
4.651,1.88,0.0194,0.020
4.652,0.00,0.0199,0.021
4.653,-1.41,0.0209,0.020
4.654,-2.19,0.0209,0.018
4.655,-4.06,0.0209,0.015
4.656,-4.38,0.0209,0.010
4.657,-3.12,0.0209,0.007
4.658,-2.81,0.0209,0.003
4.659,-1.25,0.0209,0.001
4.66,0.63,0.0209,0.001
4.661,0.78,0.0209,0.002
4.662,1.87,0.0209,0.003
4.663,3.44,0.0209,0.006
4.664,3.28,0.0209,0.009
4.665,3.75,0.0209,0.013
4.666,3.28,0.0209,0.017
4.667,2.34,0.0209,0.019
4.668,1.41,0.0209,0.022
4.669,0.31,0.0209,0.022
4.67,-0.94,0.0200,0.022
4.671,-2.66,0.0181,0.020
4.672,-3.75,0.0181,0.017
4.673,-3.75,0.0181,0.013
4.674,-3.12,0.0181,0.009
4.675,-1.72,0.0181,0.006
4.676,-0.63,0.0181,0.006
4.677,-0.94,0.0181,0.005
4.678,0.63,0.0181,0.004
4.679,2.03,0.0181,0.006
4.68,2.81,0.0181,0.008
4.681,3.44,0.0181,0.012
4.682,2.97,0.0181,0.015
4.683,2.81,0.0181,0.018
4.684,2.81,0.0181,0.021
4.685,0.78,0.0186,0.023
4.686,-1.88,0.0197,0.022
4.687,-2.50,0.0197,0.020
4.688,-2.81,0.0197,0.017
4.689,-3.13,0.0197,0.014
4.69,-2.97,0.0197,0.011
4.691,-2.50,0.0197,0.008
4.692,-2.03,0.0197,0.006
4.693,-1.09,0.0197,0.004
4.694,0.16,0.0197,0.004
4.695,0.31,0.0197,0.004
4.696,1.72,0.0197,0.004
4.697,3.91,0.0197,0.008
4.698,3.44,0.0197,0.012
4.699,3.28,0.0197,0.015
4.7,2.97,0.0197,0.019
4.701,0.62,0.0205,0.021
4.702,-0.63,0.0222,0.020
4.703,-0.94,0.0222,0.019
4.704,-2.66,0.0222,0.018
4.705,-3.28,0.0222,0.014
4.706,-2.97,0.0222,0.012
4.707,-3.75,0.0222,0.008
4.708,-3.75,0.0222,0.004
4.709,-2.50,0.0222,0.001
4.71,-1.09,0.0222,-0.001
4.711,0.94,0.0222,-0.002
4.712,2.66,0.0222,0.001
4.713,2.97,0.0222,0.004
4.714,2.81,0.0222,0.007
4.715,2.97,0.0222,0.009
4.716,2.81,0.0222,0.013
4.717,1.41,0.0222,0.015
4.718,0.47,0.0222,0.016
4.719,-1.09,0.0208,0.016
4.72,-1.88,0.0181,0.013
4.721,-2.19,0.0181,0.012
4.722,-3.44,0.0181,0.009
4.723,-3.59,0.0181,0.005
4.724,-2.50,0.0181,0.002
4.725,-1.41,0.0181,0.000
4.726,-1.25,0.0181,-0.001
4.727,0.16,0.0181,-0.002
4.728,1.56,0.0181,-0.001
4.729,1.56,0.0181,0.001
4.73,3.44,0.0181,0.003
4.731,3.75,0.0181,0.008
4.732,2.19,0.0181,0.010
4.733,2.50,0.0181,0.012
4.734,2.34,0.0181,0.015
4.735,0.16,0.0188,0.017
4.736,-1.25,0.0200,0.015
4.737,-1.25,0.0200,0.014
4.738,-3.13,0.0200,0.013
4.739,-3.91,0.0200,0.008
4.74,-2.97,0.0200,0.005
4.741,-2.97,0.0200,0.002
4.742,-2.66,0.0200,-0.001
4.743,-0.78,0.0200,-0.003
4.744,0.78,0.0200,-0.003
4.745,1.56,0.0200,-0.002
4.746,3.12,0.0200,0.001
4.747,3.28,0.0200,0.005
4.748,2.81,0.0200,0.007
4.749,3.59,0.0200,0.010
4.75,3.12,0.0200,0.014
4.751,1.41,0.0200,0.017
4.752,-0.16,0.0194,0.017
4.753,-1.41,0.0181,0.016
4.754,-2.03,0.0181,0.014
4.755,-2.97,0.0181,0.012
4.756,-3.75,0.0181,0.008
4.757,-3.44,0.0181,0.005
4.758,-1.88,0.0181,0.002
4.759,-0.94,0.0181,0.001
4.76,-0.94,0.0181,-0.000
4.761,0.94,0.0181,-0.001
4.762,2.19,0.0181,0.002
4.763,2.97,0.0181,0.003
4.764,4.06,0.0181,0.007
4.765,3.28,0.0181,0.012
4.766,1.72,0.0181,0.014
4.767,1.25,0.0181,0.015
4.768,0.94,0.0181,0.017
4.769,-0.94,0.0181,0.017
4.77,-2.19,0.0181,0.015
4.771,-2.81,0.0181,0.013
4.772,-3.28,0.0181,0.009
4.773,-2.81,0.0181,0.006
4.774,-2.66,0.0181,0.003
4.775,-2.34,0.0181,0.001
4.776,-0.94,0.0181,-0.001
4.777,0.00,0.0181,-0.001
4.778,0.47,0.0181,-0.001
4.779,2.19,0.0181,-0.000
4.78,3.59,0.0181,0.003
4.781,2.66,0.0181,0.007
4.782,2.03,0.0181,0.008
4.783,2.34,0.0181,0.011
4.784,1.09,0.0183,0.013
4.785,-0.31,0.0188,0.013
4.786,-0.62,0.0188,0.013
4.787,-1.88,0.0188,0.012
4.788,-3.28,0.0188,0.009
4.789,-3.28,0.0188,0.005
4.79,-2.34,0.0188,0.002
4.791,-2.19,0.0188,0.001
4.792,-1.72,0.0188,-0.002
4.793,-0.94,0.0188,-0.003
4.794,-0.16,0.0188,-0.004
4.795,1.87,0.0188,-0.003
4.796,3.28,0.0188,-0.000
4.797,3.28,0.0188,0.003
4.798,3.44,0.0188,0.006
4.799,2.81,0.0188,0.010
4.8,1.72,0.0188,0.012
4.801,1.41,0.0188,0.014
4.802,0.62,0.0188,0.015
4.803,-0.94,0.0179,0.015
4.804,-1.56,0.0162,0.013
4.805,-2.34,0.0162,0.012
4.806,-3.28,0.0162,0.008
4.807,-3.12,0.0162,0.005
4.808,-2.66,0.0162,0.002
4.809,-1.56,0.0162,0.000
4.81,0.31,0.0162,-0.001
4.811,1.25,0.0162,0.001
4.812,0.94,0.0162,0.001
4.813,2.50,0.0162,0.003
4.814,3.91,0.0162,0.006
4.815,3.12,0.0162,0.010
4.816,1.87,0.0162,0.013
4.817,2.03,0.0162,0.014
4.818,0.94,0.0173,0.017
4.819,-0.47,0.0194,0.016
4.82,-0.78,0.0194,0.016
4.821,-2.81,0.0194,0.014
4.822,-3.91,0.0194,0.010
4.823,-3.12,0.0194,0.007
4.824,-2.81,0.0194,0.004
4.825,-2.50,0.0194,0.001
4.826,-1.41,0.0194,-0.001
4.827,0.31,0.0194,-0.002
4.828,1.25,0.0194,-0.001
4.829,2.19,0.0194,0.001
4.83,2.66,0.0194,0.004
4.831,2.97,0.0194,0.006
4.832,3.59,0.0194,0.010
4.833,3.12,0.0194,0.013
4.834,2.19,0.0194,0.016
4.835,1.41,0.0194,0.018
4.836,-0.47,0.0204,0.019
4.837,-3.13,0.0225,0.017
4.838,-3.44,0.0225,0.013
4.839,-2.97,0.0225,0.010
4.84,-3.28,0.0225,0.007
4.841,-3.28,0.0225,0.003
4.842,-2.19,0.0225,0.000
4.843,-1.87,0.0225,-0.001
4.844,-0.63,0.0225,-0.004
4.845,1.72,0.0225,-0.003
4.846,1.87,0.0225,-0.000
4.847,3.28,0.0225,0.001
4.848,3.91,0.0225,0.006
4.849,2.81,0.0225,0.009
4.85,3.13,0.0225,0.012
4.851,2.19,0.0225,0.015
4.852,0.00,0.0217,0.016
4.853,-1.41,0.0200,0.015
4.854,-2.34,0.0200,0.013
4.855,-2.81,0.0200,0.011
4.856,-1.88,0.0200,0.008
4.857,-2.19,0.0200,0.007
4.858,-3.12,0.0200,0.003
4.859,-1.87,0.0200,0.001
4.86,0.00,0.0200,-0.000
4.861,1.25,0.0200,0.001
4.862,1.56,0.0200,0.002
4.863,3.13,0.0200,0.004
4.864,3.59,0.0200,0.008
4.865,3.12,0.0200,0.011
4.866,4.37,0.0200,0.015
4.867,2.66,0.0200,0.020
4.868,0.16,0.0193,0.020
4.869,-0.62,0.0178,0.020
4.87,-1.56,0.0178,0.019
4.871,-2.50,0.0178,0.017
4.872,-1.88,0.0178,0.014
4.873,-2.19,0.0178,0.013
4.874,-3.44,0.0178,0.009
4.875,-2.34,0.0178,0.006
4.876,-2.03,0.0178,0.005
4.877,-1.25,0.0178,0.002
4.878,1.25,0.0178,0.002
4.879,2.81,0.0178,0.005
4.88,2.81,0.0178,0.008
4.881,3.44,0.0178,0.010
4.882,3.44,0.0178,0.015
4.883,2.19,0.0178,0.017
4.884,1.56,0.0178,0.019
4.885,0.16,0.0182,0.020
4.886,-1.25,0.0191,0.019
4.887,-1.25,0.0191,0.018
4.888,-2.50,0.0191,0.017
4.889,-4.06,0.0191,0.013
4.89,-3.28,0.0191,0.009
4.891,-2.19,0.0191,0.006
4.892,-1.88,0.0191,0.004
4.893,-0.47,0.0191,0.003
4.894,0.63,0.0191,0.003
4.895,1.25,0.0191,0.004
4.896,2.81,0.0191,0.006
4.897,3.75,0.0191,0.009
4.898,3.59,0.0191,0.013
4.899,3.28,0.0191,0.017
4.9,2.50,0.0191,0.020
4.901,0.94,0.0191,0.022
4.902,-0.16,0.0190,0.022
4.903,-1.56,0.0187,0.021
4.904,-2.81,0.0187,0.019
4.905,-3.28,0.0187,0.016
4.906,-2.34,0.0187,0.012
4.907,-1.56,0.0187,0.011
4.908,-2.50,0.0187,0.009
4.909,-2.34,0.0187,0.006
4.91,-1.41,0.0187,0.004
4.911,0.00,0.0187,0.003
4.912,2.66,0.0187,0.004
4.913,3.28,0.0187,0.008
4.914,2.66,0.0187,0.011
4.915,3.13,0.0187,0.014
4.916,2.19,0.0187,0.017
4.917,1.25,0.0187,0.018
4.918,1.41,0.0187,0.020
4.919,-0.63,0.0193,0.021
4.92,-2.34,0.0203,0.018
4.921,-1.72,0.0203,0.016
4.922,-2.19,0.0203,0.015
4.923,-2.81,0.0203,0.012
4.924,-2.97,0.0203,0.009
4.925,-1.88,0.0203,0.006
4.926,-1.25,0.0203,0.006
4.927,-0.31,0.0203,0.003
4.928,2.03,0.0203,0.005
4.929,2.34,0.0203,0.007
4.93,3.28,0.0203,0.010
4.931,3.75,0.0203,0.014
4.932,3.12,0.0203,0.017
4.933,3.28,0.0203,0.020
4.934,2.50,0.0203,0.024
4.935,0.00,0.0198,0.025
4.936,-1.72,0.0188,0.024
4.937,-1.41,0.0188,0.022
4.938,-2.50,0.0188,0.021
4.939,-4.22,0.0188,0.017
4.94,-3.28,0.0188,0.013
4.941,-2.66,0.0188,0.010
4.942,-1.56,0.0188,0.007
4.943,-0.31,0.0188,0.007
4.944,0.31,0.0188,0.007
4.945,1.88,0.0188,0.008
4.946,2.50,0.0188,0.010
4.947,2.81,0.0188,0.013
4.948,2.81,0.0188,0.016
4.949,3.28,0.0188,0.018
4.95,2.34,0.0188,0.022
4.951,0.62,0.0188,0.023
4.952,0.16,0.0178,0.024
4.953,-0.78,0.0159,0.023
4.954,-2.34,0.0159,0.022
4.955,-3.12,0.0159,0.019
4.956,-2.81,0.0159,0.016
4.957,-2.81,0.0159,0.013
4.958,-2.03,0.0159,0.010
4.959,-1.09,0.0159,0.009
4.96,-0.62,0.0159,0.008
4.961,0.16,0.0159,0.008
4.962,1.41,0.0159,0.008
4.963,2.97,0.0159,0.011
4.964,3.13,0.0159,0.014
4.965,2.97,0.0159,0.017
4.966,3.28,0.0159,0.020
4.967,2.19,0.0159,0.023
4.968,0.63,0.0170,0.025
4.969,-0.94,0.0191,0.025
4.97,-1.56,0.0191,0.023
4.971,-1.72,0.0191,0.022
4.972,-2.97,0.0191,0.019
4.973,-3.44,0.0191,0.016
4.974,-2.34,0.0191,0.013
4.975,-2.81,0.0191,0.011
4.976,-2.66,0.0191,0.007
4.977,-0.16,0.0191,0.006
4.978,1.09,0.0191,0.007
4.979,2.19,0.0191,0.008
4.98,2.97,0.0191,0.011
4.981,3.28,0.0191,0.014
4.982,3.59,0.0191,0.018
4.983,2.81,0.0191,0.021
4.984,1.88,0.0191,0.023
4.985,0.94,0.0191,0.025
4.986,-0.16,0.0188,0.025
4.987,-1.72,0.0181,0.024
4.988,-3.28,0.0181,0.022
4.989,-3.12,0.0181,0.018
4.99,-2.97,0.0181,0.015
4.991,-2.81,0.0181,0.012
4.992,-1.56,0.0181,0.010
4.993,-0.31,0.0181,0.009
4.994,0.62,0.0181,0.009
4.995,1.72,0.0181,0.010
4.996,2.97,0.0181,0.013
4.997,2.66,0.0181,0.016
4.998,3.12,0.0181,0.018
4.999,3.75,0.0181,0.022
5,2.34,0.0181,0.025
5.001,1.56,0.0181,0.027
5.002,0.78,0.0191,0.028
5.003,-1.72,0.0209,0.028
5.004,-2.97,0.0209,0.025
5.005,-2.19,0.0209,0.022
5.006,-3.28,0.0209,0.021
5.007,-4.53,0.0209,0.016
5.008,-2.97,0.0209,0.012
5.009,-1.88,0.0209,0.010
5.01,-1.25,0.0209,0.008
5.011,0.16,0.0209,0.007
5.012,2.19,0.0209,0.008
5.013,4.22,0.0209,0.012
5.014,4.06,0.0209,0.017
5.015,2.81,0.0209,0.020
5.016,2.66,0.0209,0.022
5.017,2.50,0.0209,0.025
5.018,0.31,0.0204,0.027
5.019,-0.78,0.0194,0.026
5.02,-0.94,0.0194,0.026
5.021,-3.44,0.0194,0.024
5.022,-4.06,0.0194,0.019
5.023,-2.34,0.0194,0.016
5.024,-2.81,0.0194,0.014
5.025,-3.12,0.0194,0.010
5.026,-1.25,0.0194,0.008
5.027,0.62,0.0194,0.008
5.028,0.94,0.0194,0.009
5.029,2.19,0.0194,0.010
5.03,3.28,0.0194,0.013
5.031,1.72,0.0194,0.016
5.032,2.03,0.0194,0.017
5.033,2.34,0.0194,0.020
5.034,0.94,0.0194,0.022
5.035,0.47,0.0194,0.022
5.036,-0.78,0.0191,0.022
5.037,-2.66,0.0184,0.021
5.038,-2.97,0.0184,0.017
5.039,-2.81,0.0184,0.015
5.04,-3.59,0.0184,0.012
5.041,-2.34,0.0184,0.007
5.042,-0.94,0.0184,0.007
5.043,-1.41,0.0184,0.006
5.044,0.31,0.0184,0.004
5.045,2.34,0.0184,0.006
5.046,2.34,0.0184,0.009
5.047,2.66,0.0184,0.011
5.048,4.22,0.0184,0.014
5.049,3.12,0.0184,0.019
5.05,1.56,0.0184,0.020
5.051,1.88,0.0184,0.022
5.052,0.16,0.0184,0.024
5.053,-0.62,0.0184,0.023
5.054,-1.25,0.0184,0.023
5.055,-3.59,0.0184,0.020
5.056,-3.44,0.0184,0.016
5.057,-2.66,0.0184,0.013
5.058,-2.34,0.0184,0.010
5.059,-2.03,0.0184,0.009
5.06,-1.56,0.0184,0.006
5.061,0.62,0.0184,0.006
5.062,2.03,0.0184,0.007
5.063,2.81,0.0184,0.010
5.064,2.97,0.0184,0.013
5.065,2.66,0.0184,0.016
5.066,2.50,0.0184,0.018
5.067,2.34,0.0184,0.021
5.068,1.25,0.0190,0.023
5.069,-0.47,0.0200,0.023
5.07,-2.19,0.0200,0.022
5.071,-3.44,0.0200,0.019
5.072,-2.81,0.0200,0.015
5.073,-2.34,0.0200,0.013
5.074,-2.97,0.0200,0.011
5.075,-1.88,0.0200,0.007
5.076,-1.09,0.0200,0.007
5.077,-1.87,0.0200,0.005
5.078,0.16,0.0200,0.003
5.079,2.97,0.0200,0.005
5.08,3.28,0.0200,0.009
5.081,2.50,0.0200,0.012
5.082,2.50,0.0200,0.014
5.083,2.03,0.0200,0.017
5.084,1.25,0.0200,0.018
5.085,0.78,0.0200,0.019
5.086,-0.78,0.0193,0.020
5.087,-1.56,0.0178,0.018
5.088,-2.03,0.0178,0.017
5.089,-2.81,0.0178,0.014
5.09,-2.97,0.0178,0.011
5.091,-2.97,0.0178,0.008
5.092,-2.66,0.0178,0.005
5.093,-1.56,0.0178,0.003
5.094,0.78,0.0178,0.002
5.095,1.41,0.0178,0.004
5.096,2.19,0.0178,0.005
5.097,3.59,0.0178,0.008
5.098,3.28,0.0178,0.012
5.099,2.50,0.0178,0.015
5.1,2.34,0.0178,0.017
5.101,1.72,0.0178,0.020
5.102,-0.31,0.0179,0.020
5.103,-1.25,0.0181,0.019
5.104,-2.19,0.0181,0.018
5.105,-3.28,0.0181,0.015
5.106,-3.12,0.0181,0.011
5.107,-3.13,0.0181,0.008
5.108,-2.66,0.0181,0.005
5.109,-1.09,0.0181,0.003
5.11,-0.31,0.0181,0.003
5.111,0.47,0.0181,0.003
5.112,2.03,0.0181,0.004
5.113,3.28,0.0181,0.007
5.114,3.28,0.0181,0.010
5.115,3.12,0.0181,0.013
5.116,3.13,0.0181,0.017
5.117,2.03,0.0181,0.019
5.118,1.88,0.0181,0.021
5.119,0.47,0.0192,0.023
5.12,-2.34,0.0213,0.022
5.121,-3.28,0.0213,0.018
5.122,-4.06,0.0213,0.015
5.123,-4.22,0.0213,0.010
5.124,-2.81,0.0213,0.007
5.125,-1.72,0.0213,0.005
5.126,-1.41,0.0213,0.003
5.127,0.00,0.0213,0.002
5.128,1.41,0.0213,0.003
5.129,1.72,0.0213,0.005
5.13,2.50,0.0213,0.007
5.131,3.12,0.0213,0.010
5.132,2.66,0.0213,0.013
5.133,2.97,0.0213,0.015
5.134,3.13,0.0213,0.019
5.135,0.62,0.0208,0.021
5.136,-1.56,0.0200,0.020
5.137,-1.88,0.0200,0.018
5.138,-2.50,0.0200,0.016
5.139,-3.44,0.0200,0.013
5.14,-3.12,0.0200,0.009
5.141,-2.97,0.0200,0.007
5.142,-2.66,0.0200,0.003
5.143,-1.09,0.0200,0.002
5.144,0.47,0.0200,0.001
5.145,1.56,0.0200,0.003
5.146,3.12,0.0200,0.004
5.147,3.59,0.0200,0.009
5.148,2.97,0.0200,0.012
5.149,2.97,0.0200,0.015
5.15,2.50,0.0200,0.018
5.151,0.63,0.0198,0.020
5.152,-0.78,0.0194,0.019
5.153,-0.63,0.0194,0.018
5.154,-1.72,0.0194,0.018
5.155,-2.34,0.0194,0.015
5.156,-2.34,0.0194,0.013
5.157,-3.28,0.0194,0.010
5.158,-2.66,0.0194,0.006
5.159,-1.09,0.0194,0.005
5.16,-0.47,0.0194,0.004
5.161,0.47,0.0194,0.004
5.162,2.50,0.0194,0.005
5.163,3.13,0.0194,0.009
5.164,3.75,0.0194,0.011
5.165,4.22,0.0194,0.016
5.166,2.97,0.0194,0.020
5.167,1.72,0.0194,0.022
5.168,1.09,0.0194,0.023
5.169,0.16,0.0191,0.024
5.17,-0.78,0.0184,0.023
5.171,-1.25,0.0184,0.023
5.172,-2.97,0.0184,0.021
5.173,-3.91,0.0184,0.017
5.174,-3.44,0.0184,0.013
5.175,-2.66,0.0184,0.010
5.176,-2.03,0.0184,0.008
5.177,-0.63,0.0184,0.006
5.178,0.94,0.0184,0.007
5.179,2.50,0.0184,0.008
5.18,4.37,0.0184,0.012
5.181,3.91,0.0184,0.017
5.182,2.66,0.0184,0.019
5.183,2.19,0.0184,0.022
5.184,1.41,0.0184,0.024
5.185,0.47,0.0180,0.025
5.186,-0.16,0.0172,0.025
5.187,-1.25,0.0172,0.024
5.188,-3.12,0.0172,0.022
5.189,-3.28,0.0172,0.018
5.19,-2.81,0.0172,0.016
5.191,-2.81,0.0172,0.013
5.192,-1.25,0.0172,0.010
5.193,-0.47,0.0172,0.010
5.194,0.47,0.0172,0.009
5.195,1.72,0.0172,0.011
5.196,1.88,0.0172,0.013
5.197,2.81,0.0172,0.015
5.198,3.59,0.0172,0.018
5.199,3.75,0.0172,0.022
5.2,2.19,0.0172,0.026
5.201,0.78,0.0172,0.026
5.202,0.16,0.0161,0.027
5.203,-0.94,0.0141,0.027
5.204,-1.41,0.0141,0.025
5.205,-1.88,0.0141,0.024
5.206,-2.66,0.0141,0.022
5.207,-2.66,0.0141,0.018
5.208,-1.87,0.0141,0.016
5.209,-1.56,0.0141,0.015
5.21,-0.78,0.0141,0.013
5.211,0.31,0.0141,0.013
5.212,0.94,0.0141,0.014
5.213,2.03,0.0141,0.015
5.214,3.44,0.0141,0.018
5.215,3.59,0.0141,0.022
5.216,2.66,0.0141,0.025
5.217,1.88,0.0141,0.027
5.218,0.31,0.0151,0.029
5.219,-1.09,0.0172,0.028
5.22,-1.09,0.0172,0.027
5.221,-1.56,0.0172,0.026
5.222,-3.44,0.0172,0.023
5.223,-3.91,0.0172,0.019
5.224,-2.34,0.0172,0.016
5.225,-1.88,0.0172,0.014
5.226,-1.09,0.0172,0.012
5.227,0.16,0.0172,0.012
5.228,0.94,0.0172,0.012
5.229,2.34,0.0172,0.014
5.23,3.44,0.0172,0.017
5.231,2.81,0.0172,0.021
5.232,3.12,0.0172,0.022
5.233,3.28,0.0172,0.027
5.234,1.56,0.0172,0.029
5.235,0.16,0.0178,0.030
5.236,-1.25,0.0191,0.029
5.237,-1.72,0.0191,0.028
5.238,-2.34,0.0191,0.026
5.239,-3.12,0.0191,0.023
5.24,-3.13,0.0191,0.020
5.241,-3.12,0.0191,0.017
5.242,-1.87,0.0191,0.013
5.243,-0.16,0.0191,0.013
5.244,0.62,0.0191,0.013
5.245,1.88,0.0191,0.014
5.246,2.81,0.0191,0.017
5.247,2.66,0.0191,0.020
5.248,3.28,0.0191,0.022
5.249,3.28,0.0191,0.026
5.25,2.81,0.0191,0.029
5.251,2.50,0.0191,0.032
5.252,0.47,0.0188,0.034
5.253,-1.41,0.0181,0.033
5.254,-1.72,0.0181,0.031
5.255,-2.66,0.0181,0.029
5.256,-4.22,0.0181,0.026
5.257,-2.81,0.0181,0.021
5.258,-1.56,0.0181,0.020
5.259,-2.19,0.0181,0.018
5.26,-1.09,0.0181,0.016
5.261,0.78,0.0181,0.016
5.262,2.34,0.0181,0.017
5.263,3.28,0.0181,0.020
5.264,2.97,0.0181,0.024
5.265,2.19,0.0181,0.026
5.266,2.81,0.0181,0.028
5.267,2.97,0.0181,0.032
5.268,0.47,0.0174,0.034
5.269,-1.09,0.0159,0.033
5.27,-0.16,0.0159,0.032
5.271,-0.94,0.0159,0.033
5.272,-2.97,0.0159,0.030
5.273,-2.97,0.0159,0.027
5.274,-3.44,0.0159,0.024
5.275,-2.66,0.0159,0.020
5.276,-0.47,0.0159,0.019
5.277,-0.31,0.0159,0.019
5.278,0.16,0.0159,0.018
5.279,1.88,0.0159,0.019
5.28,2.03,0.0159,0.022
5.281,2.34,0.0159,0.023
5.282,3.59,0.0159,0.027
5.283,2.97,0.0159,0.030
5.284,1.56,0.0159,0.033
5.285,0.47,0.0173,0.033
5.286,-1.09,0.0200,0.033
5.287,-2.34,0.0200,0.031
5.288,-2.50,0.0200,0.029
5.289,-2.97,0.0200,0.026
5.29,-3.28,0.0200,0.023
5.291,-2.50,0.0200,0.020
5.292,-2.34,0.0200,0.018
5.293,-2.19,0.0200,0.015
5.294,-0.31,0.0200,0.013
5.295,1.72,0.0200,0.014
5.296,2.34,0.0200,0.017
5.297,3.28,0.0200,0.019
5.298,3.59,0.0200,0.023
5.299,2.97,0.0200,0.026
5.3,2.50,0.0200,0.029
5.301,0.94,0.0200,0.031
5.302,-0.63,0.0200,0.031
5.303,-1.25,0.0200,0.030
5.304,-2.03,0.0200,0.029
5.305,-3.28,0.0200,0.026
5.306,-3.59,0.0200,0.022
5.307,-3.44,0.0200,0.019
5.308,-2.97,0.0200,0.015
5.309,-1.41,0.0200,0.013
5.31,-0.78,0.0200,0.013
5.311,0.16,0.0200,0.011
5.312,1.87,0.0200,0.013
5.313,3.75,0.0200,0.015
5.314,4.22,0.0200,0.020
5.315,3.59,0.0200,0.023
5.316,2.97,0.0200,0.028
5.317,0.94,0.0200,0.029
5.318,0.78,0.0200,0.029
5.319,0.78,0.0200,0.031
5.32,-1.41,0.0200,0.031
5.321,-3.44,0.0200,0.028
5.322,-2.97,0.0200,0.024
5.323,-2.81,0.0200,0.022
5.324,-3.12,0.0200,0.018
5.325,-2.50,0.0200,0.016
5.326,-2.50,0.0200,0.013
5.327,-0.94,0.0200,0.011
5.328,1.25,0.0200,0.012
5.329,2.34,0.0200,0.013
5.33,3.28,0.0200,0.016
5.331,3.75,0.0200,0.020
5.332,3.44,0.0200,0.024
5.333,2.50,0.0200,0.027
5.334,2.03,0.0200,0.029
5.335,0.94,0.0195,0.031
5.336,-1.25,0.0184,0.031
5.337,-1.41,0.0184,0.028
5.338,-2.03,0.0184,0.028
5.339,-3.12,0.0184,0.024
5.34,-3.28,0.0184,0.022
5.341,-3.12,0.0184,0.018
5.342,-2.34,0.0184,0.015
5.343,-1.41,0.0184,0.013
5.344,0.78,0.0184,0.013
5.345,1.09,0.0184,0.015
5.346,2.34,0.0184,0.015
5.347,3.91,0.0184,0.019
5.348,2.50,0.0184,0.022
5.349,3.12,0.0184,0.024
5.35,2.81,0.0184,0.029
5.351,0.78,0.0184,0.030
5.352,0.00,0.0178,0.030
5.353,-1.25,0.0166,0.030
5.354,-2.81,0.0166,0.028
5.355,-3.59,0.0166,0.024
5.356,-2.81,0.0166,0.021
5.357,-2.19,0.0166,0.019
5.358,-2.19,0.0166,0.016
5.359,-1.25,0.0166,0.014
5.36,-0.16,0.0166,0.014
5.361,0.47,0.0166,0.014
5.362,1.09,0.0166,0.015
5.363,1.87,0.0166,0.016
5.364,3.44,0.0166,0.018
5.365,3.91,0.0166,0.023
5.366,2.81,0.0166,0.026
5.367,2.03,0.0166,0.029
5.368,0.94,0.0166,0.030
5.369,-1.25,0.0172,0.031
5.37,-2.66,0.0184,0.028
5.371,-1.88,0.0184,0.025
5.372,-1.56,0.0184,0.024
5.373,-2.81,0.0184,0.022
5.374,-3.44,0.0184,0.018
5.375,-2.34,0.0184,0.015
5.376,-0.94,0.0184,0.014
5.377,0.16,0.0184,0.013
5.378,2.03,0.0184,0.014
5.379,2.97,0.0184,0.018
5.38,3.12,0.0184,0.020
5.381,3.12,0.0184,0.024
5.382,3.12,0.0184,0.026
5.383,2.81,0.0184,0.030
5.384,1.56,0.0184,0.032
5.385,-0.31,0.0184,0.033
5.386,-0.62,0.0184,0.031
5.387,-0.47,0.0184,0.032
5.388,-2.81,0.0184,0.030
5.389,-3.75,0.0184,0.026
5.39,-3.44,0.0184,0.023
5.391,-3.13,0.0184,0.019
5.392,-1.72,0.0184,0.017
5.393,-0.62,0.0184,0.016
5.394,-0.62,0.0184,0.015
5.395,0.62,0.0184,0.015
5.396,2.03,0.0184,0.017
5.397,2.66,0.0184,0.019
5.398,3.12,0.0184,0.022
5.399,2.97,0.0184,0.025
5.4,2.03,0.0184,0.028
5.401,1.09,0.0184,0.029
5.402,0.63,0.0184,0.030
5.403,-1.25,0.0183,0.030
5.404,-2.66,0.0181,0.028
5.405,-2.66,0.0181,0.025
5.406,-2.97,0.0181,0.022
5.407,-3.12,0.0181,0.019
5.408,-2.50,0.0181,0.016
5.409,-1.88,0.0181,0.014
5.41,-0.78,0.0181,0.012
5.411,1.09,0.0181,0.013
5.412,1.41,0.0181,0.014
5.413,1.25,0.0181,0.015
5.414,2.81,0.0181,0.017
5.415,3.44,0.0181,0.021
5.416,2.34,0.0181,0.024
5.417,2.81,0.0181,0.026
5.418,1.41,0.0188,0.029
5.419,-0.78,0.0200,0.028
5.42,-1.41,0.0200,0.028
5.421,-2.97,0.0200,0.026
5.422,-3.91,0.0200,0.022
5.423,-3.28,0.0200,0.018
5.424,-2.34,0.0200,0.015
5.425,-2.66,0.0200,0.013
5.426,-1.87,0.0200,0.010
5.427,0.00,0.0200,0.009
5.428,0.47,0.0200,0.010
5.429,1.72,0.0200,0.010
5.43,4.53,0.0200,0.013
5.431,4.22,0.0200,0.019
5.432,2.50,0.0200,0.022
5.433,3.44,0.0200,0.024
5.434,2.97,0.0200,0.029
5.435,0.78,0.0191,0.030
5.436,-1.09,0.0172,0.030
5.437,-2.19,0.0172,0.028
5.438,-2.34,0.0172,0.026
5.439,-2.34,0.0172,0.023
5.44,-3.12,0.0172,0.021
5.441,-3.28,0.0172,0.017
5.442,-0.94,0.0172,0.015
5.443,0.16,0.0172,0.015
5.444,0.00,0.0172,0.015
5.445,0.78,0.0172,0.015
5.446,1.72,0.0172,0.017
5.447,2.81,0.0172,0.019
5.448,4.22,0.0172,0.022
5.449,4.22,0.0172,0.027
5.45,2.34,0.0172,0.031
5.451,0.94,0.0172,0.032
5.452,-0.47,0.0172,0.033
5.453,-1.25,0.0172,0.031
5.454,-1.56,0.0172,0.030
5.455,-3.44,0.0172,0.028
5.456,-3.75,0.0172,0.023
5.457,-2.50,0.0172,0.020
5.458,-1.56,0.0172,0.018
5.459,-1.41,0.0172,0.017
5.46,-0.78,0.0172,0.015
5.461,0.94,0.0172,0.016
5.462,1.25,0.0172,0.017
5.463,2.03,0.0172,0.018
5.464,3.28,0.0172,0.021
5.465,2.97,0.0172,0.025
5.466,3.28,0.0172,0.027
5.467,2.66,0.0172,0.031
5.468,0.31,0.0177,0.033
5.469,-0.78,0.0187,0.032
5.47,-1.72,0.0187,0.031
5.471,-2.50,0.0187,0.028
5.472,-2.97,0.0187,0.026
5.473,-3.12,0.0187,0.022
5.474,-2.81,0.0187,0.020
5.475,-2.50,0.0187,0.017
5.476,-1.25,0.0187,0.015
5.477,-0.47,0.0187,0.014
5.478,0.47,0.0187,0.014
5.479,2.34,0.0187,0.015
5.48,3.28,0.0187,0.018
5.481,3.44,0.0187,0.022
5.482,3.44,0.0187,0.025
5.483,3.28,0.0187,0.029
5.484,2.97,0.0187,0.032
5.485,1.41,0.0184,0.035
5.486,-0.62,0.0178,0.035
5.487,-2.19,0.0178,0.033
5.488,-2.81,0.0178,0.030
5.489,-4.06,0.0178,0.028
5.49,-4.37,0.0178,0.022
5.491,-1.72,0.0178,0.019
5.492,-0.16,0.0178,0.019
5.493,-0.94,0.0178,0.019
5.494,0.00,0.0178,0.017
5.495,1.88,0.0178,0.019
5.496,1.88,0.0178,0.021
5.497,3.44,0.0178,0.022
5.498,4.06,0.0178,0.028
5.499,2.50,0.0178,0.031
5.5,2.03,0.0178,0.033
5.501,1.88,0.0178,0.035
5.502,0.78,0.0176,0.036
5.503,-0.47,0.0172,0.036
5.504,-1.72,0.0172,0.035
5.505,-2.81,0.0172,0.033
5.506,-2.34,0.0172,0.030
5.507,-2.81,0.0172,0.028
5.508,-3.44,0.0172,0.024
5.509,-2.34,0.0172,0.021
5.51,-1.09,0.0172,0.019
5.511,0.78,0.0172,0.019
5.512,2.81,0.0172,0.021
5.513,3.44,0.0172,0.025
5.514,2.50,0.0172,0.028
5.515,1.72,0.0172,0.030
5.516,2.34,0.0172,0.031
5.517,2.66,0.0172,0.034
5.518,1.09,0.0176,0.037
5.519,-0.94,0.0184,0.037
5.52,-2.03,0.0184,0.035
5.521,-2.81,0.0184,0.033
5.522,-2.81,0.0184,0.029
5.523,-2.34,0.0184,0.027
5.524,-3.28,0.0184,0.024
5.525,-2.97,0.0184,0.020
5.526,-1.09,0.0184,0.018
5.527,0.16,0.0184,0.018
5.528,1.41,0.0184,0.019
5.529,2.66,0.0184,0.021
5.53,3.12,0.0184,0.024
5.531,2.81,0.0184,0.027
5.532,2.50,0.0184,0.030
5.533,1.88,0.0184,0.032
5.534,2.03,0.0184,0.033
5.535,1.88,0.0184,0.036
5.536,0.00,0.0185,0.037
5.537,-2.03,0.0188,0.036
5.538,-2.66,0.0188,0.033
5.539,-2.66,0.0188,0.031
5.54,-3.12,0.0188,0.028
5.541,-2.97,0.0188,0.025
5.542,-2.81,0.0188,0.022
5.543,-0.78,0.0188,0.019
5.544,1.09,0.0188,0.020
5.545,0.94,0.0188,0.021
5.546,2.03,0.0188,0.022
5.547,3.13,0.0188,0.025
5.548,2.81,0.0188,0.028
5.549,2.81,0.0188,0.031
5.55,3.44,0.0188,0.034
5.551,2.03,0.0188,0.038
5.552,-0.31,0.0190,0.038
5.553,-1.09,0.0194,0.037
5.554,-2.34,0.0194,0.036
5.555,-3.12,0.0194,0.033
5.556,-3.12,0.0194,0.030
5.557,-3.44,0.0194,0.026
5.558,-2.81,0.0194,0.023
5.559,-1.56,0.0194,0.021
5.56,-0.94,0.0194,0.020
5.561,0.00,0.0194,0.019
5.562,2.19,0.0194,0.020
5.563,3.59,0.0194,0.023
5.564,3.12,0.0194,0.027
5.565,3.44,0.0194,0.029
5.566,3.44,0.0194,0.034
5.567,1.72,0.0194,0.036
5.568,1.25,0.0194,0.037
5.569,-0.47,0.0191,0.039
5.57,-2.50,0.0184,0.036
5.571,-2.19,0.0184,0.034
5.572,-2.50,0.0184,0.032
5.573,-2.97,0.0184,0.029
5.574,-2.03,0.0184,0.026
5.575,-2.03,0.0184,0.025
5.576,-2.19,0.0184,0.022
5.577,-0.31,0.0184,0.020
5.578,0.63,0.0184,0.021
5.579,1.41,0.0184,0.022
5.58,2.81,0.0184,0.024
5.581,3.91,0.0184,0.027
5.582,3.75,0.0184,0.032
5.583,2.34,0.0184,0.035
5.584,1.41,0.0184,0.037
5.585,0.16,0.0181,0.037
5.586,-0.94,0.0175,0.037
5.587,-1.72,0.0175,0.036
5.588,-2.50,0.0175,0.033
5.589,-3.13,0.0175,0.031
5.59,-3.28,0.0175,0.027
5.591,-3.28,0.0175,0.024
5.592,-2.03,0.0175,0.021
5.593,0.00,0.0175,0.020
5.594,0.63,0.0175,0.021
5.595,1.25,0.0175,0.021
5.596,2.97,0.0175,0.023
5.597,3.44,0.0175,0.027
5.598,2.34,0.0175,0.030
5.599,2.97,0.0175,0.032
5.6,2.50,0.0175,0.036
5.601,0.94,0.0175,0.037
5.602,0.47,0.0176,0.038
5.603,-0.47,0.0178,0.038
5.604,-2.19,0.0178,0.037
5.605,-2.34,0.0178,0.033
5.606,-2.19,0.0178,0.032
5.607,-4.06,0.0178,0.029
5.608,-3.28,0.0178,0.024
5.609,-2.03,0.0178,0.022
5.61,-1.09,0.0178,0.020
5.611,0.63,0.0178,0.020
5.612,1.56,0.0178,0.021
5.613,2.19,0.0178,0.023
5.614,3.28,0.0178,0.026
5.615,3.59,0.0178,0.030
5.616,2.34,0.0178,0.033
5.617,1.41,0.0178,0.035
5.618,0.94,0.0178,0.036
5.619,-0.16,0.0179,0.037
5.62,-1.72,0.0181,0.035
5.621,-2.03,0.0181,0.033
5.622,-3.59,0.0181,0.031
5.623,-4.22,0.0181,0.026
5.624,-2.19,0.0181,0.023
5.625,-1.56,0.0181,0.022
5.626,-1.56,0.0181,0.020
5.627,-0.16,0.0181,0.018
5.628,1.25,0.0181,0.019
5.629,1.88,0.0181,0.021
5.63,2.66,0.0181,0.023
5.631,2.34,0.0181,0.026
5.632,2.50,0.0181,0.028
5.633,3.59,0.0181,0.031
5.634,2.50,0.0181,0.035
5.635,0.31,0.0180,0.036
5.636,-0.62,0.0178,0.036
5.637,-1.56,0.0178,0.035
5.638,-2.97,0.0178,0.033
5.639,-3.28,0.0178,0.029
5.64,-2.97,0.0178,0.026
5.641,-2.66,0.0178,0.023
5.642,-1.88,0.0178,0.021
5.643,-0.47,0.0178,0.019
5.644,0.47,0.0178,0.020
5.645,1.09,0.0178,0.020
5.646,2.81,0.0178,0.022
5.647,3.44,0.0178,0.026
5.648,3.28,0.0178,0.029
5.649,3.44,0.0178,0.033
5.65,2.34,0.0178,0.036
5.651,1.88,0.0178,0.037
5.652,0.47,0.0188,0.039
5.653,-1.72,0.0206,0.038
5.654,-2.19,0.0206,0.036
5.655,-3.12,0.0206,0.034
5.656,-3.75,0.0206,0.030
5.657,-3.12,0.0206,0.026
5.658,-2.66,0.0206,0.023
5.659,-2.34,0.0206,0.021
5.66,-0.63,0.0206,0.019
5.661,1.25,0.0206,0.020
5.662,1.25,0.0206,0.021
5.663,1.72,0.0206,0.022
5.664,3.91,0.0206,0.025
5.665,3.91,0.0206,0.030
5.666,2.81,0.0206,0.033
5.667,2.19,0.0206,0.036
5.668,0.94,0.0206,0.037
5.669,0.00,0.0198,0.037
5.67,-0.94,0.0181,0.037
5.671,-2.34,0.0181,0.036
5.672,-3.75,0.0181,0.032
5.673,-3.91,0.0181,0.028
5.674,-3.28,0.0181,0.024
5.675,-2.50,0.0181,0.022
5.676,-1.09,0.0181,0.019
5.677,0.63,0.0181,0.019
5.678,1.09,0.0181,0.021
5.679,2.19,0.0181,0.022
5.68,3.44,0.0181,0.025
5.681,3.59,0.0181,0.028
5.682,3.28,0.0181,0.032
5.683,2.50,0.0181,0.035
5.684,0.94,0.0183,0.037
5.685,-0.16,0.0188,0.037
5.686,-0.94,0.0188,0.037
5.687,-3.12,0.0188,0.035
5.688,-2.81,0.0188,0.031
5.689,-2.34,0.0188,0.029
5.69,-2.66,0.0188,0.026
5.691,-1.88,0.0188,0.024
5.692,-2.19,0.0188,0.022
5.693,-1.41,0.0188,0.020
5.694,0.16,0.0188,0.019
5.695,1.88,0.0188,0.020
5.696,2.97,0.0188,0.023
5.697,3.28,0.0188,0.026
5.698,3.75,0.0188,0.030
5.699,2.34,0.0188,0.033
5.7,2.34,0.0188,0.034
5.701,2.19,0.0188,0.038
5.702,0.00,0.0189,0.039
5.703,-0.94,0.0191,0.038
5.704,-1.41,0.0191,0.037
5.705,-3.44,0.0191,0.035
5.706,-4.22,0.0191,0.030
5.707,-2.50,0.0191,0.027
5.708,-2.03,0.0191,0.025
5.709,-2.19,0.0191,0.023
5.71,-0.47,0.0191,0.021
5.711,1.09,0.0191,0.022
5.712,1.25,0.0191,0.023
5.713,2.81,0.0191,0.024
5.714,3.91,0.0191,0.028
5.715,2.97,0.0191,0.032
5.716,3.13,0.0191,0.034
5.717,2.66,0.0191,0.038
5.718,0.31,0.0191,0.040
5.719,0.16,0.0191,0.039
5.72,-0.78,0.0184,0.040
5.721,-3.12,0.0172,0.037
5.722,-3.44,0.0172,0.034
5.723,-2.97,0.0172,0.031
5.724,-2.19,0.0172,0.028
5.725,-1.56,0.0172,0.026
5.726,-1.25,0.0172,0.025
5.727,-0.94,0.0172,0.024
5.728,0.16,0.0172,0.023
5.729,1.25,0.0172,0.024
5.73,2.19,0.0172,0.025
5.731,3.75,0.0172,0.028
5.732,3.44,0.0172,0.033
5.733,1.88,0.0172,0.035
5.734,1.72,0.0172,0.037
5.735,1.25,0.0172,0.039
5.736,-1.41,0.0190,0.039
5.737,-2.81,0.0225,0.036
5.738,-2.81,0.0225,0.033
5.739,-3.91,0.0225,0.030
5.74,-3.28,0.0225,0.026
5.741,-2.19,0.0225,0.024
5.742,-3.28,0.0225,0.021
5.743,-2.34,0.0225,0.017
5.744,0.47,0.0225,0.017
5.745,1.72,0.0225,0.018
5.746,1.88,0.0225,0.020
5.747,3.44,0.0225,0.022
5.748,4.69,0.0225,0.027
5.749,3.75,0.0225,0.031
5.75,3.13,0.0225,0.034
5.751,1.41,0.0207,0.037
5.752,-1.25,0.0172,0.037
5.753,-1.09,0.0172,0.035
5.754,-2.19,0.0172,0.035
5.755,-3.91,0.0172,0.031
5.756,-2.50,0.0172,0.027
5.757,-2.66,0.0172,0.026
5.758,-2.34,0.0172,0.022
5.759,-0.62,0.0172,0.021
5.76,0.00,0.0172,0.021
5.761,0.94,0.0172,0.021
5.762,2.19,0.0172,0.022
5.763,2.97,0.0172,0.025
5.764,2.97,0.0172,0.028
5.765,3.28,0.0172,0.031
5.766,2.97,0.0172,0.035
5.767,1.41,0.0172,0.037
5.768,1.72,0.0172,0.038
5.769,0.47,0.0185,0.041
5.77,-2.03,0.0212,0.039
5.771,-2.50,0.0212,0.037
5.772,-3.44,0.0212,0.034
5.773,-3.91,0.0212,0.030
5.774,-3.28,0.0212,0.026
5.775,-2.34,0.0212,0.023
5.776,-1.88,0.0212,0.021
5.777,-0.63,0.0212,0.019
5.778,1.88,0.0212,0.020
5.779,2.66,0.0212,0.023
5.78,2.66,0.0212,0.025
5.781,3.28,0.0212,0.028
5.782,2.19,0.0212,0.032
5.783,2.34,0.0212,0.033
5.784,2.66,0.0212,0.037
5.785,0.78,0.0198,0.038
5.786,-0.47,0.0169,0.038
5.787,-1.41,0.0169,0.037
5.788,-2.19,0.0169,0.035
5.789,-3.28,0.0169,0.033
5.79,-3.28,0.0169,0.029
5.791,-2.34,0.0169,0.026
5.792,-2.19,0.0169,0.024
5.793,-0.94,0.0169,0.022
5.794,0.47,0.0169,0.022
5.795,0.31,0.0169,0.023
5.796,1.72,0.0169,0.023
5.797,3.28,0.0169,0.026
5.798,2.81,0.0169,0.029
5.799,3.28,0.0169,0.032
5.8,3.13,0.0169,0.036
5.801,1.41,0.0169,0.038
5.802,0.47,0.0169,0.039
5.803,-0.62,0.0176,0.039
5.804,-2.97,0.0191,0.037
5.805,-3.91,0.0191,0.033
5.806,-2.97,0.0191,0.030
5.807,-3.12,0.0191,0.027
5.808,-3.12,0.0191,0.023
5.809,-1.72,0.0191,0.021
5.81,-0.16,0.0191,0.020
5.811,0.63,0.0191,0.021
5.812,1.87,0.0191,0.021
5.813,2.97,0.0191,0.024
5.814,2.97,0.0191,0.027
5.815,3.59,0.0191,0.030
5.816,2.66,0.0191,0.034
5.817,1.41,0.0191,0.036
5.818,1.56,0.0191,0.037
5.819,-0.78,0.0189,0.039
5.82,-2.19,0.0184,0.036
5.821,-1.41,0.0184,0.034
5.822,-2.50,0.0184,0.033
5.823,-3.12,0.0184,0.029
5.824,-2.34,0.0184,0.027
5.825,-2.19,0.0184,0.025
5.826,-2.03,0.0184,0.022
5.827,-0.16,0.0184,0.021
5.828,1.41,0.0184,0.022
5.829,2.03,0.0184,0.023
5.83,2.97,0.0184,0.026
5.831,4.22,0.0184,0.029
5.832,3.75,0.0184,0.034
5.833,2.34,0.0184,0.037
5.834,1.72,0.0184,0.039
5.835,0.00,0.0184,0.040
5.836,-1.56,0.0184,0.039
5.837,-2.19,0.0184,0.037
5.838,-2.97,0.0184,0.035
5.839,-2.81,0.0184,0.031
5.84,-2.19,0.0184,0.029
5.841,-2.81,0.0184,0.027
5.842,-2.19,0.0184,0.023
5.843,-0.63,0.0184,0.022
5.844,0.00,0.0184,0.022
5.845,1.09,0.0184,0.022
5.846,2.03,0.0184,0.024
5.847,2.34,0.0184,0.027
5.848,3.12,0.0184,0.029
5.849,3.59,0.0184,0.033
5.85,2.66,0.0184,0.036
5.851,2.19,0.0184,0.038
5.852,1.41,0.0184,0.041
5.853,-0.94,0.0184,0.041
5.854,-2.34,0.0184,0.039
5.855,-2.19,0.0184,0.036
5.856,-2.50,0.0184,0.034
5.857,-2.66,0.0184,0.031
5.858,-2.66,0.0184,0.029
5.859,-2.66,0.0184,0.026
5.86,-1.72,0.0184,0.024
5.861,-0.31,0.0184,0.022
5.862,0.94,0.0184,0.023
5.863,2.19,0.0184,0.024
5.864,3.13,0.0184,0.028
5.865,3.13,0.0184,0.031
5.866,3.12,0.0184,0.034
5.867,3.44,0.0184,0.037
5.868,1.56,0.0186,0.041
5.869,-0.78,0.0191,0.040
5.87,-1.25,0.0191,0.039
5.871,-2.19,0.0191,0.037
5.872,-4.06,0.0191,0.035
5.873,-3.59,0.0191,0.029
5.874,-2.19,0.0191,0.028
5.875,-2.34,0.0191,0.025
5.876,-1.72,0.0191,0.023
5.877,-0.47,0.0191,0.022
5.878,0.78,0.0191,0.022
5.879,2.66,0.0191,0.023
5.88,3.28,0.0191,0.027
5.881,2.66,0.0191,0.030
5.882,3.28,0.0191,0.033
5.883,3.59,0.0191,0.036
5.884,1.72,0.0191,0.040
5.885,0.16,0.0191,0.040
5.886,-0.16,0.0192,0.040
5.887,-1.88,0.0194,0.039
5.888,-2.19,0.0194,0.036
5.889,-2.81,0.0194,0.035
5.89,-3.91,0.0194,0.031
5.891,-3.13,0.0194,0.027
5.892,-1.88,0.0194,0.024
5.893,-1.87,0.0194,0.023
5.894,-0.63,0.0194,0.021
5.895,1.72,0.0194,0.022
5.896,1.88,0.0194,0.024
5.897,2.50,0.0194,0.026
5.898,4.22,0.0194,0.029
5.899,3.59,0.0194,0.034
5.9,1.88,0.0194,0.036
5.901,1.88,0.0194,0.038
5.902,0.62,0.0194,0.040
5.903,-0.94,0.0194,0.039
5.904,-1.56,0.0194,0.038
5.905,-3.13,0.0194,0.036
5.906,-4.53,0.0194,0.032
5.907,-3.28,0.0194,0.027
5.908,-2.03,0.0194,0.025
5.909,-2.34,0.0194,0.023
5.91,-0.78,0.0194,0.021
5.911,0.62,0.0194,0.022
5.912,0.78,0.0194,0.022
5.913,2.66,0.0194,0.023
5.914,3.44,0.0194,0.027
5.915,2.50,0.0194,0.030
5.916,2.81,0.0194,0.032
5.917,2.97,0.0194,0.036
5.918,1.56,0.0194,0.038
5.919,0.16,0.0189,0.039
5.92,-1.41,0.0178,0.038
5.921,-2.66,0.0178,0.036
5.922,-2.50,0.0178,0.033
5.923,-2.50,0.0178,0.031
5.924,-3.28,0.0178,0.028
5.925,-2.34,0.0178,0.024
5.926,-0.78,0.0178,0.023
5.927,0.16,0.0178,0.023
5.928,0.94,0.0178,0.024
5.929,2.03,0.0178,0.025
5.93,2.66,0.0178,0.028
5.931,3.28,0.0178,0.030
5.932,3.75,0.0178,0.034
5.933,2.19,0.0178,0.037
5.934,1.56,0.0178,0.039
5.935,1.41,0.0178,0.041
5.936,-0.94,0.0182,0.042
5.937,-2.34,0.0191,0.039
5.938,-2.19,0.0191,0.037
5.939,-3.59,0.0191,0.034
5.94,-4.53,0.0191,0.030
5.941,-2.81,0.0191,0.025
5.942,-1.41,0.0191,0.024
5.943,-0.16,0.0191,0.022
5.944,0.78,0.0191,0.024
5.945,0.63,0.0191,0.024
5.946,1.72,0.0191,0.025
5.947,2.81,0.0191,0.028
5.948,3.28,0.0191,0.031
5.949,3.44,0.0191,0.034
5.95,2.66,0.0191,0.037
5.951,1.25,0.0191,0.039
5.952,-0.31,0.0180,0.040
5.953,-0.94,0.0159,0.039
5.954,-1.25,0.0159,0.038
5.955,-2.97,0.0159,0.036
5.956,-3.44,0.0159,0.032
5.957,-2.19,0.0159,0.029
5.958,-2.50,0.0159,0.028
5.959,-1.88,0.0159,0.024
5.96,-0.16,0.0159,0.024
5.961,0.47,0.0159,0.024
5.962,2.19,0.0159,0.025
5.963,2.97,0.0159,0.028
5.964,2.34,0.0159,0.031
5.965,2.34,0.0159,0.033
5.966,3.13,0.0159,0.036
5.967,2.66,0.0159,0.039
5.968,0.78,0.0174,0.041
5.969,-0.31,0.0203,0.041
5.97,-1.72,0.0203,0.040
5.971,-2.81,0.0203,0.037
5.972,-2.81,0.0203,0.035
5.973,-3.12,0.0203,0.032
5.974,-3.12,0.0203,0.028
5.975,-1.88,0.0203,0.026
5.976,-2.50,0.0203,0.025
5.977,-1.56,0.0203,0.021
5.978,1.56,0.0203,0.022
5.979,1.88,0.0203,0.024
5.98,2.19,0.0203,0.025
5.981,4.22,0.0203,0.028
5.982,4.22,0.0203,0.034
5.983,2.50,0.0203,0.037
5.984,1.56,0.0203,0.039
5.985,0.62,0.0203,0.040
5.986,0.00,0.0195,0.040
5.987,-0.78,0.0178,0.040
5.988,-2.50,0.0178,0.038
5.989,-3.13,0.0178,0.035
5.99,-2.66,0.0178,0.032
5.991,-3.12,0.0178,0.029
5.992,-2.66,0.0178,0.026
5.993,-1.88,0.0178,0.024
5.994,-0.31,0.0178,0.022
5.995,1.56,0.0178,0.023
5.996,2.19,0.0178,0.025
5.997,2.97,0.0178,0.028
5.998,2.66,0.0178,0.031
5.999,2.50,0.0178,0.033
6,2.81,0.0178,0.036
6.001,1.09,0.0176,0.039
6.002,0.00,0.0172,0.038
6.003,-0.47,0.0172,0.039
6.004,-2.81,0.0172,0.037
6.005,-3.75,0.0172,0.033
6.006,-3.12,0.0172,0.030
6.007,-2.97,0.0172,0.027
6.008,-1.88,0.0172,0.024
6.009,-0.94,0.0172,0.023
6.01,-0.63,0.0172,0.022
6.011,0.47,0.0172,0.022
6.012,2.19,0.0172,0.023
6.013,2.97,0.0172,0.026
6.014,2.97,0.0172,0.029
6.015,3.59,0.0172,0.032
6.016,2.81,0.0172,0.036
6.017,1.41,0.0172,0.038
6.018,1.56,0.0172,0.039
6.019,0.47,0.0175,0.041
6.02,-1.56,0.0181,0.040
6.021,-2.50,0.0181,0.038
6.022,-2.97,0.0181,0.035
6.023,-3.28,0.0181,0.032
6.024,-2.66,0.0181,0.028
6.025,-2.34,0.0181,0.027
6.026,-1.88,0.0181,0.024
6.027,0.16,0.0181,0.023
6.028,1.41,0.0181,0.024
6.029,1.25,0.0181,0.026
6.03,2.50,0.0181,0.027
6.031,3.75,0.0181,0.031
6.032,2.97,0.0181,0.034
6.033,2.81,0.0181,0.037
6.034,2.03,0.0181,0.040
6.035,0.31,0.0181,0.041
6.036,-0.31,0.0181,0.040
6.037,-1.41,0.0181,0.040
6.038,-2.66,0.0181,0.037
6.039,-3.13,0.0181,0.035
6.04,-2.97,0.0181,0.031
6.041,-2.66,0.0181,0.029
6.042,-1.88,0.0181,0.026
6.043,-0.78,0.0181,0.025
6.044,-0.78,0.0181,0.024
6.045,0.16,0.0181,0.023
6.046,2.81,0.0181,0.025
6.047,4.22,0.0181,0.029
6.048,3.44,0.0181,0.033
6.049,2.81,0.0181,0.036
6.05,2.34,0.0181,0.039
6.051,1.41,0.0181,0.041
6.052,0.78,0.0181,0.042
6.053,-0.78,0.0184,0.042
6.054,-2.34,0.0191,0.040
6.055,-2.50,0.0191,0.037
6.056,-2.97,0.0191,0.035
6.057,-3.59,0.0191,0.032
6.058,-2.81,0.0191,0.028
6.059,-1.56,0.0191,0.026
6.06,-1.09,0.0191,0.025
6.061,0.31,0.0191,0.024
6.062,2.66,0.0191,0.025
6.063,3.44,0.0191,0.029
6.064,3.44,0.0191,0.032
6.065,3.13,0.0191,0.036
6.066,2.34,0.0191,0.038
6.067,2.19,0.0191,0.041
6.068,1.72,0.0191,0.043
6.069,-0.47,0.0197,0.044
6.07,-2.03,0.0209,0.042
6.071,-2.66,0.0209,0.040
6.072,-3.28,0.0209,0.037
6.073,-2.81,0.0209,0.033
6.074,-2.66,0.0209,0.031
6.075,-2.50,0.0209,0.028
6.076,-1.88,0.0209,0.026
6.077,-1.41,0.0209,0.024
6.078,0.00,0.0209,0.023
6.079,2.97,0.0209,0.024
6.08,4.37,0.0209,0.029
6.081,2.97,0.0209,0.033
6.082,2.50,0.0209,0.035
6.083,2.66,0.0209,0.038
6.084,1.72,0.0209,0.040
6.085,0.94,0.0209,0.042
6.086,-0.94,0.0205,0.042
6.087,-2.66,0.0197,0.040
6.088,-2.81,0.0197,0.037
6.089,-2.66,0.0197,0.034
6.09,-3.28,0.0197,0.032
6.091,-3.44,0.0197,0.028
6.092,-2.03,0.0197,0.025
6.093,-1.09,0.0197,0.023
6.094,0.31,0.0197,0.022
6.095,1.72,0.0197,0.024
6.096,1.88,0.0197,0.026
6.097,2.81,0.0197,0.028
6.098,3.91,0.0197,0.032
6.099,3.44,0.0197,0.036
6.1,2.50,0.0197,0.038
6.101,1.72,0.0197,0.041
6.102,-0.16,0.0192,0.042
6.103,-1.56,0.0181,0.040
6.104,-2.19,0.0181,0.039
6.105,-2.66,0.0181,0.036
6.106,-2.97,0.0181,0.033
6.107,-3.13,0.0181,0.030
6.108,-2.03,0.0181,0.027
6.109,-1.72,0.0181,0.026
6.11,-0.94,0.0181,0.024
6.111,0.94,0.0181,0.024
6.112,1.25,0.0181,0.026
6.113,2.50,0.0181,0.027
6.114,4.22,0.0181,0.031
6.115,3.59,0.0181,0.035
6.116,2.50,0.0181,0.038
6.117,2.19,0.0181,0.040
6.118,0.78,0.0193,0.042
6.119,-1.09,0.0216,0.042
6.12,-1.25,0.0216,0.040
6.121,-1.88,0.0216,0.039
6.122,-3.13,0.0216,0.036
6.123,-3.44,0.0216,0.033
6.124,-3.28,0.0216,0.029
6.125,-2.19,0.0216,0.026
6.126,-1.56,0.0216,0.025
6.127,-2.19,0.0216,0.023
6.128,-0.31,0.0216,0.021
6.129,2.34,0.0216,0.022
6.13,2.81,0.0216,0.025
6.131,3.28,0.0216,0.028
6.132,3.59,0.0216,0.032
6.133,2.66,0.0216,0.035
6.134,1.25,0.0216,0.037
6.135,0.94,0.0216,0.038
6.136,-0.47,0.0205,0.039
6.137,-2.50,0.0184,0.037
6.138,-2.66,0.0184,0.034
6.139,-2.81,0.0184,0.032
6.14,-3.59,0.0184,0.028
6.141,-2.81,0.0184,0.024
6.142,-1.72,0.0184,0.023
6.143,-1.09,0.0184,0.021
6.144,0.31,0.0184,0.021
6.145,1.41,0.0184,0.022
6.146,2.34,0.0184,0.023
6.147,4.06,0.0184,0.026
6.148,4.22,0.0184,0.032
6.149,2.03,0.0184,0.035
6.15,2.03,0.0184,0.036
6.151,2.03,0.0184,0.039
6.152,0.00,0.0182,0.040
6.153,-1.25,0.0178,0.039
6.154,-1.88,0.0178,0.037
6.155,-2.66,0.0178,0.035
6.156,-3.28,0.0178,0.032
6.157,-3.28,0.0178,0.028
6.158,-2.66,0.0178,0.025
6.159,-1.72,0.0178,0.023
6.16,-0.31,0.0178,0.022
6.161,0.78,0.0178,0.022
6.162,1.56,0.0178,0.023
6.163,2.50,0.0178,0.026
6.164,2.81,0.0178,0.028
6.165,2.97,0.0178,0.031
6.166,3.44,0.0178,0.034
6.167,2.50,0.0178,0.038
6.168,1.09,0.0178,0.039
6.169,0.00,0.0179,0.040
6.17,-1.72,0.0181,0.039
6.171,-2.81,0.0181,0.037
6.172,-3.12,0.0181,0.034
6.173,-3.13,0.0181,0.031
6.174,-2.97,0.0181,0.028
6.175,-1.41,0.0181,0.025
6.176,-1.09,0.0181,0.025
6.177,-1.25,0.0181,0.022
6.178,0.62,0.0181,0.022
6.179,2.34,0.0181,0.024
6.18,2.97,0.0181,0.027
6.181,2.81,0.0181,0.030
6.182,2.03,0.0181,0.033
6.183,2.03,0.0181,0.034
6.184,2.19,0.0181,0.037
6.185,0.63,0.0189,0.038
6.186,-1.09,0.0203,0.038
6.187,-1.56,0.0203,0.036
6.188,-2.34,0.0203,0.035
6.189,-4.06,0.0203,0.031
6.19,-3.59,0.0203,0.027
6.191,-2.66,0.0203,0.024
6.192,-2.50,0.0203,0.021
6.193,-1.72,0.0203,0.019
6.194,0.16,0.0203,0.018
6.195,1.41,0.0203,0.019
6.196,2.34,0.0203,0.021
6.197,4.06,0.0203,0.024
6.198,3.28,0.0203,0.029
6.199,2.34,0.0203,0.031
6.2,3.12,0.0203,0.033
6.201,1.56,0.0194,0.037
6.202,-0.78,0.0175,0.037
6.203,-1.41,0.0175,0.035
6.204,-1.72,0.0175,0.034
6.205,-2.19,0.0175,0.032
6.206,-2.03,0.0175,0.029
6.207,-3.44,0.0175,0.028
6.208,-3.12,0.0175,0.022
6.209,-0.78,0.0175,0.022
6.21,-0.47,0.0175,0.021
6.211,0.00,0.0175,0.021
6.212,1.72,0.0175,0.021
6.213,3.44,0.0175,0.024
6.214,3.75,0.0175,0.028
6.215,3.28,0.0175,0.032
6.216,2.97,0.0175,0.034
6.217,1.88,0.0175,0.037
6.218,0.94,0.0175,0.038
6.219,0.31,0.0183,0.039
6.22,-1.72,0.0200,0.039
6.221,-2.34,0.0200,0.036
6.222,-2.97,0.0200,0.034
6.223,-3.59,0.0200,0.030
6.224,-2.81,0.0200,0.027
6.225,-2.66,0.0200,0.024
6.226,-2.50,0.0200,0.022
6.227,-0.16,0.0200,0.019
6.228,1.88,0.0200,0.021
6.229,2.03,0.0200,0.023
6.23,3.59,0.0200,0.025
6.231,4.06,0.0200,0.030
6.232,2.81,0.0200,0.033
6.233,2.81,0.0200,0.036
6.234,3.13,0.0200,0.039
6.235,0.78,0.0201,0.042
6.236,-1.56,0.0203,0.041
6.237,-1.72,0.0203,0.039
6.238,-3.44,0.0203,0.037
6.239,-4.22,0.0203,0.032
6.24,-2.34,0.0203,0.029
6.241,-2.19,0.0203,0.028
6.242,-2.34,0.0203,0.024
6.243,-1.25,0.0203,0.023
6.244,-0.47,0.0203,0.022
6.245,0.94,0.0203,0.022
6.246,2.66,0.0203,0.024
6.247,2.50,0.0203,0.027
6.248,2.19,0.0203,0.029
6.249,3.12,0.0203,0.032
6.25,2.81,0.0203,0.035
6.251,1.56,0.0203,0.037
6.252,1.09,0.0203,0.038
6.253,-1.41,0.0199,0.039
6.254,-3.28,0.0191,0.035
6.255,-2.81,0.0191,0.033
6.256,-3.44,0.0191,0.030
6.257,-3.28,0.0191,0.026
6.258,-2.50,0.0191,0.023
6.259,-1.41,0.0191,0.021
6.26,-0.31,0.0191,0.020
6.261,0.94,0.0191,0.020
6.262,1.72,0.0191,0.022
6.263,2.03,0.0191,0.024
6.264,3.28,0.0191,0.026
6.265,3.44,0.0191,0.030
6.266,2.34,0.0191,0.033
6.267,2.66,0.0191,0.035
6.268,2.66,0.0191,0.038
6.269,0.00,0.0194,0.040
6.27,-2.03,0.0200,0.038
6.271,-2.50,0.0200,0.036
6.272,-2.81,0.0200,0.033
6.273,-2.81,0.0200,0.031
6.274,-2.50,0.0200,0.028
6.275,-2.19,0.0200,0.026
6.276,-1.56,0.0200,0.023
6.277,-0.47,0.0200,0.022
6.278,0.47,0.0200,0.022
6.279,1.87,0.0200,0.023
6.28,3.91,0.0200,0.026
6.281,3.91,0.0200,0.031
6.282,2.81,0.0200,0.034
6.283,3.12,0.0200,0.037
6.284,2.81,0.0200,0.040
6.285,1.56,0.0200,0.043
6.286,-0.78,0.0196,0.043
6.287,-1.72,0.0187,0.041
6.288,-2.03,0.0187,0.040
6.289,-2.97,0.0187,0.037
6.29,-3.12,0.0187,0.034
6.291,-2.50,0.0187,0.031
6.292,-1.41,0.0187,0.029
6.293,-2.19,0.0187,0.028
6.294,-1.09,0.0187,0.025
6.295,1.72,0.0187,0.026
6.296,1.88,0.0187,0.028
6.297,2.03,0.0187,0.029
6.298,3.59,0.0187,0.032
6.299,3.91,0.0187,0.037
6.3,2.66,0.0187,0.040
6.301,2.03,0.0187,0.042
6.302,0.62,0.0189,0.044
6.303,-0.94,0.0191,0.043
6.304,-1.09,0.0191,0.042
6.305,-2.66,0.0191,0.041
6.306,-3.91,0.0191,0.037
6.307,-3.12,0.0191,0.033
6.308,-2.66,0.0191,0.031
6.309,-2.81,0.0191,0.028
6.31,-0.94,0.0191,0.025
6.311,1.56,0.0191,0.026
6.312,1.88,0.0191,0.028
6.313,1.88,0.0191,0.030
6.314,2.50,0.0191,0.032
6.315,3.13,0.0191,0.035
6.316,3.44,0.0191,0.038
6.317,2.03,0.0191,0.042
6.318,0.78,0.0191,0.042
6.319,-0.63,0.0197,0.043
6.32,-1.88,0.0209,0.041
6.321,-2.34,0.0209,0.039
6.322,-3.91,0.0209,0.036
6.323,-3.44,0.0209,0.032
6.324,-2.66,0.0209,0.029
6.325,-2.81,0.0209,0.026
6.326,-2.03,0.0209,0.024
6.327,-0.62,0.0209,0.022
6.328,0.47,0.0209,0.022
6.329,1.41,0.0209,0.023
6.33,2.97,0.0209,0.025
6.331,3.28,0.0209,0.029
6.332,3.28,0.0209,0.032
6.333,3.13,0.0209,0.036
6.334,1.56,0.0209,0.038
6.335,1.09,0.0209,0.039
6.336,-0.16,0.0204,0.040
6.337,-1.72,0.0194,0.038
6.338,-1.88,0.0194,0.037
6.339,-3.12,0.0194,0.035
6.34,-4.22,0.0194,0.031
6.341,-3.28,0.0194,0.026
6.342,-2.03,0.0194,0.024
6.343,-1.56,0.0194,0.022
6.344,-0.16,0.0194,0.021
6.345,1.41,0.0194,0.022
6.346,2.19,0.0194,0.024
6.347,2.81,0.0194,0.026
6.348,3.59,0.0194,0.029
6.349,3.44,0.0194,0.033
6.35,2.19,0.0194,0.036
6.351,1.25,0.0194,0.038
6.352,0.00,0.0194,0.039
6.353,-1.25,0.0194,0.038
6.354,-1.88,0.0194,0.036
6.355,-3.28,0.0194,0.034
6.356,-4.22,0.0194,0.030
6.357,-2.97,0.0194,0.026
6.358,-2.50,0.0194,0.024
6.359,-2.19,0.0194,0.021
6.36,-0.63,0.0194,0.019
6.361,0.31,0.0194,0.019
6.362,1.88,0.0194,0.020
6.363,3.44,0.0194,0.023
6.364,3.44,0.0194,0.027
6.365,3.12,0.0194,0.030
6.366,3.28,0.0194,0.033
6.367,2.50,0.0194,0.037
6.368,1.25,0.0194,0.038
6.369,0.31,0.0195,0.039
6.37,-1.09,0.0197,0.039
6.371,-2.50,0.0197,0.037
6.372,-3.28,0.0197,0.034
6.373,-3.44,0.0197,0.030
6.374,-3.44,0.0197,0.027
6.375,-2.50,0.0197,0.023
6.376,-1.09,0.0197,0.022
6.377,0.00,0.0197,0.021
6.378,0.94,0.0197,0.022
6.379,2.34,0.0197,0.023
6.38,3.12,0.0197,0.027
6.381,3.44,0.0197,0.029
6.382,3.44,0.0197,0.033
6.383,2.34,0.0197,0.036
6.384,2.34,0.0197,0.038
6.385,2.03,0.0197,0.041
6.386,-0.47,0.0194,0.042
6.387,-2.50,0.0188,0.040
6.388,-3.28,0.0188,0.037
6.389,-3.75,0.0188,0.033
6.39,-3.28,0.0188,0.030
6.391,-2.19,0.0188,0.027
6.392,-1.72,0.0188,0.025
6.393,-0.63,0.0188,0.023
6.394,0.94,0.0188,0.024
6.395,0.94,0.0188,0.025
6.396,1.72,0.0188,0.026
6.397,3.28,0.0188,0.029
6.398,3.44,0.0188,0.033
6.399,3.28,0.0188,0.036
6.4,3.13,0.0188,0.039
6.401,1.09,0.0188,0.042
6.402,0.16,0.0188,0.041
6.403,-0.31,0.0181,0.042
6.404,-2.19,0.0169,0.041
6.405,-3.28,0.0169,0.038
6.406,-3.59,0.0169,0.034
6.407,-3.13,0.0169,0.031
6.408,-2.19,0.0169,0.028
6.409,-1.09,0.0169,0.026
6.41,-0.16,0.0169,0.026
6.411,0.94,0.0169,0.026
6.412,1.25,0.0169,0.028
6.413,1.72,0.0169,0.028
6.414,3.28,0.0169,0.031
6.415,3.44,0.0169,0.035
6.416,2.81,0.0169,0.038
6.417,2.34,0.0169,0.041
6.418,1.41,0.0169,0.043
6.419,-0.16,0.0176,0.043
6.42,-1.41,0.0191,0.042
6.421,-1.72,0.0191,0.041
6.422,-2.97,0.0191,0.039
6.423,-4.06,0.0191,0.035
6.424,-3.59,0.0191,0.031
6.425,-2.03,0.0191,0.028
6.426,-1.56,0.0191,0.027
6.427,-0.94,0.0191,0.024
6.428,1.25,0.0191,0.025
6.429,1.72,0.0191,0.027
6.43,2.34,0.0191,0.028
6.431,3.44,0.0191,0.032
6.432,2.03,0.0191,0.035
6.433,1.56,0.0191,0.036
6.434,2.50,0.0191,0.038
6.435,1.41,0.0191,0.041
6.436,-0.78,0.0182,0.041
6.437,-1.25,0.0166,0.039
6.438,-2.03,0.0166,0.038
6.439,-3.59,0.0166,0.035
6.44,-3.28,0.0166,0.031
6.441,-2.97,0.0166,0.028
6.442,-2.03,0.0166,0.025
6.443,-0.31,0.0166,0.024
6.444,0.31,0.0166,0.025
6.445,0.47,0.0166,0.025
6.446,1.56,0.0166,0.026
6.447,3.12,0.0166,0.028
6.448,2.97,0.0166,0.032
6.449,2.81,0.0166,0.034
6.45,2.66,0.0166,0.037
6.451,1.09,0.0166,0.039
6.452,0.16,0.0170,0.040
6.453,-0.16,0.0178,0.040
6.454,-1.56,0.0178,0.039
6.455,-2.50,0.0178,0.037
6.456,-2.66,0.0178,0.034
6.457,-3.44,0.0178,0.031
6.458,-3.28,0.0178,0.028
6.459,-1.72,0.0178,0.025
6.46,-0.47,0.0178,0.024
6.461,0.47,0.0178,0.024
6.462,1.72,0.0178,0.025
6.463,2.19,0.0178,0.027
6.464,2.81,0.0178,0.029
6.465,2.97,0.0178,0.033
6.466,2.81,0.0178,0.035
6.467,3.13,0.0178,0.038
6.468,1.88,0.0178,0.042
6.469,-0.47,0.0179,0.042
6.47,-1.41,0.0181,0.041
6.471,-1.41,0.0181,0.039
6.472,-3.13,0.0181,0.038
6.473,-3.91,0.0181,0.033
6.474,-2.19,0.0181,0.030
6.475,-2.19,0.0181,0.029
6.476,-2.34,0.0181,0.026
6.477,-0.31,0.0181,0.024
6.478,0.94,0.0181,0.025
6.479,0.78,0.0181,0.026
6.48,2.03,0.0181,0.027
6.481,3.75,0.0181,0.030
6.482,3.12,0.0181,0.034
6.483,2.34,0.0181,0.036
6.484,1.41,0.0181,0.039
6.485,0.16,0.0179,0.039
6.486,-1.41,0.0175,0.039
6.487,-1.88,0.0175,0.036
6.488,-2.03,0.0175,0.035
6.489,-2.50,0.0175,0.032
6.49,-2.34,0.0175,0.030
6.491,-2.97,0.0175,0.028
6.492,-1.09,0.0175,0.024
6.493,0.00,0.0175,0.025
6.494,0.00,0.0175,0.024
6.495,0.94,0.0175,0.025
6.496,2.66,0.0175,0.026
6.497,3.59,0.0175,0.031
6.498,3.12,0.0175,0.033
6.499,2.81,0.0175,0.037
6.5,2.03,0.0175,0.039
6.501,1.41,0.0175,0.041
6.502,0.78,0.0175,0.042
6.503,-1.09,0.0178,0.043
6.504,-1.88,0.0184,0.040
6.505,-2.50,0.0184,0.039
6.506,-3.91,0.0184,0.035
6.507,-3.12,0.0184,0.031
6.508,-2.34,0.0184,0.028
6.509,-2.19,0.0184,0.026
6.51,-0.62,0.0184,0.024
6.511,1.25,0.0184,0.025
6.512,1.09,0.0184,0.027
6.513,1.88,0.0184,0.027
6.514,3.28,0.0184,0.030
6.515,2.97,0.0184,0.034
6.516,2.97,0.0184,0.036
6.517,2.34,0.0184,0.040
6.518,0.31,0.0186,0.041
6.519,-1.25,0.0191,0.040
6.52,-1.72,0.0191,0.038
6.521,-2.03,0.0191,0.037
6.522,-3.28,0.0191,0.034
6.523,-2.81,0.0191,0.030
6.524,-2.66,0.0191,0.029
6.525,-2.81,0.0191,0.025
6.526,-1.25,0.0191,0.023
6.527,-0.63,0.0191,0.022
6.528,0.47,0.0191,0.022
6.529,2.81,0.0191,0.023
6.53,4.06,0.0191,0.028
6.531,3.13,0.0191,0.032
6.532,2.50,0.0191,0.034
6.533,2.50,0.0191,0.037
6.534,2.19,0.0191,0.039
6.535,1.41,0.0191,0.041
6.536,-0.78,0.0186,0.042
6.537,-2.19,0.0178,0.039
6.538,-2.50,0.0178,0.037
6.539,-2.66,0.0178,0.034
6.54,-3.13,0.0178,0.032
6.541,-2.81,0.0178,0.028
6.542,-1.25,0.0178,0.026
6.543,-1.25,0.0178,0.026
6.544,0.16,0.0178,0.024
6.545,2.03,0.0178,0.026
6.546,1.56,0.0178,0.028
6.547,2.03,0.0178,0.029
6.548,3.28,0.0178,0.032
6.549,3.13,0.0178,0.036
6.55,2.97,0.0178,0.038
6.551,2.19,0.0178,0.042
6.552,-0.47,0.0179,0.043
6.553,-2.19,0.0181,0.041
6.554,-1.88,0.0181,0.038
6.555,-2.50,0.0181,0.037
6.556,-3.59,0.0181,0.033
6.557,-2.97,0.0181,0.030
6.558,-2.34,0.0181,0.027
6.559,-1.41,0.0181,0.025
6.56,0.47,0.0181,0.024
6.561,1.09,0.0181,0.026
6.562,0.94,0.0181,0.027
6.563,2.66,0.0181,0.028
6.564,3.91,0.0181,0.032
6.565,2.81,0.0181,0.036
6.566,2.34,0.0181,0.037
6.567,2.81,0.0181,0.040
6.568,1.25,0.0189,0.043
6.569,-0.78,0.0203,0.043
6.57,-1.72,0.0203,0.042
6.571,-2.34,0.0203,0.039
6.572,-2.66,0.0203,0.037
6.573,-3.12,0.0203,0.034
6.574,-3.44,0.0203,0.031
6.575,-2.19,0.0203,0.027
6.576,-1.25,0.0203,0.026
6.577,-1.72,0.0203,0.025
6.578,-0.31,0.0203,0.023
6.579,2.19,0.0203,0.024
6.58,2.81,0.0203,0.027
6.581,3.13,0.0203,0.030
6.582,3.75,0.0203,0.033
6.583,2.19,0.0203,0.037
6.584,0.78,0.0203,0.038
6.585,1.09,0.0203,0.039
6.586,-0.47,0.0205,0.040
6.587,-2.66,0.0209,0.038
6.588,-2.81,0.0209,0.035
6.589,-3.28,0.0209,0.032
6.59,-3.28,0.0209,0.028
6.591,-3.12,0.0209,0.026
6.592,-3.12,0.0209,0.022
6.593,-1.41,0.0209,0.019
6.594,-0.16,0.0209,0.019
6.595,1.41,0.0209,0.019
6.596,2.66,0.0209,0.022
6.597,3.59,0.0209,0.024
6.598,3.91,0.0209,0.029
6.599,3.12,0.0209,0.032
6.6,2.66,0.0209,0.035
6.601,1.56,0.0209,0.037
6.602,0.94,0.0209,0.038
6.603,-0.31,0.0195,0.039
6.604,-1.88,0.0166,0.038
6.605,-2.81,0.0166,0.036
6.606,-2.97,0.0166,0.032
6.607,-2.81,0.0166,0.030
6.608,-3.12,0.0166,0.027
6.609,-1.56,0.0166,0.023
6.61,-0.16,0.0166,0.023
6.611,0.94,0.0166,0.023
6.612,2.03,0.0166,0.025
6.613,2.03,0.0166,0.027
6.614,2.66,0.0166,0.029
6.615,2.66,0.0166,0.033
6.616,2.81,0.0166,0.035
6.617,2.50,0.0166,0.038
6.618,1.25,0.0166,0.040
6.619,0.16,0.0173,0.041
6.62,-1.72,0.0187,0.040
6.621,-2.50,0.0187,0.037
6.622,-3.28,0.0187,0.035
6.623,-3.91,0.0187,0.031
6.624,-2.81,0.0187,0.027
6.625,-1.72,0.0187,0.025
6.626,-1.56,0.0187,0.024
6.627,-0.31,0.0187,0.022
6.628,1.56,0.0187,0.023
6.629,1.88,0.0187,0.025
6.63,2.97,0.0187,0.027
6.631,3.59,0.0187,0.031
6.632,2.97,0.0187,0.034
6.633,2.66,0.0187,0.037
6.634,2.19,0.0187,0.039
6.635,0.62,0.0185,0.041
6.636,-1.25,0.0181,0.041
6.637,-1.41,0.0181,0.039
6.638,-2.19,0.0181,0.038
6.639,-4.06,0.0181,0.034
6.64,-3.28,0.0181,0.030
6.641,-2.34,0.0181,0.028
6.642,-2.34,0.0181,0.025
6.643,-0.78,0.0181,0.023
6.644,0.00,0.0181,0.023
6.645,0.16,0.0181,0.023
6.646,1.56,0.0181,0.024
6.647,3.12,0.0181,0.026
6.648,3.12,0.0181,0.030
6.649,2.97,0.0181,0.033
6.65,2.50,0.0181,0.036
6.651,1.25,0.0181,0.037
6.652,0.47,0.0186,0.038
6.653,-1.09,0.0197,0.038
6.654,-2.97,0.0197,0.036
6.655,-3.28,0.0197,0.033
6.656,-2.97,0.0197,0.030
6.657,-3.12,0.0197,0.027
6.658,-2.66,0.0197,0.023
6.659,-1.25,0.0197,0.021
6.66,-1.25,0.0197,0.021
6.661,-0.63,0.0197,0.019
6.662,2.50,0.0197,0.020
6.663,2.97,0.0197,0.024
6.664,2.97,0.0197,0.026
6.665,4.53,0.0197,0.030
6.666,3.12,0.0197,0.035
6.667,1.41,0.0197,0.036
6.668,1.41,0.0197,0.037
6.669,0.00,0.0195,0.039
6.67,-1.25,0.0191,0.037
6.671,-2.34,0.0191,0.036
6.672,-3.91,0.0191,0.033
6.673,-3.59,0.0191,0.028
6.674,-2.97,0.0191,0.026
6.675,-2.50,0.0191,0.022
6.676,-1.41,0.0191,0.021
6.677,-0.47,0.0191,0.020
6.678,0.78,0.0191,0.020
6.679,1.72,0.0191,0.021
6.68,3.12,0.0191,0.023
6.681,3.91,0.0191,0.028
6.682,2.81,0.0191,0.031
6.683,2.97,0.0191,0.033
6.684,2.50,0.0191,0.037
6.685,0.31,0.0190,0.038
6.686,-0.63,0.0188,0.037
6.687,-1.41,0.0188,0.037
6.688,-2.97,0.0188,0.035
6.689,-3.44,0.0188,0.031
6.69,-2.97,0.0188,0.028
6.691,-3.12,0.0188,0.025
6.692,-2.81,0.0188,0.022
6.693,-0.94,0.0188,0.019
6.694,0.31,0.0188,0.020
6.695,1.56,0.0188,0.020
6.696,3.12,0.0188,0.023
6.697,2.81,0.0188,0.026
6.698,2.81,0.0188,0.028
6.699,3.12,0.0188,0.032
6.7,1.88,0.0188,0.035
6.701,1.09,0.0188,0.036
6.702,0.47,0.0183,0.037
6.703,-1.09,0.0175,0.037
6.704,-2.19,0.0175,0.035
6.705,-2.34,0.0175,0.032
6.706,-3.59,0.0175,0.030
6.707,-3.44,0.0175,0.025
6.708,-1.72,0.0175,0.023
6.709,-1.72,0.0175,0.022
6.71,-1.09,0.0175,0.020
6.711,0.94,0.0175,0.019
6.712,1.72,0.0175,0.022
6.713,2.19,0.0175,0.023
6.714,2.97,0.0175,0.026
6.715,3.12,0.0175,0.029
6.716,2.97,0.0175,0.032
6.717,2.19,0.0175,0.035
6.718,0.94,0.0176,0.037
6.719,-1.09,0.0178,0.037
6.72,-2.19,0.0178,0.034
6.721,-2.03,0.0178,0.032
6.722,-2.34,0.0178,0.030
6.723,-2.34,0.0178,0.028
6.724,-2.19,0.0178,0.026
6.725,-2.97,0.0178,0.023
6.726,-1.88,0.0178,0.020
6.727,-0.31,0.0178,0.019
6.728,0.00,0.0178,0.019
6.729,2.34,0.0178,0.019
6.73,4.22,0.0178,0.024
6.731,3.12,0.0178,0.028
6.732,2.66,0.0178,0.030
6.733,2.66,0.0178,0.033
6.734,1.88,0.0178,0.035
6.735,1.09,0.0178,0.037
6.736,-0.62,0.0179,0.037
6.737,-2.19,0.0181,0.036
6.738,-2.19,0.0181,0.033
6.739,-2.50,0.0181,0.031
6.74,-3.12,0.0181,0.028
6.741,-2.97,0.0181,0.025
6.742,-1.88,0.0181,0.022
6.743,-1.41,0.0181,0.021
6.744,-0.31,0.0181,0.019
6.745,1.41,0.0181,0.021
6.746,2.03,0.0181,0.022
6.747,2.03,0.0181,0.025
6.748,3.12,0.0181,0.026
6.749,3.28,0.0181,0.031
6.75,1.72,0.0181,0.033
6.751,1.56,0.0181,0.034
6.752,0.78,0.0183,0.036
6.753,-0.31,0.0187,0.036
6.754,-1.41,0.0187,0.035
6.755,-3.59,0.0187,0.033
6.756,-3.12,0.0187,0.028
6.757,-1.72,0.0187,0.027
6.758,-1.88,0.0187,0.025
6.759,-2.03,0.0187,0.023
6.76,-0.63,0.0187,0.021
6.761,1.09,0.0187,0.022
6.762,0.63,0.0187,0.023
6.763,1.88,0.0187,0.023
6.764,3.44,0.0187,0.027
6.765,3.44,0.0187,0.030
6.766,3.59,0.0187,0.033
6.767,2.97,0.0187,0.037
6.768,1.25,0.0187,0.039
6.769,-0.31,0.0182,0.040
6.77,-0.94,0.0172,0.039
6.771,-2.50,0.0172,0.038
6.772,-3.44,0.0172,0.034
6.773,-2.66,0.0172,0.031
6.774,-3.44,0.0172,0.028
6.775,-2.66,0.0172,0.024
6.776,-0.78,0.0172,0.023
6.777,0.00,0.0172,0.022
6.778,0.62,0.0172,0.023
6.779,1.41,0.0172,0.024
6.78,1.56,0.0172,0.026
6.781,1.88,0.0172,0.027
6.782,3.28,0.0172,0.030
6.783,3.12,0.0172,0.033
6.784,1.72,0.0172,0.036
6.785,1.25,0.0172,0.037
6.786,0.16,0.0172,0.038
6.787,-1.56,0.0172,0.037
6.788,-1.88,0.0172,0.035
6.789,-2.50,0.0172,0.033
6.79,-2.66,0.0172,0.030
6.791,-2.19,0.0172,0.028
6.792,-2.81,0.0172,0.026
6.793,-2.19,0.0172,0.022
6.794,-0.31,0.0172,0.022
6.795,1.25,0.0172,0.022
6.796,1.41,0.0172,0.024
6.797,2.97,0.0172,0.025
6.798,4.53,0.0172,0.030
6.799,3.44,0.0172,0.034
6.8,2.50,0.0172,0.037
6.801,1.41,0.0172,0.039
6.802,0.00,0.0169,0.040
6.803,-0.94,0.0162,0.039
6.804,-1.25,0.0162,0.038
6.805,-2.97,0.0162,0.036
6.806,-3.12,0.0162,0.032
6.807,-1.41,0.0162,0.030
6.808,-1.88,0.0162,0.029
6.809,-2.03,0.0162,0.026
6.81,-1.41,0.0162,0.025
6.811,-0.47,0.0162,0.023
6.812,1.41,0.0162,0.024
6.813,2.97,0.0162,0.026
6.814,2.97,0.0162,0.030
6.815,2.66,0.0162,0.032
6.816,2.50,0.0162,0.035
6.817,1.72,0.0162,0.037
6.818,1.41,0.0162,0.039
6.819,0.47,0.0169,0.040
6.82,-1.56,0.0181,0.040
6.821,-2.81,0.0181,0.037
6.822,-2.19,0.0181,0.034
6.823,-2.81,0.0181,0.033
6.824,-4.06,0.0181,0.028
6.825,-2.81,0.0181,0.024
6.826,-1.09,0.0181,0.023
6.827,-0.47,0.0181,0.022
6.828,1.41,0.0181,0.022
6.829,2.03,0.0181,0.025
6.83,2.34,0.0181,0.026
6.831,3.75,0.0181,0.030
6.832,3.28,0.0181,0.033
6.833,2.03,0.0181,0.036
6.834,1.72,0.0181,0.037
6.835,2.03,0.0181,0.040
6.836,-0.47,0.0186,0.042
6.837,-1.72,0.0197,0.039
6.838,-2.03,0.0197,0.038
6.839,-3.91,0.0197,0.035
6.84,-3.28,0.0197,0.030
6.841,-2.66,0.0197,0.028
6.842,-2.34,0.0197,0.025
6.843,-0.16,0.0197,0.023
6.844,0.94,0.0197,0.025
6.845,0.94,0.0197,0.025
6.846,2.34,0.0197,0.027
6.847,3.59,0.0197,0.030
6.848,2.81,0.0197,0.034
6.849,2.97,0.0197,0.036
6.85,3.59,0.0197,0.040
6.851,1.72,0.0197,0.043
6.852,0.31,0.0197,0.043
6.853,-0.47,0.0186,0.043
6.854,-1.88,0.0166,0.042
6.855,-2.97,0.0166,0.040
6.856,-2.66,0.0166,0.036
6.857,-2.81,0.0166,0.034
6.858,-2.97,0.0166,0.031
6.859,-1.88,0.0166,0.028
6.86,-0.47,0.0166,0.027
6.861,0.31,0.0166,0.028
6.862,1.56,0.0166,0.028
6.863,2.34,0.0166,0.031
6.864,2.66,0.0166,0.032
6.865,3.28,0.0166,0.036
6.866,3.28,0.0166,0.039
6.867,2.03,0.0166,0.043
6.868,0.62,0.0166,0.043
6.869,0.31,0.0168,0.044
6.87,-1.41,0.0172,0.043
6.871,-2.34,0.0172,0.041
6.872,-2.81,0.0172,0.039
6.873,-2.97,0.0172,0.035
6.874,-2.50,0.0172,0.033
6.875,-2.50,0.0172,0.030
6.876,-1.72,0.0172,0.028
6.877,0.16,0.0172,0.027
6.878,0.62,0.0172,0.028
6.879,1.56,0.0172,0.028
6.88,3.13,0.0172,0.031
6.881,3.59,0.0172,0.034
6.882,2.97,0.0172,0.038
6.883,2.81,0.0172,0.040
6.884,2.66,0.0172,0.044
6.885,0.63,0.0179,0.046
6.886,-1.41,0.0194,0.045
6.887,-2.19,0.0194,0.043
6.888,-2.66,0.0194,0.041
6.889,-3.12,0.0194,0.037
6.89,-2.19,0.0194,0.035
6.891,-3.12,0.0194,0.033
6.892,-3.12,0.0194,0.028
6.893,-1.09,0.0194,0.027
6.894,-0.31,0.0194,0.026
6.895,0.94,0.0194,0.026
6.896,2.03,0.0194,0.028
6.897,2.19,0.0194,0.030
6.898,2.34,0.0194,0.033
6.899,3.13,0.0194,0.035
6.9,2.66,0.0194,0.039
6.901,1.56,0.0194,0.040
6.902,0.47,0.0194,0.042
6.903,-1.25,0.0194,0.041
6.904,-1.88,0.0194,0.039
6.905,-2.50,0.0194,0.037
6.906,-3.28,0.0194,0.034
6.907,-3.59,0.0194,0.031
6.908,-3.12,0.0194,0.027
6.909,-1.72,0.0194,0.025
6.91,-0.78,0.0194,0.024
6.911,0.78,0.0194,0.023
6.912,1.72,0.0194,0.025
6.913,2.03,0.0194,0.027
6.914,3.12,0.0194,0.029
6.915,3.44,0.0194,0.033
6.916,3.44,0.0194,0.036
6.917,2.66,0.0194,0.040
6.918,1.41,0.0194,0.042
6.919,0.62,0.0194,0.043
6.92,-0.78,0.0194,0.043
6.921,-2.66,0.0194,0.041
6.922,-4.37,0.0194,0.037
6.923,-4.06,0.0194,0.032
6.924,-2.97,0.0194,0.029
6.925,-2.66,0.0194,0.026
6.926,-1.41,0.0194,0.024
6.927,-0.31,0.0194,0.023
6.928,0.94,0.0194,0.023
6.929,1.72,0.0194,0.025
6.93,2.97,0.0194,0.027
6.931,3.12,0.0194,0.031
6.932,2.50,0.0194,0.033
6.933,3.13,0.0194,0.036
6.934,2.19,0.0194,0.039
6.935,0.31,0.0190,0.041
6.936,-0.47,0.0181,0.040
6.937,-1.72,0.0181,0.040
6.938,-3.28,0.0181,0.037
6.939,-3.44,0.0181,0.033
6.94,-3.12,0.0181,0.030
6.941,-2.97,0.0181,0.027
6.942,-1.41,0.0181,0.024
6.943,-0.62,0.0181,0.024
6.944,-0.78,0.0181,0.022
6.945,0.94,0.0181,0.022
6.946,2.19,0.0181,0.024
6.947,3.44,0.0181,0.027
6.948,3.59,0.0181,0.031
6.949,2.97,0.0181,0.034
6.95,2.19,0.0181,0.037
6.951,1.56,0.0181,0.038
6.952,0.47,0.0186,0.040
6.953,-1.41,0.0197,0.039
6.954,-1.72,0.0197,0.037
6.955,-2.81,0.0197,0.036
6.956,-3.28,0.0197,0.032
6.957,-2.34,0.0197,0.029
6.958,-2.34,0.0197,0.027
6.959,-3.28,0.0197,0.025
6.96,-1.41,0.0197,0.021
6.961,1.56,0.0197,0.022
6.962,1.56,0.0197,0.024
6.963,2.19,0.0197,0.025
6.964,3.12,0.0197,0.028
6.965,2.50,0.0197,0.031
6.966,1.88,0.0197,0.033
6.967,2.03,0.0197,0.035
6.968,1.41,0.0197,0.037
6.969,-0.47,0.0192,0.038
6.97,-1.25,0.0181,0.036
6.971,-2.19,0.0181,0.035
6.972,-3.28,0.0181,0.032
6.973,-3.44,0.0181,0.029
6.974,-3.12,0.0181,0.025
6.975,-2.19,0.0181,0.022
6.976,-1.41,0.0181,0.021
6.977,-0.31,0.0181,0.020
6.978,1.41,0.0181,0.020
6.979,2.34,0.0181,0.022
6.98,2.34,0.0181,0.025
6.981,2.97,0.0181,0.027
6.982,3.28,0.0181,0.031
6.983,2.66,0.0181,0.034
6.984,1.56,0.0181,0.036
6.985,1.09,0.0181,0.037
6.986,-0.31,0.0183,0.038
6.987,-1.56,0.0188,0.036
6.988,-1.72,0.0188,0.035
6.989,-3.28,0.0188,0.033
6.99,-3.91,0.0188,0.028
6.991,-2.97,0.0188,0.025
6.992,-2.50,0.0188,0.022
6.993,-1.56,0.0188,0.020
6.994,0.16,0.0188,0.019
6.995,1.41,0.0188,0.020
6.996,2.19,0.0188,0.022
6.997,3.28,0.0188,0.025
6.998,3.75,0.0188,0.029
6.999,2.81,0.0188,0.032
7,2.50,0.0188,0.034
7.001,2.19,0.0188,0.037
7.002,0.62,0.0181,0.039
7.003,-0.78,0.0169,0.038
7.004,-1.72,0.0169,0.037
7.005,-3.44,0.0169,0.035
7.006,-3.28,0.0169,0.030
7.007,-1.72,0.0169,0.028
7.008,-2.50,0.0169,0.027
7.009,-2.50,0.0169,0.023
7.01,-0.47,0.0169,0.022
7.011,0.00,0.0169,0.022
7.012,0.47,0.0169,0.022
7.013,2.50,0.0169,0.023
7.014,3.44,0.0169,0.027
7.015,2.81,0.0169,0.030
7.016,2.97,0.0169,0.033
7.017,2.19,0.0169,0.036
7.018,0.78,0.0169,0.037
7.019,0.31,0.0178,0.038
7.02,-1.25,0.0197,0.037
7.021,-2.19,0.0197,0.035
7.022,-2.66,0.0197,0.033
7.023,-2.97,0.0197,0.030
7.024,-3.12,0.0197,0.027
7.025,-2.81,0.0197,0.024
7.026,-2.34,0.0197,0.022
7.027,-1.72,0.0197,0.019
7.028,0.47,0.0197,0.018
7.029,2.03,0.0197,0.020
7.03,2.50,0.0197,0.022
7.031,2.81,0.0197,0.025
7.032,3.44,0.0197,0.028
7.033,3.13,0.0197,0.032
7.034,2.19,0.0197,0.034
7.035,1.41,0.0197,0.036
7.036,-0.31,0.0200,0.037
7.037,-0.31,0.0206,0.036
7.038,-1.25,0.0206,0.036
7.039,-4.22,0.0206,0.033
7.04,-4.22,0.0206,0.028
7.041,-2.66,0.0206,0.025
7.042,-2.66,0.0206,0.022
7.043,-1.88,0.0206,0.019
7.044,1.09,0.0206,0.019
7.045,1.88,0.0206,0.022
7.046,1.88,0.0206,0.022
7.047,3.75,0.0206,0.025
7.048,4.06,0.0206,0.030
7.049,3.28,0.0206,0.033
7.05,2.97,0.0206,0.037
7.051,1.41,0.0206,0.039
7.052,0.62,0.0206,0.039
7.053,-0.62,0.0196,0.041
7.054,-2.19,0.0175,0.038
7.055,-2.81,0.0175,0.036
7.056,-3.28,0.0175,0.033
7.057,-3.28,0.0175,0.030
7.058,-2.34,0.0175,0.026
7.059,-0.62,0.0175,0.025
7.06,-0.63,0.0175,0.025
7.061,0.00,0.0175,0.024
7.062,1.88,0.0175,0.025
7.063,3.12,0.0175,0.028
7.064,2.97,0.0175,0.031
7.065,2.81,0.0175,0.033
7.066,3.12,0.0175,0.037
7.067,2.34,0.0175,0.040
7.068,1.88,0.0175,0.041
7.069,0.62,0.0177,0.043
7.07,-1.88,0.0181,0.043
7.071,-2.81,0.0181,0.040
7.072,-2.97,0.0181,0.037
7.073,-3.44,0.0181,0.034
7.074,-2.97,0.0181,0.030
7.075,-1.56,0.0181,0.028
7.076,-1.25,0.0181,0.027
7.077,-0.63,0.0181,0.025
7.078,1.25,0.0181,0.026
7.079,1.72,0.0181,0.028
7.08,2.50,0.0181,0.029
7.081,3.12,0.0181,0.033
7.082,2.34,0.0181,0.035
7.083,2.19,0.0181,0.037
7.084,2.66,0.0181,0.040
7.085,1.25,0.0182,0.043
7.086,-0.47,0.0184,0.042
7.087,-0.78,0.0184,0.042
7.088,-2.50,0.0184,0.041
7.089,-3.91,0.0184,0.037
7.09,-3.28,0.0184,0.033
7.091,-2.81,0.0184,0.030
7.092,-2.03,0.0184,0.027
7.093,-0.63,0.0184,0.026
7.094,-0.94,0.0184,0.026
7.095,0.16,0.0184,0.024
7.096,2.97,0.0184,0.026
7.097,3.59,0.0184,0.030
7.098,2.19,0.0184,0.033
7.099,2.66,0.0184,0.035
7.1,3.75,0.0184,0.039
7.101,2.03,0.0184,0.042
7.102,0.31,0.0186,0.043
7.103,-0.94,0.0191,0.043
7.104,-2.34,0.0191,0.041
7.105,-2.03,0.0191,0.038
7.106,-2.34,0.0191,0.037
7.107,-2.81,0.0191,0.033
7.108,-2.50,0.0191,0.031
7.109,-2.03,0.0191,0.028
7.11,-1.25,0.0191,0.027
7.111,0.16,0.0191,0.026
7.112,1.41,0.0191,0.028
7.113,2.19,0.0191,0.029
7.114,3.75,0.0191,0.032
7.115,4.37,0.0191,0.036
7.116,3.44,0.0191,0.041
7.117,2.19,0.0191,0.043
7.118,1.56,0.0191,0.045
7.119,0.00,0.0185,0.046
7.12,-0.94,0.0175,0.045
7.121,-0.94,0.0175,0.044
7.122,-3.12,0.0175,0.043
7.123,-3.75,0.0175,0.038
7.124,-2.50,0.0175,0.036
7.125,-2.81,0.0175,0.033
7.126,-2.19,0.0175,0.030
7.127,-0.31,0.0175,0.029
7.128,0.62,0.0175,0.029
7.129,1.41,0.0175,0.030
7.13,3.12,0.0175,0.032
7.131,3.75,0.0175,0.036
7.132,3.28,0.0175,0.040
7.133,3.28,0.0175,0.043
7.134,2.66,0.0175,0.046
7.135,0.78,0.0177,0.048
7.136,-0.16,0.0181,0.048
7.137,-1.09,0.0181,0.048
7.138,-2.81,0.0181,0.046
7.139,-3.59,0.0181,0.042
7.14,-3.44,0.0181,0.038
7.141,-2.66,0.0181,0.035
7.142,-1.72,0.0181,0.033
7.143,-1.56,0.0181,0.032
7.144,-0.94,0.0181,0.030
7.145,1.41,0.0181,0.030
7.146,2.03,0.0181,0.033
7.147,2.03,0.0181,0.034
7.148,3.28,0.0181,0.037
7.149,3.59,0.0181,0.041
7.15,2.50,0.0181,0.044
7.151,1.41,0.0181,0.046
7.152,1.25,0.0181,0.047
7.153,-0.16,0.0189,0.048
7.154,-2.66,0.0203,0.047
7.155,-3.91,0.0203,0.043
7.156,-3.91,0.0203,0.039
7.157,-3.75,0.0203,0.035
7.158,-3.12,0.0203,0.031
7.159,-1.41,0.0203,0.029
7.16,-0.47,0.0203,0.028
7.161,0.47,0.0203,0.028
7.162,1.41,0.0203,0.029
7.163,2.03,0.0203,0.031
7.164,3.44,0.0203,0.033
7.165,3.91,0.0203,0.037
7.166,3.12,0.0203,0.041
7.167,2.66,0.0203,0.044
7.168,1.09,0.0195,0.047
7.169,-0.16,0.0178,0.046
7.17,-1.09,0.0178,0.046
7.171,-2.81,0.0178,0.044
7.172,-3.91,0.0178,0.041
7.173,-3.12,0.0178,0.036
7.174,-2.50,0.0178,0.034
7.175,-2.03,0.0178,0.031
7.176,-0.47,0.0178,0.030
7.177,-0.31,0.0178,0.030
7.178,0.63,0.0178,0.030
7.179,2.50,0.0178,0.031
7.18,3.59,0.0178,0.035
7.181,3.12,0.0178,0.038
7.182,2.66,0.0178,0.041
7.183,2.66,0.0178,0.044
7.184,1.88,0.0178,0.046
7.185,0.78,0.0178,0.048
7.186,-0.47,0.0192,0.048
7.187,-2.81,0.0219,0.047
7.188,-3.91,0.0219,0.042
7.189,-2.97,0.0219,0.039
7.19,-2.81,0.0219,0.036
7.191,-3.59,0.0219,0.033
7.192,-2.34,0.0219,0.029
7.193,-1.56,0.0219,0.028
7.194,-0.47,0.0219,0.026
7.195,2.19,0.0219,0.028
7.196,2.03,0.0219,0.030
7.197,2.66,0.0219,0.032
7.198,4.37,0.0219,0.036
7.199,3.44,0.0219,0.040
7.2,1.88,0.0219,0.043
7.201,1.41,0.0219,0.044
7.202,0.31,0.0208,0.045
7.203,-1.09,0.0188,0.045
7.204,-1.72,0.0188,0.043
7.205,-2.50,0.0188,0.041
7.206,-2.97,0.0188,0.038
7.207,-2.97,0.0188,0.035
7.208,-2.97,0.0188,0.032
7.209,-2.81,0.0188,0.029
7.21,-1.09,0.0188,0.027
7.211,1.41,0.0188,0.027
7.212,1.72,0.0188,0.029
7.213,1.72,0.0188,0.031
7.214,2.50,0.0188,0.033
7.215,2.81,0.0188,0.036
7.216,2.81,0.0188,0.038
7.217,2.66,0.0188,0.041
7.218,1.56,0.0188,0.044
7.219,0.16,0.0192,0.044
7.22,-1.41,0.0200,0.044
7.221,-2.19,0.0200,0.042
7.222,-2.97,0.0200,0.040
7.223,-4.37,0.0200,0.036
7.224,-3.75,0.0200,0.031
7.225,-1.88,0.0200,0.028
7.226,-0.47,0.0200,0.027
7.227,-0.78,0.0200,0.027
7.228,-0.16,0.0200,0.026
7.229,2.81,0.0200,0.027
7.23,3.28,0.0200,0.031
7.231,3.28,0.0200,0.033
7.232,3.75,0.0200,0.038
7.233,2.50,0.0200,0.041
7.234,2.34,0.0200,0.043
7.235,1.72,0.0200,0.046
7.236,-0.63,0.0196,0.046
7.237,-2.34,0.0188,0.044
7.238,-2.34,0.0188,0.042
7.239,-3.28,0.0188,0.040
7.24,-3.59,0.0188,0.035
7.241,-2.66,0.0188,0.033
7.242,-2.34,0.0188,0.030
7.243,-1.09,0.0188,0.028
7.244,0.47,0.0188,0.028
7.245,1.41,0.0188,0.029
7.246,1.87,0.0188,0.030
7.247,3.28,0.0188,0.033
7.248,3.44,0.0188,0.037
7.249,2.81,0.0188,0.039
7.25,2.50,0.0188,0.043
7.251,2.03,0.0188,0.044
7.252,0.16,0.0188,0.047
7.253,-0.94,0.0188,0.045
7.254,-1.25,0.0188,0.045
7.255,-3.12,0.0188,0.042
7.256,-3.59,0.0188,0.038
7.257,-3.44,0.0188,0.035
7.258,-2.81,0.0188,0.032
7.259,-1.56,0.0188,0.029
7.26,-0.78,0.0188,0.028
7.261,0.16,0.0188,0.028
7.262,0.94,0.0188,0.029
7.263,2.34,0.0188,0.030
7.264,3.28,0.0188,0.033
7.265,3.12,0.0188,0.036
7.266,2.97,0.0188,0.040
7.267,1.72,0.0188,0.042
7.268,1.25,0.0188,0.043
7.269,0.62,0.0186,0.045
7.27,-1.41,0.0184,0.044
7.271,-2.34,0.0184,0.042
7.272,-2.81,0.0184,0.040
7.273,-3.44,0.0184,0.036
7.274,-3.28,0.0184,0.033
7.275,-2.50,0.0184,0.030
7.276,-1.72,0.0184,0.028
7.277,-0.78,0.0184,0.026
7.278,0.94,0.0184,0.026
7.279,2.03,0.0184,0.028
7.28,3.13,0.0184,0.030
7.281,3.59,0.0184,0.034
7.282,2.81,0.0184,0.037
7.283,2.81,0.0184,0.040
7.284,2.66,0.0184,0.043
7.285,0.78,0.0185,0.045
7.286,-1.09,0.0188,0.045
7.287,-1.41,0.0188,0.043
7.288,-2.34,0.0188,0.042
7.289,-3.59,0.0188,0.038
7.29,-2.81,0.0188,0.035
7.291,-2.34,0.0188,0.033
7.292,-2.34,0.0188,0.030
7.293,-1.41,0.0188,0.028
7.294,-0.78,0.0188,0.027
7.295,0.47,0.0188,0.027
7.296,2.03,0.0188,0.028
7.297,2.66,0.0188,0.031
7.298,2.66,0.0188,0.033
7.299,2.81,0.0188,0.036
7.3,2.81,0.0188,0.039
7.301,1.88,0.0188,0.042
7.302,0.31,0.0192,0.043
7.303,-1.09,0.0200,0.042
7.304,-1.72,0.0200,0.041
7.305,-2.81,0.0200,0.039
7.306,-3.75,0.0200,0.035
7.307,-3.59,0.0200,0.031
7.308,-2.97,0.0200,0.028
7.309,-1.88,0.0200,0.025
7.31,-1.25,0.0200,0.024
7.311,0.00,0.0200,0.023
7.312,2.19,0.0200,0.024
7.313,2.81,0.0200,0.027
7.314,2.81,0.0200,0.030
7.315,3.28,0.0200,0.033
7.316,2.97,0.0200,0.036
7.317,2.34,0.0200,0.039
7.318,1.09,0.0197,0.041
7.319,-0.47,0.0191,0.041
7.32,-0.94,0.0191,0.040
7.321,-1.72,0.0191,0.039
7.322,-3.13,0.0191,0.037
7.323,-3.44,0.0191,0.033
7.324,-2.97,0.0191,0.030
7.325,-2.50,0.0191,0.027
7.326,-1.72,0.0191,0.025
7.327,0.00,0.0191,0.023
7.328,1.56,0.0191,0.025
7.329,1.41,0.0191,0.027
7.33,2.81,0.0191,0.028
7.331,4.84,0.0191,0.032
7.332,4.22,0.0191,0.037
7.333,2.66,0.0191,0.041
7.334,1.72,0.0191,0.043
7.335,0.62,0.0188,0.044
7.336,-0.16,0.0181,0.044
7.337,-1.09,0.0181,0.044
7.338,-2.97,0.0181,0.042
7.339,-3.13,0.0181,0.038
7.34,-2.81,0.0181,0.035
7.341,-2.97,0.0181,0.032
7.342,-2.03,0.0181,0.029
7.343,-1.25,0.0181,0.028
7.344,-0.16,0.0181,0.027
7.345,1.09,0.0181,0.028
7.346,2.19,0.0181,0.029
7.347,3.75,0.0181,0.032
7.348,3.91,0.0181,0.037
7.349,3.13,0.0181,0.040
7.35,2.50,0.0181,0.043
7.351,2.19,0.0181,0.045
7.352,1.09,0.0183,0.047
7.353,-1.25,0.0187,0.047
7.354,-2.50,0.0187,0.045
7.355,-2.97,0.0187,0.042
7.356,-3.75,0.0187,0.039
7.357,-3.44,0.0187,0.035
7.358,-2.34,0.0187,0.032
7.359,-0.94,0.0187,0.030
7.36,-0.78,0.0187,0.030
7.361,0.16,0.0187,0.028
7.362,1.25,0.0187,0.030
7.363,2.19,0.0187,0.031
7.364,3.59,0.0187,0.035
7.365,2.66,0.0187,0.038
7.366,1.88,0.0187,0.040
7.367,2.66,0.0187,0.042
7.368,2.03,0.0187,0.045
7.369,0.00,0.0179,0.046
7.37,-1.09,0.0163,0.045
7.371,-2.34,0.0163,0.044
7.372,-3.44,0.0163,0.041
7.373,-2.81,0.0163,0.037
7.374,-2.34,0.0163,0.035
7.375,-2.19,0.0163,0.032
7.376,-1.25,0.0163,0.031
7.377,-0.47,0.0163,0.030
7.378,0.63,0.0163,0.030
7.379,1.56,0.0163,0.031
7.38,2.97,0.0163,0.033
7.381,3.13,0.0163,0.037
7.382,2.34,0.0163,0.039
7.383,2.81,0.0163,0.042
7.384,2.34,0.0163,0.045
7.385,0.78,0.0172,0.046
7.386,-0.16,0.0191,0.046
7.387,-1.25,0.0191,0.046
7.388,-2.34,0.0191,0.044
7.389,-2.19,0.0191,0.041
7.39,-2.97,0.0191,0.039
7.391,-3.44,0.0191,0.035
7.392,-1.72,0.0191,0.033
7.393,-1.25,0.0191,0.032
7.394,-1.09,0.0191,0.030
7.395,1.41,0.0191,0.030
7.396,3.12,0.0191,0.033
7.397,3.13,0.0191,0.036
7.398,3.44,0.0191,0.039
7.399,3.28,0.0191,0.043
7.4,2.97,0.0191,0.046
7.401,2.81,0.0191,0.049
7.402,0.63,0.0189,0.051
7.403,-1.25,0.0184,0.050
7.404,-1.56,0.0184,0.049
7.405,-3.12,0.0184,0.047
7.406,-4.06,0.0184,0.043
7.407,-2.81,0.0184,0.039
7.408,-1.56,0.0184,0.037
7.409,-2.03,0.0184,0.036
7.41,-1.09,0.0184,0.033
7.411,0.78,0.0184,0.033
7.412,1.25,0.0184,0.034
7.413,2.66,0.0184,0.036
7.414,3.13,0.0184,0.040
7.415,2.19,0.0184,0.042
7.416,2.50,0.0184,0.044
7.417,2.66,0.0184,0.047
7.418,1.41,0.0184,0.049
7.419,-0.16,0.0192,0.050
7.42,-1.25,0.0206,0.049
7.421,-2.03,0.0206,0.048
7.422,-3.12,0.0206,0.045
7.423,-3.44,0.0206,0.041
7.424,-4.06,0.0206,0.038
7.425,-3.75,0.0206,0.033
7.426,-1.72,0.0206,0.031
7.427,0.16,0.0206,0.030
7.428,1.25,0.0206,0.031
7.429,2.66,0.0206,0.032
7.43,3.13,0.0206,0.036
7.431,3.44,0.0206,0.038
7.432,4.37,0.0206,0.043
7.433,2.03,0.0206,0.047
7.434,1.56,0.0206,0.047
7.435,2.34,0.0206,0.050
7.436,-0.47,0.0202,0.052
7.437,-2.19,0.0194,0.049
7.438,-2.19,0.0194,0.048
7.439,-2.97,0.0194,0.045
7.44,-3.28,0.0194,0.042
7.441,-2.81,0.0194,0.038
7.442,-2.19,0.0194,0.036
7.443,-0.78,0.0194,0.034
7.444,0.94,0.0194,0.034
7.445,1.41,0.0194,0.036
7.446,2.03,0.0194,0.037
7.447,3.59,0.0194,0.040
7.448,3.44,0.0194,0.044
7.449,2.81,0.0194,0.047
7.45,3.28,0.0194,0.050
7.451,2.34,0.0194,0.053
7.452,0.16,0.0186,0.055
7.453,-0.62,0.0172,0.054
7.454,-1.41,0.0172,0.053
7.455,-2.81,0.0172,0.051
7.456,-3.28,0.0172,0.048
7.457,-2.34,0.0172,0.044
7.458,-2.97,0.0172,0.043
7.459,-2.50,0.0172,0.038
7.46,-0.47,0.0172,0.038
7.461,0.00,0.0172,0.037
7.462,1.09,0.0172,0.038
7.463,2.34,0.0172,0.040
7.464,3.28,0.0172,0.043
7.465,3.44,0.0172,0.046
7.466,3.59,0.0172,0.050
7.467,2.03,0.0172,0.053
7.468,0.94,0.0172,0.054
7.469,0.31,0.0181,0.055
7.47,-2.19,0.0200,0.054
7.471,-2.81,0.0200,0.051
7.472,-2.50,0.0200,0.049
7.473,-3.59,0.0200,0.046
7.474,-3.13,0.0200,0.042
7.475,-1.88,0.0200,0.040
7.476,-2.03,0.0200,0.038
7.477,-1.25,0.0200,0.036
7.478,0.94,0.0200,0.035
7.479,0.62,0.0200,0.037
7.48,0.94,0.0200,0.037
7.481,3.28,0.0200,0.039
7.482,3.13,0.0200,0.043
7.483,2.50,0.0200,0.046
7.484,2.03,0.0200,0.048
7.485,1.09,0.0200,0.050
7.486,-0.63,0.0198,0.050
7.487,-1.09,0.0194,0.048
7.488,-2.19,0.0194,0.048
7.489,-4.06,0.0194,0.044
7.49,-3.59,0.0194,0.040
7.491,-2.81,0.0194,0.037
7.492,-2.50,0.0194,0.034
7.493,-1.56,0.0194,0.032
7.494,0.78,0.0194,0.031
7.495,1.25,0.0194,0.033
7.496,1.56,0.0194,0.034
7.497,3.59,0.0194,0.037
7.498,3.75,0.0194,0.041
7.499,2.97,0.0194,0.044
7.5,2.97,0.0194,0.047
7.501,1.88,0.0194,0.050
7.502,0.94,0.0194,0.051
7.503,-0.16,0.0194,0.052
7.504,-2.34,0.0194,0.050
7.505,-3.44,0.0194,0.047
7.506,-3.28,0.0194,0.043
7.507,-3.59,0.0194,0.041
7.508,-2.97,0.0194,0.036
7.509,-1.09,0.0194,0.035
7.51,-1.09,0.0194,0.034
7.511,0.31,0.0194,0.033
7.512,2.50,0.0194,0.035
7.513,2.81,0.0194,0.037
7.514,2.97,0.0194,0.040
7.515,2.81,0.0194,0.043
7.516,2.50,0.0194,0.046
7.517,2.19,0.0194,0.048
7.518,1.72,0.0194,0.050
7.519,-0.16,0.0190,0.052
7.52,-1.88,0.0181,0.050
7.521,-1.56,0.0181,0.048
7.522,-2.66,0.0181,0.047
7.523,-3.28,0.0181,0.043
7.524,-2.81,0.0181,0.040
7.525,-2.34,0.0181,0.037
7.526,-1.72,0.0181,0.036
7.527,-0.78,0.0181,0.034
7.528,1.56,0.0181,0.034
7.529,2.19,0.0181,0.037
7.53,2.34,0.0181,0.038
7.531,3.12,0.0181,0.042
7.532,2.81,0.0181,0.045
7.533,2.81,0.0181,0.047
7.534,2.50,0.0181,0.050
7.535,0.94,0.0177,0.052
7.536,0.00,0.0169,0.052
7.537,-0.78,0.0169,0.052
7.538,-2.97,0.0169,0.051
7.539,-3.59,0.0169,0.046
7.54,-3.13,0.0169,0.043
7.541,-3.28,0.0169,0.040
7.542,-2.19,0.0169,0.037
7.543,-0.62,0.0169,0.036
7.544,-0.16,0.0169,0.036
7.545,0.31,0.0169,0.035
7.546,1.41,0.0169,0.036
7.547,2.50,0.0169,0.038
7.548,3.59,0.0169,0.041
7.549,3.44,0.0169,0.045
7.55,2.50,0.0169,0.048
7.551,1.41,0.0169,0.050
7.552,0.47,0.0169,0.051
7.553,-0.78,0.0170,0.051
7.554,-1.88,0.0172,0.049
7.555,-2.19,0.0172,0.048
7.556,-2.66,0.0172,0.045
7.557,-3.28,0.0172,0.042
7.558,-3.13,0.0172,0.038
7.559,-2.03,0.0172,0.036
7.56,-0.94,0.0172,0.034
7.561,0.78,0.0172,0.034
7.562,1.09,0.0172,0.036
7.563,1.25,0.0172,0.036
7.564,3.28,0.0172,0.038
7.565,3.44,0.0172,0.043
7.566,2.03,0.0172,0.045
7.567,2.66,0.0172,0.047
7.568,1.56,0.0177,0.051
7.569,-0.62,0.0188,0.050
7.57,-1.25,0.0188,0.049
7.571,-1.88,0.0188,0.048
7.572,-2.81,0.0188,0.046
7.573,-3.28,0.0188,0.042
7.574,-2.97,0.0188,0.039
7.575,-3.28,0.0188,0.036
7.576,-2.03,0.0188,0.033
7.577,-0.16,0.0188,0.032
7.578,0.78,0.0188,0.032
7.579,2.03,0.0188,0.033
7.58,3.44,0.0188,0.036
7.581,3.59,0.0188,0.040
7.582,3.28,0.0188,0.043
7.583,2.97,0.0188,0.047
7.584,1.88,0.0188,0.049
7.585,1.09,0.0188,0.051
7.586,0.16,0.0186,0.052
7.587,-1.72,0.0184,0.051
7.588,-2.66,0.0184,0.048
7.589,-2.97,0.0184,0.046
7.59,-3.44,0.0184,0.042
7.591,-3.13,0.0184,0.039
7.592,-1.88,0.0184,0.036
7.593,-1.41,0.0184,0.035
7.594,-0.78,0.0184,0.033
7.595,1.09,0.0184,0.033
7.596,2.03,0.0184,0.035
7.597,2.50,0.0184,0.037
7.598,3.59,0.0184,0.040
7.599,3.13,0.0184,0.045
7.6,1.88,0.0184,0.047
7.601,1.41,0.0184,0.048
7.602,0.78,0.0184,0.049
7.603,-0.63,0.0186,0.050
7.604,-1.88,0.0191,0.048
7.605,-2.81,0.0191,0.046
7.606,-3.91,0.0191,0.043
7.607,-3.75,0.0191,0.038
7.608,-2.50,0.0191,0.035
7.609,-1.56,0.0191,0.033
7.61,-1.25,0.0191,0.032
7.611,-0.31,0.0191,0.031
7.612,1.09,0.0191,0.031
7.613,2.50,0.0191,0.033
7.614,3.28,0.0191,0.036
7.615,2.97,0.0191,0.040
7.616,2.50,0.0191,0.042
7.617,2.34,0.0191,0.045
7.618,1.09,0.0198,0.047
7.619,0.00,0.0212,0.047
7.62,-0.31,0.0212,0.047
7.621,-2.19,0.0212,0.046
7.622,-3.28,0.0212,0.043
7.623,-2.66,0.0212,0.040
7.624,-2.66,0.0212,0.037
7.625,-2.50,0.0212,0.034
7.626,-1.72,0.0212,0.032
7.627,-0.94,0.0212,0.031
7.628,0.16,0.0212,0.030
7.629,2.19,0.0212,0.031
7.63,3.13,0.0212,0.035
7.631,3.91,0.0212,0.037
7.632,4.37,0.0212,0.043
7.633,3.28,0.0212,0.046
7.634,2.66,0.0212,0.049
7.635,2.03,0.0212,0.052
7.636,-0.47,0.0204,0.053
7.637,-2.81,0.0188,0.051
7.638,-2.03,0.0188,0.048
7.639,-2.50,0.0188,0.047
7.64,-3.59,0.0188,0.043
7.641,-2.97,0.0188,0.039
7.642,-1.88,0.0188,0.037
7.643,-1.09,0.0188,0.036
7.644,0.00,0.0188,0.034
7.645,1.09,0.0188,0.036
7.646,1.25,0.0188,0.037
7.647,2.97,0.0188,0.038
7.648,4.06,0.0188,0.043
7.649,2.50,0.0188,0.046
7.65,3.12,0.0188,0.048
7.651,2.81,0.0188,0.052
7.652,0.94,0.0188,0.053
7.653,-0.47,0.0185,0.054
7.654,-2.03,0.0181,0.052
7.655,-3.12,0.0181,0.050
7.656,-3.59,0.0181,0.046
7.657,-2.81,0.0181,0.043
7.658,-3.13,0.0181,0.040
7.659,-1.72,0.0181,0.037
7.66,-0.31,0.0181,0.037
7.661,-0.16,0.0181,0.036
7.662,0.94,0.0181,0.037
7.663,2.34,0.0181,0.038
7.664,3.12,0.0181,0.041
7.665,3.28,0.0181,0.044
7.666,3.91,0.0181,0.048
7.667,2.66,0.0181,0.052
7.668,1.25,0.0181,0.053
7.669,0.47,0.0185,0.055
7.67,-1.09,0.0194,0.054
7.671,-2.34,0.0194,0.052
7.672,-3.91,0.0194,0.049
7.673,-4.38,0.0194,0.045
7.674,-3.59,0.0194,0.041
7.675,-2.66,0.0194,0.037
7.676,-1.09,0.0194,0.035
7.677,0.16,0.0194,0.035
7.678,1.41,0.0194,0.036
7.679,1.72,0.0194,0.038
7.68,2.03,0.0194,0.039
7.681,2.97,0.0194,0.042
7.682,3.44,0.0194,0.045
7.683,3.44,0.0194,0.049
7.684,2.34,0.0194,0.052
7.685,1.41,0.0194,0.054
7.686,-0.47,0.0186,0.055
7.687,-0.94,0.0172,0.053
7.688,-0.94,0.0172,0.053
7.689,-3.13,0.0172,0.051
7.69,-3.28,0.0172,0.047
7.691,-2.34,0.0172,0.044
7.692,-2.97,0.0172,0.042
7.693,-1.56,0.0172,0.038
7.694,0.78,0.0172,0.039
7.695,0.94,0.0172,0.040
7.696,1.72,0.0172,0.041
7.697,3.59,0.0172,0.043
7.698,3.44,0.0172,0.048
7.699,2.66,0.0172,0.050
7.7,2.66,0.0172,0.053
7.701,1.41,0.0172,0.056
7.702,-0.16,0.0175,0.056
7.703,-0.62,0.0181,0.055
7.704,-1.56,0.0181,0.055
7.705,-2.97,0.0181,0.052
7.706,-2.97,0.0181,0.049
7.707,-3.12,0.0181,0.046
7.708,-2.50,0.0181,0.043
7.709,-1.56,0.0181,0.041
7.71,-0.94,0.0181,0.039
7.711,0.16,0.0181,0.039
7.712,1.56,0.0181,0.040
7.713,2.66,0.0181,0.043
7.714,2.66,0.0181,0.045
7.715,2.66,0.0181,0.048
7.716,3.44,0.0181,0.050
7.717,3.59,0.0181,0.055
7.718,1.88,0.0181,0.058
7.719,0.31,0.0186,0.058
7.72,-1.41,0.0197,0.058
7.721,-2.66,0.0197,0.056
7.722,-3.44,0.0197,0.053
7.723,-3.91,0.0197,0.049
7.724,-3.28,0.0197,0.045
7.725,-1.88,0.0197,0.042
7.726,-1.72,0.0197,0.041
7.727,-0.78,0.0197,0.039
7.728,1.09,0.0197,0.040
7.729,0.47,0.0197,0.041
7.73,1.88,0.0197,0.041
7.731,3.75,0.0197,0.045
7.732,3.13,0.0197,0.048
7.733,3.44,0.0197,0.051
7.734,3.28,0.0197,0.055
7.735,0.62,0.0195,0.058
7.736,-0.63,0.0191,0.056
7.737,-1.09,0.0191,0.056
7.738,-2.50,0.0191,0.054
7.739,-3.13,0.0191,0.051
7.74,-2.34,0.0191,0.048
7.741,-2.50,0.0191,0.047
7.742,-3.13,0.0191,0.043
7.743,-1.56,0.0191,0.040
7.744,0.00,0.0191,0.040
7.745,1.56,0.0191,0.040
7.746,2.81,0.0191,0.043
7.747,3.13,0.0191,0.046
7.748,2.81,0.0191,0.049
7.749,3.28,0.0191,0.052
7.75,2.66,0.0191,0.056
7.751,1.56,0.0191,0.057
7.752,1.09,0.0191,0.059
7.753,-0.16,0.0191,0.059
7.754,-1.72,0.0191,0.058
7.755,-2.97,0.0191,0.056
7.756,-3.28,0.0191,0.052
7.757,-3.59,0.0191,0.049
7.758,-2.66,0.0191,0.045
7.759,-1.25,0.0191,0.044
7.76,-0.78,0.0191,0.043
7.761,0.62,0.0191,0.042
7.762,2.03,0.0191,0.044
7.763,2.19,0.0191,0.046
7.764,3.12,0.0191,0.048
7.765,3.91,0.0191,0.052
7.766,2.66,0.0191,0.056
7.767,2.50,0.0191,0.058
7.768,2.34,0.0191,0.061
7.769,-0.16,0.0187,0.063
7.77,-1.09,0.0181,0.061
7.771,-2.34,0.0181,0.060
7.772,-3.91,0.0181,0.056
7.773,-2.81,0.0181,0.052
7.774,-1.72,0.0181,0.051
7.775,-2.19,0.0181,0.049
7.776,-1.72,0.0181,0.046
7.777,-0.16,0.0181,0.046
7.778,0.31,0.0181,0.046
7.779,1.56,0.0181,0.046
7.78,3.28,0.0181,0.049
7.781,3.59,0.0181,0.053
7.782,3.28,0.0181,0.056
7.783,3.75,0.0181,0.059
7.784,2.19,0.0181,0.064
7.785,0.31,0.0181,0.064
7.786,-0.62,0.0185,0.064
7.787,-1.56,0.0194,0.063
7.788,-2.66,0.0194,0.061
7.789,-3.44,0.0194,0.057
7.79,-3.13,0.0194,0.054
7.791,-3.59,0.0194,0.051
7.792,-2.97,0.0194,0.047
7.793,-1.09,0.0194,0.045
7.794,0.00,0.0194,0.045
7.795,1.56,0.0194,0.045
7.796,1.56,0.0194,0.048
7.797,1.41,0.0194,0.048
7.798,3.75,0.0194,0.051
7.799,3.75,0.0194,0.056
7.8,2.19,0.0194,0.058
7.801,1.56,0.0194,0.060
7.802,0.47,0.0190,0.062
7.803,-1.09,0.0181,0.061
7.804,-1.25,0.0181,0.059
7.805,-1.56,0.0181,0.058
7.806,-2.97,0.0181,0.056
7.807,-3.12,0.0181,0.052
7.808,-2.81,0.0181,0.050
7.809,-3.13,0.0181,0.047
7.81,-1.72,0.0181,0.044
7.811,0.63,0.0181,0.043
7.812,1.25,0.0181,0.045
7.813,1.87,0.0181,0.046
7.814,2.97,0.0181,0.049
7.815,3.44,0.0181,0.052
7.816,3.28,0.0181,0.056
7.817,2.34,0.0181,0.058
7.818,1.41,0.0181,0.060
7.819,0.63,0.0181,0.061
7.82,-0.16,0.0184,0.062
7.821,-1.72,0.0191,0.061
7.822,-3.44,0.0191,0.058
7.823,-3.44,0.0191,0.054
7.824,-3.91,0.0191,0.051
7.825,-3.59,0.0191,0.046
7.826,-1.56,0.0191,0.044
7.827,-0.62,0.0191,0.043
7.828,-0.31,0.0191,0.043
7.829,2.03,0.0191,0.043
7.83,3.91,0.0191,0.047
7.831,3.13,0.0191,0.050
7.832,2.97,0.0191,0.053
7.833,2.66,0.0191,0.056
7.834,1.88,0.0191,0.058
7.835,0.78,0.0182,0.060
7.836,-0.94,0.0166,0.060
7.837,-2.03,0.0166,0.058
7.838,-2.03,0.0166,0.056
7.839,-2.97,0.0166,0.054
7.84,-3.75,0.0166,0.050
7.841,-2.50,0.0166,0.047
7.842,-1.41,0.0166,0.045
7.843,-0.78,0.0166,0.044
7.844,0.47,0.0166,0.043
7.845,0.94,0.0166,0.045
7.846,1.09,0.0166,0.045
7.847,2.34,0.0166,0.047
7.848,3.59,0.0166,0.050
7.849,2.97,0.0166,0.054
7.85,2.50,0.0166,0.056
7.851,1.72,0.0166,0.059
7.852,0.47,0.0166,0.059
7.853,-0.16,0.0179,0.060
7.854,-1.41,0.0206,0.059
7.855,-3.44,0.0206,0.057
7.856,-4.38,0.0206,0.052
7.857,-3.44,0.0206,0.048
7.858,-3.28,0.0206,0.045
7.859,-2.97,0.0206,0.042
7.86,-0.31,0.0206,0.039
7.861,0.62,0.0206,0.041
7.862,0.47,0.0206,0.041
7.863,2.19,0.0206,0.042
7.864,3.12,0.0206,0.045
7.865,2.81,0.0206,0.048
7.866,2.97,0.0206,0.051
7.867,3.13,0.0206,0.054
7.868,1.25,0.0206,0.057
7.869,0.31,0.0206,0.057
7.87,-1.09,0.0204,0.058
7.871,-2.81,0.0200,0.055
7.872,-2.66,0.0200,0.052
7.873,-2.50,0.0200,0.049
7.874,-2.34,0.0200,0.047
7.875,-2.03,0.0200,0.045
7.876,-1.88,0.0200,0.043
7.877,-1.88,0.0200,0.041
7.878,0.31,0.0200,0.039
7.879,2.81,0.0200,0.042
7.88,2.81,0.0200,0.045
7.881,3.44,0.0200,0.047
7.882,3.59,0.0200,0.052
7.883,2.50,0.0200,0.054
7.884,2.34,0.0200,0.057
7.885,1.41,0.0200,0.059
7.886,-0.31,0.0190,0.059
7.887,-0.78,0.0169,0.058
7.888,-1.41,0.0169,0.058
7.889,-3.75,0.0169,0.056
7.89,-3.75,0.0169,0.050
7.891,-2.34,0.0169,0.048
7.892,-2.66,0.0169,0.046
7.893,-1.56,0.0169,0.043
7.894,0.31,0.0169,0.043
7.895,1.41,0.0169,0.043
7.896,2.03,0.0169,0.045
7.897,3.12,0.0169,0.048
7.898,3.44,0.0169,0.052
7.899,2.97,0.0169,0.054
7.9,2.66,0.0169,0.058
7.901,1.09,0.0166,0.060
7.902,0.00,0.0159,0.060
7.903,-0.31,0.0159,0.060
7.904,-1.41,0.0159,0.059
7.905,-2.81,0.0159,0.057
7.906,-3.13,0.0159,0.053
7.907,-3.13,0.0159,0.051
7.908,-3.44,0.0159,0.047
7.909,-1.25,0.0159,0.044
7.91,0.00,0.0155,0.045
7.911,-0.47,0.0147,0.044
7.912,1.25,0.0147,0.044
7.913,2.19,0.0147,0.046
7.914,1.72,0.0147,0.048
7.915,2.66,0.0147,0.050
7.916,3.59,0.0147,0.053
7.917,2.50,0.0147,0.057
7.918,2.19,0.0147,0.058
7.919,1.09,0.0166,0.061
7.92,-2.03,0.0203,0.061
7.921,-2.81,0.0203,0.057
7.922,-2.66,0.0203,0.055
7.923,-3.75,0.0203,0.052
7.924,-3.59,0.0203,0.048
7.925,-1.88,0.0203,0.045
7.926,-1.88,0.0203,0.044
7.927,-1.25,0.0203,0.041
7.928,0.94,0.0203,0.041
7.929,1.56,0.0203,0.043
7.93,2.50,0.0203,0.044
7.931,2.81,0.0203,0.048
7.932,2.66,0.0203,0.050
7.933,3.12,0.0203,0.053
7.934,2.66,0.0203,0.056
7.935,1.09,0.0204,0.058
7.936,-0.16,0.0206,0.058
7.937,-0.62,0.0206,0.058
7.938,-2.50,0.0206,0.057
7.939,-3.44,0.0206,0.053
7.94,-2.03,0.0206,0.050
7.941,-2.03,0.0206,0.049
7.942,-2.50,0.0206,0.046
7.943,-0.94,0.0206,0.044
7.944,0.31,0.0206,0.044
7.945,0.94,0.0206,0.045
7.946,2.66,0.0206,0.046
7.947,3.59,0.0206,0.050
7.948,3.12,0.0206,0.053
7.949,3.75,0.0206,0.056
7.95,4.22,0.0206,0.061
7.951,2.34,0.0206,0.065
7.952,0.00,0.0200,0.066
7.953,-1.25,0.0187,0.065
7.954,-1.72,0.0187,0.063
7.955,-2.50,0.0187,0.061
7.956,-2.81,0.0187,0.058
7.957,-3.13,0.0187,0.056
7.958,-2.81,0.0187,0.052
7.959,-2.19,0.0187,0.050
7.96,-1.56,0.0187,0.048
7.961,0.00,0.0187,0.047
7.962,1.09,0.0187,0.048
7.963,1.56,0.0187,0.049
7.964,3.12,0.0187,0.051
7.965,3.59,0.0187,0.055
7.966,2.34,0.0187,0.058
7.967,2.19,0.0187,0.060
7.968,2.19,0.0187,0.062
7.969,0.16,0.0192,0.064
7.97,-2.19,0.0200,0.063
7.971,-1.56,0.0200,0.060
7.972,-2.97,0.0200,0.059
7.973,-3.91,0.0200,0.054
7.974,-2.34,0.0200,0.052
7.975,-2.66,0.0200,0.049
7.976,-2.50,0.0200,0.046
7.977,-0.94,0.0200,0.044
7.978,0.31,0.0200,0.044
7.979,1.72,0.0200,0.045
7.98,3.28,0.0200,0.048
7.981,3.75,0.0200,0.052
7.982,3.28,0.0200,0.055
7.983,2.34,0.0200,0.058
7.984,2.03,0.0200,0.060
7.985,1.56,0.0200,0.062
7.986,0.16,0.0197,0.063
7.987,-1.56,0.0191,0.063
7.988,-3.13,0.0191,0.060
7.989,-3.75,0.0191,0.056
7.99,-3.28,0.0191,0.052
7.991,-2.97,0.0191,0.050
7.992,-1.88,0.0191,0.047
7.993,-0.47,0.0191,0.046
7.994,0.00,0.0191,0.046
7.995,1.41,0.0191,0.046
7.996,2.34,0.0191,0.048
7.997,2.34,0.0191,0.051
7.998,3.75,0.0191,0.053
7.999,4.37,0.0191,0.058
8,2.34,0.0191,0.062
8.001,1.41,0.0191,0.063
8.002,1.09,0.0191,0.065
8.003,-1.41,0.0190,0.065
8.004,-2.34,0.0187,0.062
8.005,-1.88,0.0187,0.060
8.006,-3.59,0.0187,0.058
8.007,-3.44,0.0187,0.053
8.008,-1.88,0.0187,0.051
8.009,-2.03,0.0187,0.049
8.01,-1.56,0.0187,0.047
8.011,0.94,0.0187,0.046
8.012,2.03,0.0187,0.049
8.013,2.03,0.0187,0.050
8.014,3.59,0.0187,0.053
8.015,3.75,0.0187,0.058
8.016,2.97,0.0187,0.061
8.017,2.19,0.0187,0.063
8.018,1.09,0.0187,0.065
8.019,0.31,0.0186,0.066
8.02,-0.78,0.0184,0.066
8.021,-1.87,0.0184,0.064
8.022,-2.97,0.0184,0.062
8.023,-3.59,0.0184,0.058
8.024,-2.81,0.0184,0.055
8.025,-2.66,0.0184,0.052
8.026,-2.19,0.0184,0.049
8.027,-1.09,0.0184,0.048
8.028,0.00,0.0184,0.047
8.029,1.88,0.0184,0.048
8.03,2.81,0.0184,0.051
8.031,2.81,0.0184,0.054
8.032,3.28,0.0184,0.057
8.033,3.44,0.0184,0.060
8.034,1.72,0.0184,0.063
8.035,0.62,0.0184,0.064
8.036,0.62,0.0184,0.065
8.037,-0.94,0.0184,0.065
8.038,-2.19,0.0184,0.063
8.039,-2.81,0.0184,0.061
8.04,-3.13,0.0184,0.057
8.041,-2.81,0.0184,0.054
8.042,-2.03,0.0184,0.052
8.043,-1.72,0.0184,0.050
8.044,-0.94,0.0184,0.048
8.045,1.25,0.0184,0.048
8.046,2.34,0.0184,0.051
8.047,3.28,0.0184,0.053
8.048,3.75,0.0184,0.057
8.049,3.44,0.0184,0.061
8.05,2.97,0.0184,0.064
8.051,2.34,0.0184,0.067
8.052,0.94,0.0192,0.069
8.053,-0.94,0.0206,0.068
8.054,-1.88,0.0206,0.067
8.055,-3.13,0.0206,0.065
8.056,-4.06,0.0206,0.061
8.057,-3.59,0.0206,0.057
8.058,-2.66,0.0206,0.053
8.059,-2.66,0.0206,0.051
8.06,-1.25,0.0206,0.048
8.061,0.47,0.0206,0.049
8.062,0.94,0.0206,0.049
8.063,2.97,0.0206,0.051
8.064,3.91,0.0206,0.055
8.065,2.03,0.0206,0.058
8.066,2.50,0.0206,0.059
8.067,3.44,0.0206,0.063
8.068,1.72,0.0206,0.066
8.069,0.00,0.0200,0.067
8.07,-1.41,0.0188,0.066
8.071,-2.34,0.0188,0.064
8.072,-3.75,0.0188,0.061
8.073,-3.75,0.0188,0.057
8.074,-2.81,0.0188,0.054
8.075,-2.34,0.0188,0.051
8.076,-1.09,0.0188,0.049
8.077,-0.47,0.0188,0.049
8.078,0.47,0.0188,0.048
8.079,2.03,0.0188,0.050
8.08,2.34,0.0188,0.052
8.081,3.13,0.0188,0.054
8.082,3.44,0.0188,0.058
8.083,2.81,0.0188,0.061
8.084,2.50,0.0188,0.064
8.085,1.41,0.0188,0.066
8.086,-0.47,0.0184,0.067
8.087,-1.88,0.0178,0.065
8.088,-2.19,0.0178,0.063
8.089,-2.97,0.0178,0.061
8.09,-3.75,0.0178,0.057
8.091,-2.81,0.0178,0.053
8.092,-1.72,0.0178,0.052
8.093,-1.09,0.0178,0.050
8.094,0.16,0.0178,0.049
8.095,0.94,0.0178,0.050
8.096,2.03,0.0178,0.051
8.097,3.91,0.0178,0.054
8.098,3.59,0.0178,0.059
8.099,2.34,0.0178,0.062
8.1,2.81,0.0178,0.064
8.101,2.34,0.0178,0.067
8.102,0.62,0.0184,0.068
8.103,-0.62,0.0197,0.068
8.104,-1.56,0.0197,0.067
8.105,-2.34,0.0197,0.065
8.106,-3.12,0.0197,0.063
8.107,-3.75,0.0197,0.059
8.108,-3.75,0.0197,0.055
8.109,-1.88,0.0197,0.052
8.11,-0.62,0.0197,0.051
8.111,-0.31,0.0197,0.050
8.112,2.03,0.0197,0.051
8.113,3.13,0.0197,0.054
8.114,2.97,0.0197,0.057
8.115,4.06,0.0197,0.060
8.116,3.75,0.0197,0.065
8.117,2.50,0.0197,0.068
8.118,1.41,0.0197,0.070
8.119,-0.78,0.0198,0.071
8.12,-2.03,0.0200,0.068
8.121,-2.50,0.0200,0.067
8.122,-3.13,0.0200,0.063
8.123,-3.28,0.0200,0.060
8.124,-2.81,0.0200,0.057
8.125,-2.19,0.0200,0.055
8.126,-2.03,0.0200,0.052
8.127,-0.78,0.0200,0.051
8.128,0.78,0.0200,0.051
8.129,1.41,0.0200,0.052
8.13,2.19,0.0200,0.054
8.131,3.28,0.0200,0.057
8.132,3.44,0.0200,0.060
8.133,2.97,0.0200,0.063
8.134,2.50,0.0200,0.066
8.135,1.41,0.0200,0.068
8.136,0.00,0.0195,0.069
8.137,-1.09,0.0184,0.068
8.138,-2.66,0.0184,0.067
8.139,-3.91,0.0184,0.063
8.14,-3.44,0.0184,0.059
8.141,-2.50,0.0184,0.056
8.142,-2.34,0.0184,0.054
8.143,-1.25,0.0184,0.052
8.144,-0.47,0.0184,0.052
8.145,0.94,0.0184,0.051
8.146,2.50,0.0184,0.053
8.147,3.28,0.0184,0.056
8.148,4.06,0.0184,0.060
8.149,2.97,0.0184,0.064
8.15,2.81,0.0184,0.066
8.151,1.56,0.0183,0.069
8.152,0.00,0.0181,0.069
8.153,-0.94,0.0181,0.069
8.154,-2.34,0.0181,0.067
8.155,-2.34,0.0181,0.065
8.156,-2.34,0.0181,0.063
8.157,-3.44,0.0181,0.060
8.158,-3.28,0.0181,0.056
8.159,-1.72,0.0181,0.053
8.16,-1.09,0.0181,0.052
8.161,-0.16,0.0181,0.051
8.162,1.56,0.0181,0.052
8.163,2.03,0.0181,0.054
8.164,2.34,0.0181,0.056
8.165,3.75,0.0181,0.059
8.166,2.97,0.0181,0.063
8.167,1.25,0.0181,0.065
8.168,0.94,0.0181,0.066
8.169,0.16,0.0181,0.067
8.17,-0.78,0.0181,0.066
8.171,-1.25,0.0181,0.065
8.172,-2.19,0.0181,0.064
8.173,-2.81,0.0181,0.061
8.174,-2.97,0.0181,0.058
8.175,-3.13,0.0181,0.055
8.176,-1.88,0.0181,0.052
8.177,-0.31,0.0181,0.051
8.178,0.16,0.0181,0.051
8.179,1.56,0.0181,0.052
8.18,3.28,0.0181,0.054
8.181,3.59,0.0181,0.058
8.182,3.12,0.0181,0.062
8.183,2.81,0.0181,0.064
8.184,2.50,0.0181,0.067
8.185,1.72,0.0181,0.069
8.186,-0.16,0.0189,0.071
8.187,-2.97,0.0203,0.069
8.188,-3.44,0.0203,0.065
8.189,-2.34,0.0203,0.062
8.19,-2.50,0.0203,0.060
8.191,-3.44,0.0203,0.057
8.192,-2.81,0.0203,0.053
8.193,-1.41,0.0203,0.052
8.194,-0.62,0.0203,0.050
8.195,1.25,0.0203,0.050
8.196,3.28,0.0203,0.053
8.197,2.81,0.0203,0.057
8.198,2.50,0.0203,0.058
8.199,3.75,0.0203,0.062
8.2,2.66,0.0203,0.066
8.201,1.41,0.0203,0.067
8.202,0.62,0.0196,0.069
8.203,-0.78,0.0181,0.068
8.204,-1.09,0.0181,0.067
8.205,-1.56,0.0181,0.066
8.206,-3.44,0.0181,0.064
8.207,-3.75,0.0181,0.059
8.208,-2.81,0.0181,0.057
8.209,-2.19,0.0181,0.054
8.21,-0.47,0.0181,0.052
8.211,1.09,0.0181,0.053
8.212,1.87,0.0181,0.054
8.213,2.03,0.0181,0.057
8.214,2.66,0.0181,0.058
8.215,3.59,0.0181,0.062
8.216,3.13,0.0181,0.066
8.217,2.34,0.0181,0.068
8.218,1.56,0.0181,0.070
8.219,0.31,0.0186,0.071
8.22,-1.09,0.0197,0.071
8.221,-2.19,0.0197,0.069
8.222,-2.81,0.0197,0.067
8.223,-3.28,0.0197,0.063
8.224,-3.28,0.0197,0.060
8.225,-3.12,0.0197,0.057
8.226,-2.34,0.0197,0.054
8.227,-1.09,0.0197,0.052
8.228,-0.31,0.0197,0.052
8.229,0.94,0.0197,0.052
8.23,2.97,0.0197,0.053
8.231,3.44,0.0197,0.058
8.232,3.28,0.0197,0.060
8.233,2.81,0.0197,0.064
8.234,1.72,0.0197,0.066
8.235,1.09,0.0197,0.068
8.236,0.78,0.0197,0.068
8.237,-0.47,0.0192,0.069
8.238,-2.34,0.0181,0.067
8.239,-2.66,0.0181,0.064
8.24,-2.81,0.0181,0.062
8.241,-2.34,0.0181,0.059
8.242,-1.56,0.0181,0.057
8.243,-1.25,0.0181,0.056
8.244,-0.62,0.0181,0.055
8.245,1.09,0.0181,0.054
8.246,1.88,0.0181,0.057
8.247,2.19,0.0181,0.058
8.248,4.22,0.0181,0.061
8.249,4.22,0.0181,0.067
8.25,2.97,0.0181,0.070
8.251,3.13,0.0181,0.072
8.252,1.09,0.0192,0.076
8.253,-1.72,0.0213,0.075
8.254,-2.03,0.0213,0.072
8.255,-2.66,0.0213,0.071
8.256,-3.75,0.0213,0.067
8.257,-3.13,0.0213,0.063
8.258,-2.03,0.0213,0.061
8.259,-2.34,0.0213,0.059
8.26,-2.19,0.0213,0.056
8.261,0.31,0.0213,0.055
8.262,1.72,0.0213,0.057
8.263,2.19,0.0213,0.058
8.264,3.75,0.0213,0.061
8.265,3.59,0.0213,0.066
8.266,2.34,0.0213,0.068
8.267,2.03,0.0213,0.070
8.268,1.87,0.0213,0.072
8.269,0.31,0.0204,0.074
8.27,-0.94,0.0187,0.073
8.271,-2.19,0.0187,0.072
8.272,-3.59,0.0187,0.069
8.273,-3.13,0.0187,0.065
8.274,-2.81,0.0187,0.063
8.275,-2.66,0.0187,0.059
8.276,-1.56,0.0187,0.057
8.277,-0.94,0.0187,0.056
8.278,0.63,0.0187,0.055
8.279,2.50,0.0187,0.058
8.28,2.50,0.0187,0.060
8.281,2.81,0.0187,0.063
8.282,4.06,0.0187,0.066
8.283,3.28,0.0187,0.071
8.284,1.56,0.0187,0.072
8.285,1.25,0.0187,0.074
8.286,0.16,0.0189,0.075
8.287,-1.25,0.0191,0.074
8.288,-1.72,0.0191,0.072
8.289,-3.13,0.0191,0.071
8.29,-3.91,0.0191,0.066
8.291,-3.28,0.0191,0.063
8.292,-2.66,0.0191,0.060
8.293,-1.88,0.0191,0.058
8.294,0.16,0.0191,0.056
8.295,1.72,0.0191,0.058
8.296,2.03,0.0191,0.059
8.297,3.59,0.0191,0.062
8.298,4.06,0.0191,0.067
8.299,1.72,0.0191,0.070
8.3,1.72,0.0191,0.070
8.301,2.50,0.0191,0.073
8.302,0.78,0.0190,0.075
8.303,-0.63,0.0188,0.075
8.304,-2.19,0.0188,0.074
8.305,-3.75,0.0188,0.071
8.306,-3.28,0.0188,0.066
8.307,-2.34,0.0188,0.064
8.308,-2.81,0.0188,0.062
8.309,-2.34,0.0188,0.058
8.31,-1.09,0.0188,0.057
8.311,0.00,0.0188,0.056
8.312,1.88,0.0188,0.057
8.313,2.81,0.0188,0.060
8.314,2.50,0.0188,0.063
8.315,2.97,0.0188,0.065
8.316,3.75,0.0188,0.068
8.317,3.28,0.0188,0.072
8.318,1.72,0.0188,0.075
8.319,0.16,0.0186,0.076
8.32,-1.09,0.0184,0.075
8.321,-2.03,0.0184,0.074
8.322,-3.28,0.0184,0.071
8.323,-3.91,0.0184,0.067
8.324,-2.66,0.0184,0.063
8.325,-1.88,0.0184,0.062
8.326,-1.88,0.0184,0.060
8.327,-1.09,0.0184,0.058
8.328,0.94,0.0184,0.058
8.329,1.72,0.0184,0.060
8.33,1.56,0.0184,0.061
8.331,2.66,0.0184,0.063
8.332,2.97,0.0184,0.066
8.333,2.50,0.0184,0.069
8.334,2.50,0.0184,0.071
8.335,1.88,0.0184,0.074
8.336,0.00,0.0179,0.075
8.337,-1.72,0.0169,0.074
8.338,-2.50,0.0169,0.072
8.339,-2.97,0.0169,0.069
8.34,-3.13,0.0169,0.066
8.341,-2.50,0.0169,0.063
8.342,-2.03,0.0169,0.061
8.343,-1.25,0.0169,0.059
8.344,-0.31,0.0169,0.058
8.345,0.16,0.0169,0.058
8.346,1.88,0.0169,0.058
8.347,3.28,0.0169,0.062
8.348,2.97,0.0169,0.065
8.349,3.28,0.0169,0.068
8.35,2.97,0.0169,0.072
8.351,1.72,0.0169,0.074
8.352,0.78,0.0169,0.075
8.353,-0.31,0.0167,0.075
8.354,-2.03,0.0163,0.074
8.355,-2.97,0.0163,0.071
8.356,-2.66,0.0163,0.068
8.357,-2.66,0.0163,0.066
8.358,-2.81,0.0163,0.063
8.359,-1.41,0.0163,0.060
8.36,-0.62,0.0163,0.060
8.361,-0.31,0.0163,0.059
8.362,1.25,0.0163,0.060
8.363,2.19,0.0163,0.062
8.364,2.97,0.0163,0.064
8.365,3.59,0.0163,0.068
8.366,3.44,0.0163,0.071
8.367,1.72,0.0163,0.074
8.368,0.47,0.0163,0.075
8.369,0.00,0.0171,0.075
8.37,-1.41,0.0188,0.075
8.371,-2.19,0.0188,0.072
8.372,-2.97,0.0188,0.070
8.373,-4.06,0.0188,0.067
8.374,-2.97,0.0188,0.062
8.375,-1.88,0.0188,0.061
8.376,-2.03,0.0188,0.058
8.377,-0.94,0.0188,0.057
8.378,0.94,0.0188,0.057
8.379,1.88,0.0188,0.058
8.38,2.50,0.0188,0.060
8.381,3.75,0.0188,0.063
8.382,2.97,0.0188,0.068
8.383,2.81,0.0188,0.069
8.384,2.97,0.0188,0.073
8.385,0.78,0.0191,0.075
8.386,-0.47,0.0197,0.075
8.387,-1.25,0.0197,0.074
8.388,-3.28,0.0197,0.072
8.389,-3.91,0.0197,0.068
8.39,-2.66,0.0197,0.065
8.391,-2.97,0.0197,0.063
8.392,-2.66,0.0197,0.059
8.393,-1.41,0.0197,0.057
8.394,-0.78,0.0197,0.056
8.395,0.94,0.0197,0.056
8.396,2.66,0.0197,0.058
8.397,2.81,0.0197,0.061
8.398,2.97,0.0197,0.063
8.399,3.44,0.0197,0.067
8.4,2.66,0.0197,0.070
8.401,1.56,0.0197,0.072
8.402,0.78,0.0197,0.073
8.403,-1.25,0.0194,0.074
8.404,-2.34,0.0187,0.071
8.405,-1.87,0.0187,0.069
8.406,-2.97,0.0187,0.067
8.407,-3.44,0.0187,0.063
8.408,-2.19,0.0187,0.060
8.409,-1.09,0.0187,0.059
8.41,-1.88,0.0187,0.058
8.411,-0.94,0.0187,0.055
8.412,1.41,0.0187,0.056
8.413,2.19,0.0187,0.058
8.414,3.28,0.0187,0.061
8.415,3.59,0.0187,0.064
8.416,2.50,0.0187,0.068
8.417,1.72,0.0187,0.069
8.418,2.66,0.0187,0.071
8.419,1.56,0.0183,0.075
8.42,-0.31,0.0175,0.074
8.421,-1.56,0.0175,0.074
8.422,-3.44,0.0175,0.071
8.423,-3.75,0.0175,0.067
8.424,-2.81,0.0175,0.064
8.425,-2.19,0.0175,0.062
8.426,-2.03,0.0175,0.059
8.427,-0.47,0.0175,0.058
8.428,0.78,0.0175,0.058
8.429,1.41,0.0175,0.059
8.43,3.44,0.0175,0.061
8.431,2.97,0.0175,0.066
8.432,2.34,0.0175,0.067
8.433,3.12,0.0175,0.071
8.434,2.03,0.0175,0.073
8.435,0.78,0.0175,0.075
8.436,0.31,0.0175,0.075
8.437,-0.94,0.0182,0.075
8.438,-2.34,0.0197,0.073
8.439,-2.66,0.0197,0.071
8.44,-3.44,0.0197,0.068
8.441,-3.75,0.0197,0.064
8.442,-2.81,0.0197,0.060
8.443,-2.34,0.0197,0.058
8.444,-0.94,0.0197,0.056
8.445,1.56,0.0197,0.056
8.446,2.03,0.0197,0.059
8.447,2.81,0.0197,0.060
8.448,3.91,0.0197,0.064
8.449,3.13,0.0197,0.068
8.45,2.03,0.0197,0.071
8.451,1.72,0.0197,0.072
8.452,0.78,0.0194,0.074
8.453,-1.25,0.0187,0.074
8.454,-1.41,0.0187,0.072
8.455,-2.34,0.0187,0.071
8.456,-4.06,0.0187,0.067
8.457,-3.91,0.0187,0.063
8.458,-2.66,0.0187,0.059
8.459,-1.72,0.0187,0.058
8.46,-1.09,0.0187,0.056
8.461,0.47,0.0187,0.055
8.462,1.56,0.0187,0.057
8.463,2.03,0.0187,0.058
8.464,2.97,0.0187,0.061
8.465,3.13,0.0187,0.064
8.466,2.81,0.0187,0.067
8.467,3.28,0.0187,0.070
8.468,2.03,0.0187,0.073
8.469,-0.62,0.0181,0.074
8.47,-1.41,0.0169,0.072
8.471,-1.56,0.0169,0.071
8.472,-2.66,0.0169,0.069
8.473,-2.66,0.0169,0.066
8.474,-2.97,0.0169,0.064
8.475,-2.50,0.0169,0.060
8.476,-1.09,0.0169,0.059
8.477,-0.78,0.0169,0.058
8.478,0.16,0.0169,0.057
8.479,2.19,0.0169,0.058
8.48,3.28,0.0169,0.062
8.481,2.50,0.0169,0.065
8.482,2.66,0.0169,0.067
8.483,2.97,0.0169,0.070
8.484,2.03,0.0169,0.072
8.485,2.34,0.0169,0.074
8.486,0.47,0.0176,0.077
8.487,-2.34,0.0191,0.075
8.488,-2.66,0.0191,0.072
8.489,-3.13,0.0191,0.070
8.49,-4.06,0.0191,0.066
8.491,-2.81,0.0191,0.062
8.492,-0.63,0.0191,0.061
8.493,-1.25,0.0191,0.060
8.494,-0.47,0.0191,0.058
8.495,1.56,0.0191,0.059
8.496,0.94,0.0191,0.061
8.497,2.34,0.0191,0.061
8.498,4.37,0.0191,0.066
8.499,3.44,0.0191,0.070
8.5,2.34,0.0191,0.073
8.501,1.72,0.0191,0.075
8.502,0.00,0.0194,0.076
8.503,-1.56,0.0200,0.075
8.504,-1.41,0.0200,0.073
8.505,-2.66,0.0200,0.072
8.506,-3.13,0.0200,0.068
8.507,-1.88,0.0200,0.066
8.508,-3.59,0.0200,0.064
8.509,-3.44,0.0200,0.058
8.51,-0.78,0.0200,0.057
8.511,0.00,0.0200,0.057
8.512,1.72,0.0200,0.057
8.513,2.50,0.0200,0.060
8.514,2.97,0.0200,0.062
8.515,4.06,0.0200,0.066
8.516,3.91,0.0200,0.070
8.517,2.66,0.0200,0.074
8.518,1.41,0.0200,0.076
8.519,1.25,0.0200,0.077
8.52,-0.47,0.0193,0.078
8.521,-1.87,0.0178,0.076
8.522,-2.34,0.0178,0.074
8.523,-3.13,0.0178,0.071
8.524,-2.97,0.0178,0.068
8.525,-2.19,0.0178,0.065
8.526,-1.87,0.0178,0.064
8.527,-1.09,0.0178,0.062
8.528,0.62,0.0178,0.062
8.529,1.72,0.0178,0.063
8.53,2.66,0.0178,0.065
8.531,3.91,0.0178,0.068
8.532,3.28,0.0178,0.073
8.533,1.88,0.0178,0.075
8.534,2.34,0.0178,0.077
8.535,2.50,0.0178,0.079
8.536,0.47,0.0181,0.082
8.537,-1.09,0.0187,0.080
8.538,-1.56,0.0187,0.079
8.539,-3.75,0.0187,0.077
8.54,-4.69,0.0187,0.072
8.541,-2.66,0.0187,0.068
8.542,-1.88,0.0187,0.067
8.543,-1.72,0.0187,0.064
8.544,-0.62,0.0187,0.063
8.545,0.31,0.0187,0.063
8.546,1.88,0.0187,0.064
8.547,3.44,0.0187,0.067
8.548,3.12,0.0187,0.071
8.549,2.81,0.0187,0.073
8.55,2.97,0.0187,0.076
8.551,2.19,0.0187,0.079
8.552,0.94,0.0190,0.081
8.553,-0.47,0.0194,0.081
8.554,-2.34,0.0194,0.080
8.555,-3.28,0.0194,0.076
8.556,-2.97,0.0194,0.073
8.557,-3.12,0.0194,0.070
8.558,-3.28,0.0194,0.067
8.559,-2.81,0.0194,0.063
8.56,-1.09,0.0194,0.061
8.561,0.94,0.0194,0.061
8.562,2.03,0.0194,0.063
8.563,1.88,0.0194,0.065
8.564,2.19,0.0194,0.067
8.565,3.44,0.0194,0.070
8.566,3.59,0.0194,0.074
8.567,3.28,0.0194,0.077
8.568,1.87,0.0194,0.080
8.569,-0.62,0.0194,0.081
8.57,-1.72,0.0194,0.079
8.571,-1.87,0.0194,0.077
8.572,-2.50,0.0194,0.075
8.573,-3.44,0.0194,0.072
8.574,-3.13,0.0194,0.068
8.575,-2.34,0.0194,0.066
8.576,-2.34,0.0194,0.064
8.577,-1.25,0.0194,0.061
8.578,0.16,0.0194,0.061
8.579,1.09,0.0194,0.062
8.58,3.44,0.0194,0.063
8.581,4.69,0.0194,0.068
8.582,3.59,0.0194,0.073
8.583,2.97,0.0194,0.076
8.584,3.28,0.0194,0.079
8.585,1.25,0.0185,0.082
8.586,-0.78,0.0169,0.081
8.587,-0.94,0.0169,0.081
8.588,-2.34,0.0169,0.079
8.589,-3.13,0.0169,0.076
8.59,-2.50,0.0169,0.073
8.591,-2.66,0.0169,0.071
8.592,-2.66,0.0169,0.068
8.593,-1.25,0.0169,0.066
8.594,0.16,0.0169,0.065
8.595,1.25,0.0169,0.066
8.596,2.19,0.0169,0.068
8.597,3.12,0.0169,0.070
8.598,2.97,0.0169,0.074
8.599,2.81,0.0169,0.076
8.6,2.50,0.0169,0.080
8.601,1.09,0.0169,0.081
8.602,0.78,0.0169,0.082
8.603,-0.94,0.0174,0.083
8.604,-2.03,0.0184,0.080
8.605,-2.03,0.0184,0.079
8.606,-3.13,0.0184,0.076
8.607,-4.22,0.0184,0.072
8.608,-3.13,0.0184,0.068
8.609,-1.09,0.0184,0.066
8.61,-0.94,0.0184,0.065
8.611,0.00,0.0184,0.064
8.612,1.41,0.0184,0.065
8.613,2.34,0.0184,0.067
8.614,2.97,0.0184,0.070
8.615,3.28,0.0184,0.073
8.616,2.19,0.0184,0.077
8.617,1.72,0.0184,0.077
8.618,2.34,0.0184,0.080
8.619,0.94,0.0185,0.082
8.62,-0.94,0.0188,0.082
8.621,-2.03,0.0188,0.080
8.622,-3.44,0.0188,0.078
8.623,-3.59,0.0188,0.073
8.624,-2.34,0.0188,0.071
8.625,-2.81,0.0188,0.069
8.626,-2.66,0.0188,0.065
8.627,-0.47,0.0188,0.063
8.628,0.94,0.0188,0.064
8.629,1.56,0.0188,0.065
8.63,2.34,0.0188,0.067
8.631,2.97,0.0188,0.070
8.632,3.28,0.0188,0.073
8.633,3.13,0.0188,0.077
8.634,2.19,0.0188,0.079
8.635,0.78,0.0192,0.081
8.636,-0.16,0.0200,0.081
8.637,-1.25,0.0200,0.081
8.638,-2.81,0.0200,0.078
8.639,-3.59,0.0200,0.075
8.64,-3.91,0.0200,0.071
8.641,-3.75,0.0200,0.067
8.642,-3.13,0.0200,0.064
8.643,-0.94,0.0200,0.061
8.644,0.00,0.0190,0.062
8.645,0.31,0.0169,0.061
8.646,1.72,0.0169,0.063
8.647,2.19,0.0169,0.064
8.648,3.75,0.0169,0.067
8.649,3.44,0.0169,0.072
8.65,1.88,0.0169,0.074
8.651,2.03,0.0169,0.076
8.652,1.87,0.0169,0.078
8.653,-0.31,0.0171,0.079
8.654,-1.56,0.0175,0.077
8.655,-1.88,0.0175,0.076
8.656,-3.13,0.0175,0.073
8.657,-3.28,0.0175,0.070
8.658,-2.97,0.0175,0.067
8.659,-2.50,0.0175,0.064
8.66,-0.62,0.0175,0.062
8.661,0.78,0.0175,0.063
8.662,1.56,0.0175,0.063
8.663,2.50,0.0175,0.066
8.664,2.81,0.0175,0.068
8.665,2.81,0.0175,0.072
8.666,2.50,0.0175,0.074
8.667,2.34,0.0175,0.077
8.668,1.41,0.0175,0.079
8.669,-0.16,0.0176,0.079
8.67,-1.25,0.0178,0.078
8.671,-2.03,0.0178,0.077
8.672,-2.97,0.0178,0.074
8.673,-2.81,0.0178,0.071
8.674,-2.50,0.0178,0.069
8.675,-2.34,0.0178,0.066
8.676,-1.56,0.0178,0.064
8.677,-1.25,0.0178,0.063
8.678,-0.47,0.0178,0.062
8.679,1.25,0.0178,0.062
8.68,2.81,0.0178,0.064
8.681,3.28,0.0178,0.068
8.682,3.75,0.0178,0.071
8.683,3.28,0.0178,0.075
8.684,1.72,0.0178,0.077
8.685,1.25,0.0178,0.078
8.686,0.47,0.0181,0.080
8.687,-1.09,0.0187,0.079
8.688,-2.19,0.0187,0.077
8.689,-3.28,0.0187,0.075
8.69,-3.75,0.0187,0.071
8.691,-2.81,0.0187,0.068
8.692,-2.34,0.0187,0.065
8.693,-2.19,0.0187,0.063
8.694,-0.16,0.0187,0.061
8.695,1.72,0.0187,0.063
8.696,1.09,0.0187,0.064
8.697,2.19,0.0187,0.065
8.698,3.75,0.0187,0.069
8.699,3.28,0.0187,0.072
8.7,2.81,0.0187,0.075
8.701,1.72,0.0187,0.078
8.702,0.00,0.0189,0.079
8.703,-0.94,0.0191,0.078
8.704,-0.94,0.0191,0.077
8.705,-3.28,0.0191,0.076
8.706,-4.37,0.0191,0.070
8.707,-3.13,0.0191,0.067
8.708,-3.44,0.0191,0.064
8.709,-2.19,0.0191,0.060
8.71,-0.16,0.0191,0.060
8.711,0.94,0.0191,0.060
8.712,1.88,0.0191,0.062
8.713,2.97,0.0191,0.064
8.714,4.22,0.0191,0.068
8.715,3.44,0.0191,0.072
8.716,2.50,0.0191,0.074
8.717,1.87,0.0191,0.077
8.718,1.56,0.0191,0.078
8.719,1.09,0.0189,0.080
8.72,-0.78,0.0184,0.080
8.721,-2.66,0.0184,0.079
8.722,-2.81,0.0184,0.075
8.723,-2.34,0.0184,0.073
8.724,-3.59,0.0184,0.070
8.725,-3.13,0.0184,0.066
8.726,-1.72,0.0184,0.064
8.727,-0.94,0.0184,0.063
8.728,-0.31,0.0184,0.062
8.729,1.09,0.0184,0.062
8.73,1.72,0.0184,0.064
8.731,2.81,0.0184,0.065
8.732,3.75,0.0184,0.070
8.733,1.87,0.0184,0.073
8.734,1.09,0.0184,0.074
8.735,1.25,0.0184,0.075
8.736,-0.31,0.0186,0.076
8.737,-0.78,0.0191,0.074
8.738,-0.94,0.0191,0.075
8.739,-3.44,0.0191,0.072
8.74,-3.91,0.0191,0.068
8.741,-2.50,0.0191,0.065
8.742,-2.03,0.0191,0.063
8.743,-2.03,0.0191,0.061
8.744,-0.16,0.0191,0.059
8.745,1.09,0.0191,0.060
8.746,1.88,0.0191,0.061
8.747,3.59,0.0191,0.064
8.748,4.06,0.0191,0.068
8.749,3.44,0.0191,0.072
8.75,2.66,0.0191,0.075
8.751,1.41,0.0191,0.077
8.752,0.47,0.0191,0.078
8.753,0.31,0.0189,0.078
8.754,-1.25,0.0184,0.078
8.755,-2.66,0.0184,0.076
8.756,-3.91,0.0184,0.073
8.757,-4.84,0.0184,0.068
8.758,-3.28,0.0184,0.063
8.759,-1.72,0.0184,0.062
8.76,-0.63,0.0184,0.060
8.761,0.00,0.0184,0.060
8.762,1.41,0.0184,0.060
8.763,2.19,0.0184,0.063
8.764,2.03,0.0184,0.064
8.765,3.44,0.0184,0.067
8.766,2.97,0.0184,0.071
8.767,1.72,0.0184,0.073
8.768,1.56,0.0184,0.075
8.769,1.56,0.0184,0.076
8.77,-0.78,0.0190,0.078
8.771,-2.97,0.0200,0.075
8.772,-2.50,0.0200,0.072
8.773,-3.28,0.0200,0.070
8.774,-3.59,0.0200,0.065
8.775,-2.50,0.0200,0.063
8.776,-2.34,0.0200,0.060
8.777,-1.25,0.0200,0.058
8.778,0.47,0.0200,0.058
8.779,1.09,0.0200,0.059
8.78,2.19,0.0200,0.060
8.781,3.59,0.0200,0.063
8.782,2.97,0.0200,0.067
8.783,2.81,0.0200,0.069
8.784,3.13,0.0200,0.073
8.785,1.88,0.0200,0.075
8.786,0.31,0.0190,0.077
8.787,-0.62,0.0169,0.076
8.788,-1.72,0.0169,0.075
8.789,-3.75,0.0169,0.072
8.79,-3.91,0.0169,0.068
8.791,-2.97,0.0169,0.065
8.792,-2.19,0.0169,0.062
8.793,-1.09,0.0169,0.060
8.794,0.16,0.0169,0.060
8.795,0.78,0.0169,0.061
8.796,1.25,0.0169,0.061
8.797,2.81,0.0169,0.063
8.798,3.75,0.0169,0.067
8.799,3.44,0.0169,0.071
8.8,2.97,0.0169,0.074
8.801,2.19,0.0169,0.077
8.802,0.78,0.0176,0.078
8.803,-0.94,0.0191,0.078
8.804,-2.50,0.0191,0.076
8.805,-2.66,0.0191,0.073
8.806,-1.72,0.0191,0.071
8.807,-2.66,0.0191,0.070
8.808,-2.97,0.0191,0.066
8.809,-1.56,0.0191,0.064
8.81,-1.41,0.0191,0.063
8.811,-0.62,0.0191,0.061
8.812,1.09,0.0191,0.061
8.813,2.19,0.0191,0.063
8.814,3.59,0.0191,0.066
8.815,5.16,0.0191,0.070
8.816,3.44,0.0191,0.076
8.817,2.03,0.0191,0.077
8.818,2.19,0.0191,0.080
8.819,0.78,0.0182,0.082
8.82,-0.47,0.0166,0.082
8.821,-1.41,0.0166,0.081
8.822,-3.28,0.0166,0.079
8.823,-3.91,0.0166,0.074
8.824,-2.50,0.0166,0.071
8.825,-2.34,0.0166,0.069
8.826,-2.03,0.0166,0.066
8.827,-0.47,0.0166,0.065
8.828,0.78,0.0166,0.065
8.829,1.72,0.0166,0.067
8.83,2.34,0.0166,0.069
8.831,2.81,0.0166,0.071
8.832,2.97,0.0166,0.074
8.833,3.12,0.0166,0.077
8.834,2.03,0.0166,0.081
8.835,-0.16,0.0177,0.081
8.836,-0.94,0.0200,0.080
8.837,-1.41,0.0200,0.079
8.838,-2.34,0.0200,0.077
8.839,-2.81,0.0200,0.075
8.84,-2.50,0.0200,0.072
8.841,-2.81,0.0200,0.070
8.842,-3.28,0.0200,0.066
8.843,-1.87,0.0200,0.063
8.844,-0.94,0.0200,0.063
8.845,0.62,0.0200,0.061
8.846,2.97,0.0200,0.064
8.847,2.66,0.0200,0.067
8.848,3.44,0.0200,0.069
8.849,4.37,0.0200,0.074
8.85,2.34,0.0200,0.078
8.851,1.25,0.0200,0.079
8.852,0.94,0.0200,0.080
8.853,-1.25,0.0194,0.081
8.854,-1.56,0.0181,0.078
8.855,-1.72,0.0181,0.077
8.856,-3.59,0.0181,0.074
8.857,-3.28,0.0181,0.070
8.858,-2.34,0.0181,0.068
8.859,-1.56,0.0181,0.066
8.86,-1.56,0.0181,0.065
8.861,-0.16,0.0181,0.063
8.862,1.25,0.0181,0.064
8.863,1.41,0.0181,0.065
8.864,3.28,0.0181,0.067
8.865,3.59,0.0181,0.072
8.866,2.34,0.0181,0.074
8.867,2.97,0.0181,0.076
8.868,2.34,0.0181,0.080
8.869,0.00,0.0186,0.081
8.87,-1.25,0.0197,0.080
8.871,-2.66,0.0197,0.078
8.872,-3.59,0.0197,0.075
8.873,-3.44,0.0197,0.071
8.874,-3.28,0.0197,0.068
8.875,-2.81,0.0197,0.065
8.876,-1.41,0.0197,0.063
8.877,-0.31,0.0197,0.062
8.878,0.31,0.0197,0.062
8.879,2.03,0.0197,0.063
8.88,3.91,0.0197,0.066
8.881,3.75,0.0197,0.070
8.882,3.13,0.0197,0.073
8.883,2.97,0.0197,0.077
8.884,2.50,0.0197,0.079
8.885,2.03,0.0197,0.082
8.886,0.16,0.0201,0.083
8.887,-2.03,0.0209,0.082
8.888,-2.81,0.0209,0.079
8.889,-3.13,0.0209,0.076
8.89,-4.06,0.0209,0.073
8.891,-3.28,0.0209,0.068
8.892,-1.72,0.0209,0.067
8.893,-2.03,0.0209,0.065
8.894,-0.94,0.0209,0.063
8.895,1.09,0.0209,0.063
8.896,2.03,0.0209,0.065
8.897,2.97,0.0209,0.067
8.898,3.75,0.0209,0.071
8.899,3.28,0.0209,0.074
8.9,2.81,0.0209,0.077
8.901,2.34,0.0209,0.080
8.902,0.62,0.0201,0.082
8.903,-1.25,0.0184,0.081
8.904,-1.25,0.0184,0.079
8.905,-2.50,0.0184,0.079
8.906,-3.91,0.0184,0.074
8.907,-2.19,0.0184,0.071
8.908,-2.03,0.0184,0.070
8.909,-3.13,0.0184,0.067
8.91,-0.94,0.0184,0.064
8.911,0.94,0.0184,0.065
8.912,0.62,0.0184,0.066
8.913,2.19,0.0184,0.066
8.914,3.75,0.0184,0.070
8.915,3.75,0.0184,0.074
8.916,3.28,0.0184,0.077
8.917,2.34,0.0184,0.080
8.918,0.78,0.0184,0.082
8.919,0.31,0.0184,0.082
8.92,-0.31,0.0183,0.083
8.921,-2.50,0.0181,0.081
8.922,-3.44,0.0181,0.078
8.923,-2.81,0.0181,0.074
8.924,-2.66,0.0181,0.072
8.925,-2.50,0.0181,0.069
8.926,-1.88,0.0181,0.067
8.927,-1.25,0.0181,0.065
8.928,0.47,0.0181,0.065
8.929,1.88,0.0181,0.066
8.93,2.50,0.0181,0.068
8.931,3.13,0.0181,0.071
8.932,3.44,0.0181,0.075
8.933,2.66,0.0181,0.078
8.934,2.34,0.0181,0.080
8.935,2.50,0.0181,0.083
8.936,0.31,0.0185,0.085
8.937,-1.56,0.0194,0.083
8.938,-1.72,0.0194,0.082
8.939,-3.28,0.0194,0.080
8.94,-4.37,0.0194,0.075
8.941,-2.97,0.0194,0.071
8.942,-1.87,0.0194,0.069
8.943,-1.88,0.0194,0.068
8.944,-0.78,0.0194,0.066
8.945,0.63,0.0194,0.066
8.946,1.41,0.0194,0.067
8.947,2.34,0.0194,0.069
8.948,3.13,0.0194,0.072
8.949,3.28,0.0194,0.075
8.95,3.12,0.0194,0.078
8.951,2.03,0.0194,0.081
8.952,0.16,0.0194,0.082
8.953,-0.63,0.0194,0.082
8.954,-1.09,0.0194,0.081
8.955,-3.12,0.0194,0.079
8.956,-4.22,0.0194,0.075
8.957,-3.13,0.0194,0.071
8.958,-2.66,0.0194,0.068
8.959,-2.19,0.0194,0.066
8.96,-0.62,0.0194,0.064
8.961,-0.62,0.0194,0.064
8.962,0.16,0.0194,0.063
8.963,2.81,0.0194,0.065
8.964,3.44,0.0194,0.068
8.965,2.81,0.0194,0.072
8.966,3.13,0.0194,0.074
8.967,2.81,0.0194,0.078
8.968,2.19,0.0194,0.080
8.969,0.78,0.0198,0.082
8.97,-2.66,0.0206,0.081
8.971,-2.97,0.0206,0.077
8.972,-2.19,0.0206,0.075
8.973,-2.81,0.0206,0.072
8.974,-3.28,0.0206,0.070
8.975,-2.81,0.0206,0.066
8.976,-2.03,0.0206,0.064
8.977,-1.25,0.0206,0.062
8.978,0.78,0.0206,0.062
8.979,1.72,0.0206,0.063
8.98,2.34,0.0206,0.065
8.981,3.59,0.0206,0.068
8.982,3.75,0.0206,0.072
8.983,3.13,0.0206,0.076
8.984,2.97,0.0206,0.078
8.985,1.88,0.0206,0.082
8.986,-0.78,0.0199,0.082
8.987,-1.41,0.0184,0.080
8.988,-2.03,0.0184,0.079
8.989,-3.75,0.0184,0.076
8.99,-3.28,0.0184,0.072
8.991,-3.13,0.0184,0.069
8.992,-2.50,0.0184,0.066
8.993,-0.94,0.0184,0.064
8.994,0.16,0.0184,0.064
8.995,0.62,0.0184,0.065
8.996,2.03,0.0184,0.065
8.997,3.28,0.0184,0.069
8.998,2.50,0.0184,0.072
8.999,2.97,0.0184,0.074
9,2.97,0.0184,0.077
9.001,1.72,0.0184,0.080
9.002,0.78,0.0184,0.081
9.003,0.00,0.0182,0.081
9.004,-1.87,0.0178,0.081
9.005,-2.66,0.0178,0.077
9.006,-2.19,0.0178,0.076
9.007,-3.28,0.0178,0.073
9.008,-3.12,0.0178,0.069
9.009,-2.03,0.0178,0.067
9.01,-1.72,0.0178,0.065
9.011,-0.62,0.0178,0.063
9.012,1.41,0.0178,0.064
9.013,2.03,0.0178,0.066
9.014,2.34,0.0178,0.068
9.015,2.81,0.0178,0.071
9.016,3.13,0.0178,0.073
9.017,3.13,0.0178,0.077
9.018,2.19,0.0178,0.080
9.019,0.47,0.0178,0.082
9.02,-1.25,0.0178,0.081
9.021,-1.56,0.0178,0.079
9.022,-2.81,0.0178,0.077
9.023,-3.91,0.0178,0.073
9.024,-3.44,0.0178,0.070
9.025,-2.19,0.0178,0.067
9.026,-1.41,0.0178,0.065
9.027,-0.47,0.0178,0.064
9.028,0.47,0.0178,0.064
9.029,0.00,0.0178,0.065
9.03,1.72,0.0178,0.064
9.031,3.59,0.0178,0.068
9.032,2.81,0.0178,0.072
9.033,2.66,0.0178,0.074
9.034,2.81,0.0178,0.077
9.035,1.87,0.0178,0.079
9.036,0.47,0.0183,0.081
9.037,-1.09,0.0194,0.080
9.038,-2.97,0.0194,0.078
9.039,-3.28,0.0194,0.074
9.04,-3.13,0.0194,0.072
9.041,-3.59,0.0194,0.068
9.042,-2.81,0.0194,0.065
9.043,-1.56,0.0194,0.063
9.044,-0.62,0.0194,0.062
9.045,0.31,0.0194,0.061
9.046,2.03,0.0194,0.062
9.047,2.81,0.0194,0.065
9.048,2.81,0.0194,0.068
9.049,2.97,0.0194,0.071
9.05,2.34,0.0194,0.074
9.051,2.03,0.0194,0.076
9.052,0.78,0.0194,0.078
9.053,-1.09,0.0194,0.077
9.054,-0.62,0.0194,0.076
9.055,-1.41,0.0194,0.076
9.056,-3.28,0.0194,0.073
9.057,-3.75,0.0194,0.069
9.058,-2.97,0.0194,0.065
9.059,-2.66,0.0194,0.063
9.06,-2.34,0.0194,0.060
9.061,0.47,0.0194,0.059
9.062,2.03,0.0194,0.061
9.063,2.34,0.0194,0.063
9.064,3.28,0.0194,0.066
9.065,3.75,0.0194,0.069
9.066,3.13,0.0194,0.073
9.067,2.50,0.0194,0.076
9.068,1.87,0.0194,0.078
9.069,-0.31,0.0195,0.079
9.07,-0.78,0.0197,0.077
9.071,-1.25,0.0197,0.078
9.072,-2.81,0.0197,0.075
9.073,-2.97,0.0197,0.072
9.074,-3.13,0.0197,0.069
9.075,-3.59,0.0197,0.066
9.076,-3.12,0.0197,0.062
9.077,-0.78,0.0197,0.060
9.078,0.47,0.0197,0.060
9.079,1.72,0.0197,0.061
9.08,2.81,0.0197,0.064
9.081,2.66,0.0197,0.066
9.082,3.44,0.0197,0.069
9.083,3.91,0.0197,0.073
9.084,1.56,0.0197,0.077
9.085,0.62,0.0197,0.076
9.086,1.25,0.0197,0.078
9.087,-1.25,0.0201,0.079
9.088,-2.81,0.0209,0.076
9.089,-2.81,0.0209,0.073
9.09,-3.75,0.0209,0.070
9.091,-3.44,0.0209,0.066
9.092,-2.03,0.0209,0.063
9.093,-2.34,0.0209,0.062
9.094,-1.88,0.0209,0.058
9.095,1.09,0.0209,0.058
9.096,2.97,0.0209,0.061
9.097,2.81,0.0209,0.064
9.098,3.59,0.0209,0.066
9.099,3.59,0.0209,0.071
9.1,2.34,0.0209,0.073
9.101,2.03,0.0209,0.076
9.102,1.09,0.0209,0.077
9.103,-0.47,0.0200,0.078
9.104,-1.88,0.0181,0.077
9.105,-2.81,0.0181,0.074
9.106,-3.28,0.0181,0.071
9.107,-3.44,0.0181,0.068
9.108,-2.97,0.0181,0.064
9.109,-2.03,0.0181,0.062
9.11,-0.94,0.0181,0.060
9.111,0.00,0.0181,0.060
9.112,0.78,0.0181,0.060
9.113,2.19,0.0181,0.061
9.114,3.59,0.0181,0.064
9.115,2.81,0.0181,0.068
9.116,2.34,0.0181,0.070
9.117,3.13,0.0181,0.073
9.118,2.03,0.0181,0.076
9.119,0.16,0.0185,0.077
9.12,-0.62,0.0194,0.077
9.121,-1.72,0.0194,0.076
9.122,-3.13,0.0194,0.073
9.123,-3.44,0.0194,0.070
9.124,-3.59,0.0194,0.066
9.125,-3.12,0.0194,0.063
9.126,-1.56,0.0194,0.060
9.127,-1.09,0.0194,0.059
9.128,-0.16,0.0194,0.058
9.129,1.25,0.0194,0.059
9.13,2.34,0.0194,0.060
9.131,3.28,0.0194,0.064
9.132,3.44,0.0194,0.067
9.133,2.97,0.0194,0.071
9.134,2.19,0.0194,0.073
9.135,2.03,0.0194,0.075
9.136,0.31,0.0196,0.077
9.137,-1.88,0.0200,0.076
9.138,-2.19,0.0200,0.073
9.139,-3.28,0.0200,0.071
9.14,-3.28,0.0200,0.067
9.141,-2.34,0.0200,0.065
9.142,-2.97,0.0200,0.062
9.143,-2.50,0.0200,0.059
9.144,-0.47,0.0200,0.057
9.145,1.25,0.0200,0.058
9.146,1.56,0.0200,0.059
9.147,2.97,0.0200,0.061
9.148,4.53,0.0200,0.065
9.149,3.44,0.0200,0.070
9.15,2.19,0.0200,0.072
9.151,1.25,0.0200,0.074
9.152,0.00,0.0199,0.075
9.153,-0.47,0.0197,0.074
9.154,-1.09,0.0197,0.074
9.155,-2.50,0.0197,0.072
9.156,-2.66,0.0197,0.069
9.157,-2.34,0.0197,0.067
9.158,-2.81,0.0197,0.064
9.159,-2.50,0.0197,0.061
9.16,-1.25,0.0197,0.059
9.161,-0.31,0.0197,0.059
9.162,1.56,0.0197,0.058
9.163,3.28,0.0197,0.062
9.164,2.50,0.0197,0.065
9.165,2.66,0.0197,0.067
9.166,3.59,0.0197,0.070
9.167,2.81,0.0197,0.074
9.168,2.03,0.0197,0.076
9.169,1.41,0.0197,0.078
9.17,-0.78,0.0204,0.079
9.171,-2.34,0.0219,0.077
9.172,-3.28,0.0219,0.074
9.173,-3.91,0.0219,0.070
9.174,-3.91,0.0219,0.066
9.175,-3.28,0.0219,0.062
9.176,-2.50,0.0219,0.060
9.177,-1.41,0.0219,0.057
9.178,0.62,0.0219,0.057
9.179,1.09,0.0219,0.058
9.18,1.72,0.0219,0.059
9.181,4.22,0.0219,0.062
9.182,4.37,0.0219,0.068
9.183,3.28,0.0219,0.071
9.184,2.50,0.0219,0.074
9.185,0.63,0.0212,0.076
9.186,-0.78,0.0200,0.075
9.187,-0.94,0.0200,0.074
9.188,-1.41,0.0200,0.073
9.189,-2.66,0.0200,0.071
9.19,-2.50,0.0200,0.068
9.191,-2.19,0.0200,0.066
9.192,-2.97,0.0200,0.064
9.193,-2.34,0.0200,0.060
9.194,0.31,0.0200,0.059
9.195,1.09,0.0200,0.061
9.196,2.03,0.0200,0.061
9.197,3.13,0.0200,0.065
9.198,2.97,0.0200,0.068
9.199,3.75,0.0200,0.071
9.2,3.59,0.0200,0.075
9.201,2.03,0.0200,0.078
9.202,0.94,0.0200,0.079
9.203,-0.47,0.0201,0.080
9.204,-2.97,0.0203,0.078
9.205,-3.13,0.0203,0.074
9.206,-2.81,0.0203,0.072
9.207,-2.97,0.0203,0.068
9.208,-2.34,0.0203,0.066
9.209,-2.03,0.0203,0.064
9.21,-2.03,0.0203,0.062
9.211,-0.78,0.0203,0.060
9.212,1.56,0.0203,0.060
9.213,2.50,0.0203,0.063
9.214,2.66,0.0203,0.065
9.215,3.28,0.0203,0.068
9.216,3.91,0.0203,0.072
9.217,3.13,0.0203,0.076
9.218,1.41,0.0203,0.078
9.219,0.31,0.0201,0.079
9.22,-0.94,0.0197,0.079
9.221,-1.72,0.0197,0.077
9.222,-2.97,0.0197,0.075
9.223,-4.53,0.0197,0.071
9.224,-3.28,0.0197,0.066
9.225,-2.66,0.0197,0.064
9.226,-2.66,0.0197,0.061
9.227,-0.63,0.0197,0.059
9.228,1.09,0.0197,0.060
9.229,1.41,0.0197,0.061
9.23,2.34,0.0197,0.063
9.231,3.75,0.0197,0.066
9.232,3.13,0.0197,0.070
9.233,3.44,0.0197,0.072
9.234,3.28,0.0197,0.077
9.235,0.94,0.0192,0.079
9.236,-0.62,0.0181,0.079
9.237,-0.94,0.0181,0.077
9.238,-2.19,0.0181,0.077
9.239,-3.28,0.0181,0.073
9.24,-3.12,0.0181,0.070
9.241,-3.59,0.0181,0.067
9.242,-2.81,0.0181,0.063
9.243,-0.94,0.0181,0.061
9.244,-0.16,0.0181,0.061
9.245,0.62,0.0181,0.061
9.246,3.13,0.0181,0.063
9.247,3.59,0.0181,0.067
9.248,2.50,0.0181,0.070
9.249,2.81,0.0181,0.072
9.25,2.50,0.0181,0.075
9.251,1.87,0.0181,0.077
9.252,1.41,0.0181,0.079
9.253,-0.47,0.0181,0.080
9.254,-1.56,0.0181,0.078
9.255,-1.87,0.0181,0.077
9.256,-3.13,0.0181,0.074
9.257,-2.97,0.0181,0.071
9.258,-2.19,0.0181,0.068
9.259,-2.19,0.0181,0.066
9.26,-1.41,0.0181,0.064
9.261,-0.16,0.0181,0.063
9.262,0.94,0.0181,0.064
9.263,1.56,0.0181,0.065
9.264,3.28,0.0181,0.067
9.265,4.06,0.0181,0.072
9.266,2.81,0.0181,0.075
9.267,3.28,0.0181,0.077
9.268,2.19,0.0181,0.082
9.269,-0.31,0.0184,0.082
9.27,-0.78,0.0191,0.081
9.271,-1.72,0.0191,0.080
9.272,-3.28,0.0191,0.077
9.273,-3.13,0.0191,0.074
9.274,-2.81,0.0191,0.071
9.275,-2.97,0.0191,0.068
9.276,-2.19,0.0191,0.065
9.277,-1.09,0.0191,0.064
9.278,-0.47,0.0191,0.063
9.279,0.31,0.0191,0.063
9.28,2.34,0.0191,0.064
9.281,3.59,0.0191,0.068
9.282,3.44,0.0191,0.071
9.283,3.13,0.0191,0.074
9.284,2.03,0.0191,0.077
9.285,0.94,0.0191,0.078
9.286,0.31,0.0190,0.079
9.287,-1.25,0.0188,0.079
9.288,-2.81,0.0188,0.077
9.289,-3.44,0.0188,0.073
9.29,-3.28,0.0188,0.070
9.291,-2.81,0.0188,0.067
9.292,-2.50,0.0188,0.064
9.293,-1.88,0.0188,0.062
9.294,-0.62,0.0188,0.060
9.295,1.72,0.0188,0.061
9.296,3.13,0.0188,0.064
9.297,2.81,0.0188,0.067
9.298,3.12,0.0188,0.069
9.299,2.34,0.0188,0.073
9.3,1.72,0.0188,0.074
9.301,2.34,0.0188,0.077
9.302,0.78,0.0194,0.079
9.303,-0.78,0.0206,0.078
9.304,-1.25,0.0206,0.077
9.305,-2.34,0.0206,0.076
9.306,-3.91,0.0206,0.072
9.307,-3.91,0.0206,0.068
9.308,-2.81,0.0206,0.065
9.309,-2.66,0.0206,0.062
9.31,-1.88,0.0206,0.059
9.311,0.31,0.0206,0.058
9.312,1.25,0.0206,0.060
9.313,1.56,0.0206,0.061
9.314,2.97,0.0206,0.063
9.315,3.28,0.0206,0.067
9.316,3.44,0.0206,0.070
9.317,3.59,0.0206,0.074
9.318,2.66,0.0206,0.077
9.319,1.25,0.0206,0.079
9.32,-1.25,0.0207,0.079
9.321,-3.44,0.0209,0.077
9.322,-3.44,0.0209,0.072
9.323,-2.97,0.0209,0.070
9.324,-3.59,0.0209,0.067
9.325,-2.50,0.0209,0.063
9.326,-0.94,0.0209,0.062
9.327,-1.25,0.0209,0.061
9.328,0.31,0.0209,0.059
9.329,2.03,0.0209,0.061
9.33,2.19,0.0209,0.063
9.331,3.59,0.0209,0.066
9.332,4.06,0.0209,0.070
9.333,2.81,0.0209,0.074
9.334,3.13,0.0209,0.076
9.335,2.34,0.0209,0.080
9.336,-0.62,0.0206,0.081
9.337,-2.03,0.0200,0.079
9.338,-2.03,0.0200,0.077
9.339,-3.75,0.0200,0.075
9.34,-4.38,0.0200,0.069
9.341,-2.81,0.0200,0.066
9.342,-1.87,0.0200,0.063
9.343,-1.25,0.0200,0.062
9.344,-0.62,0.0200,0.061
9.345,-0.16,0.0200,0.061
9.346,0.78,0.0200,0.061
9.347,2.97,0.0200,0.063
9.348,3.75,0.0200,0.067
9.349,2.34,0.0200,0.070
9.35,2.19,0.0200,0.071
9.351,2.66,0.0200,0.074
9.352,0.62,0.0191,0.077
9.353,-0.62,0.0172,0.076
9.354,-1.09,0.0172,0.075
9.355,-2.03,0.0172,0.073
9.356,-2.19,0.0172,0.071
9.357,-2.66,0.0172,0.069
9.358,-3.44,0.0172,0.066
9.359,-2.50,0.0172,0.062
9.36,-0.62,0.0172,0.061
9.361,0.00,0.0172,0.061
9.362,0.78,0.0172,0.061
9.363,2.50,0.0172,0.063
9.364,3.44,0.0172,0.066
9.365,3.59,0.0172,0.069
9.366,3.13,0.0172,0.073
9.367,2.19,0.0172,0.076
9.368,1.25,0.0172,0.077
9.369,0.62,0.0172,0.078
9.37,-2.03,0.0193,0.079
9.371,-3.44,0.0234,0.074
9.372,-2.50,0.0234,0.072
9.373,-3.75,0.0234,0.069
9.374,-3.59,0.0234,0.064
9.375,-2.66,0.0234,0.062
9.376,-2.97,0.0234,0.059
9.377,-1.88,0.0234,0.056
9.378,0.47,0.0234,0.055
9.379,1.72,0.0234,0.057
9.38,2.50,0.0234,0.059
9.381,3.59,0.0234,0.062
9.382,3.44,0.0234,0.066
9.383,3.13,0.0234,0.069
9.384,3.44,0.0234,0.072
9.385,1.88,0.0234,0.076
9.386,-0.62,0.0211,0.076
9.387,-1.09,0.0166,0.074
9.388,-1.88,0.0166,0.074
9.389,-2.81,0.0166,0.071
9.39,-2.97,0.0166,0.068
9.391,-3.13,0.0166,0.065
9.392,-2.34,0.0166,0.062
9.393,-0.94,0.0166,0.060
9.394,-0.16,0.0166,0.060
9.395,0.47,0.0166,0.060
9.396,2.19,0.0166,0.061
9.397,3.44,0.0166,0.064
9.398,3.28,0.0166,0.068
9.399,2.66,0.0166,0.071
9.4,2.81,0.0166,0.073
9.401,2.50,0.0166,0.076
9.402,0.94,0.0174,0.078
9.403,-0.62,0.0191,0.078
9.404,-1.41,0.0191,0.077
9.405,-1.88,0.0191,0.075
9.406,-2.81,0.0191,0.073
9.407,-3.59,0.0191,0.070
9.408,-3.44,0.0191,0.066
9.409,-2.66,0.0191,0.063
9.41,-1.88,0.0191,0.061
9.411,-0.78,0.0191,0.059
9.412,1.41,0.0191,0.059
9.413,2.66,0.0191,0.062
9.414,2.34,0.0191,0.064
9.415,3.13,0.0191,0.067
9.416,3.28,0.0191,0.071
9.417,2.03,0.0191,0.073
9.418,1.41,0.0191,0.075
9.419,0.31,0.0195,0.076
9.42,-1.72,0.0203,0.075
9.421,-2.34,0.0203,0.072
9.422,-3.13,0.0203,0.071
9.423,-3.91,0.0203,0.066
9.424,-2.03,0.0203,0.063
9.425,-1.72,0.0203,0.062
9.426,-3.28,0.0203,0.059
9.427,-1.41,0.0203,0.056
9.428,0.47,0.0203,0.057
9.429,0.94,0.0203,0.057
9.43,2.97,0.0203,0.058
9.431,3.59,0.0203,0.063
9.432,2.97,0.0203,0.066
9.433,3.13,0.0203,0.068
9.434,2.50,0.0203,0.072
9.435,0.47,0.0204,0.073
9.436,-0.16,0.0206,0.073
9.437,-1.56,0.0206,0.073
9.438,-3.59,0.0206,0.070
9.439,-3.28,0.0206,0.066
9.44,-2.34,0.0206,0.063
9.441,-2.50,0.0206,0.061
9.442,-2.97,0.0206,0.058
9.443,-2.50,0.0206,0.055
9.444,-1.25,0.0206,0.053
9.445,1.41,0.0206,0.053
9.446,2.81,0.0206,0.056
9.447,2.66,0.0206,0.058
9.448,2.81,0.0206,0.061
9.449,3.28,0.0206,0.064
9.45,2.97,0.0206,0.068
9.451,1.87,0.0206,0.070
9.452,0.94,0.0206,0.072
9.453,-0.94,0.0199,0.072
9.454,-1.87,0.0184,0.070
9.455,-2.03,0.0184,0.068
9.456,-2.50,0.0184,0.066
9.457,-2.66,0.0184,0.063
9.458,-2.50,0.0184,0.060
9.459,-2.34,0.0184,0.058
9.46,-2.19,0.0184,0.056
9.461,-0.31,0.0184,0.054
9.462,1.72,0.0184,0.055
9.463,2.50,0.0184,0.057
9.464,3.59,0.0184,0.060
9.465,3.12,0.0184,0.064
9.466,2.03,0.0184,0.066
9.467,2.97,0.0184,0.068
9.468,2.81,0.0184,0.072
9.469,0.16,0.0183,0.074
9.47,-0.78,0.0181,0.072
9.471,-1.09,0.0181,0.072
9.472,-3.13,0.0181,0.070
9.473,-3.13,0.0181,0.066
9.474,-2.66,0.0181,0.064
9.475,-3.75,0.0181,0.061
9.476,-2.50,0.0181,0.057
9.477,-0.31,0.0181,0.056
9.478,0.31,0.0181,0.056
9.479,1.25,0.0181,0.057
9.48,2.81,0.0181,0.058
9.481,2.81,0.0181,0.062
9.482,3.59,0.0181,0.064
9.483,4.53,0.0181,0.069
9.484,2.03,0.0181,0.073
9.485,0.94,0.0181,0.073
9.486,-0.16,0.0187,0.075
9.487,-2.03,0.0200,0.073
9.488,-2.81,0.0200,0.071
9.489,-2.97,0.0200,0.068
9.49,-2.81,0.0200,0.065
9.491,-2.81,0.0200,0.062
9.492,-1.72,0.0200,0.059
9.493,-2.19,0.0200,0.058
9.494,-1.41,0.0200,0.055
9.495,1.41,0.0200,0.056
9.496,1.88,0.0200,0.058
9.497,2.34,0.0200,0.059
9.498,3.12,0.0200,0.063
9.499,3.28,0.0200,0.066
9.5,2.81,0.0200,0.069
9.501,2.19,0.0200,0.071
9.502,0.94,0.0199,0.073
9.503,-0.47,0.0197,0.073
9.504,-1.41,0.0197,0.072
9.505,-2.50,0.0197,0.070
9.506,-3.75,0.0197,0.068
9.507,-3.13,0.0197,0.063
9.508,-2.34,0.0197,0.061
9.509,-3.28,0.0197,0.058
9.51,-2.03,0.0197,0.055
9.511,-0.47,0.0197,0.054
9.512,0.78,0.0197,0.054
9.513,2.19,0.0197,0.056
9.514,3.75,0.0197,0.058
9.515,4.06,0.0197,0.063
9.516,3.28,0.0197,0.066
9.517,3.13,0.0197,0.070
9.518,1.56,0.0197,0.072
9.519,-0.31,0.0195,0.073
9.52,-1.25,0.0191,0.072
9.521,-2.03,0.0191,0.070
9.522,-2.66,0.0191,0.068
9.523,-2.81,0.0191,0.065
9.524,-3.44,0.0191,0.062
9.525,-3.13,0.0191,0.058
9.526,-1.72,0.0191,0.056
9.527,-0.62,0.0191,0.055
9.528,0.62,0.0191,0.055
9.529,1.72,0.0191,0.056
9.53,2.34,0.0191,0.058
9.531,3.75,0.0191,0.061
9.532,4.53,0.0191,0.066
9.533,3.44,0.0191,0.070
9.534,2.03,0.0191,0.072
9.535,0.78,0.0191,0.074
9.536,-0.78,0.0191,0.074
9.537,-1.72,0.0191,0.072
9.538,-1.56,0.0191,0.071
9.539,-2.81,0.0191,0.069
9.54,-3.91,0.0191,0.065
9.541,-2.66,0.0191,0.061
9.542,-2.34,0.0191,0.060
9.543,-2.34,0.0191,0.057
9.544,-0.16,0.0191,0.055
9.545,1.09,0.0191,0.056
9.546,1.09,0.0191,0.057
9.547,2.50,0.0191,0.058
9.548,3.28,0.0191,0.062
9.549,2.81,0.0191,0.065
9.55,2.66,0.0191,0.068
9.551,1.87,0.0191,0.070
9.552,1.09,0.0191,0.072
9.553,-0.31,0.0190,0.072
9.554,-1.41,0.0188,0.071
9.555,-1.72,0.0188,0.070
9.556,-2.81,0.0188,0.068
9.557,-3.59,0.0188,0.064
9.558,-3.12,0.0188,0.060
9.559,-2.19,0.0188,0.058
9.56,-0.47,0.0188,0.056
9.561,0.31,0.0188,0.057
9.562,0.94,0.0188,0.057
9.563,2.03,0.0188,0.059
9.564,2.81,0.0188,0.061
9.565,3.59,0.0188,0.064
9.566,3.44,0.0188,0.068
9.567,2.66,0.0188,0.071
9.568,1.72,0.0188,0.073
9.569,1.25,0.0188,0.075
9.57,-0.78,0.0191,0.076
9.571,-2.34,0.0197,0.073
9.572,-2.34,0.0197,0.071
9.573,-3.59,0.0197,0.068
9.574,-3.59,0.0197,0.064
9.575,-2.50,0.0197,0.061
9.576,-2.19,0.0197,0.059
9.577,-1.41,0.0197,0.057
9.578,0.94,0.0197,0.056
9.579,2.50,0.0197,0.059
9.58,2.50,0.0197,0.061
9.581,2.97,0.0197,0.064
9.582,2.97,0.0197,0.067
9.583,3.91,0.0197,0.070
9.584,3.59,0.0197,0.075
9.585,1.09,0.0136,0.077
9.586,-0.78,0.0016,0.077
9.587,-0.47,0.0016,0.075
9.588,-1.25,0.0067,0.076
9.589,-3.59,0.0169,0.073
9.59,-2.97,0.0169,0.069
9.591,-2.19,0.0169,0.067
9.592,-2.81,0.0169,0.064
9.593,-2.19,0.0169,0.061
9.594,-0.63,0.0169,0.060
9.595,0.94,0.0169,0.060
9.596,2.03,0.0169,0.062
9.597,2.34,0.0169,0.064
9.598,2.97,0.0169,0.067
9.599,3.12,0.0169,0.070
9.6,3.44,0.0169,0.073
9.601,2.66,0.0169,0.077
9.602,0.62,0.0176,0.078
9.603,-0.47,0.0191,0.078
9.604,-1.56,0.0191,0.077
9.605,-2.97,0.0191,0.075
9.606,-2.97,0.0191,0.071
9.607,-3.13,0.0191,0.069
9.608,-3.75,0.0191,0.065
9.609,-1.87,0.0191,0.062
9.61,-1.25,0.0191,0.061
9.611,-0.78,0.0191,0.059
9.612,1.09,0.0191,0.060
9.613,2.03,0.0191,0.061
9.614,2.81,0.0191,0.064
9.615,3.75,0.0191,0.067
9.616,3.44,0.0191,0.071
9.617,2.81,0.0191,0.074
9.618,1.88,0.0191,0.077
9.619,-0.47,0.0192,0.077
9.62,-1.09,0.0194,0.076
9.621,-1.09,0.0194,0.075
9.622,-2.34,0.0194,0.074
9.623,-3.44,0.0194,0.071
9.624,-3.44,0.0194,0.067
9.625,-3.28,0.0194,0.064
9.626,-2.34,0.0194,0.060
9.627,-1.09,0.0194,0.059
9.628,0.31,0.0194,0.058
9.629,1.41,0.0194,0.060
9.63,2.34,0.0194,0.061
9.631,3.44,0.0194,0.064
9.632,2.66,0.0194,0.068
9.633,2.66,0.0194,0.070
9.634,2.81,0.0194,0.073
9.635,1.41,0.0194,0.075
9.636,-0.16,0.0192,0.076
9.637,-1.25,0.0188,0.075
9.638,-2.19,0.0188,0.073
9.639,-3.12,0.0188,0.071
9.64,-2.66,0.0188,0.067
9.641,-3.13,0.0188,0.065
9.642,-3.59,0.0188,0.061
9.643,-1.72,0.0188,0.058
9.644,-0.47,0.0188,0.058
9.645,0.94,0.0188,0.057
9.646,2.34,0.0188,0.059
9.647,2.19,0.0188,0.062
9.648,3.13,0.0188,0.064
9.649,3.44,0.0188,0.068
9.65,2.66,0.0188,0.071
9.651,2.50,0.0188,0.073
9.652,1.25,0.0188,0.076
9.653,-0.47,0.0185,0.076
9.654,-1.56,0.0181,0.075
9.655,-1.72,0.0181,0.073
9.656,-2.66,0.0181,0.071
9.657,-3.44,0.0181,0.068
9.658,-2.66,0.0181,0.064
9.659,-1.56,0.0181,0.062
9.66,-1.09,0.0181,0.061
9.661,0.31,0.0181,0.060
9.662,1.25,0.0181,0.062
9.663,1.72,0.0181,0.063
9.664,3.28,0.0181,0.065
9.665,3.59,0.0181,0.069
9.666,2.50,0.0181,0.072
9.667,2.81,0.0181,0.074
9.668,2.97,0.0181,0.078
9.669,0.31,0.0188,0.080
9.67,-0.78,0.0200,0.079
9.671,-2.03,0.0200,0.078
9.672,-3.44,0.0200,0.075
9.673,-3.28,0.0200,0.072
9.674,-3.13,0.0200,0.068
9.675,-3.28,0.0200,0.065
9.676,-2.66,0.0200,0.062
9.677,-0.78,0.0200,0.060
9.678,0.47,0.0200,0.060
9.679,0.78,0.0200,0.061
9.68,1.72,0.0200,0.062
9.681,3.59,0.0200,0.064
9.682,3.44,0.0200,0.069
9.683,2.34,0.0200,0.071
9.684,1.88,0.0200,0.073
9.685,0.63,0.0200,0.075
9.686,-0.31,0.0200,0.075
9.687,-1.25,0.0200,0.074
9.688,-2.66,0.0200,0.072
9.689,-2.97,0.0200,0.069
9.69,-3.13,0.0200,0.066
9.691,-3.91,0.0200,0.063
9.692,-3.13,0.0200,0.058
9.693,-1.72,0.0200,0.057
9.694,-0.47,0.0200,0.055
9.695,1.25,0.0200,0.056
9.696,1.25,0.0200,0.058
9.697,2.19,0.0200,0.058
9.698,3.91,0.0200,0.062
9.699,3.44,0.0200,0.066
9.7,2.50,0.0200,0.069
9.701,2.19,0.0200,0.071
9.702,1.41,0.0200,0.073
9.703,-0.31,0.0197,0.074
9.704,-1.56,0.0191,0.072
9.705,-1.87,0.0191,0.071
9.706,-3.13,0.0191,0.069
9.707,-3.75,0.0191,0.064
9.708,-3.12,0.0191,0.061
9.709,-2.66,0.0191,0.058
9.71,-1.72,0.0191,0.056
9.711,-0.47,0.0191,0.055
9.712,0.62,0.0191,0.055
9.713,2.19,0.0191,0.056
9.714,3.75,0.0191,0.059
9.715,3.44,0.0191,0.063
9.716,3.13,0.0191,0.066
9.717,2.97,0.0191,0.070
9.718,1.25,0.0187,0.072
9.719,-0.16,0.0181,0.072
9.72,-1.09,0.0181,0.072
9.721,-1.87,0.0181,0.070
9.722,-2.66,0.0181,0.068
9.723,-3.13,0.0181,0.065
9.724,-2.81,0.0181,0.062
9.725,-3.44,0.0181,0.059
9.726,-2.50,0.0181,0.055
9.727,-0.31,0.0181,0.054
9.728,0.78,0.0181,0.054
9.729,1.72,0.0181,0.056
9.73,2.03,0.0181,0.058
9.731,2.03,0.0181,0.060
9.732,3.59,0.0181,0.062
9.733,3.91,0.0181,0.067
9.734,2.34,0.0181,0.070
9.735,1.41,0.0181,0.072
9.736,-0.16,0.0182,0.072
9.737,-1.25,0.0184,0.071
9.738,-1.87,0.0184,0.070
9.739,-3.59,0.0184,0.068
9.74,-4.38,0.0184,0.063
9.741,-2.97,0.0184,0.059
9.742,-2.19,0.0184,0.057
9.743,-1.41,0.0184,0.054
9.744,0.16,0.0184,0.054
9.745,0.62,0.0184,0.055
9.746,0.94,0.0184,0.055
9.747,2.97,0.0184,0.057
9.748,3.75,0.0184,0.061
9.749,2.97,0.0184,0.064
9.75,3.28,0.0184,0.067
9.751,2.97,0.0184,0.071
9.752,1.25,0.0186,0.073
9.753,-0.78,0.0191,0.073
9.754,-1.25,0.0191,0.072
9.755,-2.34,0.0191,0.071
9.756,-3.91,0.0191,0.067
9.757,-2.66,0.0191,0.063
9.758,-2.97,0.0191,0.062
9.759,-3.28,0.0191,0.057
9.76,-1.41,0.0191,0.055
9.761,-0.31,0.0191,0.054
9.762,0.78,0.0191,0.054
9.763,1.88,0.0191,0.056
9.764,2.66,0.0191,0.058
9.765,3.12,0.0191,0.061
9.766,3.75,0.0191,0.064
9.767,2.97,0.0191,0.068
9.768,1.72,0.0191,0.070
9.769,1.41,0.0191,0.072
9.77,-0.31,0.0185,0.073
9.771,-2.19,0.0175,0.071
9.772,-2.50,0.0175,0.069
9.773,-3.13,0.0175,0.066
9.774,-2.66,0.0175,0.063
9.775,-1.72,0.0175,0.061
9.776,-2.03,0.0175,0.059
9.777,-1.72,0.0175,0.057
9.778,0.00,0.0175,0.056
9.779,1.41,0.0175,0.057
9.78,2.03,0.0175,0.058
9.781,3.12,0.0175,0.061
9.782,3.44,0.0175,0.065
9.783,2.97,0.0175,0.068
9.784,2.03,0.0175,0.071
9.785,1.56,0.0175,0.072
9.786,0.00,0.0181,0.074
9.787,-1.56,0.0194,0.072
9.788,-1.72,0.0194,0.071
9.789,-3.44,0.0194,0.068
9.79,-3.75,0.0194,0.064
9.791,-2.66,0.0194,0.061
9.792,-2.50,0.0194,0.058
9.793,-2.03,0.0194,0.056
9.794,-0.47,0.0194,0.054
9.795,0.47,0.0194,0.055
9.796,1.56,0.0194,0.055
9.797,3.75,0.0194,0.058
9.798,3.28,0.0194,0.063
9.799,2.34,0.0194,0.065
9.8,2.50,0.0194,0.068
9.801,1.72,0.0194,0.070
9.802,0.31,0.0197,0.071
9.803,-0.62,0.0203,0.070
9.804,-0.78,0.0203,0.070
9.805,-2.19,0.0203,0.069
9.806,-3.13,0.0203,0.065
9.807,-3.75,0.0203,0.063
9.808,-3.75,0.0203,0.058
9.809,-2.19,0.0203,0.055
9.81,-2.19,0.0203,0.053
9.811,-1.25,0.0203,0.051
9.812,1.56,0.0203,0.051
9.813,2.19,0.0203,0.054
9.814,2.66,0.0203,0.055
9.815,3.75,0.0203,0.059
9.816,3.12,0.0203,0.063
9.817,2.19,0.0203,0.065
9.818,1.72,0.0203,0.067
9.819,1.25,0.0203,0.069
9.82,-1.09,0.0197,0.070
9.821,-2.19,0.0184,0.067
9.822,-1.72,0.0184,0.065
9.823,-2.97,0.0184,0.063
9.824,-2.81,0.0184,0.059
9.825,-2.50,0.0184,0.058
9.826,-2.66,0.0184,0.054
9.827,-1.56,0.0184,0.052
9.828,0.47,0.0184,0.051
9.829,1.56,0.0184,0.053
9.83,1.72,0.0184,0.054
9.831,3.75,0.0184,0.057
9.832,3.59,0.0184,0.062
9.833,2.34,0.0184,0.064
9.834,2.50,0.0184,0.067
9.835,1.41,0.0184,0.069
9.836,0.47,0.0184,0.069
9.837,-0.31,0.0175,0.070
9.838,-1.72,0.0156,0.069
9.839,-3.13,0.0156,0.066
9.84,-2.66,0.0156,0.063
9.841,-2.34,0.0156,0.061
9.842,-2.66,0.0156,0.058
9.843,-1.25,0.0156,0.056
9.844,-0.31,0.0156,0.055
9.845,-0.31,0.0156,0.055
9.846,1.25,0.0156,0.055
9.847,3.13,0.0156,0.058
9.848,3.28,0.0156,0.061
9.849,3.13,0.0156,0.064
9.85,2.66,0.0156,0.067
9.851,1.56,0.0156,0.069
9.852,1.41,0.0156,0.070
9.853,0.31,0.0173,0.072
9.854,-1.87,0.0206,0.071
9.855,-2.34,0.0206,0.068
9.856,-2.81,0.0206,0.066
9.857,-3.28,0.0206,0.063
9.858,-2.97,0.0206,0.060
9.859,-2.81,0.0206,0.057
9.86,-2.66,0.0206,0.054
9.861,-0.62,0.0206,0.052
9.862,1.88,0.0206,0.053
9.863,2.66,0.0206,0.055
9.864,4.37,0.0206,0.058
9.865,4.53,0.0206,0.064
9.866,2.50,0.0206,0.067
9.867,2.34,0.0206,0.069
9.868,2.19,0.0206,0.072
9.869,0.00,0.0205,0.073
9.87,-1.56,0.0203,0.072
9.871,-1.87,0.0203,0.070
9.872,-3.28,0.0203,0.068
9.873,-3.28,0.0203,0.064
9.874,-2.81,0.0203,0.062
9.875,-3.28,0.0203,0.058
9.876,-2.19,0.0203,0.055
9.877,-0.94,0.0203,0.054
9.878,0.31,0.0203,0.053
9.879,1.25,0.0203,0.054
9.88,2.50,0.0203,0.056
9.881,3.75,0.0203,0.059
9.882,3.28,0.0203,0.063
9.883,3.13,0.0203,0.066
9.884,2.34,0.0203,0.069
9.885,0.78,0.0203,0.071
9.886,0.31,0.0203,0.071
9.887,-0.94,0.0203,0.071
9.888,-2.66,0.0203,0.069
9.889,-2.50,0.0203,0.066
9.89,-3.12,0.0203,0.064
9.891,-4.37,0.0203,0.060
9.892,-2.34,0.0203,0.055
9.893,-0.94,0.0203,0.055
9.894,-0.31,0.0203,0.053
9.895,1.25,0.0203,0.054
9.896,2.03,0.0203,0.056
9.897,2.34,0.0203,0.058
9.898,2.81,0.0203,0.061
9.899,3.44,0.0203,0.064
9.9,3.13,0.0203,0.068
9.901,3.12,0.0203,0.070
9.902,2.19,0.0203,0.074
9.903,-0.78,0.0190,0.075
9.904,-1.72,0.0163,0.072
9.905,-1.56,0.0163,0.071
9.906,-2.97,0.0163,0.069
9.907,-2.66,0.0163,0.065
9.908,-2.34,0.0163,0.064
9.909,-2.19,0.0163,0.061
9.91,-1.09,0.0163,0.059
9.911,0.16,0.0163,0.058
9.912,1.09,0.0163,0.060
9.913,1.72,0.0163,0.061
9.914,3.75,0.0163,0.063
9.915,3.44,0.0163,0.068
9.916,1.87,0.0163,0.070
9.917,2.03,0.0163,0.072
9.918,1.25,0.0163,0.074
9.919,0.00,0.0172,0.074
9.92,-1.09,0.0191,0.074
9.921,-2.34,0.0191,0.072
9.922,-3.28,0.0191,0.069
9.923,-2.50,0.0191,0.066
9.924,-2.50,0.0191,0.064
9.925,-3.59,0.0191,0.061
9.926,-2.19,0.0191,0.057
9.927,-0.94,0.0191,0.056
9.928,-0.31,0.0191,0.055
9.929,1.09,0.0191,0.056
9.93,2.19,0.0191,0.058
9.931,2.97,0.0191,0.060
9.932,3.28,0.0191,0.063
9.933,2.81,0.0191,0.067
9.934,1.87,0.0191,0.069
9.935,0.78,0.0191,0.070
9.936,0.00,0.0182,0.071
9.937,-1.72,0.0166,0.070
9.938,-2.97,0.0166,0.067
9.939,-3.13,0.0166,0.064
9.94,-3.44,0.0166,0.061
9.941,-2.66,0.0166,0.058
9.942,-1.09,0.0166,0.056
9.943,-0.78,0.0166,0.055
9.944,-0.62,0.0166,0.054
9.945,0.31,0.0166,0.054
9.946,1.88,0.0166,0.055
9.947,3.13,0.0166,0.058
9.948,3.44,0.0166,0.061
9.949,2.97,0.0166,0.065
9.95,2.97,0.0166,0.067
9.951,2.97,0.0166,0.071
9.952,0.78,0.0172,0.073
9.953,-1.09,0.0184,0.072
9.954,-1.41,0.0184,0.071
9.955,-2.19,0.0184,0.069
9.956,-3.13,0.0184,0.066
9.957,-2.81,0.0184,0.063
9.958,-2.66,0.0184,0.061
9.959,-2.50,0.0184,0.058
9.96,-1.25,0.0184,0.056
9.961,0.16,0.0184,0.055
9.962,0.78,0.0184,0.056
9.963,1.88,0.0184,0.057
9.964,3.28,0.0184,0.060
9.965,3.28,0.0184,0.063
9.966,3.91,0.0184,0.066
9.967,3.75,0.0184,0.071
9.968,2.19,0.0184,0.074
9.969,0.63,0.0185,0.076
9.97,-0.94,0.0188,0.075
9.971,-1.88,0.0188,0.074
9.972,-2.50,0.0188,0.071
9.973,-2.81,0.0188,0.069
9.974,-3.91,0.0188,0.066
9.975,-2.81,0.0188,0.061
9.976,-0.63,0.0188,0.060
9.977,-1.56,0.0188,0.060
9.978,-1.09,0.0188,0.057
9.979,1.88,0.0188,0.058
9.98,2.50,0.0188,0.061
9.981,2.50,0.0188,0.063
9.982,3.28,0.0188,0.066
9.983,3.13,0.0188,0.069
9.984,2.50,0.0188,0.072
9.985,1.41,0.0188,0.074
9.986,-0.31,0.0189,0.075
9.987,-1.72,0.0191,0.073
9.988,-2.03,0.0191,0.071
9.989,-3.28,0.0191,0.069
9.99,-2.66,0.0191,0.065
9.991,-2.19,0.0191,0.064
9.992,-3.59,0.0191,0.060
9.993,-2.34,0.0191,0.057
9.994,0.00,0.0191,0.056
9.995,0.94,0.0191,0.057
9.996,1.09,0.0191,0.058
9.997,2.81,0.0191,0.059
9.998,3.44,0.0191,0.063
9.999,2.66,0.0191,0.066
