Interval=	0.001 s
ExcelDateTime=	4.5310468778679533e+004	1/19/2024 11:15:02.477911
TimeFormat=	StartOfBlock
DateFormat=	
ChannelTitle=	Channel 2	Channel 3
Range=	0.6548 V	10.000 V
0.002	NaN	0.192
0.003	0.6247	0.298
0.004	0.6247	0.284
0.005	0.6247	0.198
0.006	0.6247	0.171
0.007	0.6247	0.074
0.008	0.6247	-0.103
0.009	0.6247	-0.149
0.01	0.6247	-0.230
0.011	0.6247	-0.326
0.012	0.6247	-0.285
0.013	0.6247	-0.188
0.014	0.6247	-0.178
0.015	0.6247	-0.057
0.016	0.6247	0.059
0.017	0.6247	0.082
0.018	0.6247	0.190
0.019	0.4386	0.283
0.02	0.0666	0.253
0.021	0.0666	0.216
0.022	0.2301	0.251
0.023	0.5572	0.113
0.024	0.5572	-0.007
0.025	0.5572	-0.056
0.026	0.5572	-0.201
0.027	0.5572	-0.306
0.028	0.5374	-0.264
0.029	0.4978	-0.278
0.03	0.4978	-0.242
0.031	0.4978	-0.092
0.032	0.4978	-0.031
0.033	0.4978	0.028
0.034	0.4978	0.183
0.035	0.4978	0.212
0.036	0.4978	0.220
0.037	0.5434	0.298
0.038	0.6347	0.257
0.039	0.6347	0.149
0.04	0.6347	0.141
0.041	0.6347	0.004
0.042	0.6347	-0.169
0.043	0.6347	-0.186
0.044	0.6347	-0.250
0.045	0.6347	-0.336
0.046	0.6347	-0.236
0.047	0.6347	-0.148
0.048	0.6347	-0.152
0.049	0.6347	-0.009
0.05	0.6347	0.125
0.051	0.6347	0.129
0.052	0.6347	0.241
0.053	0.6350	0.315
0.054	0.6356	0.244
0.055	0.6356	0.213
0.056	0.6356	0.198
0.057	0.6356	0.039
0.058	0.6356	-0.082
0.059	0.6356	-0.117
0.06	0.6356	-0.258
0.061	0.6356	-0.320
0.062	0.6356	-0.236
0.063	0.6356	-0.241
0.064	0.6356	-0.193
0.065	0.6356	-0.025
0.066	0.6356	0.026
0.067	0.6356	0.083
0.068	0.6356	0.215
0.069	0.6356	0.222
0.07	0.6356	0.212
0.071	0.6032	0.265
0.072	0.5384	0.212
0.073	0.5384	0.096
0.074	0.5384	0.059
0.075	0.5384	-0.062
0.076	0.5384	-0.228
0.077	0.5384	-0.219
0.078	0.5384	-0.250
0.079	0.5384	-0.273
0.08	0.5384	-0.180
0.081	0.5384	-0.101
0.082	0.5384	-0.038
0.083	0.5384	0.056
0.084	0.5384	0.140
0.085	0.5384	0.160
0.086	0.5384	0.239
0.087	0.5626	0.307
0.088	0.6109	0.216
0.089	0.6109	0.167
0.09	0.6109	0.133
0.091	0.6109	-0.054
0.092	0.6109	-0.138
0.093	0.6109	-0.173
0.094	0.6109	-0.280
0.095	0.6109	-0.304
0.096	0.6109	-0.233
0.097	0.6109	-0.175
0.098	0.6109	-0.141
0.099	0.6109	0.025
0.1	0.6109	0.099
0.101	0.6109	0.158
0.102	0.4367	0.295
0.103	0.0881	0.262
0.104	0.0881	0.207
0.105	0.2390	0.248
0.106	0.5406	0.169
0.107	0.5406	0.013
0.108	0.5406	-0.029
0.109	0.5406	-0.131
0.11	0.5406	-0.293
0.111	0.5406	-0.268
0.112	0.5406	-0.261
0.113	0.5406	-0.266
0.114	0.5406	-0.168
0.115	0.5406	-0.053
0.116	0.5406	-0.014
0.117	0.5406	0.093
0.118	0.3682	0.235
0.119	0.0234	0.215
0.12	0.0234	0.238
0.121	0.2043	0.257
0.122	0.5659	0.159
0.123	0.5659	0.102
0.124	0.5659	0.026
0.125	0.5659	-0.134
0.126	0.5659	-0.186
0.127	0.5659	-0.190
0.128	0.5659	-0.283
0.129	0.5659	-0.287
0.13	0.5659	-0.161
0.131	0.5659	-0.157
0.132	0.5659	-0.047
0.133	0.5659	0.116
0.134	0.5659	0.136
0.135	0.5659	0.161
0.136	0.5659	0.279
0.137	0.3986	0.282
0.138	0.0641	0.218
0.139	0.2262	0.238
0.14	0.5506	0.109
0.141	0.5506	-0.084
0.142	0.5506	-0.115
0.143	0.5506	-0.210
0.144	0.5506	-0.313
0.145	0.5506	-0.279
0.146	0.5506	-0.243
0.147	0.5506	-0.233
0.148	0.5506	-0.101
0.149	0.5506	0.014
0.15	0.5506	0.035
0.151	0.5506	0.143
0.152	0.3704	0.234
0.153	0.0100	0.224
0.154	0.1765	0.248
0.155	0.5094	0.242
0.156	0.5094	0.114
0.157	0.5094	0.040
0.158	0.5094	-0.024
0.159	0.5094	-0.172
0.16	0.5094	-0.228
0.161	0.5094	-0.234
0.162	0.5094	-0.261
0.163	0.5094	-0.231
0.164	0.5094	-0.119
0.165	0.5094	-0.079
0.166	0.5094	0.001
0.167	0.5094	0.145
0.168	0.5094	0.191
0.169	0.5094	0.226
0.17	0.3778	0.274
0.171	0.1147	0.234
0.172	0.1147	0.159
0.173	0.2545	0.205
0.174	0.5341	0.044
0.175	0.5341	-0.147
0.176	0.5341	-0.164
0.177	0.5341	-0.231
0.178	0.5341	-0.327
0.179	0.5341	-0.243
0.18	0.5341	-0.203
0.181	0.5341	-0.189
0.182	0.5341	-0.055
0.183	0.5341	0.064
0.184	0.5341	0.087
0.185	0.5341	0.207
0.186	0.3710	0.232
0.187	0.0450	0.187
0.188	0.0450	0.199
0.189	0.1918	0.205
0.19	0.4853	0.073
0.191	0.4853	-0.033
0.192	0.4853	-0.095
0.193	0.4853	-0.211
0.194	0.4853	-0.281
0.195	0.4889	-0.252
0.196	0.4959	-0.275
0.197	0.4959	-0.230
0.198	0.4959	-0.074
0.199	0.4959	-0.028
0.2	0.4959	0.029
0.201	0.4959	0.173
0.202	0.4959	0.221
0.203	0.4959	0.214
0.204	0.5273	0.259
0.205	0.5900	0.215
0.206	0.5900	0.109
0.207	0.5900	0.091
0.208	0.5900	-0.028
0.209	0.5900	-0.160
0.21	0.5900	-0.206
0.211	0.5900	-0.275
0.212	0.5900	-0.331
0.213	0.5900	-0.209
0.214	0.5900	-0.122
0.215	0.5900	-0.096
0.216	0.5900	0.073
0.217	0.5900	0.147
0.218	0.5900	0.153
0.219	0.5900	0.253
0.22	0.6056	0.314
0.221	0.6369	0.240
0.222	0.6369	0.213
0.223	0.6369	0.175
0.224	0.6369	0.024
0.225	0.6369	-0.055
0.226	0.6369	-0.102
0.227	0.6369	-0.259
0.228	0.6369	-0.323
0.229	0.6369	-0.258
0.23	0.6369	-0.226
0.231	0.6369	-0.168
0.232	0.6369	-0.015
0.233	0.6369	0.052
0.234	0.6369	0.113
0.235	0.4356	0.259
0.236	0.0331	0.250
0.237	0.0331	0.226
0.238	0.2161	0.266
0.239	0.5822	0.174
0.24	0.5822	0.070
0.241	0.5822	-0.004
0.242	0.5822	-0.100
0.243	0.5822	-0.229
0.244	0.5822	-0.224
0.245	0.5822	-0.260
0.246	0.5822	-0.295
0.247	0.5822	-0.165
0.248	0.5822	-0.072
0.249	0.5822	-0.029
0.25	0.5822	0.119
0.251	0.5822	0.184
0.252	0.5822	0.198
0.253	0.5822	0.287
0.254	0.5862	0.293
0.255	0.5944	0.183
0.256	0.5944	0.162
0.257	0.5944	0.061
0.258	0.5944	-0.102
0.259	0.5944	-0.154
0.26	0.5944	-0.200
0.261	0.5944	-0.295
0.262	0.5944	-0.301
0.263	0.5944	-0.186
0.264	0.5944	-0.165
0.265	0.5944	-0.103
0.266	0.5944	0.080
0.267	0.5944	0.109
0.268	0.5944	0.160
0.269	0.4226	0.274
0.27	0.0791	0.274
0.271	0.0791	0.195
0.272	0.2233	0.235
0.273	0.5119	0.125
0.274	0.5119	-0.021
0.275	0.5119	-0.081
0.276	0.5119	-0.168
0.277	0.5119	-0.277
0.278	0.4752	-0.248
0.279	0.4019	-0.262
0.28	0.4019	-0.258
0.281	0.4019	-0.109
0.282	0.4019	-0.025
0.283	0.4019	0.016
0.284	0.4019	0.140
0.285	0.2807	0.240
0.286	0.0384	0.202
0.287	0.2175	0.263
0.288	0.5756	0.256
0.289	0.5756	0.152
0.29	0.5756	0.111
0.291	0.5756	0.015
0.292	0.5756	-0.138
0.293	0.5756	-0.194
0.294	0.5756	-0.235
0.295	0.5756	-0.313
0.296	0.5756	-0.280
0.297	0.5756	-0.172
0.298	0.5756	-0.126
0.299	0.5756	-0.015
0.3	0.5756	0.117
0.301	0.5756	0.135
0.302	0.5756	0.216
0.303	0.5902	0.298
0.304	0.6194	0.255
0.305	0.6194	0.193
0.306	0.6194	0.200
0.307	0.6194	0.059
0.308	0.6194	-0.068
0.309	0.6194	-0.120
0.31	0.6194	-0.250
0.311	0.6194	-0.321
0.312	0.6194	-0.278
0.313	0.6194	-0.224
0.314	0.6194	-0.204
0.315	0.6194	-0.070
0.316	0.6194	0.040
0.317	0.6194	0.080
0.318	0.6194	0.205
0.319	0.4162	0.254
0.32	0.0100	0.244
0.321	0.1864	0.273
0.322	0.5391	0.226
0.323	0.5391	0.101
0.324	0.5391	-0.005
0.325	0.5391	-0.055
0.326	0.5391	-0.195
0.327	0.5391	-0.232
0.328	0.5391	-0.241
0.329	0.5391	-0.266
0.33	0.5391	-0.218
0.331	0.5391	-0.084
0.332	0.5391	-0.036
0.333	0.5391	0.058
0.334	0.5391	0.200
0.335	0.5391	0.228
0.336	0.5391	0.223
0.337	0.5637	0.278
0.338	0.6131	0.206
0.339	0.6131	0.136
0.34	0.6131	0.132
0.341	0.6131	-0.018
0.342	0.6131	-0.158
0.343	0.6131	-0.186
0.344	0.6131	-0.269
0.345	0.6131	-0.335
0.346	0.6131	-0.238
0.347	0.6131	-0.171
0.348	0.6131	-0.144
0.349	0.6131	0.026
0.35	0.6131	0.128
0.351	0.6131	0.142
0.352	0.6131	0.263
0.353	0.4348	0.296
0.354	0.0781	0.218
0.355	0.2216	0.242
0.356	0.5084	0.218
0.357	0.5084	0.049
0.358	0.5084	-0.037
0.359	0.5084	-0.104
0.36	0.5084	-0.231
0.361	0.5084	-0.267
0.362	0.5084	-0.246
0.363	0.5084	-0.245
0.364	0.5084	-0.188
0.365	0.5084	-0.049
0.366	0.5084	0.004
0.367	0.5084	0.093
0.368	0.5084	0.229
0.369	0.3459	0.250
0.37	0.0209	0.229
0.371	0.2111	0.272
0.372	0.5916	0.209
0.373	0.5916	0.094
0.374	0.5916	0.043
0.375	0.5916	-0.063
0.376	0.5916	-0.185
0.377	0.5916	-0.220
0.378	0.5916	-0.266
0.379	0.5916	-0.320
0.38	0.5916	-0.163
0.381	0.5916	-0.111
0.382	0.5916	-0.076
0.383	0.5916	0.091
0.384	0.5916	0.159
0.385	0.5916	0.175
0.386	0.5916	0.258
0.387	0.5903	0.278
0.388	0.5878	0.202
0.389	0.5878	0.188
0.39	0.5878	0.097
0.391	0.5878	-0.073
0.392	0.5878	-0.143
0.393	0.5878	-0.184
0.394	0.5878	-0.296
0.395	0.5878	-0.310
0.396	0.5878	-0.236
0.397	0.5878	-0.229
0.398	0.5878	-0.133
0.399	0.5878	0.030
0.4	0.5878	0.063
0.401	0.5878	0.126
0.402	0.4007	0.238
0.403	0.0266	0.211
0.404	0.0266	0.212
0.405	0.1864	0.253
0.406	0.5059	0.162
0.407	0.5059	0.033
0.408	0.5059	-0.027
0.409	0.5059	-0.126
0.41	0.5059	-0.253
0.411	0.4689	-0.233
0.412	0.3947	-0.265
0.413	0.3947	-0.263
0.414	0.3947	-0.142
0.415	0.3947	-0.057
0.416	0.3947	0.023
0.417	0.3947	0.130
0.418	0.2860	0.227
0.419	0.0688	0.209
0.42	0.0688	0.278
0.421	0.2493	0.291
0.422	0.6103	0.183
0.423	0.6103	0.133
0.424	0.6103	0.014
0.425	0.6103	-0.149
0.426	0.6103	-0.205
0.427	0.6103	-0.240
0.428	0.6103	-0.319
0.429	0.6103	-0.292
0.43	0.6103	-0.201
0.431	0.6103	-0.191
0.432	0.6103	-0.086
0.433	0.6103	0.072
0.434	0.6103	0.131
0.435	0.6103	0.176
0.436	0.5936	0.261
0.437	0.5603	0.233
0.438	0.5603	0.197
0.439	0.5603	0.198
0.44	0.5603	0.089
0.441	0.5603	-0.057
0.442	0.5603	-0.076
0.443	0.5603	-0.200
0.444	0.5603	-0.299
0.445	0.5603	-0.259
0.446	0.5603	-0.243
0.447	0.5603	-0.205
0.448	0.5603	-0.080
0.449	0.5603	0.014
0.45	0.5603	0.058
0.451	0.5603	0.181
0.452	0.3891	0.253
0.453	0.0466	0.206
0.454	0.2116	0.263
0.455	0.5416	0.244
0.456	0.5416	0.142
0.457	0.5416	0.082
0.458	0.5416	-0.013
0.459	0.5416	-0.178
0.46	0.5416	-0.212
0.461	0.5416	-0.248
0.462	0.5416	-0.279
0.463	0.5416	-0.223
0.464	0.5416	-0.115
0.465	0.5416	-0.076
0.466	0.5416	0.052
0.467	0.5416	0.154
0.468	0.5416	0.181
0.469	0.5416	0.220
0.47	0.5660	0.306
0.471	0.6150	0.257
0.472	0.6150	0.181
0.473	0.6150	0.173
0.474	0.6150	-0.006
0.475	0.6150	-0.127
0.476	0.6150	-0.139
0.477	0.6150	-0.242
0.478	0.6150	-0.309
0.479	0.6150	-0.229
0.48	0.6150	-0.183
0.481	0.6150	-0.163
0.482	0.6150	-0.000
0.483	0.6150	0.071
0.484	0.6150	0.093
0.485	0.6150	0.233
0.486	0.4306	0.271
0.487	0.0619	0.209
0.488	0.2383	0.262
0.489	0.5913	0.213
0.49	0.5913	0.058
0.491	0.5913	-0.027
0.492	0.5913	-0.106
0.493	0.5913	-0.233
0.494	0.5913	-0.279
0.495	0.5913	-0.272
0.496	0.5913	-0.330
0.497	0.5913	-0.219
0.498	0.5913	-0.065
0.499	0.5913	-0.028
0.5	0.5913	0.068
0.501	0.5913	0.204
0.502	0.5913	0.209
0.503	0.5913	0.241
0.504	0.6067	0.297
0.505	0.6375	0.210
0.506	0.6375	0.129
0.507	0.6375	0.085
0.508	0.6375	-0.067
0.509	0.6375	-0.167
0.51	0.6375	-0.203
0.511	0.6375	-0.310
0.512	0.6375	-0.340
0.513	0.6375	-0.238
0.514	0.6375	-0.182
0.515	0.6375	-0.113
0.516	0.6375	0.058
0.517	0.6375	0.122
0.518	0.6375	0.162
0.519	0.6184	0.268
0.52	0.5803	0.258
0.521	0.5803	0.189
0.522	0.5803	0.186
0.523	0.5803	0.145
0.524	0.5803	-0.019
0.525	0.5803	-0.071
0.526	0.5803	-0.135
0.527	0.5803	-0.289
0.528	0.5803	-0.312
0.529	0.5803	-0.280
0.53	0.5803	-0.248
0.531	0.5803	-0.152
0.532	0.5803	-0.022
0.533	0.5803	0.037
0.534	0.5803	0.109
0.535	0.5803	0.221
0.536	0.5803	0.211
0.537	0.5803	0.213
0.538	0.5568	0.254
0.539	0.5097	0.159
0.54	0.5097	0.046
0.541	0.5097	-0.013
0.542	0.5097	-0.145
0.543	0.5097	-0.255
0.544	0.5035	-0.242
0.545	0.4913	-0.310
0.546	0.4913	-0.310
0.547	0.4913	-0.169
0.548	0.4913	-0.110
0.549	0.4913	-0.052
0.55	0.4913	0.123
0.551	0.4913	0.163
0.552	0.4913	0.181
0.553	0.5171	0.269
0.554	0.5688	0.265
0.555	0.5688	0.174
0.556	0.5688	0.165
0.557	0.5688	0.044
0.558	0.5688	-0.118
0.559	0.5688	-0.157
0.56	0.5688	-0.209
0.561	0.5688	-0.300
0.562	0.5688	-0.277
0.563	0.5688	-0.206
0.564	0.5688	-0.189
0.565	0.5688	-0.077
0.566	0.5688	0.065
0.567	0.5688	0.088
0.568	0.5688	0.159
0.569	0.3915	0.257
0.57	0.0369	0.237
0.571	0.0369	0.220
0.572	0.2068	0.244
0.573	0.5466	0.123
0.574	0.5466	-0.025
0.575	0.5466	-0.062
0.576	0.5466	-0.200
0.577	0.5466	-0.302
0.578	0.5244	-0.251
0.579	0.4800	-0.276
0.58	0.4800	-0.266
0.581	0.4800	-0.136
0.582	0.4800	-0.028
0.583	0.4800	0.022
0.584	0.4800	0.149
0.585	0.4800	0.192
0.586	0.4800	0.204
0.587	0.5246	0.289
0.588	0.6137	0.273
0.589	0.6137	0.157
0.59	0.6137	0.121
0.591	0.6137	0.013
0.592	0.6137	-0.151
0.593	0.6137	-0.173
0.594	0.6137	-0.227
0.595	0.6137	-0.324
0.596	0.6137	-0.240
0.597	0.6137	-0.159
0.598	0.6137	-0.127
0.599	0.6137	0.000
0.6	0.6137	0.134
0.601	0.6137	0.154
0.602	0.6137	0.221
0.603	0.4342	0.282
0.604	0.0750	0.241
0.605	0.0750	0.207
0.606	0.2214	0.227
0.607	0.5141	0.065
0.608	0.5141	-0.067
0.609	0.5141	-0.088
0.61	0.5141	-0.214
0.611	0.5141	-0.283
0.612	0.5141	-0.228
0.613	0.5141	-0.204
0.614	0.5141	-0.175
0.615	0.5141	-0.015
0.616	0.5141	0.059
0.617	0.5141	0.096
0.618	0.5141	0.231
0.619	0.3511	0.268
0.62	0.0253	0.243
0.621	0.2066	0.287
0.622	0.5691	0.230
0.623	0.5691	0.110
0.624	0.5691	0.033
0.625	0.5691	-0.040
0.626	0.5691	-0.200
0.627	0.5691	-0.237
0.628	0.5691	-0.242
0.629	0.5691	-0.282
0.63	0.5691	-0.191
0.631	0.5691	-0.071
0.632	0.5691	-0.007
0.633	0.5691	0.089
0.634	0.5691	0.208
0.635	0.5691	0.230
0.636	0.5691	0.254
0.637	0.5932	0.315
0.638	0.6416	0.216
0.639	0.6416	0.177
0.64	0.6416	0.145
0.641	0.6416	-0.014
0.642	0.6416	-0.136
0.643	0.6416	-0.184
0.644	0.6416	-0.292
0.645	0.6416	-0.327
0.646	0.6416	-0.212
0.647	0.6416	-0.177
0.648	0.6416	-0.135
0.649	0.6416	0.030
0.65	0.6416	0.095
0.651	0.6416	0.126
0.652	0.6416	0.288
0.653	0.4379	0.290
0.654	0.0306	0.260
0.655	0.2082	0.293
0.656	0.5634	0.207
0.657	0.5634	0.063
0.658	0.5634	0.006
0.659	0.5634	-0.083
0.66	0.5634	-0.255
0.661	0.5634	-0.270
0.662	0.5634	-0.267
0.663	0.5634	-0.253
0.664	0.5634	-0.133
0.665	0.5634	-0.023
0.666	0.5634	0.016
0.667	0.5634	0.124
0.668	0.3907	0.232
0.669	0.0453	0.213
0.67	0.0453	0.259
0.671	0.2268	0.276
0.672	0.5897	0.177
0.673	0.5897	0.088
0.674	0.5897	0.030
0.675	0.5897	-0.126
0.676	0.5897	-0.211
0.677	0.5897	-0.229
0.678	0.5897	-0.310
0.679	0.5897	-0.314
0.68	0.5897	-0.168
0.681	0.5897	-0.130
0.682	0.5897	-0.089
0.683	0.5897	0.085
0.684	0.5897	0.136
0.685	0.5897	0.177
0.686	0.5884	0.280
0.687	0.5859	0.274
0.688	0.5859	0.195
0.689	0.5859	0.189
0.69	0.5859	0.111
0.691	0.5859	-0.050
0.692	0.5859	-0.092
0.693	0.5859	-0.168
0.694	0.5859	-0.306
0.695	0.5859	-0.262
0.696	0.5859	-0.246
0.697	0.5859	-0.233
0.698	0.5859	-0.088
0.699	0.5859	0.046
0.7	0.5859	0.071
0.701	0.5859	0.196
0.702	0.4057	0.260
0.703	0.0453	0.214
0.704	0.2048	0.245
0.705	0.5238	0.241
0.706	0.5238	0.124
0.707	0.5238	0.011
0.708	0.5238	-0.036
0.709	0.5238	-0.159
0.71	0.5238	-0.249
0.711	0.5238	-0.258
0.712	0.5238	-0.279
0.713	0.5238	-0.257
0.714	0.5238	-0.107
0.715	0.5238	-0.060
0.716	0.5238	0.016
0.717	0.5238	0.134
0.718	0.5238	0.179
0.719	0.5238	0.218
0.72	0.5576	0.289
0.721	0.6253	0.238
0.722	0.6253	0.171
0.723	0.6253	0.173
0.724	0.6253	0.027
0.725	0.6253	-0.133
0.726	0.6253	-0.166
0.727	0.6253	-0.243
0.728	0.6253	-0.336
0.729	0.6253	-0.265
0.73	0.6253	-0.183
0.731	0.6253	-0.160
0.732	0.6253	-0.016
0.733	0.6253	0.082
0.734	0.6253	0.116
0.735	0.6253	0.212
0.736	0.6133	0.291
0.737	0.5894	0.248
0.738	0.5894	0.244
0.739	0.5894	0.223
0.74	0.5894	0.078
0.741	0.5894	-0.023
0.742	0.5894	-0.080
0.743	0.5894	-0.217
0.744	0.5894	-0.298
0.745	0.5486	-0.246
0.746	0.4672	-0.273
0.747	0.4672	-0.220
0.748	0.4672	-0.071
0.749	0.4672	-0.024
0.75	0.4672	0.059
0.751	0.4672	0.195
0.752	0.3155	0.211
0.753	0.0122	0.199
0.754	0.2080	0.264
0.755	0.5997	0.233
0.756	0.5997	0.111
0.757	0.5997	0.081
0.758	0.5997	-0.046
0.759	0.5997	-0.195
0.76	0.5997	-0.221
0.761	0.5997	-0.267
0.762	0.5997	-0.336
0.763	0.5997	-0.207
0.764	0.5997	-0.124
0.765	0.5997	-0.114
0.766	0.5997	0.036
0.767	0.5997	0.116
0.768	0.5997	0.148
0.769	0.5997	0.228
0.77	0.5969	0.278
0.771	0.5913	0.188
0.772	0.5913	0.185
0.773	0.5913	0.149
0.774	0.5913	-0.015
0.775	0.5913	-0.096
0.776	0.5913	-0.138
0.777	0.5913	-0.272
0.778	0.5913	-0.314
0.779	0.5913	-0.241
0.78	0.5913	-0.216
0.781	0.5913	-0.175
0.782	0.5913	-0.011
0.783	0.5913	0.060
0.784	0.5913	0.103
0.785	0.5913	0.253
0.786	0.3996	0.261
0.787	0.0163	0.244
0.788	0.2003	0.264
0.789	0.5684	0.176
0.79	0.5684	0.029
0.791	0.5684	0.004
0.792	0.5684	-0.098
0.793	0.5684	-0.229
0.794	0.5684	-0.253
0.795	0.5684	-0.284
0.796	0.5684	-0.304
0.797	0.5684	-0.173
0.798	0.5684	-0.077
0.799	0.5684	-0.022
0.8	0.5684	0.113
0.801	0.5684	0.223
0.802	0.5684	0.221
0.803	0.5684	0.264
0.804	0.5869	0.278
0.805	0.6237	0.170
0.806	0.6237	0.134
0.807	0.6237	0.059
0.808	0.6237	-0.087
0.809	0.6237	-0.150
0.81	0.6237	-0.211
0.811	0.6237	-0.345
0.812	0.6237	-0.344
0.813	0.6237	-0.208
0.814	0.6237	-0.179
0.815	0.6237	-0.100
0.816	0.6237	0.068
0.817	0.6237	0.120
0.818	0.6237	0.150
0.819	0.4337	0.269
0.82	0.0538	0.267
0.821	0.0538	0.215
0.822	0.2072	0.231
0.823	0.5141	0.141
0.824	0.5141	-0.014
0.825	0.5141	-0.060
0.826	0.5141	-0.154
0.827	0.5141	-0.283
0.828	0.4849	-0.257
0.829	0.4266	-0.275
0.83	0.4266	-0.274
0.831	0.4266	-0.136
0.832	0.4266	-0.005
0.833	0.4266	0.050
0.834	0.4266	0.152
0.835	0.2917	0.243
0.836	0.0219	0.221
0.837	0.0219	0.238
0.838	0.2020	0.253
0.839	0.5622	0.147
0.84	0.5622	0.067
0.841	0.5622	0.015
0.842	0.5622	-0.146
0.843	0.5622	-0.235
0.844	0.5622	-0.242
0.845	0.5622	-0.309
0.846	0.5622	-0.282
0.847	0.5622	-0.151
0.848	0.5622	-0.118
0.849	0.5622	-0.033
0.85	0.5622	0.133
0.851	0.5622	0.153
0.852	0.5622	0.176
0.853	0.5693	0.281
0.854	0.5834	0.242
0.855	0.5834	0.188
0.856	0.5834	0.188
0.857	0.5834	0.077
0.858	0.5834	-0.092
0.859	0.5834	-0.120
0.86	0.5834	-0.214
0.861	0.5834	-0.302
0.862	0.5834	-0.274
0.863	0.5834	-0.216
0.864	0.5834	-0.208
0.865	0.5834	-0.078
0.866	0.5834	0.036
0.867	0.5834	0.075
0.868	0.5834	0.172
0.869	0.4017	0.251
0.87	0.0381	0.213
0.871	0.0381	0.217
0.872	0.1917	0.233
0.873	0.4988	0.108
0.874	0.4988	-0.009
0.875	0.4988	-0.072
0.876	0.4988	-0.204
0.877	0.4988	-0.266
0.878	0.4997	-0.244
0.879	0.5016	-0.269
0.88	0.5016	-0.230
0.881	0.5016	-0.084
0.882	0.5016	-0.042
0.883	0.5016	0.024
0.884	0.5016	0.175
0.885	0.5016	0.205
0.886	0.5016	0.233
0.887	0.5333	0.282
0.888	0.5969	0.216
0.889	0.5969	0.147
0.89	0.5969	0.129
0.891	0.5969	-0.034
0.892	0.5969	-0.154
0.893	0.5969	-0.161
0.894	0.5969	-0.260
0.895	0.5969	-0.315
0.896	0.5969	-0.206
0.897	0.5969	-0.153
0.898	0.5969	-0.140
0.899	0.5969	0.012
0.9	0.5969	0.114
0.901	0.5969	0.149
0.902	0.5969	0.244
0.903	0.5821	0.270
0.904	0.5525	0.215
0.905	0.5525	0.223
0.906	0.5525	0.183
0.907	0.5525	0.023
0.908	0.5525	-0.075
0.909	0.5525	-0.128
0.91	0.5525	-0.253
0.911	0.5525	-0.283
0.912	0.5525	-0.245
0.913	0.5525	-0.240
0.914	0.5525	-0.162
0.915	0.5525	-0.017
0.916	0.5525	0.037
0.917	0.5525	0.115
0.918	0.5525	0.237
0.919	0.3721	0.250
0.92	0.0112	0.238
0.921	0.2122	0.304
0.922	0.6141	0.209
0.923	0.6141	0.081
0.924	0.6141	0.015
0.925	0.6141	-0.098
0.926	0.6141	-0.226
0.927	0.6141	-0.227
0.928	0.6141	-0.287
0.929	0.6141	-0.310
0.93	0.6141	-0.178
0.931	0.6141	-0.113
0.932	0.6141	-0.066
0.933	0.6141	0.088
0.934	0.6141	0.146
0.935	0.6141	0.145
0.936	0.6141	0.266
0.937	0.6236	0.302
0.938	0.6428	0.230
0.939	0.6428	0.205
0.94	0.6428	0.153
0.941	0.6428	-0.033
0.942	0.6428	-0.110
0.943	0.6428	-0.174
0.944	0.6428	-0.297
0.945	0.6428	-0.340
0.946	0.6428	-0.235
0.947	0.6428	-0.193
0.948	0.6428	-0.122
0.949	0.6428	0.068
0.95	0.6428	0.099
0.951	0.6428	0.147
0.952	0.4400	0.259
0.953	0.0344	0.237
0.954	0.0344	0.225
0.955	0.1949	0.244
0.956	0.5159	0.141
0.957	0.5159	0.015
0.958	0.5159	-0.038
0.959	0.5159	-0.157
0.96	0.5159	-0.272
0.961	0.5049	-0.229
0.962	0.4828	-0.277
0.963	0.4828	-0.269
0.964	0.4828	-0.129
0.965	0.4828	-0.038
0.966	0.4828	0.000
0.967	0.4828	0.150
0.968	0.4828	0.202
0.969	0.4828	0.206
0.97	0.5118	0.275
0.971	0.5697	0.275
0.972	0.5697	0.175
0.973	0.5697	0.149
0.974	0.5697	0.055
0.975	0.5697	-0.092
0.976	0.5697	-0.165
0.977	0.5697	-0.223
0.978	0.5697	-0.294
0.979	0.5697	-0.272
0.98	0.5697	-0.188
0.981	0.5697	-0.157
0.982	0.5697	-0.052
0.983	0.5697	0.079
0.984	0.5697	0.120
0.985	0.5697	0.183
0.986	0.4070	0.278
0.987	0.0816	0.237
0.988	0.0816	0.196
0.989	0.2324	0.236
0.99	0.5341	0.104
0.991	0.5341	-0.075
0.992	0.5341	-0.090
0.993	0.5341	-0.188
0.994	0.5341	-0.298
0.995	0.5341	-0.245
0.996	0.5341	-0.230
0.997	0.5341	-0.210
0.998	0.5341	-0.076
0.999	0.5341	0.037
1	0.5341	0.060
1.001	0.5341	0.181
1.002	0.3676	0.235
1.003	0.0347	0.200
1.004	0.2218	0.270
1.005	0.5959	0.238
1.006	0.5959	0.122
1.007	0.5959	0.039
1.008	0.5959	-0.045
1.009	0.5959	-0.180
1.01	0.5959	-0.246
1.011	0.5959	-0.281
1.012	0.5959	-0.326
1.013	0.5959	-0.251
1.014	0.5959	-0.123
1.015	0.5959	-0.096
1.016	0.5959	0.010
1.017	0.5959	0.134
1.018	0.5959	0.155
1.019	0.5959	0.212
1.02	0.6079	0.308
1.021	0.6319	0.250
1.022	0.6319	0.180
1.023	0.6319	0.153
1.024	0.6319	-0.008
1.025	0.6319	-0.150
1.026	0.6319	-0.147
1.027	0.6319	-0.251
1.028	0.6319	-0.324
1.029	0.6319	-0.242
1.03	0.6319	-0.219
1.031	0.6319	-0.184
1.032	0.6319	-0.004
1.033	0.6319	0.093
1.034	0.6319	0.116
1.035	0.6319	0.270
1.036	0.6106	0.293
1.037	0.5681	0.236
1.038	0.5681	0.240
1.039	0.5681	0.224
1.04	0.5681	0.046
1.041	0.5681	-0.041
1.042	0.5681	-0.091
1.043	0.5681	-0.209
1.044	0.5681	-0.258
1.045	0.5681	-0.254
1.046	0.5681	-0.275
1.047	0.5681	-0.196
1.048	0.5681	-0.072
1.049	0.5681	-0.007
1.05	0.5681	0.082
1.051	0.5681	0.181
1.052	0.5681	0.226
1.053	0.5681	0.254
1.054	0.5917	0.299
1.055	0.6387	0.220
1.056	0.6387	0.150
1.057	0.6387	0.098
1.058	0.6387	-0.048
1.059	0.6387	-0.186
1.06	0.6387	-0.214
1.061	0.6387	-0.300
1.062	0.6387	-0.340
1.063	0.6387	-0.203
1.064	0.6387	-0.162
1.065	0.6387	-0.119
1.066	0.6387	0.050
1.067	0.6387	0.110
1.068	0.6387	0.122
1.069	0.6387	0.235
1.07	0.4478	0.262
1.071	0.0659	0.196
1.072	0.2099	0.208
1.073	0.4978	0.162
1.074	0.4978	-0.016
1.075	0.4978	-0.069
1.076	0.4978	-0.128
1.077	0.4978	-0.277
1.078	0.4978	-0.290
1.079	0.4978	-0.230
1.08	0.4978	-0.222
1.081	0.4978	-0.145
1.082	0.4978	0.012
1.083	0.4978	0.060
1.084	0.4978	0.125
1.085	0.3388	0.245
1.086	0.0206	0.225
1.087	0.0206	0.224
1.088	0.1836	0.257
1.089	0.5097	0.164
1.09	0.5097	0.063
1.091	0.5097	0.003
1.092	0.5097	-0.133
1.093	0.5097	-0.253
1.094	0.5061	-0.240
1.095	0.4991	-0.320
1.096	0.4991	-0.315
1.097	0.4991	-0.163
1.098	0.4991	-0.089
1.099	0.4991	-0.028
1.1	0.4991	0.128
1.101	0.4991	0.167
1.102	0.4991	0.179
1.103	0.5240	0.279
1.104	0.5738	0.267
1.105	0.5738	0.190
1.106	0.5738	0.177
1.107	0.5738	0.091
1.108	0.5738	-0.077
1.109	0.5738	-0.140
1.11	0.5738	-0.210
1.111	0.5738	-0.295
1.112	0.5738	-0.281
1.113	0.5738	-0.217
1.114	0.5738	-0.196
1.115	0.5738	-0.082
1.116	0.5738	0.052
1.117	0.5738	0.084
1.118	0.5738	0.162
1.119	0.5722	0.275
1.12	0.5691	0.254
1.121	0.5691	0.234
1.122	0.5691	0.231
1.123	0.5691	0.131
1.124	0.5691	-0.017
1.125	0.5691	-0.041
1.126	0.5691	-0.156
1.127	0.5691	-0.294
1.128	0.5296	-0.258
1.129	0.4506	-0.281
1.13	0.4506	-0.225
1.131	0.4506	-0.081
1.132	0.4506	-0.003
1.133	0.4506	0.046
1.134	0.4506	0.170
1.135	0.3111	0.231
1.136	0.0322	0.199
1.137	0.2253	0.281
1.138	0.6116	0.243
1.139	0.6116	0.141
1.14	0.6116	0.113
1.141	0.6116	0.019
1.142	0.6116	-0.136
1.143	0.6116	-0.205
1.144	0.6116	-0.235
1.145	0.6116	-0.330
1.146	0.6116	-0.278
1.147	0.6116	-0.190
1.148	0.6116	-0.150
1.149	0.6116	-0.032
1.15	0.6116	0.093
1.151	0.6116	0.108
1.152	0.6116	0.209
1.153	0.6093	0.303
1.154	0.6047	0.238
1.155	0.6047	0.194
1.156	0.6047	0.179
1.157	0.6047	0.038
1.158	0.6047	-0.078
1.159	0.6047	-0.099
1.16	0.6047	-0.220
1.161	0.6047	-0.301
1.162	0.6047	-0.237
1.163	0.6047	-0.235
1.164	0.6047	-0.175
1.165	0.6047	-0.039
1.166	0.6047	0.048
1.167	0.6047	0.088
1.168	0.6047	0.228
1.169	0.4172	0.258
1.17	0.0422	0.216
1.171	0.2207	0.261
1.172	0.5778	0.225
1.173	0.5778	0.100
1.174	0.5778	0.010
1.175	0.5778	-0.098
1.176	0.5778	-0.234
1.177	0.5778	-0.262
1.178	0.5778	-0.293
1.179	0.5778	-0.317
1.18	0.5778	-0.213
1.181	0.5778	-0.092
1.182	0.5778	-0.057
1.183	0.5778	0.068
1.184	0.5778	0.189
1.185	0.5778	0.191
1.186	0.5778	0.232
1.187	0.5930	0.287
1.188	0.6234	0.228
1.189	0.6234	0.145
1.19	0.6234	0.104
1.191	0.6234	-0.045
1.192	0.6234	-0.146
1.193	0.6234	-0.175
1.194	0.6234	-0.278
1.195	0.6234	-0.337
1.196	0.6234	-0.259
1.197	0.6234	-0.204
1.198	0.6234	-0.155
1.199	0.6234	0.036
1.2	0.6234	0.109
1.201	0.6234	0.134
1.202	0.6234	0.247
1.203	0.4350	0.273
1.204	0.0581	0.215
1.205	0.2119	0.242
1.206	0.5194	0.185
1.207	0.5194	0.030
1.208	0.5194	-0.060
1.209	0.5194	-0.139
1.21	0.5194	-0.259
1.211	0.5194	-0.278
1.212	0.5141	-0.259
1.213	0.5034	-0.273
1.214	0.5034	-0.181
1.215	0.5034	-0.066
1.216	0.5034	-0.013
1.217	0.5034	0.079
1.218	0.5034	0.194
1.219	0.5034	0.207
1.22	0.5034	0.231
1.221	0.5339	0.289
1.222	0.5947	0.188
1.223	0.5947	0.121
1.224	0.5947	0.079
1.225	0.5947	-0.082
1.226	0.5947	-0.212
1.227	0.5947	-0.212
1.228	0.5947	-0.295
1.229	0.5947	-0.305
1.23	0.5947	-0.184
1.231	0.5947	-0.138
1.232	0.5947	-0.068
1.233	0.5947	0.085
1.234	0.5947	0.146
1.235	0.5947	0.180
1.236	0.4260	0.275
1.237	0.0888	0.265
1.238	0.0888	0.187
1.239	0.2281	0.204
1.24	0.5069	0.102
1.241	0.5069	-0.094
1.242	0.5069	-0.121
1.243	0.5069	-0.178
1.244	0.5069	-0.302
1.245	0.5069	-0.278
1.246	0.5069	-0.242
1.247	0.5069	-0.202
1.248	0.5069	-0.095
1.249	0.5069	0.053
1.25	0.5069	0.070
1.251	0.5069	0.155
1.252	0.3449	0.256
1.253	0.0209	0.235
1.254	0.0209	0.245
1.255	0.1966	0.253
1.256	0.5478	0.169
1.257	0.5478	0.071
1.258	0.5478	0.000
1.259	0.5478	-0.140
1.26	0.5478	-0.264
1.261	0.5478	-0.277
1.262	0.5478	-0.295
1.263	0.5478	-0.262
1.264	0.5478	-0.111
1.265	0.5478	-0.037
1.266	0.5478	0.015
1.267	0.5478	0.145
1.268	0.5478	0.194
1.269	0.5478	0.208
1.27	0.5798	0.305
1.271	0.6438	0.296
1.272	0.6438	0.195
1.273	0.6438	0.173
1.274	0.6438	0.041
1.275	0.6438	-0.133
1.276	0.6438	-0.167
1.277	0.6438	-0.224
1.278	0.6438	-0.339
1.279	0.6438	-0.297
1.28	0.6438	-0.196
1.281	0.6438	-0.192
1.282	0.6438	-0.051
1.283	0.6438	0.101
1.284	0.6438	0.133
1.285	0.6438	0.200
1.286	0.4439	0.256
1.287	0.0441	0.229
1.288	0.0441	0.212
1.289	0.2076	0.232
1.29	0.5347	0.081
1.291	0.5347	-0.069
1.292	0.5347	-0.127
1.293	0.5347	-0.230
1.294	0.5347	-0.303
1.295	0.5347	-0.263
1.296	0.5347	-0.268
1.297	0.5347	-0.204
1.298	0.5347	-0.055
1.299	0.5347	0.028
1.3	0.5347	0.075
1.301	0.5347	0.182
1.302	0.3632	0.215
1.303	0.0203	0.195
1.304	0.2024	0.254
1.305	0.5666	0.246
1.306	0.5666	0.111
1.307	0.5666	0.075
1.308	0.5666	-0.037
1.309	0.5666	-0.173
1.31	0.5666	-0.209
1.311	0.5666	-0.224
1.312	0.5666	-0.313
1.313	0.5666	-0.223
1.314	0.5666	-0.131
1.315	0.5666	-0.107
1.316	0.5666	0.028
1.317	0.5666	0.141
1.318	0.5666	0.165
1.319	0.5666	0.217
1.32	0.5758	0.293
1.321	0.5944	0.228
1.322	0.5944	0.206
1.323	0.5944	0.173
1.324	0.5944	0.004
1.325	0.5944	-0.104
1.326	0.5944	-0.125
1.327	0.5944	-0.248
1.328	0.5944	-0.302
1.329	0.5944	-0.242
1.33	0.5944	-0.214
1.331	0.5944	-0.154
1.332	0.5944	0.038
1.333	0.5944	0.074
1.334	0.5944	0.098
1.335	0.5944	0.226
1.336	0.5944	0.251
1.337	0.5944	0.245
1.338	0.5802	0.269
1.339	0.5519	0.195
1.34	0.5519	0.069
1.341	0.5519	-0.010
1.342	0.5519	-0.103
1.343	0.5519	-0.244
1.344	0.5519	-0.259
1.345	0.5519	-0.278
1.346	0.5519	-0.283
1.347	0.5519	-0.175
1.348	0.5519	-0.071
1.349	0.5519	-0.036
1.35	0.5519	0.091
1.351	0.3807	0.195
1.352	0.0384	0.185
1.353	0.0384	0.224
1.354	0.2170	0.291
1.355	0.5741	0.179
1.356	0.5741	0.133
1.357	0.5741	0.065
1.358	0.5741	-0.083
1.359	0.5741	-0.165
1.36	0.5741	-0.201
1.361	0.5741	-0.283
1.362	0.5741	-0.282
1.363	0.5741	-0.164
1.364	0.5741	-0.142
1.365	0.5741	-0.083
1.366	0.5741	0.078
1.367	0.5741	0.108
1.368	0.5741	0.155
1.369	0.4067	0.256
1.37	0.0719	0.240
1.371	0.0719	0.184
1.372	0.2170	0.220
1.373	0.5072	0.157
1.374	0.5072	-0.022
1.375	0.5072	-0.072
1.376	0.5072	-0.165
1.377	0.5072	-0.287
1.378	0.5072	-0.276
1.379	0.5072	-0.233
1.38	0.5072	-0.221
1.381	0.5072	-0.107
1.382	0.5072	0.005
1.383	0.5072	0.042
1.384	0.5072	0.147
1.385	0.3529	0.256
1.386	0.0444	0.212
1.387	0.0444	0.252
1.388	0.2249	0.291
1.389	0.5859	0.193
1.39	0.5859	0.077
1.391	0.5859	0.017
1.392	0.5859	-0.129
1.393	0.5859	-0.212
1.394	0.5859	-0.225
1.395	0.5859	-0.295
1.396	0.5859	-0.270
1.397	0.5859	-0.154
1.398	0.5859	-0.144
1.399	0.5859	-0.041
1.4	0.5859	0.143
1.401	0.5859	0.173
1.402	0.5859	0.179
1.403	0.5866	0.271
1.404	0.5878	0.256
1.405	0.5878	0.195
1.406	0.5878	0.178
1.407	0.5878	0.067
1.408	0.5878	-0.090
1.409	0.5878	-0.132
1.41	0.5878	-0.209
1.411	0.5878	-0.317
1.412	0.5878	-0.271
1.413	0.5878	-0.239
1.414	0.5878	-0.213
1.415	0.5878	-0.079
1.416	0.5878	0.075
1.417	0.5878	0.125
1.418	0.5878	0.201
1.419	0.5756	0.278
1.42	0.5512	0.235
1.421	0.5512	0.220
1.422	0.5512	0.214
1.423	0.5512	0.092
1.424	0.5512	-0.009
1.425	0.5512	-0.068
1.426	0.5512	-0.193
1.427	0.5512	-0.273
1.428	0.5292	-0.230
1.429	0.4850	-0.277
1.43	0.4850	-0.239
1.431	0.4850	-0.101
1.432	0.4850	-0.024
1.433	0.4850	0.045
1.434	0.4850	0.167
1.435	0.4850	0.208
1.436	0.4850	0.207
1.437	0.5246	0.285
1.438	0.6037	0.239
1.439	0.6037	0.140
1.44	0.6037	0.114
1.441	0.6037	0.018
1.442	0.6037	-0.154
1.443	0.6037	-0.169
1.444	0.6037	-0.220
1.445	0.6037	-0.319
1.446	0.6037	-0.246
1.447	0.6037	-0.165
1.448	0.6037	-0.136
1.449	0.6037	0.018
1.45	0.6037	0.123
1.451	0.6037	0.139
1.452	0.6037	0.200
1.453	0.5937	0.269
1.454	0.5738	0.223
1.455	0.5738	0.197
1.456	0.5738	0.174
1.457	0.5738	0.014
1.458	0.5738	-0.071
1.459	0.5738	-0.091
1.46	0.5738	-0.251
1.461	0.5738	-0.305
1.462	0.5738	-0.253
1.463	0.5738	-0.236
1.464	0.5738	-0.170
1.465	0.5738	-0.009
1.466	0.5738	0.044
1.467	0.5738	0.079
1.468	0.5738	0.234
1.469	0.4010	0.255
1.47	0.0556	0.200
1.471	0.2157	0.282
1.472	0.5359	0.199
1.473	0.5359	0.077
1.474	0.5359	0.017
1.475	0.5359	-0.102
1.476	0.5359	-0.254
1.477	0.5352	-0.243
1.478	0.5337	-0.271
1.479	0.5337	-0.314
1.48	0.5337	-0.208
1.481	0.5337	-0.096
1.482	0.5337	-0.070
1.483	0.5337	0.069
1.484	0.5337	0.164
1.485	0.5337	0.167
1.486	0.5337	0.220
1.487	0.5491	0.268
1.488	0.5797	0.168
1.489	0.5797	0.158
1.49	0.5797	0.128
1.491	0.5797	-0.046
1.492	0.5797	-0.140
1.493	0.5797	-0.167
1.494	0.5797	-0.304
1.495	0.5797	-0.312
1.496	0.5797	-0.198
1.497	0.5797	-0.167
1.498	0.5797	-0.086
1.499	0.5797	0.058
1.5	0.5797	0.103
1.501	0.5797	0.139
1.502	0.4075	0.282
1.503	0.0631	0.252
1.504	0.0631	0.218
1.505	0.2158	0.246
1.506	0.5213	0.153
1.507	0.5213	-0.001
1.508	0.5213	-0.045
1.509	0.5213	-0.142
1.51	0.5213	-0.276
1.511	0.5213	-0.264
1.512	0.5213	-0.242
1.513	0.5213	-0.249
1.514	0.5213	-0.135
1.515	0.5213	-0.025
1.516	0.5213	0.025
1.517	0.5213	0.133
1.518	0.3521	0.207
1.519	0.0137	0.193
1.52	0.2080	0.263
1.521	0.5966	0.254
1.522	0.5966	0.163
1.523	0.5966	0.137
1.524	0.5966	0.041
1.525	0.5966	-0.122
1.526	0.5966	-0.195
1.527	0.5966	-0.227
1.528	0.5966	-0.333
1.529	0.5966	-0.318
1.53	0.5966	-0.187
1.531	0.5966	-0.179
1.532	0.5966	-0.064
1.533	0.5966	0.119
1.534	0.5966	0.152
1.535	0.5966	0.164
1.536	0.6015	0.291
1.537	0.6112	0.245
1.538	0.6112	0.201
1.539	0.6112	0.193
1.54	0.6112	0.081
1.541	0.6112	-0.085
1.542	0.6112	-0.095
1.543	0.6112	-0.195
1.544	0.6112	-0.320
1.545	0.6112	-0.274
1.546	0.6112	-0.232
1.547	0.6112	-0.207
1.548	0.6112	-0.047
1.549	0.6112	0.073
1.55	0.6112	0.086
1.551	0.6112	0.194
1.552	0.4202	0.260
1.553	0.0381	0.222
1.554	0.2145	0.246
1.555	0.5672	0.246
1.556	0.5672	0.118
1.557	0.5672	0.058
1.558	0.5672	-0.027
1.559	0.5672	-0.159
1.56	0.5672	-0.248
1.561	0.5672	-0.256
1.562	0.5672	-0.321
1.563	0.5672	-0.253
1.564	0.5672	-0.122
1.565	0.5672	-0.084
1.566	0.5672	0.035
1.567	0.5672	0.158
1.568	0.5672	0.179
1.569	0.5672	0.203
1.57	0.4276	0.302
1.571	0.1484	0.231
1.572	0.1484	0.154
1.573	0.2739	0.166
1.574	0.5247	0.033
1.575	0.5247	-0.121
1.576	0.5247	-0.159
1.577	0.5247	-0.231
1.578	0.5247	-0.293
1.579	0.5247	-0.246
1.58	0.5247	-0.199
1.581	0.5247	-0.181
1.582	0.5247	-0.003
1.583	0.5247	0.101
1.584	0.5247	0.105
1.585	0.5247	0.231
1.586	0.3595	0.250
1.587	0.0291	0.221
1.588	0.1962	0.249
1.589	0.5306	0.207
1.59	0.5306	0.053
1.591	0.5306	-0.028
1.592	0.5306	-0.096
1.593	0.5306	-0.226
1.594	0.5306	-0.256
1.595	0.5306	-0.259
1.596	0.5306	-0.282
1.597	0.5306	-0.204
1.598	0.5306	-0.067
1.599	0.5306	-0.013
1.6	0.5306	0.086
1.601	0.5306	0.216
1.602	0.5306	0.247
1.603	0.5306	0.244
1.604	0.5709	0.316
1.605	0.6516	0.218
1.606	0.6516	0.117
1.607	0.6516	0.085
1.608	0.6516	-0.045
1.609	0.6516	-0.203
1.61	0.6516	-0.212
1.611	0.6516	-0.275
1.612	0.6516	-0.336
1.613	0.6516	-0.223
1.614	0.6516	-0.176
1.615	0.6516	-0.127
1.616	0.6516	0.033
1.617	0.6516	0.134
1.618	0.6516	0.143
1.619	0.6516	0.251
1.62	0.6171	0.270
1.621	0.5481	0.198
1.622	0.5481	0.201
1.623	0.5481	0.169
1.624	0.5481	0.003
1.625	0.5481	-0.077
1.626	0.5481	-0.156
1.627	0.5481	-0.269
1.628	0.5481	-0.278
1.629	0.5481	-0.228
1.63	0.5481	-0.211
1.631	0.5481	-0.143
1.632	0.5481	-0.007
1.633	0.5481	0.052
1.634	0.5481	0.105
1.635	0.5481	0.239
1.636	0.5481	0.237
1.637	0.5481	0.233
1.638	0.5418	0.262
1.639	0.5291	0.170
1.64	0.5291	0.051
1.641	0.5291	0.004
1.642	0.5291	-0.126
1.643	0.5291	-0.267
1.644	0.5120	-0.255
1.645	0.4778	-0.302
1.646	0.4778	-0.308
1.647	0.4778	-0.173
1.648	0.4778	-0.102
1.649	0.4778	-0.046
1.65	0.4778	0.112
1.651	0.4778	0.170
1.652	0.4778	0.167
1.653	0.5114	0.263
1.654	0.5784	0.253
1.655	0.5784	0.193
1.656	0.5784	0.174
1.657	0.5784	0.077
1.658	0.5784	-0.076
1.659	0.5784	-0.140
1.66	0.5784	-0.200
1.661	0.5784	-0.312
1.662	0.5784	-0.316
1.663	0.5784	-0.189
1.664	0.5784	-0.160
1.665	0.5784	-0.074
1.666	0.5784	0.074
1.667	0.5784	0.094
1.668	0.5784	0.180
1.669	0.4140	0.284
1.67	0.0850	0.241
1.671	0.0850	0.199
1.672	0.2252	0.227
1.673	0.5056	0.113
1.674	0.5056	-0.019
1.675	0.5056	-0.057
1.676	0.5056	-0.171
1.677	0.5056	-0.278
1.678	0.5056	-0.245
1.679	0.5056	-0.226
1.68	0.5056	-0.231
1.681	0.5056	-0.126
1.682	0.5056	-0.006
1.683	0.5056	0.039
1.684	0.5056	0.158
1.685	0.5056	0.208
1.686	0.5056	0.200
1.687	0.5379	0.282
1.688	0.6025	0.263
1.689	0.6025	0.128
1.69	0.6025	0.094
1.691	0.6025	0.002
1.692	0.6025	-0.154
1.693	0.6025	-0.233
1.694	0.6025	-0.273
1.695	0.6025	-0.321
1.696	0.6025	-0.266
1.697	0.6025	-0.158
1.698	0.6025	-0.128
1.699	0.6025	-0.027
1.7	0.6025	0.119
1.701	0.6025	0.152
1.702	0.6025	0.199
1.703	0.6055	0.292
1.704	0.6116	0.269
1.705	0.6116	0.232
1.706	0.6116	0.206
1.707	0.6116	0.058
1.708	0.6116	-0.101
1.709	0.6116	-0.124
1.71	0.6116	-0.219
1.711	0.6116	-0.319
1.712	0.6116	-0.267
1.713	0.6116	-0.237
1.714	0.6116	-0.188
1.715	0.6116	-0.011
1.716	0.6116	0.077
1.717	0.6116	0.074
1.718	0.6116	0.202
1.719	0.4165	0.265
1.72	0.0262	0.239
1.721	0.1994	0.261
1.722	0.5456	0.216
1.723	0.5456	0.081
1.724	0.5456	0.020
1.725	0.5456	-0.067
1.726	0.5456	-0.215
1.727	0.5456	-0.245
1.728	0.5456	-0.262
1.729	0.5456	-0.285
1.73	0.5456	-0.220
1.731	0.5456	-0.111
1.732	0.5456	-0.062
1.733	0.5456	0.037
1.734	0.5456	0.171
1.735	0.5456	0.174
1.736	0.5456	0.202
1.737	0.5547	0.283
1.738	0.5728	0.208
1.739	0.5728	0.132
1.74	0.5728	0.126
1.741	0.5728	-0.008
1.742	0.5728	-0.139
1.743	0.5728	-0.151
1.744	0.5728	-0.221
1.745	0.5728	-0.290
1.746	0.5728	-0.191
1.747	0.5728	-0.155
1.748	0.5728	-0.137
1.749	0.5728	0.038
1.75	0.5728	0.103
1.751	0.5728	0.120
1.752	0.5728	0.255
1.753	0.4007	0.287
1.754	0.0566	0.231
1.755	0.2203	0.251
1.756	0.5478	0.172
1.757	0.5478	-0.001
1.758	0.5478	-0.080
1.759	0.5478	-0.148
1.76	0.5478	-0.292
1.761	0.5478	-0.297
1.762	0.5478	-0.249
1.763	0.5478	-0.255
1.764	0.5478	-0.170
1.765	0.5478	-0.044
1.766	0.5478	0.013
1.767	0.5478	0.089
1.768	0.3691	0.233
1.769	0.0116	0.222
1.77	0.0116	0.221
1.771	0.1971	0.259
1.772	0.5681	0.187
1.773	0.5681	0.102
1.774	0.5681	0.034
1.775	0.5681	-0.094
1.776	0.5681	-0.187
1.777	0.5681	-0.229
1.778	0.5681	-0.291
1.779	0.5681	-0.309
1.78	0.5681	-0.178
1.781	0.5681	-0.140
1.782	0.5681	-0.084
1.783	0.5681	0.105
1.784	0.4127	0.159
1.785	0.1019	0.144
1.786	0.1019	0.246
1.787	0.0942	0.273
1.788	0.0788	0.194
1.789	0.2332	0.206
1.79	0.5422	0.148
1.791	0.5422	-0.061
1.792	0.5422	-0.121
1.793	0.5422	-0.200
1.794	0.5422	-0.336
1.795	0.5422	-0.320
1.796	0.5422	-0.238
1.797	0.5422	-0.212
1.798	0.5422	-0.103
1.799	0.5422	0.047
1.8	0.5422	0.090
1.801	0.5422	0.182
1.802	0.3743	0.273
1.803	0.0384	0.250
1.804	0.0384	0.235
1.805	0.1982	0.253
1.806	0.5178	0.164
1.807	0.5178	0.028
1.808	0.5178	-0.017
1.809	0.5178	-0.134
1.81	0.5178	-0.265
1.811	0.5161	-0.249
1.812	0.5128	-0.287
1.813	0.5128	-0.290
1.814	0.5128	-0.136
1.815	0.5128	-0.060
1.816	0.5128	0.009
1.817	0.5128	0.152
1.818	0.5128	0.197
1.819	0.5128	0.223
1.82	0.5330	0.292
1.821	0.5734	0.265
1.822	0.5734	0.173
1.823	0.5734	0.156
1.824	0.5734	0.057
1.825	0.5734	-0.096
1.826	0.5734	-0.138
1.827	0.5734	-0.192
1.828	0.5734	-0.282
1.829	0.5734	-0.258
1.83	0.5734	-0.189
1.831	0.5734	-0.171
1.832	0.5734	-0.057
1.833	0.5734	0.097
1.834	0.5734	0.108
1.835	0.5734	0.183
1.836	0.4144	0.285
1.837	0.0963	0.247
1.838	0.0963	0.189
1.839	0.2253	0.211
1.84	0.4834	0.066
1.841	0.4834	-0.041
1.842	0.4834	-0.094
1.843	0.4834	-0.208
1.844	0.4834	-0.273
1.845	0.4727	-0.230
1.846	0.4513	-0.244
1.847	0.4513	-0.223
1.848	0.4513	-0.072
1.849	0.4513	0.019
1.85	0.4513	0.063
1.851	0.4513	0.208
1.852	0.3061	0.252
1.853	0.0159	0.236
1.854	0.2195	0.277
1.855	0.6266	0.233
1.856	0.6266	0.117
1.857	0.6266	0.058
1.858	0.6266	-0.045
1.859	0.6266	-0.179
1.86	0.6266	-0.221
1.861	0.6266	-0.266
1.862	0.6266	-0.349
1.863	0.6266	-0.254
1.864	0.6266	-0.151
1.865	0.6266	-0.106
1.866	0.6266	0.001
1.867	0.6266	0.125
1.868	0.6266	0.162
1.869	0.6266	0.237
1.87	0.6214	0.288
1.871	0.6109	0.239
1.872	0.6109	0.201
1.873	0.6109	0.163
1.874	0.6109	0.008
1.875	0.6109	-0.112
1.876	0.6109	-0.155
1.877	0.6109	-0.253
1.878	0.6109	-0.323
1.879	0.6109	-0.245
1.88	0.6109	-0.219
1.881	0.6109	-0.169
1.882	0.6109	0.006
1.883	0.6109	0.068
1.884	0.6109	0.101
1.885	0.6109	0.236
1.886	0.4220	0.252
1.887	0.0441	0.208
1.888	0.2076	0.254
1.889	0.5347	0.188
1.89	0.5347	0.062
1.891	0.5347	-0.005
1.892	0.5347	-0.078
1.893	0.5347	-0.258
1.894	0.5347	-0.262
1.895	0.5347	-0.269
1.896	0.5347	-0.281
1.897	0.5347	-0.169
1.898	0.5347	-0.071
1.899	0.5347	-0.043
1.9	0.5347	0.083
1.901	0.5347	0.213
1.902	0.5347	0.233
1.903	0.5347	0.242
1.904	0.5594	0.272
1.905	0.6087	0.208
1.906	0.6087	0.135
1.907	0.6087	0.076
1.908	0.6087	-0.081
1.909	0.6087	-0.178
1.91	0.6087	-0.227
1.911	0.6087	-0.301
1.912	0.6087	-0.337
1.913	0.6087	-0.204
1.914	0.6087	-0.156
1.915	0.6087	-0.109
1.916	0.6087	0.047
1.917	0.6087	0.118
1.918	0.6087	0.145
1.919	0.6087	0.244
1.92	0.4242	0.258
1.921	0.0550	0.203
1.922	0.2003	0.213
1.923	0.4909	0.162
1.924	0.4909	-0.014
1.925	0.4909	-0.063
1.926	0.4909	-0.139
1.927	0.4909	-0.273
1.928	0.4909	-0.278
1.929	0.4909	-0.263
1.93	0.4909	-0.244
1.931	0.4909	-0.140
1.932	0.4909	0.012
1.933	0.4909	0.040
1.934	0.4909	0.147
1.935	0.3365	0.247
1.936	0.0275	0.219
1.937	0.0275	0.231
1.938	0.1908	0.269
1.939	0.5175	0.166
1.94	0.5175	0.054
1.941	0.5175	0.006
1.942	0.5175	-0.145
1.943	0.5175	-0.248
1.944	0.5136	-0.233
1.945	0.5059	-0.300
1.946	0.5059	-0.304
1.947	0.5059	-0.156
1.948	0.5059	-0.083
1.949	0.5059	0.013
1.95	0.5059	0.136
1.951	0.5059	0.183
1.952	0.5059	0.202
1.953	0.5335	0.265
1.954	0.5888	0.249
1.955	0.5888	0.172
1.956	0.5888	0.158
1.957	0.5888	0.058
1.958	0.5888	-0.105
1.959	0.5888	-0.118
1.96	0.5888	-0.207
1.961	0.5888	-0.323
1.962	0.5888	-0.307
1.963	0.5888	-0.217
1.964	0.5888	-0.187
1.965	0.5888	-0.069
1.966	0.5888	0.068
1.967	0.5888	0.109
1.968	0.5888	0.187
1.969	0.4128	0.275
1.97	0.0609	0.214
1.971	0.0609	0.218
1.972	0.2182	0.245
1.973	0.5328	0.129
1.974	0.5328	-0.002
1.975	0.5328	-0.054
1.976	0.5328	-0.182
1.977	0.5328	-0.288
1.978	0.5143	-0.242
1.979	0.4772	-0.271
1.98	0.4772	-0.237
1.981	0.4772	-0.116
1.982	0.4772	-0.018
1.983	0.4772	0.044
1.984	0.4772	0.163
1.985	0.4772	0.206
1.986	0.4772	0.201
1.987	0.5152	0.266
1.988	0.5913	0.230
1.989	0.5913	0.126
1.99	0.5913	0.104
1.991	0.5913	-0.023
1.992	0.5913	-0.143
1.993	0.5913	-0.180
1.994	0.5913	-0.225
1.995	0.5913	-0.326
1.996	0.5913	-0.248
1.997	0.5913	-0.159
1.998	0.5913	-0.135
1.999	0.5913	0.007
2	0.5913	0.122
2.001	0.5913	0.164
2.002	0.5913	0.241
2.003	0.5965	0.295
2.004	0.6069	0.247
2.005	0.6069	0.209
2.006	0.6069	0.202
2.007	0.6069	0.049
2.008	0.6069	-0.081
2.009	0.6069	-0.130
2.01	0.6069	-0.246
2.011	0.6069	-0.312
2.012	0.6069	-0.268
2.013	0.6069	-0.258
2.014	0.6069	-0.188
2.015	0.6069	-0.022
2.016	0.6069	0.049
2.017	0.6069	0.089
2.018	0.6069	0.229
2.019	0.4172	0.229
2.02	0.0378	0.192
2.021	0.2027	0.240
2.022	0.5325	0.202
2.023	0.5325	0.073
2.024	0.5325	0.032
2.025	0.5325	-0.093
2.026	0.5325	-0.208
2.027	0.5325	-0.218
2.028	0.5325	-0.253
2.029	0.5325	-0.293
2.03	0.5325	-0.198
2.031	0.5325	-0.113
2.032	0.5325	-0.060
2.033	0.5325	0.077
2.034	0.5325	0.191
2.035	0.5325	0.200
2.036	0.5325	0.234
2.037	0.5616	0.287
2.038	0.6197	0.218
2.039	0.6197	0.171
2.04	0.6197	0.128
2.041	0.6197	-0.052
2.042	0.6197	-0.175
2.043	0.6197	-0.169
2.044	0.6197	-0.289
2.045	0.6197	-0.333
2.046	0.6197	-0.214
2.047	0.6197	-0.202
2.048	0.6197	-0.140
2.049	0.6197	0.024
2.05	0.6197	0.090
2.051	0.6197	0.121
2.052	0.6197	0.230
2.053	0.4253	0.246
2.054	0.0366	0.209
2.055	0.1926	0.255
2.056	0.5047	0.182
2.057	0.5047	0.033
2.058	0.5047	-0.039
2.059	0.5047	-0.110
2.06	0.5047	-0.238
2.061	0.5047	-0.248
2.062	0.5047	-0.250
2.063	0.5047	-0.236
2.064	0.5047	-0.147
2.065	0.5047	-0.043
2.066	0.5047	-0.005
2.067	0.5047	0.116
2.068	0.3475	0.223
2.069	0.0331	0.190
2.07	0.0331	0.220
2.071	0.2071	0.253
2.072	0.5550	0.166
2.073	0.5550	0.087
2.074	0.5550	0.059
2.075	0.5550	-0.115
2.076	0.5550	-0.205
2.077	0.5550	-0.216
2.078	0.5550	-0.302
2.079	0.5550	-0.294
2.08	0.5550	-0.170
2.081	0.5550	-0.114
2.082	0.5550	-0.049
2.083	0.5550	0.137
2.084	0.5550	0.156
2.085	0.5550	0.205
2.086	0.3998	0.288
2.087	0.0894	0.265
2.088	0.0894	0.199
2.089	0.2392	0.220
2.09	0.5387	0.111
2.091	0.5387	-0.044
2.092	0.5387	-0.105
2.093	0.5387	-0.196
2.094	0.5387	-0.319
2.095	0.5387	-0.292
2.096	0.5387	-0.255
2.097	0.5387	-0.232
2.098	0.5387	-0.104
2.099	0.5387	0.020
2.1	0.5387	0.037
2.101	0.5387	0.154
2.102	0.3630	0.268
2.103	0.0116	0.256
2.104	0.1952	0.277
2.105	0.5625	0.255
2.106	0.5625	0.150
2.107	0.5625	0.062
2.108	0.5625	-0.011
2.109	0.5625	-0.142
2.11	0.5625	-0.221
2.111	0.5625	-0.221
2.112	0.5625	-0.286
2.113	0.5625	-0.271
2.114	0.5625	-0.143
2.115	0.5625	-0.072
2.116	0.5625	0.012
2.117	0.5625	0.162
2.118	0.3790	0.195
2.119	0.0119	0.183
2.12	0.2046	0.263
2.121	0.5900	0.234
2.122	0.5900	0.161
2.123	0.5900	0.156
2.124	0.5900	0.006
2.125	0.5900	-0.155
2.126	0.5900	-0.177
2.127	0.5900	-0.254
2.128	0.5900	-0.327
2.129	0.5900	-0.253
2.13	0.5900	-0.177
2.131	0.5900	-0.175
2.132	0.5900	-0.033
2.133	0.5900	0.084
2.134	0.5900	0.115
2.135	0.5900	0.208
2.136	0.5815	0.268
2.137	0.5644	0.259
2.138	0.5644	0.241
2.139	0.5644	0.228
2.14	0.5644	0.079
2.141	0.5644	-0.058
2.142	0.5644	-0.110
2.143	0.5644	-0.231
2.144	0.5644	-0.296
2.145	0.5436	-0.260
2.146	0.5022	-0.280
2.147	0.5022	-0.210
2.148	0.5022	-0.080
2.149	0.5022	-0.015
2.15	0.5022	0.065
2.151	0.5022	0.192
2.152	0.5022	0.222
2.153	0.5022	0.214
2.154	0.5313	0.265
2.155	0.5894	0.200
2.156	0.5894	0.106
2.157	0.5894	0.071
2.158	0.5894	-0.053
2.159	0.5894	-0.184
2.16	0.5894	-0.200
2.161	0.5894	-0.256
2.162	0.5894	-0.324
2.163	0.5894	-0.204
2.164	0.5894	-0.111
2.165	0.5894	-0.074
2.166	0.5894	0.080
2.167	0.5894	0.166
2.168	0.5894	0.170
2.169	0.5894	0.248
2.17	0.5944	0.282
2.171	0.6044	0.230
2.172	0.6044	0.201
2.173	0.6044	0.181
2.174	0.6044	0.003
2.175	0.6044	-0.088
2.176	0.6044	-0.148
2.177	0.6044	-0.288
2.178	0.6044	-0.322
2.179	0.6044	-0.242
2.18	0.6044	-0.230
2.181	0.6044	-0.153
2.182	0.6044	0.015
2.183	0.6044	0.084
2.184	0.6044	0.145
2.185	0.4268	0.274
2.186	0.0716	0.255
2.187	0.0716	0.202
2.188	0.2301	0.252
2.189	0.5472	0.181
2.19	0.5472	0.043
2.191	0.5472	-0.018
2.192	0.5472	-0.115
2.193	0.5472	-0.258
2.194	0.5472	-0.257
2.195	0.5472	-0.273
2.196	0.5472	-0.282
2.197	0.5472	-0.159
2.198	0.5472	-0.099
2.199	0.5472	-0.057
2.2	0.5472	0.103
2.201	0.5472	0.203
2.202	0.5472	0.214
2.203	0.5472	0.265
2.204	0.5574	0.272
2.205	0.5778	0.165
2.206	0.5778	0.138
2.207	0.5778	0.081
2.208	0.5778	-0.073
2.209	0.5778	-0.174
2.21	0.5778	-0.209
2.211	0.5778	-0.306
2.212	0.5778	-0.279
2.213	0.5778	-0.163
2.214	0.5778	-0.151
2.215	0.5778	-0.075
2.216	0.5778	0.087
2.217	0.5778	0.122
2.218	0.5778	0.153
2.219	0.4017	0.269
2.22	0.0494	0.255
2.221	0.0494	0.220
2.222	0.2057	0.240
2.223	0.5184	0.148
2.224	0.5184	-0.020
2.225	0.5184	-0.065
2.226	0.5184	-0.181
2.227	0.5184	-0.278
2.228	0.4804	-0.241
2.229	0.4044	-0.263
2.23	0.4044	-0.247
2.231	0.4044	-0.100
2.232	0.4044	0.009
2.233	0.4044	0.015
2.234	0.4044	0.142
2.235	0.2785	0.228
2.236	0.0269	0.201
2.237	0.2068	0.242
2.238	0.5666	0.220
2.239	0.5666	0.135
2.24	0.5666	0.081
2.241	0.5666	0.014
2.242	0.5666	-0.133
2.243	0.5666	-0.213
2.244	0.5666	-0.234
2.245	0.5666	-0.325
2.246	0.5666	-0.286
2.247	0.5666	-0.150
2.248	0.5666	-0.092
2.249	0.5666	-0.001
2.25	0.5666	0.142
2.251	0.5666	0.162
2.252	0.5666	0.209
2.253	0.4142	0.268
2.254	0.1094	0.233
2.255	0.1094	0.159
2.256	0.2532	0.188
2.257	0.5409	0.086
2.258	0.5409	-0.081
2.259	0.5409	-0.119
2.26	0.5409	-0.227
2.261	0.5409	-0.325
2.262	0.5409	-0.274
2.263	0.5409	-0.213
2.264	0.5409	-0.202
2.265	0.5409	-0.050
2.266	0.5409	0.055
2.267	0.5409	0.098
2.268	0.5409	0.216
2.269	0.3721	0.279
2.27	0.0344	0.245
2.271	0.2131	0.267
2.272	0.5706	0.233
2.273	0.5706	0.084
2.274	0.5706	0.003
2.275	0.5706	-0.062
2.276	0.5706	-0.212
2.277	0.5706	-0.280
2.278	0.5706	-0.272
2.279	0.5706	-0.304
2.28	0.5706	-0.232
2.281	0.5706	-0.115
2.282	0.5706	-0.071
2.283	0.5706	0.020
2.284	0.5706	0.180
2.285	0.3891	0.227
2.286	0.0259	0.201
2.287	0.2245	0.279
2.288	0.6216	0.227
2.289	0.6216	0.127
2.29	0.6216	0.118
2.291	0.6216	-0.041
2.292	0.6216	-0.148
2.293	0.6216	-0.197
2.294	0.6216	-0.264
2.295	0.6216	-0.343
2.296	0.6216	-0.252
2.297	0.6216	-0.191
2.298	0.6216	-0.173
2.299	0.6216	0.002
2.3	0.6216	0.121
2.301	0.6216	0.119
2.302	0.6216	0.230
2.303	0.5971	0.280
2.304	0.5481	0.213
2.305	0.5481	0.203
2.306	0.5481	0.205
2.307	0.5481	0.059
2.308	0.5481	-0.039
2.309	0.5481	-0.110
2.31	0.5481	-0.264
2.311	0.5481	-0.268
2.312	0.5481	-0.254
2.313	0.5481	-0.257
2.314	0.5481	-0.187
2.315	0.5481	-0.043
2.316	0.5481	0.031
2.317	0.5481	0.097
2.318	0.5481	0.237
2.319	0.5481	0.235
2.32	0.5481	0.234
2.321	0.5622	0.282
2.322	0.5903	0.196
2.323	0.5903	0.086
2.324	0.5903	0.023
2.325	0.5903	-0.091
2.326	0.5903	-0.209
2.327	0.5903	-0.232
2.328	0.5903	-0.290
2.329	0.5903	-0.308
2.33	0.5903	-0.168
2.331	0.5903	-0.118
2.332	0.5903	-0.090
2.333	0.5903	0.061
2.334	0.5903	0.145
2.335	0.5903	0.167
2.336	0.5903	0.258
2.337	0.5873	0.286
2.338	0.5812	0.197
2.339	0.5812	0.178
2.34	0.5812	0.126
2.341	0.5812	-0.018
2.342	0.5812	-0.101
2.343	0.5812	-0.155
2.344	0.5812	-0.288
2.345	0.5812	-0.295
2.346	0.5812	-0.204
2.347	0.5812	-0.177
2.348	0.5812	-0.111
2.349	0.5812	0.058
2.35	0.5812	0.091
2.351	0.5812	0.149
2.352	0.5706	0.265
2.353	0.5494	0.228
2.354	0.5494	0.218
2.355	0.5494	0.227
2.356	0.5494	0.156
2.357	0.5494	0.015
2.358	0.5494	-0.046
2.359	0.5494	-0.154
2.36	0.5494	-0.284
2.361	0.5438	-0.258
2.362	0.5325	-0.280
2.363	0.5325	-0.284
2.364	0.5325	-0.156
2.365	0.5325	-0.068
2.366	0.5325	-0.030
2.367	0.5325	0.116
2.368	0.5325	0.195
2.369	0.5325	0.186
2.37	0.5325	0.248
2.371	0.5419	0.259
2.372	0.5606	0.170
2.373	0.5606	0.124
2.374	0.5606	0.040
2.375	0.5606	-0.103
2.376	0.5606	-0.150
2.377	0.5606	-0.204
2.378	0.5606	-0.302
2.379	0.5606	-0.291
2.38	0.5606	-0.191
2.381	0.5606	-0.158
2.382	0.5606	-0.058
2.383	0.5606	0.082
2.384	0.5606	0.113
2.385	0.5606	0.169
2.386	0.5539	0.254
2.387	0.5403	0.254
2.388	0.5403	0.212
2.389	0.5403	0.219
2.39	0.5403	0.103
2.391	0.5403	-0.044
2.392	0.5403	-0.064
2.393	0.5403	-0.183
2.394	0.5403	-0.287
2.395	0.5403	-0.265
2.396	0.5403	-0.222
2.397	0.5403	-0.214
2.398	0.5403	-0.044
2.399	0.5403	0.057
2.4	0.5403	0.098
2.401	0.5403	0.203
2.402	0.3753	0.241
2.403	0.0453	0.195
2.404	0.2334	0.268
2.405	0.6097	0.260
2.406	0.6097	0.117
2.407	0.6097	0.068
2.408	0.6097	-0.027
2.409	0.6097	-0.196
2.41	0.6097	-0.249
2.411	0.6097	-0.276
2.412	0.6097	-0.342
2.413	0.6097	-0.252
2.414	0.6097	-0.126
2.415	0.6097	-0.084
2.416	0.6097	0.029
2.417	0.6097	0.155
2.418	0.6097	0.174
2.419	0.6097	0.208
2.42	0.6110	0.268
2.421	0.6137	0.224
2.422	0.6137	0.173
2.423	0.6137	0.162
2.424	0.6137	0.033
2.425	0.6137	-0.116
2.426	0.6137	-0.163
2.427	0.6137	-0.273
2.428	0.6137	-0.346
2.429	0.6137	-0.249
2.43	0.6137	-0.197
2.431	0.6137	-0.173
2.432	0.6137	-0.014
2.433	0.6137	0.093
2.434	0.6137	0.103
2.435	0.6137	0.223
2.436	0.4201	0.275
2.437	0.0328	0.242
2.438	0.1980	0.257
2.439	0.5284	0.223
2.44	0.5284	0.067
2.441	0.5284	-0.022
2.442	0.5284	-0.099
2.443	0.5284	-0.218
2.444	0.5284	-0.272
2.445	0.5213	-0.258
2.446	0.5069	-0.278
2.447	0.5069	-0.200
2.448	0.5069	-0.064
2.449	0.5069	-0.001
2.45	0.5069	0.096
2.451	0.5069	0.210
2.452	0.5069	0.209
2.453	0.5069	0.229
2.454	0.5295	0.281
2.455	0.5747	0.222
2.456	0.5747	0.150
2.457	0.5747	0.107
2.458	0.5747	-0.045
2.459	0.5747	-0.174
2.46	0.5747	-0.185
2.461	0.5747	-0.250
2.462	0.5747	-0.293
2.463	0.5747	-0.165
2.464	0.5747	-0.125
2.465	0.5747	-0.068
2.466	0.5747	0.081
2.467	0.5747	0.141
2.468	0.5747	0.138
2.469	0.5747	0.234
2.47	0.4076	0.258
2.471	0.0734	0.184
2.472	0.2131	0.208
2.473	0.4925	0.159
2.474	0.4925	-0.014
2.475	0.4925	-0.075
2.476	0.4925	-0.162
2.477	0.4925	-0.284
2.478	0.4925	-0.276
2.479	0.4925	-0.238
2.48	0.4925	-0.230
2.481	0.4925	-0.131
2.482	0.4925	0.008
2.483	0.4925	0.051
2.484	0.4925	0.131
2.485	0.3431	0.250
2.486	0.0444	0.206
2.487	0.0444	0.226
2.488	0.2130	0.262
2.489	0.5503	0.143
2.49	0.5503	0.042
2.491	0.5503	0.003
2.492	0.5503	-0.105
2.493	0.5503	-0.218
2.494	0.5503	-0.218
2.495	0.5503	-0.269
2.496	0.5503	-0.289
2.497	0.5503	-0.158
2.498	0.5503	-0.111
2.499	0.5503	-0.058
2.5	0.5503	0.100
2.501	0.5503	0.173
2.502	0.5503	0.188
2.503	0.5466	0.260
2.504	0.5391	0.247
2.505	0.5391	0.171
2.506	0.5391	0.157
2.507	0.5391	0.087
2.508	0.5391	-0.103
2.509	0.5391	-0.142
2.51	0.5391	-0.180
2.511	0.5391	-0.276
2.512	0.5391	-0.279
2.513	0.5391	-0.212
2.514	0.5391	-0.193
2.515	0.5391	-0.088
2.516	0.5391	0.044
2.517	0.5391	0.075
2.518	0.5391	0.122
2.519	0.3668	0.240
2.52	0.0222	0.218
2.521	0.1853	0.232
2.522	0.5116	0.218
2.523	0.5116	0.110
2.524	0.5116	-0.013
2.525	0.5116	-0.063
2.526	0.5116	-0.178
2.527	0.5116	-0.280
2.528	0.5019	-0.263
2.529	0.4825	-0.274
2.53	0.4825	-0.251
2.531	0.4825	-0.099
2.532	0.4825	-0.015
2.533	0.4825	0.003
2.534	0.4825	0.140
2.535	0.4825	0.208
2.536	0.4825	0.201
2.537	0.5155	0.273
2.538	0.5816	0.249
2.539	0.5816	0.151
2.54	0.5816	0.129
2.541	0.5816	0.007
2.542	0.5816	-0.142
2.543	0.5816	-0.197
2.544	0.5816	-0.228
2.545	0.5816	-0.308
2.546	0.5816	-0.244
2.547	0.5816	-0.146
2.548	0.5816	-0.105
2.549	0.5816	0.022
2.55	0.5816	0.134
2.551	0.5816	0.160
2.552	0.5816	0.231
2.553	0.5916	0.311
2.554	0.6116	0.243
2.555	0.6116	0.191
2.556	0.6116	0.184
2.557	0.6116	0.037
2.558	0.6116	-0.079
2.559	0.6116	-0.099
2.56	0.6116	-0.243
2.561	0.6116	-0.301
2.562	0.6116	-0.246
2.563	0.6116	-0.248
2.564	0.6116	-0.191
2.565	0.6116	-0.033
2.566	0.6116	0.039
2.567	0.6116	0.077
2.568	0.6116	0.211
2.569	0.4265	0.230
2.57	0.0563	0.174
2.571	0.2107	0.220
2.572	0.5197	0.191
2.573	0.5197	0.075
2.574	0.5197	0.011
2.575	0.5197	-0.090
2.576	0.5197	-0.223
2.577	0.5197	-0.222
2.578	0.5197	-0.248
2.579	0.5197	-0.287
2.58	0.5197	-0.192
2.581	0.5197	-0.106
2.582	0.5197	-0.073
2.583	0.5197	0.047
2.584	0.5197	0.185
2.585	0.5197	0.179
2.586	0.5197	0.233
2.587	0.5542	0.304
2.588	0.6231	0.228
2.589	0.6231	0.177
2.59	0.6231	0.117
2.591	0.6231	-0.061
2.592	0.6231	-0.181
2.593	0.6231	-0.197
2.594	0.6231	-0.291
2.595	0.6231	-0.319
2.596	0.6231	-0.206
2.597	0.6231	-0.183
2.598	0.6231	-0.112
2.599	0.6231	0.063
2.6	0.6231	0.123
2.601	0.6231	0.146
2.602	0.6231	0.288
2.603	0.4367	0.291
2.604	0.0637	0.228
2.605	0.2190	0.238
2.606	0.5294	0.183
2.607	0.5294	0.037
2.608	0.5294	-0.056
2.609	0.5294	-0.136
2.61	0.5294	-0.271
2.611	0.5294	-0.291
2.612	0.5294	-0.287
2.613	0.5294	-0.261
2.614	0.5294	-0.160
2.615	0.5294	-0.037
2.616	0.5294	0.027
2.617	0.5294	0.123
2.618	0.5294	0.202
2.619	0.5294	0.206
2.62	0.5294	0.228
2.621	0.5532	0.242
2.622	0.6009	0.158
2.623	0.6009	0.079
2.624	0.6009	0.027
2.625	0.6009	-0.098
2.626	0.6009	-0.198
2.627	0.6009	-0.223
2.628	0.6009	-0.302
2.629	0.6009	-0.306
2.63	0.6009	-0.188
2.631	0.6009	-0.133
2.632	0.6009	-0.073
2.633	0.6009	0.098
2.634	0.6009	0.131
2.635	0.6009	0.170
2.636	0.6009	0.295
2.637	0.5943	0.297
2.638	0.5809	0.195
2.639	0.5809	0.199
2.64	0.5809	0.104
2.641	0.5809	-0.051
2.642	0.5809	-0.084
2.643	0.5809	-0.173
2.644	0.5809	-0.284
2.645	0.5809	-0.272
2.646	0.5809	-0.224
2.647	0.5809	-0.222
2.648	0.5809	-0.121
2.649	0.5809	0.018
2.65	0.5809	0.049
2.651	0.5809	0.159
2.652	0.3975	0.263
2.653	0.0306	0.233
2.654	0.0306	0.253
2.655	0.1921	0.269
2.656	0.5150	0.145
2.657	0.5150	0.020
2.658	0.5150	-0.020
2.659	0.5150	-0.144
2.66	0.5150	-0.246
2.661	0.5031	-0.231
2.662	0.4794	-0.267
2.663	0.4794	-0.222
2.664	0.4794	-0.098
2.665	0.4794	-0.052
2.666	0.4794	0.011
2.667	0.4794	0.136
2.668	0.4794	0.204
2.669	0.4794	0.212
2.67	0.5325	0.304
2.671	0.6388	0.241
2.672	0.6388	0.133
2.673	0.6388	0.127
2.674	0.6388	0.014
2.675	0.6388	-0.144
2.676	0.6388	-0.150
2.677	0.6388	-0.228
2.678	0.6388	-0.335
2.679	0.6388	-0.264
2.68	0.6388	-0.190
2.681	0.6388	-0.186
2.682	0.6388	-0.045
2.683	0.4600	0.093
2.684	0.1025	0.082
2.685	0.1025	0.184
2.686	0.0799	0.241
2.687	0.0347	0.206
2.688	0.0347	0.214
2.689	0.1922	0.228
2.69	0.5072	0.089
2.691	0.5072	-0.033
2.692	0.5072	-0.078
2.693	0.5072	-0.210
2.694	0.5072	-0.265
2.695	0.5072	-0.237
2.696	0.5072	-0.239
2.697	0.5072	-0.194
2.698	0.5072	-0.070
2.699	0.5072	-0.016
2.7	0.5072	0.057
2.701	0.5072	0.208
2.702	0.5072	0.242
2.703	0.5072	0.237
2.704	0.5474	0.284
2.705	0.6278	0.241
2.706	0.6278	0.130
2.707	0.6278	0.092
2.708	0.6278	-0.048
2.709	0.6278	-0.193
2.71	0.6278	-0.213
2.711	0.6278	-0.277
2.712	0.6278	-0.343
2.713	0.6278	-0.221
2.714	0.6278	-0.154
2.715	0.6278	-0.135
2.716	0.6278	0.028
2.717	0.6278	0.146
2.718	0.6278	0.161
2.719	0.6278	0.257
2.72	0.6309	0.321
2.721	0.6372	0.236
2.722	0.6372	0.198
2.723	0.6372	0.171
2.724	0.6372	-0.006
2.725	0.6372	-0.089
2.726	0.6372	-0.135
2.727	0.6372	-0.273
2.728	0.6372	-0.316
2.729	0.6372	-0.243
2.73	0.6372	-0.226
2.731	0.6372	-0.185
2.732	0.6372	-0.026
2.733	0.6372	0.048
2.734	0.6372	0.104
2.735	0.4416	0.236
2.736	0.0503	0.216
2.737	0.0503	0.186
2.738	0.2148	0.233
2.739	0.5438	0.159
2.74	0.5438	0.043
2.741	0.5438	0.001
2.742	0.5438	-0.107
2.743	0.5438	-0.244
2.744	0.5438	-0.244
2.745	0.5438	-0.266
2.746	0.5438	-0.270
2.747	0.5438	-0.152
2.748	0.5438	-0.073
2.749	0.5438	-0.032
2.75	0.5438	0.098
2.751	0.5438	0.194
2.752	0.5438	0.212
2.753	0.5438	0.274
2.754	0.5700	0.307
2.755	0.6225	0.216
2.756	0.6225	0.172
2.757	0.6225	0.075
2.758	0.6225	-0.104
2.759	0.6225	-0.195
2.76	0.6225	-0.216
2.761	0.6225	-0.310
2.762	0.6225	-0.316
2.763	0.6225	-0.199
2.764	0.6225	-0.176
2.765	0.6225	-0.097
2.766	0.6225	0.069
2.767	0.6225	0.119
2.768	0.6225	0.154
2.769	0.4339	0.271
2.77	0.0566	0.267
2.771	0.0566	0.214
2.772	0.2105	0.233
2.773	0.5184	0.129
2.774	0.5184	-0.046
2.775	0.5184	-0.065
2.776	0.5184	-0.147
2.777	0.5184	-0.279
2.778	0.5184	-0.252
2.779	0.5184	-0.223
2.78	0.5184	-0.222
2.781	0.5184	-0.101
2.782	0.5184	0.009
2.783	0.5184	0.021
2.784	0.5184	0.157
2.785	0.5184	0.239
2.786	0.5184	0.237
2.787	0.5388	0.263
2.788	0.5794	0.259
2.789	0.5794	0.158
2.79	0.5794	0.083
2.791	0.5794	0.020
2.792	0.5794	-0.126
2.793	0.5794	-0.212
2.794	0.5794	-0.255
2.795	0.5794	-0.316
2.796	0.5794	-0.266
2.797	0.5794	-0.148
2.798	0.5794	-0.103
2.799	0.5794	-0.017
2.8	0.5794	0.138
2.801	0.5794	0.183
2.802	0.5794	0.211
2.803	0.4221	0.294
2.804	0.1075	0.253
2.805	0.1075	0.187
2.806	0.2557	0.222
2.807	0.5522	0.092
2.808	0.5522	-0.075
2.809	0.5522	-0.120
2.81	0.5522	-0.223
2.811	0.5522	-0.331
2.812	0.5522	-0.273
2.813	0.5522	-0.220
2.814	0.5522	-0.206
2.815	0.5522	-0.068
2.816	0.5522	0.079
2.817	0.5522	0.106
2.818	0.5522	0.221
2.819	0.5609	0.294
2.82	0.5784	0.215
2.821	0.5784	0.218
2.822	0.5784	0.219
2.823	0.5784	0.076
2.824	0.5784	-0.021
2.825	0.5784	-0.087
2.826	0.5784	-0.219
2.827	0.5784	-0.284
2.828	0.5534	-0.273
2.829	0.5034	-0.291
2.83	0.5034	-0.227
2.831	0.5034	-0.113
2.832	0.5034	-0.058
2.833	0.5034	0.040
2.834	0.5034	0.175
2.835	0.5034	0.197
2.836	0.5034	0.212
2.837	0.5434	0.281
2.838	0.6234	0.247
2.839	0.6234	0.153
2.84	0.6234	0.117
2.841	0.6234	-0.013
2.842	0.6234	-0.158
2.843	0.6234	-0.191
2.844	0.6234	-0.272
2.845	0.6234	-0.343
2.846	0.6234	-0.251
2.847	0.6234	-0.197
2.848	0.6234	-0.167
2.849	0.6234	-0.002
2.85	0.6234	0.125
2.851	0.6234	0.117
2.852	0.6234	0.193
2.853	0.5985	0.253
2.854	0.5487	0.217
2.855	0.5487	0.198
2.856	0.5487	0.176
2.857	0.5487	0.003
2.858	0.5487	-0.098
2.859	0.5487	-0.117
2.86	0.5487	-0.252
2.861	0.5487	-0.295
2.862	0.5487	-0.245
2.863	0.5487	-0.249
2.864	0.5487	-0.179
2.865	0.5487	-0.047
2.866	0.5487	0.043
2.867	0.5487	0.096
2.868	0.3724	0.242
2.869	0.0197	0.225
2.87	0.0197	0.222
2.871	0.2083	0.289
2.872	0.5856	0.223
2.873	0.5856	0.104
2.874	0.5856	0.045
2.875	0.5856	-0.094
2.876	0.5856	-0.216
2.877	0.5856	-0.234
2.878	0.5856	-0.270
2.879	0.5856	-0.297
2.88	0.5856	-0.174
2.881	0.5856	-0.137
2.882	0.5856	-0.069
2.883	0.5856	0.082
2.884	0.5856	0.154
2.885	0.5856	0.189
2.886	0.5856	0.261
2.887	0.5854	0.294
2.888	0.5850	0.214
2.889	0.5850	0.196
2.89	0.5850	0.131
2.891	0.5850	-0.036
2.892	0.5850	-0.123
2.893	0.5850	-0.160
2.894	0.5850	-0.267
2.895	0.5850	-0.291
2.896	0.5850	-0.214
2.897	0.5850	-0.188
2.898	0.5850	-0.118
2.899	0.5850	0.029
2.9	0.5850	0.087
2.901	0.5850	0.133
2.902	0.4047	0.266
2.903	0.0441	0.258
2.904	0.0441	0.222
2.905	0.2086	0.252
2.906	0.5378	0.163
2.907	0.5378	0.021
2.908	0.5378	-0.031
2.909	0.5378	-0.140
2.91	0.5378	-0.277
2.911	0.5378	-0.276
2.912	0.5378	-0.286
2.913	0.5378	-0.260
2.914	0.5378	-0.136
2.915	0.5378	-0.049
2.916	0.5378	-0.001
2.917	0.5378	0.135
2.918	0.3795	0.205
2.919	0.0628	0.180
2.92	0.0628	0.242
2.921	0.2299	0.258
2.922	0.5641	0.182
2.923	0.5641	0.157
2.924	0.5641	0.069
2.925	0.5641	-0.099
2.926	0.5641	-0.165
2.927	0.5641	-0.219
2.928	0.5641	-0.307
2.929	0.5641	-0.306
2.93	0.5641	-0.183
2.931	0.5641	-0.141
2.932	0.5641	-0.039
2.933	0.5641	0.107
2.934	0.5641	0.127
2.935	0.5641	0.182
2.936	0.4030	0.272
2.937	0.0809	0.246
2.938	0.0809	0.191
2.939	0.2252	0.205
2.94	0.5138	0.090
2.941	0.5138	-0.061
2.942	0.5138	-0.085
2.943	0.5138	-0.205
2.944	0.5138	-0.309
2.945	0.5138	-0.292
2.946	0.5138	-0.264
2.947	0.5138	-0.248
2.948	0.5138	-0.099
2.949	0.5138	0.021
2.95	0.5138	0.040
2.951	0.5138	0.187
2.952	0.3570	0.244
2.953	0.0434	0.202
2.954	0.0434	0.245
2.955	0.2158	0.249
2.956	0.5606	0.118
2.957	0.5606	0.052
2.958	0.5606	-0.049
2.959	0.5606	-0.184
2.96	0.5606	-0.248
2.961	0.5606	-0.248
2.962	0.5606	-0.312
2.963	0.5606	-0.242
2.964	0.5606	-0.120
2.965	0.5606	-0.080
2.966	0.5606	0.006
2.967	0.5606	0.150
2.968	0.5606	0.193
2.969	0.5606	0.218
2.97	0.4152	0.283
2.971	0.1244	0.221
2.972	0.1244	0.159
2.973	0.2775	0.175
2.974	0.5838	0.019
2.975	0.5838	-0.114
2.976	0.5838	-0.131
2.977	0.5838	-0.247
2.978	0.5838	-0.335
2.979	0.5838	-0.278
2.98	0.5838	-0.223
2.981	0.5838	-0.186
2.982	0.5838	-0.002
2.983	0.5838	0.091
2.984	0.5838	0.131
2.985	0.5838	0.249
2.986	0.4033	0.273
2.987	0.0425	0.230
2.988	0.2027	0.258
2.989	0.5231	0.248
2.99	0.5231	0.077
2.991	0.5231	-0.003
2.992	0.5231	-0.071
2.993	0.5231	-0.205
2.994	0.5231	-0.247
2.995	0.5231	-0.261
2.996	0.5231	-0.266
2.997	0.5231	-0.188
2.998	0.5231	-0.082
2.999	0.5231	-0.013
3	0.5231	0.087
3.001	0.5231	0.194
3.002	0.5231	0.206
3.003	0.5231	0.218
3.004	0.5571	0.302
3.005	0.6250	0.215
3.006	0.6250	0.116
3.007	0.6250	0.069
3.008	0.6250	-0.066
3.009	0.6250	-0.182
3.01	0.6250	-0.206
3.011	0.6250	-0.284
3.012	0.6250	-0.323
3.013	0.6250	-0.174
3.014	0.6250	-0.128
3.015	0.6250	-0.115
3.016	0.6250	0.043
3.017	0.6250	0.132
3.018	0.6250	0.156
3.019	0.6250	0.238
3.02	0.6054	0.286
3.021	0.5662	0.221
3.022	0.5662	0.217
3.023	0.5662	0.169
3.024	0.5662	-0.009
3.025	0.5662	-0.090
3.026	0.5662	-0.152
3.027	0.5662	-0.260
3.028	0.5662	-0.281
3.029	0.5662	-0.231
3.03	0.5662	-0.212
3.031	0.5662	-0.146
3.032	0.5662	-0.008
3.033	0.5662	0.041
3.034	0.5662	0.086
3.035	0.5662	0.215
3.036	0.5662	0.227
3.037	0.5662	0.244
3.038	0.5687	0.252
3.039	0.5738	0.184
3.04	0.5738	0.081
3.041	0.5738	-0.009
3.042	0.5738	-0.134
3.043	0.5738	-0.257
3.044	0.5738	-0.255
3.045	0.5738	-0.297
3.046	0.5738	-0.292
3.047	0.5738	-0.172
3.048	0.5738	-0.096
3.049	0.5738	-0.043
3.05	0.5738	0.113
3.051	0.5738	0.171
3.052	0.5738	0.186
3.053	0.5738	0.276
3.054	0.5916	0.289
3.055	0.6272	0.190
3.056	0.6272	0.172
3.057	0.6272	0.080
3.058	0.6272	-0.089
3.059	0.6272	-0.161
3.06	0.6272	-0.228
3.061	0.6272	-0.338
3.062	0.6272	-0.325
3.063	0.6272	-0.208
3.064	0.6272	-0.177
3.065	0.6272	-0.083
3.066	0.6272	0.067
3.067	0.6272	0.089
3.068	0.6272	0.169
3.069	0.4414	0.278
3.07	0.0697	0.241
3.071	0.0697	0.208
3.072	0.2117	0.223
3.073	0.4956	0.149
3.074	0.4956	0.002
3.075	0.4956	-0.048
3.076	0.4956	-0.170
3.077	0.4956	-0.264
3.078	0.4956	-0.258
3.079	0.4956	-0.272
3.08	0.4956	-0.244
3.081	0.4956	-0.102
3.082	0.4956	-0.013
3.083	0.4956	0.043
3.084	0.4956	0.163
3.085	0.3441	0.213
3.086	0.0409	0.172
3.087	0.2145	0.242
3.088	0.5616	0.219
3.089	0.5616	0.126
3.09	0.5616	0.097
3.091	0.5616	-0.027
3.092	0.5616	-0.168
3.093	0.5616	-0.183
3.094	0.5616	-0.241
3.095	0.5616	-0.320
3.096	0.5616	-0.253
3.097	0.5616	-0.145
3.098	0.5616	-0.106
3.099	0.5616	0.005
3.1	0.5616	0.134
3.101	0.5616	0.168
3.102	0.5616	0.219
3.103	0.5821	0.288
3.104	0.6231	0.245
3.105	0.6231	0.196
3.106	0.6231	0.194
3.107	0.6231	0.060
3.108	0.6231	-0.079
3.109	0.6231	-0.118
3.11	0.6231	-0.248
3.111	0.6231	-0.335
3.112	0.6231	-0.250
3.113	0.6231	-0.225
3.114	0.6231	-0.200
3.115	0.6231	-0.064
3.116	0.6231	0.059
3.117	0.6231	0.092
3.118	0.6231	0.233
3.119	0.4330	0.267
3.12	0.0528	0.214
3.121	0.2054	0.243
3.122	0.5106	0.216
3.123	0.5106	0.079
3.124	0.5106	-0.006
3.125	0.5106	-0.066
3.126	0.5106	-0.193
3.127	0.5106	-0.237
3.128	0.5106	-0.242
3.129	0.5106	-0.267
3.13	0.5106	-0.197
3.131	0.5106	-0.090
3.132	0.5106	-0.045
3.133	0.5106	0.069
3.134	0.5106	0.195
3.135	0.5106	0.213
3.136	0.5106	0.223
3.137	0.5482	0.293
3.138	0.6234	0.214
3.139	0.6234	0.158
3.14	0.6234	0.108
3.141	0.6234	-0.043
3.142	0.6234	-0.160
3.143	0.6234	-0.167
3.144	0.6234	-0.265
3.145	0.6234	-0.330
3.146	0.6234	-0.247
3.147	0.6234	-0.207
3.148	0.6234	-0.170
3.149	0.6234	0.015
3.15	0.6234	0.098
3.151	0.6234	0.128
3.152	0.6234	0.264
3.153	0.4366	0.278
3.154	0.0628	0.215
3.155	0.2123	0.248
3.156	0.5113	0.207
3.157	0.5113	0.048
3.158	0.5113	-0.052
3.159	0.5113	-0.105
3.16	0.5113	-0.263
3.161	0.5113	-0.261
3.162	0.5113	-0.239
3.163	0.5113	-0.239
3.164	0.5113	-0.161
3.165	0.5113	-0.042
3.166	0.5113	0.000
3.167	0.5113	0.102
3.168	0.3443	0.227
3.169	0.0103	0.217
3.17	0.0103	0.225
3.171	0.1833	0.259
3.172	0.5294	0.190
3.173	0.5294	0.115
3.174	0.5294	0.064
3.175	0.5294	-0.085
3.176	0.5294	-0.203
3.177	0.5294	-0.199
3.178	0.5294	-0.237
3.179	0.5294	-0.270
3.18	0.5294	-0.177
3.181	0.5294	-0.149
3.182	0.5294	-0.080
3.183	0.5294	0.078
3.184	0.5294	0.135
3.185	0.5294	0.158
3.186	0.5294	0.247
3.187	0.5486	0.259
3.188	0.5872	0.193
3.189	0.5872	0.199
3.19	0.5872	0.109
3.191	0.5872	-0.070
3.192	0.5872	-0.121
3.193	0.5872	-0.184
3.194	0.5872	-0.317
3.195	0.5872	-0.328
3.196	0.5872	-0.232
3.197	0.5872	-0.205
3.198	0.5872	-0.105
3.199	0.5872	0.049
3.2	0.5872	0.081
3.201	0.5872	0.158
3.202	0.3995	0.265
3.203	0.0241	0.243
3.204	0.0241	0.267
3.205	0.2016	0.278
3.206	0.5566	0.175
3.207	0.5566	0.050
3.208	0.5566	0.006
3.209	0.5566	-0.137
3.21	0.5566	-0.251
3.211	0.5566	-0.259
3.212	0.5566	-0.279
3.213	0.5566	-0.246
3.214	0.5566	-0.120
3.215	0.5566	-0.076
3.216	0.5566	0.001
3.217	0.5566	0.144
3.218	0.5566	0.173
3.219	0.5566	0.192
3.22	0.5802	0.281
3.221	0.6275	0.257
3.222	0.6275	0.154
3.223	0.6275	0.139
3.224	0.6275	0.030
3.225	0.6275	-0.130
3.226	0.6275	-0.200
3.227	0.6275	-0.262
3.228	0.6275	-0.347
3.229	0.6275	-0.260
3.23	0.6275	-0.162
3.231	0.6275	-0.160
3.232	0.6275	-0.035
3.233	0.6275	0.074
3.234	0.6275	0.116
3.235	0.6275	0.200
3.236	0.4482	0.302
3.237	0.0897	0.246
3.238	0.0897	0.212
3.239	0.2454	0.241
3.24	0.5569	0.094
3.241	0.5569	-0.046
3.242	0.5569	-0.091
3.243	0.5569	-0.220
3.244	0.5569	-0.316
3.245	0.5283	-0.271
3.246	0.4712	-0.290
3.247	0.4712	-0.222
3.248	0.4712	-0.053
3.249	0.4712	0.008
3.25	0.4712	0.037
3.251	0.4712	0.181
3.252	0.3206	0.213
3.253	0.0194	0.194
3.254	0.2082	0.276
3.255	0.5859	0.233
3.256	0.5859	0.141
3.257	0.5859	0.086
3.258	0.5859	-0.024
3.259	0.5859	-0.155
3.26	0.5859	-0.220
3.261	0.5859	-0.259
3.262	0.5859	-0.310
3.263	0.5859	-0.224
3.264	0.5859	-0.120
3.265	0.5859	-0.091
3.266	0.5859	0.029
3.267	0.5859	0.130
3.268	0.5859	0.152
3.269	0.5859	0.217
3.27	0.5893	0.280
3.271	0.5959	0.208
3.272	0.5959	0.175
3.273	0.5959	0.173
3.274	0.5959	0.007
3.275	0.5959	-0.117
3.276	0.5959	-0.151
3.277	0.5959	-0.261
3.278	0.5959	-0.316
3.279	0.5959	-0.225
3.28	0.5959	-0.200
3.281	0.5959	-0.169
3.282	0.5959	0.009
3.283	0.5959	0.062
3.284	0.5959	0.092
3.285	0.5959	0.222
3.286	0.4114	0.246
3.287	0.0422	0.203
3.288	0.2149	0.269
3.289	0.5603	0.210
3.29	0.5603	0.058
3.291	0.5603	-0.009
3.292	0.5603	-0.095
3.293	0.5603	-0.218
3.294	0.5603	-0.226
3.295	0.5603	-0.239
3.296	0.5603	-0.291
3.297	0.5603	-0.173
3.298	0.5603	-0.077
3.299	0.5603	-0.050
3.3	0.5603	0.089
3.301	0.5603	0.181
3.302	0.5603	0.181
3.303	0.5603	0.212
3.304	0.5701	0.299
3.305	0.5897	0.217
3.306	0.5897	0.148
3.307	0.5897	0.083
3.308	0.5897	-0.073
3.309	0.5897	-0.154
3.31	0.5897	-0.197
3.311	0.5897	-0.286
3.312	0.5897	-0.291
3.313	0.5897	-0.173
3.314	0.5897	-0.134
3.315	0.5897	-0.077
3.316	0.5897	0.100
3.317	0.5897	0.119
3.318	0.5897	0.156
3.319	0.4131	0.278
3.32	0.0600	0.268
3.321	0.0600	0.218
3.322	0.2132	0.240
3.323	0.5197	0.139
3.324	0.5197	-0.042
3.325	0.5197	-0.082
3.326	0.5197	-0.157
3.327	0.5197	-0.273
3.328	0.5197	-0.273
3.329	0.5197	-0.270
3.33	0.5197	-0.248
3.331	0.5197	-0.133
3.332	0.5197	-0.023
3.333	0.5197	0.036
3.334	0.5197	0.154
3.335	0.5197	0.240
3.336	0.5197	0.247
3.337	0.5251	0.258
3.338	0.5359	0.258
3.339	0.5359	0.138
3.34	0.5359	0.088
3.341	0.5359	0.042
3.342	0.5359	-0.121
3.343	0.5359	-0.194
3.344	0.5359	-0.222
3.345	0.5359	-0.278
3.346	0.5359	-0.272
3.347	0.5359	-0.148
3.348	0.5359	-0.126
3.349	0.5359	-0.046
3.35	0.5359	0.113
3.351	0.5359	0.143
3.352	0.5359	0.173
3.353	0.5359	0.258
3.354	0.5550	0.261
3.355	0.5931	0.169
3.356	0.5931	0.165
3.357	0.5931	0.033
3.358	0.5931	-0.109
3.359	0.5931	-0.137
3.36	0.5931	-0.219
3.361	0.5931	-0.333
3.362	0.5931	-0.306
3.363	0.5931	-0.196
3.364	0.5931	-0.190
3.365	0.5931	-0.067
3.366	0.5931	0.045
3.367	0.5931	0.070
3.368	0.5931	0.177
3.369	0.4056	0.241
3.37	0.0306	0.211
3.371	0.1866	0.235
3.372	0.4984	0.234
3.373	0.4984	0.094
3.374	0.4984	-0.022
3.375	0.4984	-0.061
3.376	0.4984	-0.188
3.377	0.4984	-0.264
3.378	0.4998	-0.235
3.379	0.5025	-0.284
3.38	0.5025	-0.252
3.381	0.5025	-0.114
3.382	0.5025	-0.048
3.383	0.5025	0.026
3.384	0.5025	0.154
3.385	0.5025	0.213
3.386	0.5025	0.219
3.387	0.5272	0.274
3.388	0.5766	0.231
3.389	0.5766	0.146
3.39	0.5766	0.111
3.391	0.5766	-0.021
3.392	0.5766	-0.174
3.393	0.5766	-0.184
3.394	0.5766	-0.250
3.395	0.5766	-0.303
3.396	0.5766	-0.227
3.397	0.5766	-0.167
3.398	0.5766	-0.145
3.399	0.5766	0.004
3.4	0.5766	0.115
3.401	0.5766	0.118
3.402	0.5766	0.220
3.403	0.5766	0.279
3.404	0.5766	0.226
3.405	0.5766	0.232
3.406	0.5766	0.182
3.407	0.5766	0.024
3.408	0.5766	-0.070
3.409	0.5766	-0.114
3.41	0.5766	-0.241
3.411	0.5766	-0.297
3.412	0.5766	-0.267
3.413	0.5766	-0.249
3.414	0.5766	-0.179
3.415	0.5766	-0.029
3.416	0.5766	0.046
3.417	0.5766	0.101
3.418	0.3886	0.220
3.419	0.0128	0.208
3.42	0.0128	0.208
3.421	0.1995	0.273
3.422	0.5728	0.203
3.423	0.5728	0.082
3.424	0.5728	0.044
3.425	0.5728	-0.064
3.426	0.5728	-0.181
3.427	0.5728	-0.206
3.428	0.5728	-0.258
3.429	0.5728	-0.291
3.43	0.5728	-0.151
3.431	0.5728	-0.094
3.432	0.5728	-0.068
3.433	0.5728	0.094
3.434	0.5728	0.186
3.435	0.5728	0.204
3.436	0.5728	0.282
3.437	0.5739	0.284
3.438	0.5759	0.204
3.439	0.5759	0.176
3.44	0.5759	0.130
3.441	0.5759	-0.059
3.442	0.5759	-0.145
3.443	0.5759	-0.162
3.444	0.5759	-0.291
3.445	0.5759	-0.292
3.446	0.5759	-0.218
3.447	0.5759	-0.196
3.448	0.5759	-0.150
3.449	0.5759	0.005
3.45	0.5759	0.079
3.451	0.5759	0.117
3.452	0.5759	0.243
3.453	0.3939	0.251
3.454	0.0297	0.222
3.455	0.2049	0.289
3.456	0.5553	0.198
3.457	0.5553	0.033
3.458	0.5553	-0.018
3.459	0.5553	-0.127
3.46	0.5553	-0.266
3.461	0.4957	-0.251
3.462	0.3766	-0.261
3.463	0.3766	-0.272
3.464	0.3766	-0.161
3.465	0.3766	-0.059
3.466	0.3766	-0.023
3.467	0.3766	0.104
3.468	0.2548	0.189
3.469	0.0112	0.177
3.47	0.1897	0.245
3.471	0.5466	0.241
3.472	0.5466	0.155
3.473	0.5466	0.125
3.474	0.5466	0.041
3.475	0.5466	-0.126
3.476	0.5466	-0.185
3.477	0.5466	-0.210
3.478	0.5466	-0.289
3.479	0.5466	-0.301
3.48	0.5466	-0.180
3.481	0.5466	-0.160
3.482	0.5466	-0.067
3.483	0.5466	0.100
3.484	0.5466	0.149
3.485	0.5466	0.188
3.486	0.3965	0.288
3.487	0.0963	0.256
3.488	0.0963	0.192
3.489	0.2316	0.202
3.49	0.5022	0.092
3.491	0.5022	-0.069
3.492	0.5022	-0.097
3.493	0.5022	-0.203
3.494	0.5022	-0.300
3.495	0.5022	-0.263
3.496	0.5022	-0.248
3.497	0.5022	-0.231
3.498	0.5022	-0.085
3.499	0.5022	0.043
3.5	0.5022	0.062
3.501	0.5022	0.181
3.502	0.3526	0.249
3.503	0.0534	0.196
3.504	0.2139	0.244
3.505	0.5347	0.234
3.506	0.5347	0.129
3.507	0.5347	0.059
3.508	0.5347	-0.027
3.509	0.5347	-0.182
3.51	0.5347	-0.238
3.511	0.5347	-0.248
3.512	0.5347	-0.291
3.513	0.5347	-0.233
3.514	0.5347	-0.112
3.515	0.5347	-0.088
3.516	0.5347	0.025
3.517	0.5347	0.163
3.518	0.5347	0.200
3.519	0.5347	0.218
3.52	0.5640	0.288
3.521	0.6225	0.257
3.522	0.6225	0.198
3.523	0.6225	0.193
3.524	0.6225	0.028
3.525	0.6225	-0.129
3.526	0.6225	-0.134
3.527	0.6225	-0.243
3.528	0.6225	-0.334
3.529	0.6225	-0.220
3.53	0.5527	-0.156
3.531	0.4131	-0.173
3.532	0.4131	-0.008
3.533	0.4131	0.111
3.534	0.4131	0.119
3.535	0.4131	0.241
3.536	0.4574	0.280
3.537	0.5459	0.208
3.538	0.5459	0.212
3.539	0.5459	0.203
3.54	0.5459	0.056
3.541	0.5459	-0.025
3.542	0.5459	-0.095
3.543	0.5459	-0.236
3.544	0.5459	-0.266
3.545	0.5308	-0.243
3.546	0.5006	-0.273
3.547	0.5006	-0.206
3.548	0.5006	-0.048
3.549	0.5006	0.023
3.55	0.5006	0.094
3.551	0.5006	0.200
3.552	0.5006	0.220
3.553	0.5006	0.228
3.554	0.5440	0.296
3.555	0.6306	0.212
3.556	0.6306	0.116
3.557	0.6306	0.096
3.558	0.6306	-0.019
3.559	0.6306	-0.187
3.56	0.6306	-0.203
3.561	0.6306	-0.261
3.562	0.6306	-0.334
3.563	0.6306	-0.234
3.564	0.6306	-0.173
3.565	0.6306	-0.123
3.566	0.6306	0.020
3.567	0.6306	0.117
3.568	0.6306	0.168
3.569	0.6306	0.248
3.57	0.6120	0.274
3.571	0.5747	0.204
3.572	0.5747	0.186
3.573	0.5747	0.151
3.574	0.5747	-0.009
3.575	0.5747	-0.078
3.576	0.5747	-0.132
3.577	0.5747	-0.250
3.578	0.5747	-0.301
3.579	0.5747	-0.234
3.58	0.5747	-0.228
3.581	0.5747	-0.163
3.582	0.5747	-0.023
3.583	0.5747	0.019
3.584	0.5747	0.094
3.585	0.5747	0.212
3.586	0.5747	0.206
3.587	0.5747	0.205
3.588	0.5728	0.230
3.589	0.5691	0.176
3.59	0.5691	0.057
3.591	0.5691	0.011
3.592	0.5691	-0.081
3.593	0.5691	-0.224
3.594	0.5691	-0.239
3.595	0.5691	-0.287
3.596	0.5691	-0.301
3.597	0.5691	-0.168
3.598	0.5691	-0.103
3.599	0.5691	-0.060
3.6	0.5691	0.112
3.601	0.5691	0.180
3.602	0.5691	0.192
3.603	0.5691	0.268
3.604	0.5740	0.274
3.605	0.5838	0.178
3.606	0.5838	0.151
3.607	0.5838	0.075
3.608	0.5838	-0.105
3.609	0.5838	-0.177
3.61	0.5838	-0.216
3.611	0.5838	-0.300
3.612	0.5838	-0.310
3.613	0.5838	-0.212
3.614	0.5838	-0.184
3.615	0.5838	-0.073
3.616	0.5838	0.072
3.617	0.5838	0.093
3.618	0.5838	0.161
3.619	0.4089	0.263
3.62	0.0591	0.261
3.621	0.0591	0.204
3.622	0.2117	0.230
3.623	0.5169	0.116
3.624	0.5169	-0.006
3.625	0.5169	-0.024
3.626	0.5169	-0.162
3.627	0.5169	-0.287
3.628	0.5169	-0.246
3.629	0.5169	-0.237
3.63	0.5169	-0.239
3.631	0.5169	-0.133
3.632	0.5169	-0.010
3.633	0.5169	0.043
3.634	0.5169	0.159
3.635	0.5169	0.224
3.636	0.5169	0.223
3.637	0.5463	0.279
3.638	0.6050	0.253
3.639	0.6050	0.151
3.64	0.6050	0.098
3.641	0.6050	0.003
3.642	0.6050	-0.136
3.643	0.6050	-0.202
3.644	0.6050	-0.230
3.645	0.6050	-0.326
3.646	0.6050	-0.272
3.647	0.6050	-0.151
3.648	0.6050	-0.116
3.649	0.6050	-0.013
3.65	0.6050	0.123
3.651	0.6050	0.167
3.652	0.6050	0.235
3.653	0.4388	0.300
3.654	0.1063	0.261
3.655	0.1063	0.193
3.656	0.2482	0.215
3.657	0.5322	0.083
3.658	0.5322	-0.067
3.659	0.5322	-0.089
3.66	0.5322	-0.213
3.661	0.5322	-0.317
3.662	0.5322	-0.253
3.663	0.5322	-0.212
3.664	0.5322	-0.197
3.665	0.5322	-0.047
3.666	0.5322	0.069
3.667	0.5322	0.083
3.668	0.5322	0.206
3.669	0.3602	0.257
3.67	0.0163	0.241
3.671	0.1942	0.261
3.672	0.5500	0.244
3.673	0.5500	0.093
3.674	0.5500	0.021
3.675	0.5500	-0.076
3.676	0.5500	-0.212
3.677	0.5500	-0.253
3.678	0.5500	-0.265
3.679	0.5500	-0.289
3.68	0.5500	-0.212
3.681	0.5500	-0.105
3.682	0.5500	-0.036
3.683	0.5500	0.068
3.684	0.5500	0.171
3.685	0.5500	0.173
3.686	0.5500	0.221
3.687	0.5677	0.264
3.688	0.6031	0.211
3.689	0.6031	0.154
3.69	0.6031	0.138
3.691	0.6031	-0.020
3.692	0.6031	-0.159
3.693	0.6031	-0.188
3.694	0.6031	-0.275
3.695	0.6031	-0.339
3.696	0.6031	-0.222
3.697	0.6031	-0.143
3.698	0.6031	-0.125
3.699	0.6031	0.043
3.7	0.6031	0.127
3.701	0.6031	0.135
3.702	0.6031	0.254
3.703	0.4328	0.302
3.704	0.0922	0.210
3.705	0.2393	0.228
3.706	0.5334	0.180
3.707	0.5334	0.014
3.708	0.5334	-0.064
3.709	0.5334	-0.125
3.71	0.5334	-0.241
3.711	0.5334	-0.306
3.712	0.5334	-0.258
3.713	0.5334	-0.237
3.714	0.5334	-0.176
3.715	0.5334	-0.049
3.716	0.5334	0.024
3.717	0.5334	0.083
3.718	0.3676	0.227
3.719	0.0359	0.217
3.72	0.0359	0.191
3.721	0.2148	0.249
3.722	0.5725	0.172
3.723	0.5725	0.076
3.724	0.5725	0.023
3.725	0.5725	-0.116
3.726	0.5725	-0.233
3.727	0.5725	-0.227
3.728	0.5725	-0.289
3.729	0.5725	-0.324
3.73	0.5725	-0.201
3.731	0.5725	-0.129
3.732	0.5725	-0.074
3.733	0.5725	0.091
3.734	0.5725	0.143
3.735	0.5725	0.176
3.736	0.4130	0.283
3.737	0.0941	0.280
3.738	0.0941	0.189
3.739	0.2285	0.202
3.74	0.4975	0.118
3.741	0.4975	-0.064
3.742	0.4975	-0.129
3.743	0.4975	-0.187
3.744	0.4975	-0.296
3.745	0.4975	-0.280
3.746	0.4975	-0.199
3.747	0.4975	-0.182
3.748	0.4975	-0.094
3.749	0.4975	0.055
3.75	0.4975	0.091
3.751	0.4975	0.175
3.752	0.3394	0.265
3.753	0.0231	0.242
3.754	0.0231	0.248
3.755	0.1931	0.271
3.756	0.5331	0.158
3.757	0.5331	0.044
3.758	0.5331	-0.003
3.759	0.5331	-0.116
3.76	0.5331	-0.262
3.761	0.5292	-0.239
3.762	0.5213	-0.256
3.763	0.5213	-0.264
3.764	0.5213	-0.143
3.765	0.5213	-0.073
3.766	0.5213	-0.015
3.767	0.5213	0.135
3.768	0.5213	0.194
3.769	0.5213	0.199
3.77	0.5213	0.258
3.771	0.5410	0.259
3.772	0.5806	0.149
3.773	0.5806	0.119
3.774	0.5806	0.015
3.775	0.5806	-0.113
3.776	0.5806	-0.156
3.777	0.5806	-0.226
3.778	0.5806	-0.321
3.779	0.5806	-0.261
3.78	0.5806	-0.147
3.781	0.5806	-0.125
3.782	0.5806	-0.023
3.783	0.5806	0.102
3.784	0.5806	0.120
3.785	0.5806	0.196
3.786	0.5852	0.277
3.787	0.5944	0.241
3.788	0.5944	0.233
3.789	0.5944	0.236
3.79	0.5944	0.080
3.791	0.5944	-0.067
3.792	0.5944	-0.103
3.793	0.5944	-0.229
3.794	0.5944	-0.318
3.795	0.5944	-0.264
3.796	0.5944	-0.272
3.797	0.5944	-0.235
3.798	0.5944	-0.078
3.799	0.5944	0.020
3.8	0.5944	0.062
3.801	0.5944	0.191
3.802	0.5944	0.222
3.803	0.5944	0.222
3.804	0.5934	0.278
3.805	0.5916	0.237
3.806	0.5916	0.113
3.807	0.5916	0.063
3.808	0.5916	-0.038
3.809	0.5916	-0.179
3.81	0.5916	-0.226
3.811	0.5916	-0.256
3.812	0.5916	-0.314
3.813	0.5916	-0.208
3.814	0.5916	-0.105
3.815	0.5916	-0.101
3.816	0.5916	0.006
3.817	0.5916	0.133
3.818	0.5916	0.157
3.819	0.5916	0.220
3.82	0.6013	0.290
3.821	0.6206	0.244
3.822	0.6206	0.176
3.823	0.6206	0.170
3.824	0.6206	0.020
3.825	0.6206	-0.105
3.826	0.6206	-0.133
3.827	0.6206	-0.264
3.828	0.6206	-0.331
3.829	0.6206	-0.243
3.83	0.6206	-0.203
3.831	0.6206	-0.181
3.832	0.6206	-0.019
3.833	0.6206	0.062
3.834	0.6206	0.116
3.835	0.6206	0.248
3.836	0.4294	0.293
3.837	0.0469	0.247
3.838	0.2169	0.263
3.839	0.5569	0.202
3.84	0.5569	0.043
3.841	0.5569	-0.004
3.842	0.5569	-0.074
3.843	0.5569	-0.256
3.844	0.5569	-0.261
3.845	0.5569	-0.269
3.846	0.5569	-0.294
3.847	0.5569	-0.182
3.848	0.5569	-0.085
3.849	0.5569	-0.038
3.85	0.5569	0.058
3.851	0.5569	0.185
3.852	0.5569	0.197
3.853	0.5569	0.224
3.854	0.5777	0.283
3.855	0.6194	0.208
3.856	0.6194	0.124
3.857	0.6194	0.077
3.858	0.6194	-0.078
3.859	0.6194	-0.176
3.86	0.6194	-0.201
3.861	0.6194	-0.297
3.862	0.6194	-0.337
3.863	0.6194	-0.219
3.864	0.6194	-0.162
3.865	0.6194	-0.092
3.866	0.6194	0.086
3.867	0.6194	0.129
3.868	0.6194	0.151
3.869	0.6194	0.269
3.87	0.6060	0.290
3.871	0.5794	0.206
3.872	0.5794	0.210
3.873	0.5794	0.139
3.874	0.5794	-0.043
3.875	0.5794	-0.072
3.876	0.5794	-0.160
3.877	0.5794	-0.290
3.878	0.5794	-0.289
3.879	0.5794	-0.249
3.88	0.5794	-0.236
3.881	0.5794	-0.134
3.882	0.5794	0.009
3.883	0.5794	0.040
3.884	0.5794	0.142
3.885	0.3963	0.245
3.886	0.0300	0.215
3.887	0.0300	0.220
3.888	0.2017	0.245
3.889	0.5450	0.184
3.89	0.5450	0.069
3.891	0.5450	-0.004
3.892	0.5450	-0.144
3.893	0.5450	-0.246
3.894	0.5450	-0.242
3.895	0.5450	-0.298
3.896	0.5450	-0.300
3.897	0.5450	-0.153
3.898	0.5450	-0.094
3.899	0.5450	-0.037
3.9	0.5450	0.131
3.901	0.5450	0.158
3.902	0.5450	0.181
3.903	0.5586	0.274
3.904	0.5859	0.244
3.905	0.5859	0.160
3.906	0.5859	0.153
3.907	0.5859	0.053
3.908	0.5859	-0.108
3.909	0.5859	-0.129
3.91	0.5859	-0.184
3.911	0.5859	-0.312
3.912	0.5859	-0.280
3.913	0.5859	-0.206
3.914	0.5859	-0.177
3.915	0.5859	-0.053
3.916	0.5859	0.079
3.917	0.5859	0.096
3.918	0.5859	0.171
3.919	0.5635	0.254
3.92	0.5188	0.249
3.921	0.5188	0.243
3.922	0.5188	0.235
3.923	0.5188	0.132
3.924	0.5188	0.017
3.925	0.5188	-0.045
3.926	0.5188	-0.187
3.927	0.5188	-0.264
3.928	0.5011	-0.251
3.929	0.4659	-0.290
3.93	0.4659	-0.237
3.931	0.4659	-0.108
3.932	0.4659	-0.033
3.933	0.4659	0.026
3.934	0.4659	0.176
3.935	0.3157	0.219
3.936	0.0153	0.203
3.937	0.2309	0.307
3.938	0.6622	0.272
3.939	0.6622	0.166
3.94	0.6622	0.114
3.941	0.6622	-0.006
3.942	0.6622	-0.141
3.943	0.6622	-0.185
3.944	0.6622	-0.259
3.945	0.6622	-0.355
3.946	0.6622	-0.279
3.947	0.6622	-0.171
3.948	0.6622	-0.147
3.949	0.6622	0.023
3.95	0.6622	0.128
3.951	0.6622	0.123
3.952	0.6622	0.217
3.953	0.6364	0.288
3.954	0.5847	0.233
3.955	0.5847	0.204
3.956	0.5847	0.186
3.957	0.5847	0.010
3.958	0.5847	-0.091
3.959	0.5847	-0.112
3.96	0.5847	-0.248
3.961	0.5847	-0.296
3.962	0.5847	-0.252
3.963	0.5847	-0.227
3.964	0.5847	-0.183
3.965	0.5847	-0.052
3.966	0.5847	0.020
3.967	0.5847	0.092
3.968	0.5847	0.238
3.969	0.4044	0.267
3.97	0.0438	0.223
3.971	0.2195	0.275
3.972	0.5709	0.235
3.973	0.5709	0.111
3.974	0.5709	0.048
3.975	0.5709	-0.063
3.976	0.5709	-0.206
3.977	0.5709	-0.233
3.978	0.5709	-0.275
3.979	0.5709	-0.296
3.98	0.5709	-0.198
3.981	0.5709	-0.108
3.982	0.5709	-0.063
3.983	0.5709	0.086
3.984	0.5709	0.145
3.985	0.5709	0.168
3.986	0.5709	0.228
3.987	0.5814	0.299
3.988	0.6022	0.218
3.989	0.6022	0.198
3.99	0.6022	0.150
3.991	0.6022	-0.023
3.992	0.6022	-0.143
3.993	0.6022	-0.180
3.994	0.6022	-0.303
3.995	0.6022	-0.298
3.996	0.6022	-0.208
3.997	0.6022	-0.188
3.998	0.6022	-0.138
3.999	0.6022	0.052
4	0.6022	0.094
4.001	0.6022	0.108
4.002	0.6022	0.258
4.003	0.4082	0.263
4.004	0.0203	0.243
4.005	0.1872	0.257
4.006	0.5209	0.187
4.007	0.5209	0.014
4.008	0.5209	-0.027
4.009	0.5209	-0.133
4.01	0.5209	-0.264
4.011	0.5209	-0.257
4.012	0.5209	-0.254
4.013	0.5209	-0.243
4.014	0.5209	-0.137
4.015	0.5209	-0.031
4.016	0.5209	0.012
4.017	0.5209	0.118
4.018	0.3621	0.214
4.019	0.0444	0.191
4.02	0.0444	0.235
4.021	0.2201	0.262
4.022	0.5716	0.173
4.023	0.5716	0.119
4.024	0.5716	0.038
4.025	0.5716	-0.100
4.026	0.5716	-0.191
4.027	0.5716	-0.225
4.028	0.5716	-0.309
4.029	0.5716	-0.308
4.03	0.5716	-0.188
4.031	0.5716	-0.157
4.032	0.5716	-0.061
4.033	0.5716	0.104
4.034	0.5716	0.126
4.035	0.5716	0.176
4.036	0.4138	0.268
4.037	0.0981	0.260
4.038	0.0981	0.170
4.039	0.2469	0.190
4.04	0.5444	0.073
4.041	0.5444	-0.081
4.042	0.5444	-0.091
4.043	0.5444	-0.190
4.044	0.5444	-0.299
4.045	0.5444	-0.262
4.046	0.5444	-0.214
4.047	0.5444	-0.210
4.048	0.5444	-0.068
4.049	0.5444	0.049
4.05	0.5444	0.075
4.051	0.5444	0.171
4.052	0.5444	0.245
4.053	0.5444	0.246
4.054	0.5382	0.278
4.055	0.5259	0.271
4.056	0.5259	0.121
4.057	0.5259	0.046
4.058	0.5259	-0.025
4.059	0.5259	-0.167
4.06	0.5259	-0.248
4.061	0.5139	-0.224
4.062	0.4897	-0.290
4.063	0.4897	-0.249
4.064	0.4897	-0.137
4.065	0.4897	-0.091
4.066	0.4897	-0.013
4.067	0.4897	0.146
4.068	0.4897	0.200
4.069	0.4897	0.198
4.07	0.5233	0.274
4.071	0.5906	0.250
4.072	0.5906	0.187
4.073	0.5906	0.177
4.074	0.5906	0.020
4.075	0.5906	-0.132
4.076	0.5906	-0.143
4.077	0.5906	-0.230
4.078	0.5906	-0.317
4.079	0.5906	-0.239
4.08	0.5906	-0.172
4.081	0.5906	-0.150
4.082	0.5906	0.004
4.083	0.5906	0.102
4.084	0.5906	0.096
4.085	0.5906	0.222
4.086	0.4138	0.287
4.087	0.0600	0.227
4.088	0.2218	0.254
4.089	0.5453	0.222
4.09	0.5453	0.069
4.091	0.5453	-0.025
4.092	0.5453	-0.097
4.093	0.5453	-0.230
4.094	0.5453	-0.292
4.095	0.5330	-0.268
4.096	0.5084	-0.296
4.097	0.5084	-0.222
4.098	0.5084	-0.082
4.099	0.5084	-0.027
4.1	0.5084	0.067
4.101	0.5084	0.206
4.102	0.5084	0.212
4.103	0.5084	0.212
4.104	0.5406	0.285
4.105	0.6050	0.221
4.106	0.6050	0.123
4.107	0.6050	0.071
4.108	0.6050	-0.053
4.109	0.6050	-0.183
4.11	0.6050	-0.190
4.111	0.6050	-0.267
4.112	0.6050	-0.320
4.113	0.6050	-0.198
4.114	0.6050	-0.092
4.115	0.6050	-0.084
4.116	0.6050	0.064
4.117	0.6050	0.122
4.118	0.6050	0.141
4.119	0.6050	0.242
4.12	0.5985	0.280
4.121	0.5856	0.191
4.122	0.5856	0.172
4.123	0.5856	0.145
4.124	0.5856	-0.030
4.125	0.5856	-0.126
4.126	0.5856	-0.158
4.127	0.5856	-0.277
4.128	0.5856	-0.305
4.129	0.5856	-0.232
4.13	0.5856	-0.212
4.131	0.5856	-0.152
4.132	0.5856	0.012
4.133	0.5856	0.058
4.134	0.5856	0.106
4.135	0.5856	0.241
4.136	0.3992	0.263
4.137	0.0262	0.236
4.138	0.2173	0.285
4.139	0.5994	0.204
4.14	0.5994	0.076
4.141	0.5994	0.022
4.142	0.5994	-0.120
4.143	0.5994	-0.255
4.144	0.5994	-0.252
4.145	0.5994	-0.297
4.146	0.5994	-0.314
4.147	0.5994	-0.180
4.148	0.5994	-0.110
4.149	0.5994	-0.038
4.15	0.5994	0.106
4.151	0.5994	0.189
4.152	0.5994	0.195
4.153	0.5994	0.256
4.154	0.5919	0.281
4.155	0.5769	0.210
4.156	0.5769	0.170
4.157	0.5769	0.059
4.158	0.5769	-0.091
4.159	0.5769	-0.140
4.16	0.5769	-0.200
4.161	0.5769	-0.281
4.162	0.5769	-0.296
4.163	0.5769	-0.212
4.164	0.5769	-0.199
4.165	0.5769	-0.080
4.166	0.5769	0.090
4.167	0.5769	0.120
4.168	0.5769	0.166
4.169	0.4083	0.275
4.17	0.0712	0.255
4.171	0.0712	0.203
4.172	0.2220	0.230
4.173	0.5234	0.133
4.174	0.5234	-0.037
4.175	0.5234	-0.053
4.176	0.5234	-0.179
4.177	0.5234	-0.293
4.178	0.5234	-0.249
4.179	0.5108	-0.243
4.18	0.4856	-0.256
4.181	0.4856	-0.106
4.182	0.4856	-0.018
4.183	0.4856	0.007
4.184	0.4856	0.150
4.185	0.4856	0.230
4.186	0.4856	0.228
4.187	0.5207	0.296
4.188	0.5909	0.275
4.189	0.5909	0.167
4.19	0.5909	0.116
4.191	0.5909	0.009
4.192	0.5909	-0.131
4.193	0.5909	-0.209
4.194	0.5909	-0.224
4.195	0.5909	-0.295
4.196	0.5909	-0.259
4.197	0.5909	-0.163
4.198	0.5909	-0.155
4.199	0.5909	-0.042
4.2	0.5909	0.123
4.201	0.5909	0.154
4.202	0.5909	0.205
4.203	0.4359	0.301
4.204	0.1259	0.250
4.205	0.1259	0.175
4.206	0.2528	0.200
4.207	0.5066	0.041
4.208	0.5066	-0.103
4.209	0.5066	-0.101
4.21	0.5066	-0.193
4.211	0.5066	-0.307
4.212	0.5066	-0.264
4.213	0.5066	-0.245
4.214	0.5066	-0.241
4.215	0.5066	-0.086
4.216	0.5066	0.021
4.217	0.5066	0.079
4.218	0.5066	0.195
4.219	0.3534	0.255
4.22	0.0472	0.208
4.221	0.2207	0.257
4.222	0.5678	0.216
4.223	0.5678	0.109
4.224	0.5678	0.026
4.225	0.5678	-0.063
4.226	0.5678	-0.207
4.227	0.5678	-0.253
4.228	0.5678	-0.274
4.229	0.5678	-0.311
4.23	0.5678	-0.233
4.231	0.5678	-0.113
4.232	0.5678	-0.075
4.233	0.5678	0.024
4.234	0.5678	0.168
4.235	0.5678	0.172
4.236	0.5678	0.218
4.237	0.5986	0.309
4.238	0.6603	0.223
4.239	0.6603	0.157
4.24	0.6603	0.092
4.241	0.6603	-0.039
4.242	0.6603	-0.171
4.243	0.6603	-0.181
4.244	0.6603	-0.298
4.245	0.6603	-0.351
4.246	0.6603	-0.230
4.247	0.6603	-0.168
4.248	0.6603	-0.138
4.249	0.6603	0.031
4.25	0.6603	0.104
4.251	0.6603	0.151
4.252	0.6603	0.266
4.253	0.6316	0.285
4.254	0.5741	0.222
4.255	0.5741	0.221
4.256	0.5741	0.181
4.257	0.5741	0.017
4.258	0.5741	-0.052
4.259	0.5741	-0.115
4.26	0.5741	-0.253
4.261	0.5741	-0.289
4.262	0.5741	-0.264
4.263	0.5741	-0.245
4.264	0.5741	-0.173
4.265	0.5741	-0.052
4.266	0.5741	0.006
4.267	0.5741	0.114
4.268	0.5741	0.239
4.269	0.5741	0.247
4.27	0.5741	0.244
4.271	0.5805	0.292
4.272	0.5934	0.188
4.273	0.5934	0.102
4.274	0.5934	0.058
4.275	0.5934	-0.077
4.276	0.5934	-0.196
4.277	0.5934	-0.198
4.278	0.5934	-0.250
4.279	0.5934	-0.302
4.28	0.5934	-0.184
4.281	0.5934	-0.133
4.282	0.5934	-0.067
4.283	0.5934	0.085
4.284	0.5934	0.142
4.285	0.5934	0.173
4.286	0.5934	0.254
4.287	0.4277	0.264
4.288	0.0963	0.168
4.289	0.2247	0.184
4.29	0.4816	0.096
4.291	0.4816	-0.069
4.292	0.4816	-0.122
4.293	0.4816	-0.194
4.294	0.4816	-0.298
4.295	0.4816	-0.288
4.296	0.4816	-0.229
4.297	0.4816	-0.218
4.298	0.4816	-0.108
4.299	0.4816	0.057
4.3	0.4816	0.068
4.301	0.4816	0.157
4.302	0.3368	0.287
4.303	0.0472	0.256
4.304	0.0472	0.240
4.305	0.2237	0.291
4.306	0.5769	0.163
4.307	0.5769	0.021
4.308	0.5769	-0.033
4.309	0.5769	-0.143
4.31	0.5769	-0.286
4.311	0.5419	-0.258
4.312	0.4719	-0.276
4.313	0.4719	-0.254
4.314	0.4719	-0.147
4.315	0.4719	-0.054
4.316	0.4719	-0.011
4.317	0.4719	0.126
4.318	0.4719	0.196
4.319	0.4719	0.191
4.32	0.5194	0.288
4.321	0.6144	0.234
4.322	0.6144	0.146
4.323	0.6144	0.137
4.324	0.6144	0.047
4.325	0.6144	-0.125
4.326	0.6144	-0.166
4.327	0.6144	-0.231
4.328	0.6144	-0.327
4.329	0.6144	-0.279
4.33	0.6144	-0.180
4.331	0.6144	-0.146
4.332	0.6144	-0.037
4.333	0.6144	0.084
4.334	0.6144	0.129
4.335	0.6144	0.189
4.336	0.6040	0.258
4.337	0.5831	0.218
4.338	0.5831	0.218
4.339	0.5831	0.223
4.34	0.5831	0.094
4.341	0.5831	-0.066
4.342	0.5831	-0.081
4.343	0.5831	-0.234
4.344	0.5831	-0.325
4.345	0.5831	-0.278
4.346	0.5831	-0.264
4.347	0.5831	-0.243
4.348	0.5831	-0.097
4.349	0.5831	0.008
4.35	0.5831	0.061
4.351	0.5831	0.182
4.352	0.3963	0.231
4.353	0.0225	0.209
4.354	0.1996	0.254
4.355	0.5538	0.213
4.356	0.5538	0.113
4.357	0.5538	0.072
4.358	0.5538	-0.033
4.359	0.5538	-0.184
4.36	0.5538	-0.227
4.361	0.5538	-0.250
4.362	0.5538	-0.300
4.363	0.5538	-0.216
4.364	0.5538	-0.115
4.365	0.5538	-0.103
4.366	0.5538	0.040
4.367	0.5538	0.167
4.368	0.5538	0.161
4.369	0.5538	0.221
4.37	0.5775	0.291
4.371	0.6250	0.225
4.372	0.6250	0.187
4.373	0.6250	0.154
4.374	0.6250	0.006
4.375	0.6250	-0.096
4.376	0.6250	-0.122
4.377	0.6250	-0.263
4.378	0.6250	-0.334
4.379	0.6250	-0.230
4.38	0.6250	-0.210
4.381	0.6250	-0.189
4.382	0.6250	-0.025
4.383	0.6250	0.061
4.384	0.6250	0.089
4.385	0.6250	0.249
4.386	0.4314	0.278
4.387	0.0441	0.234
4.388	0.2065	0.258
4.389	0.5313	0.189
4.39	0.5313	0.062
4.391	0.5313	-0.015
4.392	0.5313	-0.092
4.393	0.5313	-0.274
4.394	0.5313	-0.266
4.395	0.5276	-0.252
4.396	0.5203	-0.280
4.397	0.5203	-0.197
4.398	0.5203	-0.081
4.399	0.5203	-0.008
4.4	0.5203	0.104
4.401	0.5203	0.220
4.402	0.5203	0.217
4.403	0.5203	0.241
4.404	0.5441	0.270
4.405	0.5916	0.176
4.406	0.5916	0.124
4.407	0.5916	0.076
4.408	0.5916	-0.064
4.409	0.5916	-0.187
4.41	0.5916	-0.191
4.411	0.5916	-0.283
4.412	0.5916	-0.322
4.413	0.5916	-0.222
4.414	0.5916	-0.155
4.415	0.5916	-0.092
4.416	0.5916	0.068
4.417	0.5916	0.125
4.418	0.5916	0.155
4.419	0.5916	0.270
4.42	0.5927	0.291
4.421	0.5950	0.202
4.422	0.5950	0.207
4.423	0.5950	0.147
4.424	0.5950	-0.015
4.425	0.5950	-0.086
4.426	0.5950	-0.164
4.427	0.5950	-0.304
4.428	0.5950	-0.299
4.429	0.5950	-0.260
4.43	0.5950	-0.241
4.431	0.5950	-0.142
4.432	0.5950	-0.004
4.433	0.5950	0.050
4.434	0.5950	0.131
4.435	0.4069	0.253
4.436	0.0306	0.222
4.437	0.0306	0.224
4.438	0.2151	0.269
4.439	0.5841	0.160
4.44	0.5841	0.087
4.441	0.5841	0.033
4.442	0.5841	-0.106
4.443	0.5841	-0.207
4.444	0.5841	-0.238
4.445	0.5841	-0.315
4.446	0.5841	-0.284
4.447	0.5841	-0.141
4.448	0.5841	-0.088
4.449	0.5841	-0.024
4.45	0.5841	0.147
4.451	0.5841	0.200
4.452	0.5841	0.222
4.453	0.6034	0.316
4.454	0.6422	0.290
4.455	0.6422	0.189
4.456	0.6422	0.188
4.457	0.6422	0.093
4.458	0.6422	-0.076
4.459	0.6422	-0.126
4.46	0.6422	-0.212
4.461	0.6422	-0.327
4.462	0.6422	-0.286
4.463	0.6422	-0.204
4.464	0.6422	-0.202
4.465	0.6422	-0.075
4.466	0.6422	0.072
4.467	0.6422	0.101
4.468	0.6422	0.211
4.469	0.6127	0.270
4.47	0.5537	0.233
4.471	0.5537	0.217
4.472	0.5537	0.226
4.473	0.5537	0.097
4.474	0.5537	-0.005
4.475	0.5537	-0.065
4.476	0.5537	-0.193
4.477	0.5537	-0.283
4.478	0.5193	-0.224
4.479	0.4503	-0.269
4.48	0.4503	-0.261
4.481	0.4503	-0.116
4.482	0.4503	-0.054
4.483	0.4503	0.033
4.484	0.4503	0.181
4.485	0.3036	0.183
4.486	0.0103	0.173
4.487	0.2114	0.277
4.488	0.6134	0.258
4.489	0.6134	0.154
4.49	0.6134	0.138
4.491	0.6134	0.002
4.492	0.6134	-0.159
4.493	0.6134	-0.189
4.494	0.6134	-0.280
4.495	0.6134	-0.336
4.496	0.6134	-0.229
4.497	0.6134	-0.173
4.498	0.6134	-0.157
4.499	0.6134	0.001
4.5	0.6134	0.113
4.501	0.6134	0.157
4.502	0.6134	0.229
4.503	0.6080	0.281
4.504	0.5972	0.232
4.505	0.5972	0.210
4.506	0.5972	0.202
4.507	0.5972	0.023
4.508	0.5972	-0.085
4.509	0.5972	-0.149
4.51	0.5972	-0.281
4.511	0.5972	-0.317
4.512	0.5972	-0.259
4.513	0.5972	-0.236
4.514	0.5972	-0.204
4.515	0.5972	-0.065
4.516	0.5972	0.030
4.517	0.5972	0.083
4.518	0.5972	0.211
4.519	0.4068	0.222
4.52	0.0259	0.196
4.521	0.1971	0.268
4.522	0.5394	0.224
4.523	0.5394	0.096
4.524	0.5394	0.031
4.525	0.5394	-0.110
4.526	0.5394	-0.220
4.527	0.5394	-0.231
4.528	0.5394	-0.238
4.529	0.5394	-0.272
4.53	0.5394	-0.174
4.531	0.5394	-0.101
4.532	0.5394	-0.047
4.533	0.5394	0.109
4.534	0.5394	0.193
4.535	0.5394	0.188
4.536	0.5394	0.245
4.537	0.5583	0.278
4.538	0.5962	0.183
4.539	0.5962	0.167
4.54	0.5962	0.143
4.541	0.5962	-0.037
4.542	0.5962	-0.112
4.543	0.5962	-0.145
4.544	0.5962	-0.262
4.545	0.5962	-0.319
4.546	0.5962	-0.239
4.547	0.5962	-0.191
4.548	0.5962	-0.142
4.549	0.5962	0.047
4.55	0.5962	0.099
4.551	0.5962	0.139
4.552	0.4199	0.283
4.553	0.0672	0.254
4.554	0.0672	0.216
4.555	0.2233	0.257
4.556	0.5356	0.192
4.557	0.5356	0.024
4.558	0.5356	-0.026
4.559	0.5356	-0.116
4.56	0.5356	-0.263
4.561	0.5356	-0.256
4.562	0.5356	-0.279
4.563	0.5356	-0.268
4.564	0.5356	-0.159
4.565	0.5356	-0.071
4.566	0.5356	-0.008
4.567	0.5356	0.116
4.568	0.5356	0.225
4.569	0.5356	0.229
4.57	0.5455	0.274
4.571	0.5653	0.270
4.572	0.5653	0.179
4.573	0.5653	0.132
4.574	0.5653	0.059
4.575	0.5653	-0.103
4.576	0.5653	-0.189
4.577	0.5653	-0.196
4.578	0.5653	-0.280
4.579	0.5653	-0.291
4.58	0.5653	-0.191
4.581	0.5653	-0.160
4.582	0.5653	-0.077
4.583	0.5653	0.093
4.584	0.5653	0.134
4.585	0.5653	0.198
4.586	0.4119	0.269
4.587	0.1050	0.228
4.588	0.1050	0.164
4.589	0.2407	0.195
4.59	0.5122	0.084
4.591	0.5122	-0.074
4.592	0.5122	-0.095
4.593	0.5122	-0.204
4.594	0.5122	-0.317
4.595	0.5122	-0.270
4.596	0.5122	-0.219
4.597	0.5122	-0.222
4.598	0.5122	-0.072
4.599	0.5122	0.028
4.6	0.5122	0.051
4.601	0.5122	0.171
4.602	0.3542	0.250
4.603	0.0381	0.225
4.604	0.0381	0.263
4.605	0.2169	0.271
4.606	0.5744	0.147
4.607	0.5744	0.039
4.608	0.5744	-0.036
4.609	0.5744	-0.184
4.61	0.5744	-0.258
4.611	0.5744	-0.262
4.612	0.5744	-0.303
4.613	0.5744	-0.260
4.614	0.5744	-0.134
4.615	0.5744	-0.098
4.616	0.5744	0.014
4.617	0.5744	0.166
4.618	0.5744	0.199
4.619	0.5744	0.216
4.62	0.6019	0.318
4.621	0.6569	0.263
4.622	0.6569	0.154
4.623	0.6569	0.148
4.624	0.6569	0.012
4.625	0.6569	-0.135
4.626	0.6569	-0.174
4.627	0.6569	-0.238
4.628	0.6569	-0.339
4.629	0.6569	-0.240
4.63	0.6569	-0.179
4.631	0.6569	-0.152
4.632	0.6569	-0.019
4.633	0.6569	0.115
4.634	0.6569	0.110
4.635	0.6569	0.196
4.636	0.6196	0.255
4.637	0.5450	0.249
4.638	0.5450	0.242
4.639	0.5450	0.211
4.64	0.5450	0.082
4.641	0.5450	-0.050
4.642	0.5450	-0.089
4.643	0.5450	-0.229
4.644	0.5450	-0.290
4.645	0.5450	-0.265
4.646	0.5450	-0.274
4.647	0.5450	-0.210
4.648	0.5450	-0.063
4.649	0.5450	0.025
4.65	0.5450	0.086
4.651	0.5450	0.212
4.652	0.3683	0.218
4.653	0.0150	0.203
4.654	0.2225	0.293
4.655	0.6375	0.203
4.656	0.6375	0.104
4.657	0.6375	0.078
4.658	0.6375	-0.048
4.659	0.6375	-0.184
4.66	0.6375	-0.221
4.661	0.6375	-0.275
4.662	0.6375	-0.345
4.663	0.6375	-0.242
4.664	0.6375	-0.170
4.665	0.6375	-0.117
4.666	0.6375	0.060
4.667	0.6375	0.140
4.668	0.6375	0.169
4.669	0.6375	0.270
4.67	0.6253	0.290
4.671	0.6009	0.232
4.672	0.6009	0.205
4.673	0.6009	0.154
4.674	0.6009	-0.021
4.675	0.6009	-0.090
4.676	0.6009	-0.169
4.677	0.6009	-0.281
4.678	0.6009	-0.311
4.679	0.6009	-0.246
4.68	0.6009	-0.240
4.681	0.6009	-0.166
4.682	0.6009	-0.003
4.683	0.6009	0.045
4.684	0.6009	0.094
4.685	0.4051	0.226
4.686	0.0134	0.224
4.687	0.0134	0.212
4.688	0.1990	0.253
4.689	0.5700	0.188
4.69	0.5700	0.081
4.691	0.5700	0.016
4.692	0.5700	-0.105
4.693	0.5700	-0.248
4.694	0.5700	-0.238
4.695	0.5700	-0.267
4.696	0.5700	-0.309
4.697	0.5700	-0.174
4.698	0.5700	-0.067
4.699	0.5700	-0.020
4.7	0.5700	0.131
4.701	0.5700	0.184
4.702	0.5700	0.195
4.703	0.5700	0.261
4.704	0.5728	0.275
4.705	0.5784	0.175
4.706	0.5784	0.150
4.707	0.5784	0.084
4.708	0.5784	-0.090
4.709	0.5784	-0.171
4.71	0.5784	-0.195
4.711	0.5784	-0.303
4.712	0.5784	-0.298
4.713	0.5784	-0.194
4.714	0.5784	-0.159
4.715	0.5784	-0.079
4.716	0.5784	0.086
4.717	0.5784	0.106
4.718	0.5784	0.167
4.719	0.4092	0.280
4.72	0.0706	0.246
4.721	0.0706	0.209
4.722	0.2233	0.244
4.723	0.5288	0.131
4.724	0.5288	-0.025
4.725	0.5288	-0.076
4.726	0.5288	-0.189
4.727	0.5288	-0.285
4.728	0.5288	-0.271
4.729	0.5288	-0.263
4.73	0.5288	-0.254
4.731	0.5288	-0.110
4.732	0.5288	-0.001
4.733	0.5288	0.045
4.734	0.5288	0.185
4.735	0.3665	0.274
4.736	0.0419	0.232
4.737	0.2214	0.276
4.738	0.5803	0.231
4.739	0.5803	0.141
4.74	0.5803	0.092
4.741	0.5803	-0.008
4.742	0.5803	-0.147
4.743	0.5803	-0.208
4.744	0.5803	-0.235
4.745	0.5803	-0.304
4.746	0.5803	-0.259
4.747	0.5803	-0.122
4.748	0.5803	-0.090
4.749	0.5803	-0.019
4.75	0.5803	0.127
4.751	0.5803	0.172
4.752	0.5803	0.197
4.753	0.5918	0.295
4.754	0.6147	0.247
4.755	0.6147	0.175
4.756	0.6147	0.178
4.757	0.6147	0.047
4.758	0.6147	-0.098
4.759	0.6147	-0.125
4.76	0.6147	-0.214
4.761	0.6147	-0.320
4.762	0.6147	-0.253
4.763	0.5424	-0.202
4.764	0.3978	-0.215
4.765	0.3978	-0.076
4.766	0.3978	0.041
4.767	0.3978	0.081
4.768	0.3978	0.183
4.769	0.2805	0.248
4.77	0.0459	0.203
4.771	0.2011	0.256
4.772	0.5116	0.242
4.773	0.5116	0.084
4.774	0.5116	0.001
4.775	0.5116	-0.050
4.776	0.5116	-0.205
4.777	0.5116	-0.256
4.778	0.5206	-0.239
4.779	0.5387	-0.306
4.78	0.5387	-0.237
4.781	0.5387	-0.130
4.782	0.5387	-0.069
4.783	0.5387	0.049
4.784	0.5387	0.181
4.785	0.5387	0.203
4.786	0.5387	0.233
4.787	0.5850	0.306
4.788	0.6775	0.257
4.789	0.6775	0.153
4.79	0.6775	0.103
4.791	0.6775	-0.032
4.792	0.6775	-0.159
4.793	0.6775	-0.187
4.794	0.6775	-0.307
4.795	0.6775	-0.371
4.796	0.6775	-0.245
4.797	0.6775	-0.184
4.798	0.6775	-0.147
4.799	0.6775	0.022
4.8	0.6775	0.110
4.801	0.6775	0.102
4.802	0.6775	0.236
4.803	0.4791	0.276
4.804	0.0822	0.194
4.805	0.2358	0.208
4.806	0.5431	0.177
4.807	0.5431	0.015
4.808	0.5431	-0.076
4.809	0.5431	-0.120
4.81	0.5431	-0.248
4.811	0.5431	-0.310
4.812	0.5431	-0.242
4.813	0.5431	-0.238
4.814	0.5431	-0.180
4.815	0.5431	-0.049
4.816	0.5431	0.031
4.817	0.5431	0.100
4.818	0.5431	0.225
4.819	0.5431	0.233
4.82	0.5431	0.225
4.821	0.5470	0.269
4.822	0.5547	0.217
4.823	0.5547	0.118
4.824	0.5547	0.034
4.825	0.5547	-0.107
4.826	0.5547	-0.232
4.827	0.5547	-0.223
4.828	0.5547	-0.270
4.829	0.5547	-0.285
4.83	0.5547	-0.168
4.831	0.5547	-0.115
4.832	0.5547	-0.080
4.833	0.5547	0.097
4.834	0.5547	0.162
4.835	0.5547	0.175
4.836	0.5547	0.246
4.837	0.5632	0.275
4.838	0.5803	0.193
4.839	0.5803	0.186
4.84	0.5803	0.116
4.841	0.5803	-0.049
4.842	0.5803	-0.115
4.843	0.5803	-0.158
4.844	0.5803	-0.306
4.845	0.5803	-0.292
4.846	0.5803	-0.207
4.847	0.5803	-0.188
4.848	0.5803	-0.113
4.849	0.5803	0.067
4.85	0.5803	0.081
4.851	0.5803	0.145
4.852	0.4043	0.281
4.853	0.0522	0.254
4.854	0.0522	0.228
4.855	0.2112	0.239
4.856	0.5294	0.165
4.857	0.5294	0.062
4.858	0.5294	-0.001
4.859	0.5294	-0.138
4.86	0.5294	-0.263
4.861	0.5294	-0.286
4.862	0.5294	-0.290
4.863	0.5294	-0.253
4.864	0.5294	-0.116
4.865	0.5294	-0.034
4.866	0.5294	0.011
4.867	0.5294	0.132
4.868	0.3787	0.203
4.869	0.0775	0.191
4.87	0.0775	0.268
4.871	0.2549	0.279
4.872	0.6097	0.170
4.873	0.6097	0.138
4.874	0.6097	0.031
4.875	0.6097	-0.118
4.876	0.6097	-0.176
4.877	0.6097	-0.227
4.878	0.6097	-0.330
4.879	0.6097	-0.271
4.88	0.6097	-0.184
4.881	0.6097	-0.156
4.882	0.6097	-0.050
4.883	0.6097	0.096
4.884	0.6097	0.130
4.885	0.6097	0.194
4.886	0.4348	0.280
4.887	0.0850	0.249
4.888	0.0850	0.195
4.889	0.2368	0.242
4.89	0.5403	0.117
4.891	0.5403	-0.039
4.892	0.5403	-0.070
4.893	0.5403	-0.193
4.894	0.5403	-0.299
4.895	0.5403	-0.241
4.896	0.5403	-0.230
4.897	0.5403	-0.223
4.898	0.5403	-0.067
4.899	0.5403	0.027
4.9	0.5403	0.062
4.901	0.5403	0.197
4.902	0.3689	0.249
4.903	0.0259	0.223
4.904	0.2122	0.274
4.905	0.5847	0.254
4.906	0.5847	0.118
4.907	0.5847	0.044
4.908	0.5847	-0.051
4.909	0.5847	-0.193
4.91	0.5847	-0.242
4.911	0.5847	-0.249
4.912	0.5847	-0.311
4.913	0.5847	-0.253
4.914	0.5847	-0.137
4.915	0.5847	-0.086
4.916	0.5847	0.021
4.917	0.5847	0.154
4.918	0.5847	0.166
4.919	0.5847	0.219
4.92	0.6061	0.295
4.921	0.6491	0.230
4.922	0.6491	0.168
4.923	0.6491	0.148
4.924	0.6491	-0.011
4.925	0.6491	-0.155
4.926	0.6491	-0.179
4.927	0.6491	-0.289
4.928	0.6491	-0.354
4.929	0.6491	-0.265
4.93	0.6491	-0.233
4.931	0.6491	-0.185
4.932	0.6491	-0.022
4.933	0.6491	0.057
4.934	0.6491	0.067
4.935	0.6491	0.234
4.936	0.4496	0.287
4.937	0.0506	0.236
4.938	0.2208	0.265
4.939	0.5612	0.225
4.94	0.5612	0.043
4.941	0.5612	-0.028
4.942	0.5612	-0.110
4.943	0.5612	-0.248
4.944	0.5612	-0.296
4.945	0.5612	-0.290
4.946	0.5612	-0.291
4.947	0.5612	-0.198
4.948	0.5612	-0.062
4.949	0.5612	-0.003
4.95	0.5612	0.085
4.951	0.5612	0.207
4.952	0.5612	0.232
4.953	0.5612	0.264
4.954	0.5773	0.304
4.955	0.6094	0.212
4.956	0.6094	0.145
4.957	0.6094	0.095
4.958	0.6094	-0.061
4.959	0.6094	-0.187
4.96	0.6094	-0.205
4.961	0.6094	-0.275
4.962	0.6094	-0.305
4.963	0.6094	-0.202
4.964	0.6094	-0.152
4.965	0.6094	-0.103
4.966	0.6094	0.058
4.967	0.6094	0.132
4.968	0.6094	0.174
4.969	0.6094	0.271
4.97	0.4296	0.294
4.971	0.0700	0.224
4.972	0.2266	0.250
4.973	0.5397	0.183
4.974	0.5397	0.007
4.975	0.5397	-0.062
4.976	0.5397	-0.121
4.977	0.5397	-0.270
4.978	0.5397	-0.290
4.979	0.5397	-0.257
4.98	0.5397	-0.243
4.981	0.5397	-0.158
4.982	0.5397	-0.006
4.983	0.5397	0.032
4.984	0.5397	0.122
4.985	0.3642	0.239
4.986	0.0131	0.226
4.987	0.0131	0.239
4.988	0.1973	0.268
4.989	0.5656	0.179
4.99	0.5656	0.077
4.991	0.5656	0.028
4.992	0.5656	-0.119
4.993	0.5656	-0.255
4.994	0.5656	-0.248
4.995	0.5656	-0.297
4.996	0.5656	-0.265
4.997	0.5656	-0.152
4.998	0.5656	-0.092
4.999	0.5656	-0.028
5	0.5656	0.118
5.001	0.5656	0.184
5.002	0.5656	0.202
5.003	0.5832	0.292
5.004	0.6184	0.269
5.005	0.6184	0.185
5.006	0.6184	0.186
5.007	0.6184	0.077
5.008	0.6184	-0.099
5.009	0.6184	-0.156
5.01	0.6184	-0.211
5.011	0.6184	-0.327
5.012	0.6184	-0.302
5.013	0.6184	-0.225
5.014	0.6184	-0.191
5.015	0.6184	-0.091
5.016	0.6184	0.069
5.017	0.6184	0.103
5.018	0.6184	0.187
5.019	0.5940	0.273
5.02	0.5450	0.252
5.021	0.5450	0.238
5.022	0.5450	0.228
5.023	0.5450	0.098
5.024	0.5450	-0.028
5.025	0.5450	-0.098
5.026	0.5450	-0.205
5.027	0.5450	-0.272
5.028	0.5079	-0.227
5.029	0.4337	-0.257
5.03	0.4337	-0.239
5.031	0.4337	-0.085
5.032	0.4337	0.002
5.033	0.4337	0.035
5.034	0.4337	0.177
5.035	0.2952	0.216
5.036	0.0181	0.198
5.037	0.2147	0.291
5.038	0.6078	0.229
5.039	0.6078	0.131
5.04	0.6078	0.115
5.041	0.6078	0.002
5.042	0.6078	-0.167
5.043	0.6078	-0.193
5.044	0.6078	-0.227
5.045	0.6078	-0.317
5.046	0.6078	-0.252
5.047	0.6078	-0.152
5.048	0.6078	-0.139
5.049	0.6078	0.007
5.05	0.6078	0.139
5.051	0.6078	0.164
5.052	0.6078	0.216
5.053	0.5989	0.288
5.054	0.5809	0.246
5.055	0.5809	0.205
5.056	0.5809	0.205
5.057	0.5809	0.028
5.058	0.5809	-0.079
5.059	0.5809	-0.120
5.06	0.5809	-0.240
5.061	0.5809	-0.293
5.062	0.5809	-0.249
5.063	0.5809	-0.231
5.064	0.5809	-0.190
5.065	0.5809	-0.031
5.066	0.5809	0.028
5.067	0.5809	0.063
5.068	0.5809	0.200
5.069	0.3967	0.241
5.07	0.0281	0.212
5.071	0.2167	0.273
5.072	0.5937	0.241
5.073	0.5937	0.105
5.074	0.5937	0.026
5.075	0.5937	-0.101
5.076	0.5937	-0.238
5.077	0.5937	-0.231
5.078	0.5937	-0.284
5.079	0.5937	-0.320
5.08	0.5937	-0.228
5.081	0.5937	-0.123
5.082	0.5937	-0.072
5.083	0.5937	0.066
5.084	0.5937	0.177
5.085	0.5937	0.185
5.086	0.5937	0.260
5.087	0.5980	0.282
5.088	0.6066	0.214
5.089	0.6066	0.165
5.09	0.6066	0.120
5.091	0.6066	-0.020
5.092	0.6066	-0.131
5.093	0.6066	-0.179
5.094	0.6066	-0.280
5.095	0.6066	-0.325
5.096	0.6066	-0.222
5.097	0.6066	-0.176
5.098	0.6066	-0.140
5.099	0.6066	0.022
5.1	0.6066	0.071
5.101	0.6066	0.134
5.102	0.6066	0.270
5.103	0.4194	0.278
5.104	0.0450	0.233
5.105	0.2121	0.268
5.106	0.5462	0.195
5.107	0.5462	0.025
5.108	0.5462	-0.030
5.109	0.5462	-0.131
5.11	0.5462	-0.278
5.111	0.5462	-0.277
5.112	0.5462	-0.260
5.113	0.5462	-0.266
5.114	0.5462	-0.152
5.115	0.5462	-0.018
5.116	0.5462	0.016
5.117	0.5462	0.120
5.118	0.5462	0.217
5.119	0.5462	0.218
5.12	0.5462	0.254
5.121	0.5557	0.274
5.122	0.5747	0.150
5.123	0.5747	0.098
5.124	0.5747	0.016
5.125	0.5747	-0.143
5.126	0.5747	-0.202
5.127	0.5747	-0.225
5.128	0.5747	-0.301
5.129	0.5747	-0.288
5.13	0.5747	-0.175
5.131	0.5747	-0.149
5.132	0.5747	-0.076
5.133	0.5747	0.104
5.134	0.5747	0.144
5.135	0.5747	0.167
5.136	0.4078	0.269
5.137	0.0741	0.258
5.138	0.0741	0.195
5.139	0.2248	0.210
5.14	0.5263	0.085
5.141	0.5263	-0.069
5.142	0.5263	-0.085
5.143	0.5263	-0.188
5.144	0.5263	-0.316
5.145	0.5263	-0.279
5.146	0.4844	-0.214
5.147	0.4006	-0.226
5.148	0.4006	-0.088
5.149	0.4006	0.055
5.15	0.4006	0.086
5.151	0.4006	0.174
5.152	0.2818	0.263
5.153	0.0441	0.219
5.154	0.0441	0.235
5.155	0.1966	0.246
5.156	0.5016	0.143
5.157	0.5016	0.072
5.158	0.5016	-0.002
5.159	0.5016	-0.156
5.16	0.5016	-0.255
5.161	0.5016	-0.244
5.162	0.5016	-0.294
5.163	0.5016	-0.263
5.164	0.5016	-0.151
5.165	0.5016	-0.083
5.166	0.5016	-0.002
5.167	0.5016	0.164
5.168	0.5016	0.195
5.169	0.5016	0.208
5.17	0.5404	0.293
5.171	0.6181	0.253
5.172	0.6181	0.171
5.173	0.6181	0.160
5.174	0.6181	0.042
5.175	0.6181	-0.129
5.176	0.6181	-0.173
5.177	0.6181	-0.250
5.178	0.6181	-0.325
5.179	0.6181	-0.270
5.18	0.6181	-0.197
5.181	0.6181	-0.198
5.182	0.6181	-0.038
5.183	0.6181	0.089
5.184	0.6181	0.093
5.185	0.6181	0.203
5.186	0.5953	0.258
5.187	0.5497	0.227
5.188	0.5497	0.205
5.189	0.5497	0.183
5.19	0.5497	0.050
5.191	0.5497	-0.055
5.192	0.5497	-0.094
5.193	0.5497	-0.216
5.194	0.5497	-0.292
5.195	0.5497	-0.255
5.196	0.5497	-0.248
5.197	0.5497	-0.198
5.198	0.5497	-0.069
5.199	0.5497	-0.014
5.2	0.5497	0.055
5.201	0.5497	0.188
5.202	0.5497	0.211
5.203	0.5497	0.202
5.204	0.5702	0.286
5.205	0.6112	0.218
5.206	0.6112	0.111
5.207	0.6112	0.085
5.208	0.6112	-0.067
5.209	0.6112	-0.208
5.21	0.6112	-0.224
5.211	0.6112	-0.273
5.212	0.6112	-0.325
5.213	0.6112	-0.189
5.214	0.6112	-0.104
5.215	0.6112	-0.103
5.216	0.6112	0.059
5.217	0.6112	0.159
5.218	0.6112	0.195
5.219	0.6112	0.245
5.22	0.6049	0.292
5.221	0.5922	0.216
5.222	0.5922	0.210
5.223	0.5922	0.173
5.224	0.5922	0.014
5.225	0.5922	-0.078
5.226	0.5922	-0.113
5.227	0.5922	-0.243
5.228	0.5922	-0.300
5.229	0.5922	-0.221
5.23	0.5922	-0.192
5.231	0.5922	-0.163
5.232	0.5922	-0.018
5.233	0.5922	0.043
5.234	0.5922	0.097
5.235	0.5922	0.232
5.236	0.4015	0.233
5.237	0.0200	0.213
5.238	0.1902	0.266
5.239	0.5306	0.193
5.24	0.5306	0.060
5.241	0.5306	-0.004
5.242	0.5306	-0.129
5.243	0.5306	-0.265
5.244	0.5361	-0.247
5.245	0.5472	-0.279
5.246	0.5472	-0.283
5.247	0.5472	-0.153
5.248	0.5472	-0.063
5.249	0.5472	-0.013
5.25	0.5472	0.131
5.251	0.5472	0.210
5.252	0.5472	0.210
5.253	0.5472	0.264
5.254	0.5681	0.289
5.255	0.6100	0.228
5.256	0.6100	0.174
5.257	0.6100	0.088
5.258	0.6100	-0.097
5.259	0.6100	-0.190
5.26	0.6100	-0.208
5.261	0.6100	-0.286
5.262	0.6100	-0.321
5.263	0.6100	-0.208
5.264	0.6100	-0.188
5.265	0.6100	-0.107
5.266	0.6100	0.068
5.267	0.6100	0.109
5.268	0.6100	0.153
5.269	0.4266	0.258
5.27	0.0597	0.243
5.271	0.0597	0.198
5.272	0.2114	0.209
5.273	0.5147	0.115
5.274	0.5147	-0.014
5.275	0.5147	-0.038
5.276	0.5147	-0.177
5.277	0.5147	-0.306
5.278	0.5147	-0.245
5.279	0.5147	-0.236
5.28	0.5147	-0.233
5.281	0.5147	-0.102
5.282	0.5147	0.011
5.283	0.5147	0.046
5.284	0.5147	0.164
5.285	0.3571	0.249
5.286	0.0419	0.208
5.287	0.2249	0.279
5.288	0.5909	0.273
5.289	0.5909	0.149
5.29	0.5909	0.079
5.291	0.5909	0.003
5.292	0.5909	-0.161
5.293	0.5909	-0.239
5.294	0.5909	-0.244
5.295	0.5909	-0.312
5.296	0.5909	-0.286
5.297	0.5909	-0.155
5.298	0.5909	-0.119
5.299	0.5909	-0.028
5.3	0.5909	0.135
5.301	0.5909	0.154
5.302	0.5909	0.195
5.303	0.5834	0.270
5.304	0.5684	0.249
5.305	0.5684	0.179
5.306	0.5684	0.187
5.307	0.5684	0.046
5.308	0.5684	-0.095
5.309	0.5684	-0.089
5.31	0.5684	-0.192
5.311	0.5684	-0.298
5.312	0.5684	-0.258
5.313	0.5684	-0.219
5.314	0.5684	-0.185
5.315	0.5684	-0.043
5.316	0.5684	0.070
5.317	0.5684	0.089
5.318	0.5684	0.212
5.319	0.3980	0.283
5.32	0.0572	0.226
5.321	0.2250	0.256
5.322	0.5606	0.236
5.323	0.5606	0.098
5.324	0.5606	0.013
5.325	0.5606	-0.075
5.326	0.5606	-0.219
5.327	0.5606	-0.305
5.328	0.5442	-0.269
5.329	0.5113	-0.300
5.33	0.5113	-0.239
5.331	0.5113	-0.120
5.332	0.5113	-0.043
5.333	0.5113	0.047
5.334	0.5113	0.166
5.335	0.5113	0.205
5.336	0.5113	0.212
5.337	0.5508	0.306
5.338	0.6300	0.236
5.339	0.6300	0.140
5.34	0.6300	0.129
5.341	0.6300	-0.033
5.342	0.6300	-0.174
5.343	0.6300	-0.177
5.344	0.6300	-0.255
5.345	0.6300	-0.324
5.346	0.6300	-0.265
5.347	0.6300	-0.197
5.348	0.6300	-0.161
5.349	0.6300	0.025
5.35	0.6300	0.128
5.351	0.6300	0.134
5.352	0.6300	0.251
5.353	0.6099	0.295
5.354	0.5697	0.245
5.355	0.5697	0.225
5.356	0.5697	0.176
5.357	0.5697	0.010
5.358	0.5697	-0.062
5.359	0.5697	-0.119
5.36	0.5697	-0.255
5.361	0.5697	-0.275
5.362	0.5697	-0.237
5.363	0.5697	-0.239
5.364	0.5697	-0.176
5.365	0.5697	-0.039
5.366	0.5697	0.028
5.367	0.5697	0.096
5.368	0.5697	0.219
5.369	0.5697	0.230
5.37	0.5697	0.241
5.371	0.5766	0.276
5.372	0.5903	0.224
5.373	0.5903	0.078
5.374	0.5903	0.031
5.375	0.5903	-0.096
5.376	0.5903	-0.230
5.377	0.5903	-0.252
5.378	0.5903	-0.307
5.379	0.5903	-0.314
5.38	0.5903	-0.216
5.381	0.5903	-0.139
5.382	0.5903	-0.076
5.383	0.5903	0.073
5.384	0.5903	0.137
5.385	0.5903	0.165
5.386	0.5903	0.254
5.387	0.4297	0.262
5.388	0.1084	0.154
5.389	0.2323	0.173
5.39	0.4800	0.103
5.391	0.4800	-0.079
5.392	0.4800	-0.138
5.393	0.4800	-0.184
5.394	0.4800	-0.308
5.395	0.4800	-0.305
5.396	0.4800	-0.230
5.397	0.4800	-0.217
5.398	0.4800	-0.150
5.399	0.4800	0.044
5.4	0.4800	0.084
5.401	0.4800	0.139
5.402	0.3352	0.261
5.403	0.0456	0.242
5.404	0.0456	0.215
5.405	0.2135	0.253
5.406	0.5494	0.161
5.407	0.5494	0.000
5.408	0.5494	-0.056
5.409	0.5494	-0.174
5.41	0.5494	-0.296
5.411	0.5494	-0.273
5.412	0.5494	-0.276
5.413	0.5494	-0.263
5.414	0.5494	-0.118
5.415	0.5494	-0.041
5.416	0.5494	0.016
5.417	0.5494	0.129
5.418	0.3871	0.216
5.419	0.0625	0.195
5.42	0.0625	0.257
5.421	0.2351	0.273
5.422	0.5803	0.196
5.423	0.5803	0.133
5.424	0.5803	0.051
5.425	0.5803	-0.110
5.426	0.5803	-0.168
5.427	0.5803	-0.220
5.428	0.5803	-0.308
5.429	0.5803	-0.277
5.43	0.5803	-0.162
5.431	0.5803	-0.146
5.432	0.5803	-0.044
5.433	0.5803	0.114
5.434	0.5803	0.148
5.435	0.5803	0.186
5.436	0.4147	0.289
5.437	0.0834	0.277
5.438	0.0834	0.206
5.439	0.2382	0.224
5.44	0.5478	0.131
5.441	0.5478	-0.048
5.442	0.5478	-0.099
5.443	0.5478	-0.204
5.444	0.5478	-0.323
5.445	0.5478	-0.258
5.446	0.5478	-0.229
5.447	0.5478	-0.227
5.448	0.5478	-0.086
5.449	0.5478	0.012
5.45	0.5478	0.045
5.451	0.5478	0.183
5.452	0.3845	0.244
5.453	0.0578	0.186
5.454	0.0578	0.227
5.455	0.2224	0.230
5.456	0.5516	0.114
5.457	0.5516	0.047
5.458	0.5516	-0.043
5.459	0.5516	-0.184
5.46	0.5516	-0.227
5.461	0.5516	-0.243
5.462	0.5516	-0.321
5.463	0.5516	-0.252
5.464	0.5516	-0.131
5.465	0.5516	-0.084
5.466	0.5516	0.030
5.467	0.5516	0.179
5.468	0.5516	0.188
5.469	0.5516	0.227
5.47	0.5808	0.298
5.471	0.6394	0.256
5.472	0.6394	0.155
5.473	0.6394	0.158
5.474	0.6394	0.025
5.475	0.6394	-0.109
5.476	0.6394	-0.168
5.477	0.6394	-0.267
5.478	0.6394	-0.341
5.479	0.6394	-0.270
5.48	0.6394	-0.225
5.481	0.6394	-0.207
5.482	0.6394	-0.045
5.483	0.6394	0.059
5.484	0.6394	0.089
5.485	0.6394	0.247
5.486	0.4382	0.268
5.487	0.0359	0.233
5.488	0.2050	0.260
5.489	0.5431	0.220
5.49	0.5431	0.072
5.491	0.5431	-0.004
5.492	0.5431	-0.091
5.493	0.5431	-0.236
5.494	0.5431	-0.283
5.495	0.5328	-0.246
5.496	0.5122	-0.273
5.497	0.5122	-0.178
5.498	0.5122	-0.043
5.499	0.5122	0.037
5.5	0.5122	0.110
5.501	0.5122	0.212
5.502	0.5122	0.226
5.503	0.5122	0.240
5.504	0.5465	0.282
5.505	0.6150	0.202
5.506	0.6150	0.129
5.507	0.6150	0.092
5.508	0.6150	-0.050
5.509	0.6150	-0.185
5.51	0.6150	-0.194
5.511	0.6150	-0.279
5.512	0.6150	-0.333
5.513	0.6150	-0.197
5.514	0.6150	-0.137
5.515	0.6150	-0.108
5.516	0.6150	0.062
5.517	0.6150	0.135
5.518	0.6150	0.149
5.519	0.6150	0.264
5.52	0.4375	0.274
5.521	0.0825	0.192
5.522	0.2220	0.208
5.523	0.5009	0.152
5.524	0.5009	-0.026
5.525	0.5009	-0.088
5.526	0.5009	-0.143
5.527	0.5009	-0.282
5.528	0.5009	-0.293
5.529	0.5009	-0.243
5.53	0.5009	-0.242
5.531	0.5009	-0.133
5.532	0.5009	0.013
5.533	0.5009	0.061
5.534	0.5009	0.146
5.535	0.3412	0.258
5.536	0.0219	0.241
5.537	0.0219	0.236
5.538	0.1811	0.250
5.539	0.4997	0.165
5.54	0.4997	0.088
5.541	0.4997	0.011
5.542	0.4997	-0.131
5.543	0.4997	-0.249
5.544	0.5073	-0.237
5.545	0.5225	-0.278
5.546	0.5225	-0.327
5.547	0.5225	-0.171
5.548	0.5225	-0.094
5.549	0.5225	-0.036
5.55	0.5225	0.107
5.551	0.5225	0.164
5.552	0.5225	0.196
5.553	0.5529	0.291
5.554	0.6137	0.278
5.555	0.6137	0.205
5.556	0.6137	0.180
5.557	0.6137	0.097
5.558	0.6137	-0.085
5.559	0.6137	-0.155
5.56	0.6137	-0.208
5.561	0.6137	-0.323
5.562	0.6137	-0.314
5.563	0.6137	-0.223
5.564	0.6137	-0.193
5.565	0.6137	-0.075
5.566	0.6137	0.055
5.567	0.6137	0.111
5.568	0.6137	0.168
5.569	0.4273	0.284
5.57	0.0544	0.256
5.571	0.0544	0.229
5.572	0.2129	0.261
5.573	0.5300	0.138
5.574	0.5300	-0.015
5.575	0.5300	-0.068
5.576	0.5300	-0.163
5.577	0.5300	-0.269
5.578	0.5009	-0.236
5.579	0.4428	-0.280
5.58	0.4428	-0.249
5.581	0.4428	-0.097
5.582	0.4428	-0.031
5.583	0.4428	0.033
5.584	0.4428	0.163
5.585	0.3200	0.220
5.586	0.0744	0.207
5.587	0.0744	0.281
5.588	0.2472	0.285
5.589	0.5928	0.173
5.59	0.5928	0.097
5.591	0.5928	-0.025
5.592	0.5928	-0.161
5.593	0.5928	-0.210
5.594	0.5928	-0.218
5.595	0.5928	-0.308
5.596	0.5928	-0.256
5.597	0.5928	-0.170
5.598	0.5928	-0.151
5.599	0.5928	0.002
5.6	0.5928	0.120
5.601	0.5928	0.138
5.602	0.5928	0.176
5.603	0.4231	0.264
5.604	0.0838	0.216
5.605	0.0838	0.180
5.606	0.2316	0.191
5.607	0.5272	0.050
5.608	0.5272	-0.095
5.609	0.5272	-0.120
5.61	0.5272	-0.227
5.611	0.5272	-0.306
5.612	0.5272	-0.247
5.613	0.5272	-0.227
5.614	0.5272	-0.186
5.615	0.5272	-0.036
5.616	0.5272	0.025
5.617	0.5272	0.068
5.618	0.5272	0.221
5.619	0.3629	0.269
5.62	0.0344	0.235
5.621	0.2156	0.261
5.622	0.5781	0.231
5.623	0.5781	0.086
5.624	0.5781	0.010
5.625	0.5781	-0.051
5.626	0.5781	-0.205
5.627	0.5781	-0.256
5.628	0.5781	-0.280
5.629	0.5781	-0.317
5.63	0.5781	-0.220
5.631	0.5781	-0.088
5.632	0.5781	-0.055
5.633	0.5781	0.043
5.634	0.5781	0.172
5.635	0.5781	0.203
5.636	0.5781	0.238
5.637	0.5955	0.287
5.638	0.6303	0.215
5.639	0.6303	0.167
5.64	0.6303	0.143
5.641	0.6303	-0.018
5.642	0.6303	-0.139
5.643	0.6303	-0.168
5.644	0.6303	-0.281
5.645	0.6303	-0.344
5.646	0.6303	-0.202
5.647	0.6303	-0.175
5.648	0.6303	-0.130
5.649	0.6303	0.048
5.65	0.6303	0.119
5.651	0.6303	0.138
5.652	0.6303	0.267
5.653	0.6077	0.295
5.654	0.5625	0.228
5.655	0.5625	0.233
5.656	0.5625	0.189
5.657	0.5625	0.049
5.658	0.5625	-0.025
5.659	0.5625	-0.122
5.66	0.5625	-0.268
5.661	0.5625	-0.267
5.662	0.5625	-0.260
5.663	0.5625	-0.252
5.664	0.5625	-0.153
5.665	0.5625	-0.037
5.666	0.5625	0.014
5.667	0.5625	0.119
5.668	0.5625	0.232
5.669	0.5625	0.222
5.67	0.5625	0.236
5.671	0.5701	0.272
5.672	0.5853	0.185
5.673	0.5853	0.100
5.674	0.5853	0.058
5.675	0.5853	-0.093
5.676	0.5853	-0.224
5.677	0.5853	-0.234
5.678	0.5853	-0.308
5.679	0.5853	-0.314
5.68	0.5853	-0.160
5.681	0.5853	-0.150
5.682	0.5853	-0.073
5.683	0.5853	0.091
5.684	0.5853	0.170
5.685	0.5853	0.200
5.686	0.5862	0.281
5.687	0.5881	0.273
5.688	0.5881	0.226
5.689	0.5881	0.213
5.69	0.5881	0.102
5.691	0.5881	-0.057
5.692	0.5881	-0.112
5.693	0.5881	-0.177
5.694	0.5881	-0.307
5.695	0.5881	-0.299
5.696	0.5881	-0.247
5.697	0.5881	-0.215
5.698	0.5881	-0.119
5.699	0.5881	0.000
5.7	0.5881	0.050
5.701	0.5881	0.127
5.702	0.5881	0.230
5.703	0.5881	0.225
5.704	0.5881	0.248
5.705	0.5622	0.253
5.706	0.5103	0.156
5.707	0.5103	0.029
5.708	0.5103	-0.021
5.709	0.5103	-0.169
5.71	0.5103	-0.258
5.711	0.5054	-0.241
5.712	0.4956	-0.291
5.713	0.4956	-0.279
5.714	0.4956	-0.131
5.715	0.4956	-0.055
5.716	0.4956	0.015
5.717	0.4956	0.146
5.718	0.4956	0.202
5.719	0.4956	0.205
5.72	0.5263	0.288
5.721	0.5875	0.252
5.722	0.5875	0.141
5.723	0.5875	0.117
5.724	0.5875	0.020
5.725	0.5875	-0.130
5.726	0.5875	-0.168
5.727	0.5875	-0.219
5.728	0.5875	-0.299
5.729	0.5875	-0.254
5.73	0.5875	-0.186
5.731	0.5875	-0.155
5.732	0.5875	-0.034
5.733	0.5875	0.083
5.734	0.5875	0.102
5.735	0.5875	0.218
5.736	0.5873	0.290
5.737	0.5869	0.242
5.738	0.5869	0.227
5.739	0.5869	0.200
5.74	0.5869	0.072
5.741	0.5869	-0.034
5.742	0.5869	-0.064
5.743	0.5869	-0.214
5.744	0.5869	-0.297
5.745	0.5412	-0.242
5.746	0.4500	-0.263
5.747	0.4500	-0.223
5.748	0.4500	-0.081
5.749	0.4500	0.008
5.75	0.4500	0.044
5.751	0.4500	0.187
5.752	0.3082	0.254
5.753	0.0247	0.229
5.754	0.2180	0.285
5.755	0.6047	0.220
5.756	0.6047	0.099
5.757	0.6047	0.082
5.758	0.6047	-0.034
5.759	0.6047	-0.184
5.76	0.6047	-0.217
5.761	0.6047	-0.272
5.762	0.6047	-0.320
5.763	0.6047	-0.208
5.764	0.6047	-0.130
5.765	0.6047	-0.098
5.766	0.6047	0.051
5.767	0.6047	0.163
5.768	0.6047	0.174
5.769	0.6047	0.236
5.77	0.6049	0.285
5.771	0.6053	0.235
5.772	0.6053	0.195
5.773	0.6053	0.174
5.774	0.6053	0.018
5.775	0.6053	-0.123
5.776	0.6053	-0.171
5.777	0.6053	-0.297
5.778	0.6053	-0.320
5.779	0.6053	-0.238
5.78	0.6053	-0.218
5.781	0.6053	-0.188
5.782	0.6053	0.007
5.783	0.6053	0.067
5.784	0.6053	0.108
5.785	0.6053	0.269
5.786	0.4189	0.277
5.787	0.0459	0.231
5.788	0.2186	0.282
5.789	0.5641	0.213
5.79	0.5641	0.040
5.791	0.5641	-0.005
5.792	0.5641	-0.101
5.793	0.5641	-0.222
5.794	0.5641	-0.238
5.795	0.5641	-0.261
5.796	0.5641	-0.283
5.797	0.5641	-0.150
5.798	0.5641	-0.086
5.799	0.5641	-0.044
5.8	0.5641	0.070
5.801	0.5641	0.155
5.802	0.5641	0.182
5.803	0.5641	0.239
5.804	0.5794	0.277
5.805	0.6100	0.187
5.806	0.6100	0.128
5.807	0.6100	0.055
5.808	0.6100	-0.069
5.809	0.6100	-0.181
5.81	0.6100	-0.224
5.811	0.6100	-0.312
5.812	0.6100	-0.333
5.813	0.6100	-0.223
5.814	0.6100	-0.180
5.815	0.6100	-0.106
5.816	0.6100	0.094
5.817	0.6100	0.135
5.818	0.6100	0.163
5.819	0.6100	0.255
5.82	0.4265	0.258
5.821	0.0594	0.198
5.822	0.2101	0.236
5.823	0.5116	0.136
5.824	0.5116	-0.009
5.825	0.5116	-0.041
5.826	0.5116	-0.136
5.827	0.5116	-0.276
5.828	0.5116	-0.273
5.829	0.5116	-0.247
5.83	0.5116	-0.232
5.831	0.5116	-0.112
5.832	0.5116	-0.011
5.833	0.5116	0.017
5.834	0.5116	0.142
5.835	0.3529	0.252
5.836	0.0356	0.219
5.837	0.0356	0.255
5.838	0.2103	0.261
5.839	0.5597	0.153
5.84	0.5597	0.113
5.841	0.5597	0.043
5.842	0.5597	-0.114
5.843	0.5597	-0.193
5.844	0.5597	-0.235
5.845	0.5597	-0.299
5.846	0.5597	-0.282
5.847	0.5597	-0.130
5.848	0.5597	-0.098
5.849	0.5597	0.007
5.85	0.5597	0.153
5.851	0.5597	0.201
5.852	0.5597	0.206
5.853	0.5795	0.294
5.854	0.6191	0.271
5.855	0.6191	0.196
5.856	0.6191	0.192
5.857	0.6191	0.065
5.858	0.6191	-0.114
5.859	0.6191	-0.123
5.86	0.6191	-0.230
5.861	0.6191	-0.325
5.862	0.6191	-0.276
5.863	0.6191	-0.213
5.864	0.6191	-0.193
5.865	0.6191	-0.065
5.866	0.6191	0.056
5.867	0.6191	0.091
5.868	0.6191	0.190
5.869	0.4249	0.268
5.87	0.0366	0.231
5.871	0.0366	0.247
5.872	0.2103	0.249
5.873	0.5578	0.121
5.874	0.5578	0.007
5.875	0.5578	-0.046
5.876	0.5578	-0.170
5.877	0.5578	-0.265
5.878	0.5578	-0.263
5.879	0.5578	-0.308
5.88	0.5578	-0.257
5.881	0.5578	-0.103
5.882	0.5578	-0.061
5.883	0.5578	0.021
5.884	0.5578	0.176
5.885	0.5578	0.177
5.886	0.5578	0.200
5.887	0.5710	0.278
5.888	0.5975	0.218
5.889	0.5975	0.119
5.89	0.5975	0.102
5.891	0.5975	0.000
5.892	0.5975	-0.124
5.893	0.5975	-0.148
5.894	0.5975	-0.239
5.895	0.5975	-0.319
5.896	0.5975	-0.236
5.897	0.5975	-0.162
5.898	0.5975	-0.116
5.899	0.5975	0.018
5.9	0.5975	0.102
5.901	0.5975	0.121
5.902	0.5975	0.223
5.903	0.5944	0.287
5.904	0.5881	0.227
5.905	0.5881	0.215
5.906	0.5881	0.193
5.907	0.5881	0.030
5.908	0.5881	-0.072
5.909	0.5881	-0.107
5.91	0.5881	-0.234
5.911	0.5881	-0.301
5.912	0.5881	-0.250
5.913	0.5881	-0.250
5.914	0.5881	-0.206
5.915	0.5881	-0.035
5.916	0.5881	0.040
5.917	0.5881	0.082
5.918	0.5881	0.224
5.919	0.4020	0.255
5.92	0.0297	0.225
5.921	0.2070	0.265
5.922	0.5616	0.209
5.923	0.5616	0.098
5.924	0.5616	0.052
5.925	0.5616	-0.074
5.926	0.5616	-0.216
5.927	0.5616	-0.218
5.928	0.5616	-0.248
5.929	0.5616	-0.290
5.93	0.5616	-0.171
5.931	0.5616	-0.118
5.932	0.5616	-0.071
5.933	0.5616	0.098
5.934	0.5616	0.198
5.935	0.5616	0.195
5.936	0.5616	0.272
5.937	0.5735	0.282
5.938	0.5975	0.200
5.939	0.5975	0.177
5.94	0.5975	0.131
5.941	0.5975	-0.046
5.942	0.5975	-0.125
5.943	0.5975	-0.172
5.944	0.5975	-0.284
5.945	0.5975	-0.315
5.946	0.5975	-0.212
5.947	0.5975	-0.182
5.948	0.5975	-0.133
5.949	0.5975	0.038
5.95	0.5975	0.081
5.951	0.5975	0.112
5.952	0.4092	0.256
5.953	0.0325	0.250
5.954	0.0325	0.223
5.955	0.1989	0.242
5.956	0.5316	0.161
5.957	0.5316	-0.004
5.958	0.5316	-0.021
5.959	0.5316	-0.112
5.96	0.5316	-0.246
5.961	0.5316	-0.253
5.962	0.5316	-0.289
5.963	0.5316	-0.276
5.964	0.5316	-0.155
5.965	0.5316	-0.053
5.966	0.5316	0.007
5.967	0.5316	0.123
5.968	0.3765	0.206
5.969	0.0662	0.193
5.97	0.0662	0.259
5.971	0.2470	0.291
5.972	0.6084	0.179
5.973	0.6084	0.158
5.974	0.6084	0.044
5.975	0.6084	-0.123
5.976	0.6084	-0.177
5.977	0.6084	-0.238
5.978	0.6084	-0.317
5.979	0.6084	-0.291
5.98	0.6084	-0.187
5.981	0.6084	-0.152
5.982	0.6084	-0.056
5.983	0.6084	0.086
5.984	0.6084	0.117
5.985	0.6084	0.168
5.986	0.4346	0.265
5.987	0.0869	0.233
5.988	0.0869	0.178
5.989	0.2282	0.208
5.99	0.5109	0.092
5.991	0.5109	-0.091
5.992	0.5109	-0.098
5.993	0.5109	-0.193
5.994	0.5109	-0.303
5.995	0.5109	-0.253
5.996	0.5109	-0.256
5.997	0.5109	-0.237
5.998	0.5109	-0.068
5.999	0.5109	0.036
6	0.5109	0.056
6.001	0.5109	0.166
6.002	0.3471	0.254
6.003	0.0194	0.234
6.004	0.2040	0.264
6.005	0.5731	0.253
6.006	0.5731	0.132
6.007	0.5731	0.051
6.008	0.5731	-0.040
6.009	0.5731	-0.163
6.01	0.5731	-0.235
6.011	0.5731	-0.244
6.012	0.5731	-0.309
6.013	0.5731	-0.248
6.014	0.5731	-0.138
6.015	0.5731	-0.070
6.016	0.5731	0.023
6.017	0.5731	0.152
6.018	0.5731	0.170
6.019	0.5731	0.211
6.02	0.5897	0.313
6.021	0.6228	0.222
6.022	0.6228	0.165
6.023	0.6228	0.158
6.024	0.6228	0.012
6.025	0.6228	-0.162
6.026	0.6228	-0.190
6.027	0.6228	-0.262
6.028	0.6228	-0.310
6.029	0.6228	-0.240
6.03	0.6228	-0.184
6.031	0.6228	-0.163
6.032	0.6228	-0.006
6.033	0.6228	0.081
6.034	0.6228	0.111
6.035	0.6228	0.231
6.036	0.4335	0.268
6.037	0.0550	0.213
6.038	0.2154	0.243
6.039	0.5362	0.205
6.04	0.5362	0.071
6.041	0.5362	-0.044
6.042	0.5362	-0.116
6.043	0.5362	-0.228
6.044	0.5362	-0.281
6.045	0.5362	-0.275
6.046	0.5362	-0.293
6.047	0.5362	-0.218
6.048	0.5362	-0.089
6.049	0.5362	-0.004
6.05	0.5362	0.065
6.051	0.5362	0.184
6.052	0.5362	0.203
6.053	0.5362	0.221
6.054	0.5595	0.273
6.055	0.6059	0.206
6.056	0.6059	0.119
6.057	0.6059	0.073
6.058	0.6059	-0.067
6.059	0.6059	-0.203
6.06	0.6059	-0.213
6.061	0.6059	-0.274
6.062	0.6059	-0.333
6.063	0.6059	-0.212
6.064	0.6059	-0.144
6.065	0.6059	-0.088
6.066	0.6059	0.076
6.067	0.6059	0.144
6.068	0.6059	0.160
6.069	0.6059	0.270
6.07	0.5961	0.294
6.071	0.5766	0.229
6.072	0.5766	0.233
6.073	0.5766	0.172
6.074	0.5766	-0.021
6.075	0.5766	-0.075
6.076	0.5766	-0.119
6.077	0.5766	-0.242
6.078	0.5766	-0.283
6.079	0.5766	-0.246
6.08	0.5766	-0.251
6.081	0.5766	-0.149
6.082	0.5766	0.010
6.083	0.5766	0.048
6.084	0.5766	0.091
6.085	0.5766	0.203
6.086	0.5766	0.219
6.087	0.5766	0.226
6.088	0.5505	0.251
6.089	0.4984	0.179
6.09	0.4984	0.047
6.091	0.4984	0.003
6.092	0.4984	-0.139
6.093	0.4984	-0.248
6.094	0.4892	-0.232
6.095	0.4706	-0.274
6.096	0.4706	-0.272
6.097	0.4706	-0.131
6.098	0.4706	-0.067
6.099	0.4706	-0.028
6.1	0.4706	0.111
6.101	0.4706	0.175
6.102	0.4706	0.196
6.103	0.5114	0.280
6.104	0.5928	0.267
6.105	0.5928	0.180
6.106	0.5928	0.158
6.107	0.5928	0.072
6.108	0.5928	-0.097
6.109	0.5928	-0.168
6.11	0.5928	-0.207
6.111	0.5928	-0.308
6.112	0.5928	-0.313
6.113	0.5928	-0.211
6.114	0.5928	-0.178
6.115	0.5928	-0.092
6.116	0.5928	0.058
6.117	0.5928	0.099
6.118	0.5928	0.163
6.119	0.4117	0.262
6.12	0.0494	0.228
6.121	0.0494	0.212
6.122	0.2058	0.241
6.123	0.5188	0.114
6.124	0.5188	-0.030
6.125	0.5188	-0.056
6.126	0.5188	-0.171
6.127	0.5188	-0.278
6.128	0.5188	-0.267
6.129	0.5188	-0.271
6.13	0.5188	-0.249
6.131	0.5188	-0.137
6.132	0.5188	-0.022
6.133	0.5188	0.030
6.134	0.5188	0.163
6.135	0.3667	0.241
6.136	0.0625	0.217
6.137	0.0625	0.280
6.138	0.2404	0.284
6.139	0.5962	0.186
6.14	0.5962	0.115
6.141	0.5962	0.025
6.142	0.5962	-0.111
6.143	0.5962	-0.177
6.144	0.5962	-0.226
6.145	0.5962	-0.313
6.146	0.5962	-0.281
6.147	0.5962	-0.183
6.148	0.5962	-0.154
6.149	0.5962	-0.032
6.15	0.5962	0.117
6.151	0.5962	0.143
6.152	0.5962	0.189
6.153	0.6031	0.304
6.154	0.6169	0.256
6.155	0.6169	0.202
6.156	0.6169	0.208
6.157	0.6169	0.061
6.158	0.6169	-0.090
6.159	0.6169	-0.117
6.16	0.6169	-0.243
6.161	0.6169	-0.313
6.162	0.6169	-0.252
6.163	0.6169	-0.220
6.164	0.6169	-0.189
6.165	0.6169	-0.050
6.166	0.6169	0.044
6.167	0.6169	0.083
6.168	0.6169	0.213
6.169	0.4212	0.260
6.17	0.0300	0.230
6.171	0.2044	0.253
6.172	0.5531	0.220
6.173	0.5531	0.087
6.174	0.5531	0.025
6.175	0.5531	-0.076
6.176	0.5531	-0.196
6.177	0.5531	-0.264
6.178	0.5531	-0.262
6.179	0.5531	-0.300
6.18	0.5531	-0.232
6.181	0.5531	-0.100
6.182	0.5531	-0.057
6.183	0.5531	0.042
6.184	0.5531	0.151
6.185	0.5531	0.192
6.186	0.5531	0.232
6.187	0.5758	0.291
6.188	0.6213	0.229
6.189	0.6213	0.145
6.19	0.6213	0.147
6.191	0.6213	-0.014
6.192	0.6213	-0.162
6.193	0.6213	-0.175
6.194	0.6213	-0.273
6.195	0.6213	-0.331
6.196	0.6213	-0.243
6.197	0.6213	-0.194
6.198	0.6213	-0.131
6.199	0.6213	0.051
6.2	0.6213	0.133
6.201	0.6213	0.135
6.202	0.6213	0.240
6.203	0.4300	0.281
6.204	0.0475	0.233
6.205	0.2215	0.254
6.206	0.5694	0.189
6.207	0.5694	0.016
6.208	0.5694	-0.048
6.209	0.5694	-0.127
6.21	0.5694	-0.284
6.211	0.5694	-0.315
6.212	0.5694	-0.274
6.213	0.5694	-0.254
6.214	0.5694	-0.179
6.215	0.5694	-0.055
6.216	0.5694	0.025
6.217	0.5694	0.105
6.218	0.5694	0.222
6.219	0.5694	0.223
6.22	0.5694	0.240
6.221	0.5809	0.301
6.222	0.6041	0.210
6.223	0.6041	0.108
6.224	0.6041	0.060
6.225	0.6041	-0.085
6.226	0.6041	-0.190
6.227	0.6041	-0.202
6.228	0.6041	-0.283
6.229	0.6041	-0.303
6.23	0.6041	-0.175
6.231	0.6041	-0.121
6.232	0.6041	-0.064
6.233	0.6041	0.115
6.234	0.6041	0.161
6.235	0.6041	0.174
6.236	0.5917	0.276
6.237	0.5669	0.273
6.238	0.5669	0.203
6.239	0.5669	0.171
6.24	0.5669	0.103
6.241	0.5669	-0.068
6.242	0.5669	-0.108
6.243	0.5669	-0.156
6.244	0.5669	-0.277
6.245	0.5669	-0.291
6.246	0.5669	-0.232
6.247	0.5669	-0.227
6.248	0.5669	-0.125
6.249	0.5669	0.055
6.25	0.5669	0.081
6.251	0.5669	0.156
6.252	0.3954	0.277
6.253	0.0525	0.269
6.254	0.0525	0.225
6.255	0.2204	0.266
6.256	0.5562	0.190
6.257	0.5562	0.037
6.258	0.5562	-0.007
6.259	0.5562	-0.157
6.26	0.5562	-0.290
6.261	0.5401	-0.236
6.262	0.5078	-0.285
6.263	0.5078	-0.266
6.264	0.5078	-0.123
6.265	0.5078	-0.052
6.266	0.5078	-0.004
6.267	0.5078	0.139
6.268	0.5078	0.194
6.269	0.5078	0.223
6.27	0.5401	0.294
6.271	0.6047	0.274
6.272	0.6047	0.168
6.273	0.6047	0.142
6.274	0.6047	0.019
6.275	0.6047	-0.138
6.276	0.6047	-0.179
6.277	0.6047	-0.227
6.278	0.6047	-0.311
6.279	0.6047	-0.255
6.28	0.6047	-0.197
6.281	0.6047	-0.204
6.282	0.6047	-0.055
6.283	0.6047	0.079
6.284	0.6047	0.133
6.285	0.6047	0.202
6.286	0.4309	0.285
6.287	0.0834	0.241
6.288	0.0834	0.201
6.289	0.2345	0.223
6.29	0.5366	0.084
6.291	0.5366	-0.052
6.292	0.5366	-0.098
6.293	0.5366	-0.226
6.294	0.5366	-0.314
6.295	0.5366	-0.266
6.296	0.5366	-0.260
6.297	0.5366	-0.227
6.298	0.5366	-0.076
6.299	0.5366	0.021
6.3	0.5366	0.053
6.301	0.5366	0.196
6.302	0.3664	0.226
6.303	0.0259	0.200
6.304	0.2090	0.268
6.305	0.5750	0.233
6.306	0.5750	0.111
6.307	0.5750	0.051
6.308	0.5750	-0.042
6.309	0.5750	-0.173
6.31	0.5750	-0.218
6.311	0.5750	-0.248
6.312	0.5750	-0.307
6.313	0.5750	-0.256
6.314	0.5750	-0.135
6.315	0.5750	-0.105
6.316	0.5750	0.027
6.317	0.5750	0.139
6.318	0.5750	0.179
6.319	0.5750	0.236
6.32	0.5880	0.301
6.321	0.6141	0.235
6.322	0.6141	0.150
6.323	0.6141	0.127
6.324	0.6141	-0.032
6.325	0.6141	-0.145
6.326	0.6141	-0.141
6.327	0.6141	-0.249
6.328	0.6141	-0.313
6.329	0.6141	-0.234
6.33	0.6141	-0.227
6.331	0.6141	-0.191
6.332	0.6141	-0.028
6.333	0.6141	0.056
6.334	0.6141	0.099
6.335	0.6141	0.239
6.336	0.5896	0.260
6.337	0.5406	0.231
6.338	0.5406	0.238
6.339	0.5406	0.204
6.34	0.5406	0.070
6.341	0.5406	-0.010
6.342	0.5406	-0.104
6.343	0.5406	-0.249
6.344	0.5406	-0.270
6.345	0.5406	-0.270
6.346	0.5406	-0.281
6.347	0.5406	-0.201
6.348	0.5406	-0.106
6.349	0.5406	-0.053
6.35	0.5406	0.063
6.351	0.5406	0.186
6.352	0.5406	0.191
6.353	0.5406	0.240
6.354	0.5583	0.292
6.355	0.5937	0.213
6.356	0.5937	0.148
6.357	0.5937	0.097
6.358	0.5937	-0.058
6.359	0.5937	-0.158
6.36	0.5937	-0.204
6.361	0.5937	-0.270
6.362	0.5937	-0.302
6.363	0.5937	-0.186
6.364	0.5937	-0.149
6.365	0.5937	-0.087
6.366	0.5937	0.069
6.367	0.5937	0.107
6.368	0.5937	0.143
6.369	0.5937	0.273
6.37	0.4215	0.273
6.371	0.0769	0.197
6.372	0.2297	0.228
6.373	0.5353	0.142
6.374	0.5353	-0.020
6.375	0.5353	-0.083
6.376	0.5353	-0.167
6.377	0.5353	-0.282
6.378	0.5353	-0.283
6.379	0.5353	-0.249
6.38	0.5353	-0.257
6.381	0.5353	-0.141
6.382	0.5353	-0.018
6.383	0.5353	0.022
6.384	0.5353	0.132
6.385	0.5353	0.226
6.386	0.5353	0.243
6.387	0.5353	0.252
6.388	0.5343	0.253
6.389	0.5322	0.174
6.39	0.5322	0.083
6.391	0.5322	0.017
6.392	0.5322	-0.127
6.393	0.5322	-0.220
6.394	0.5322	-0.215
6.395	0.5322	-0.279
6.396	0.5322	-0.278
6.397	0.5322	-0.161
6.398	0.5322	-0.112
6.399	0.5322	-0.025
6.4	0.5322	0.138
6.401	0.5322	0.186
6.402	0.5322	0.202
6.403	0.5560	0.290
6.404	0.6037	0.267
6.405	0.6037	0.163
6.406	0.6037	0.165
6.407	0.6037	0.080
6.408	0.6037	-0.106
6.409	0.6037	-0.144
6.41	0.6037	-0.215
6.411	0.6037	-0.314
6.412	0.6037	-0.279
6.413	0.6037	-0.212
6.414	0.6037	-0.190
6.415	0.6037	-0.063
6.416	0.6037	0.087
6.417	0.6037	0.105
6.418	0.6037	0.189
6.419	0.4202	0.281
6.42	0.0531	0.240
6.421	0.0531	0.228
6.422	0.2131	0.242
6.423	0.5331	0.116
6.424	0.5331	-0.029
6.425	0.5331	-0.040
6.426	0.5331	-0.177
6.427	0.5331	-0.291
6.428	0.5282	-0.260
6.429	0.5184	-0.299
6.43	0.5184	-0.275
6.431	0.5184	-0.124
6.432	0.5184	-0.066
6.433	0.5184	0.015
6.434	0.5184	0.172
6.435	0.5184	0.217
6.436	0.5184	0.220
6.437	0.5372	0.273
6.438	0.5747	0.220
6.439	0.5747	0.141
6.44	0.5747	0.103
6.441	0.5747	-0.023
6.442	0.5747	-0.168
6.443	0.5747	-0.194
6.444	0.5747	-0.255
6.445	0.5747	-0.302
6.446	0.5747	-0.236
6.447	0.5747	-0.140
6.448	0.5747	-0.118
6.449	0.5747	0.007
6.45	0.5747	0.138
6.451	0.5747	0.152
6.452	0.5747	0.225
6.453	0.5758	0.267
6.454	0.5781	0.210
6.455	0.5781	0.203
6.456	0.5781	0.195
6.457	0.5781	0.037
6.458	0.5781	-0.111
6.459	0.5781	-0.111
6.46	0.5781	-0.236
6.461	0.5781	-0.311
6.462	0.5781	-0.268
6.463	0.5781	-0.223
6.464	0.5781	-0.177
6.465	0.5781	-0.040
6.466	0.5781	0.033
6.467	0.5781	0.102
6.468	0.5781	0.229
6.469	0.3947	0.263
6.47	0.0278	0.235
6.471	0.2201	0.291
6.472	0.6047	0.237
6.473	0.6047	0.120
6.474	0.6047	0.057
6.475	0.6047	-0.040
6.476	0.6047	-0.196
6.477	0.6047	-0.248
6.478	0.6047	-0.278
6.479	0.6047	-0.314
6.48	0.6047	-0.186
6.481	0.6047	-0.106
6.482	0.6047	-0.042
6.483	0.6047	0.098
6.484	0.6047	0.188
6.485	0.6047	0.191
6.486	0.6047	0.221
6.487	0.6001	0.275
6.488	0.5909	0.199
6.489	0.5909	0.186
6.49	0.5909	0.132
6.491	0.5909	-0.043
6.492	0.5909	-0.139
6.493	0.5909	-0.200
6.494	0.5909	-0.286
6.495	0.5909	-0.316
6.496	0.5909	-0.227
6.497	0.5909	-0.207
6.498	0.5909	-0.158
6.499	0.5909	0.032
6.5	0.5909	0.078
6.501	0.5909	0.121
6.502	0.5909	0.261
6.503	0.4046	0.284
6.504	0.0319	0.253
6.505	0.1991	0.271
6.506	0.5334	0.184
6.507	0.5334	0.044
6.508	0.5334	-0.030
6.509	0.5334	-0.129
6.51	0.5334	-0.263
6.511	0.4852	-0.242
6.512	0.3887	-0.256
6.513	0.3887	-0.265
6.514	0.3887	-0.137
6.515	0.3887	-0.005
6.516	0.3887	0.029
6.517	0.3887	0.124
6.518	0.2703	0.209
6.519	0.0334	0.179
6.52	0.0334	0.212
6.521	0.2104	0.248
6.522	0.5644	0.154
6.523	0.5644	0.102
6.524	0.5644	0.050
6.525	0.5644	-0.115
6.526	0.5644	-0.224
6.527	0.5644	-0.225
6.528	0.5644	-0.316
6.529	0.5644	-0.279
6.53	0.5644	-0.148
6.531	0.5644	-0.129
6.532	0.5644	-0.036
6.533	0.5644	0.109
6.534	0.5644	0.147
6.535	0.5644	0.192
6.536	0.5729	0.276
6.537	0.5900	0.272
6.538	0.5900	0.190
6.539	0.5900	0.186
6.54	0.5900	0.078
6.541	0.5900	-0.079
6.542	0.5900	-0.111
6.543	0.5900	-0.233
6.544	0.5900	-0.314
6.545	0.5900	-0.266
6.546	0.5900	-0.219
6.547	0.5900	-0.208
6.548	0.5900	-0.087
6.549	0.5900	0.041
6.55	0.5900	0.075
6.551	0.5900	0.160
6.552	0.4035	0.257
6.553	0.0306	0.226
6.554	0.0306	0.239
6.555	0.1977	0.245
6.556	0.5319	0.130
6.557	0.5319	0.046
6.558	0.5319	-0.025
6.559	0.5319	-0.153
6.56	0.5319	-0.231
6.561	0.5319	-0.222
6.562	0.5319	-0.287
6.563	0.5319	-0.263
6.564	0.5319	-0.136
6.565	0.5319	-0.079
6.566	0.5319	0.012
6.567	0.5319	0.142
6.568	0.5319	0.162
6.569	0.5319	0.223
6.57	0.5708	0.326
6.571	0.6488	0.268
6.572	0.6488	0.177
6.573	0.6488	0.159
6.574	0.6488	0.017
6.575	0.6488	-0.139
6.576	0.6488	-0.173
6.577	0.6488	-0.240
6.578	0.6488	-0.323
6.579	0.6488	-0.269
6.58	0.6488	-0.191
6.581	0.6488	-0.177
6.582	0.6488	-0.022
6.583	0.6488	0.093
6.584	0.6488	0.108
6.585	0.6488	0.199
6.586	0.6227	0.273
6.587	0.5706	0.230
6.588	0.5706	0.209
6.589	0.5706	0.190
6.59	0.5706	0.075
6.591	0.5706	-0.051
6.592	0.5706	-0.106
6.593	0.5706	-0.234
6.594	0.5706	-0.298
6.595	0.5445	-0.243
6.596	0.4922	-0.268
6.597	0.4922	-0.217
6.598	0.4922	-0.055
6.599	0.4922	0.025
6.6	0.4922	0.103
6.601	0.4922	0.224
6.602	0.3328	0.236
6.603	0.0141	0.222
6.604	0.2026	0.266
6.605	0.5797	0.238
6.606	0.5797	0.145
6.607	0.5797	0.085
6.608	0.5797	-0.040
6.609	0.5797	-0.180
6.61	0.5797	-0.203
6.611	0.5797	-0.258
6.612	0.5797	-0.314
6.613	0.5797	-0.202
6.614	0.5797	-0.143
6.615	0.5797	-0.111
6.616	0.5797	0.050
6.617	0.5797	0.154
6.618	0.5797	0.157
6.619	0.5797	0.252
6.62	0.5843	0.281
6.621	0.5934	0.232
6.622	0.5934	0.189
6.623	0.5934	0.157
6.624	0.5934	-0.028
6.625	0.5934	-0.135
6.626	0.5934	-0.160
6.627	0.5934	-0.273
6.628	0.5934	-0.312
6.629	0.5934	-0.265
6.63	0.5934	-0.260
6.631	0.5934	-0.196
6.632	0.5934	-0.020
6.633	0.5934	0.033
6.634	0.5934	0.097
6.635	0.5934	0.227
6.636	0.3992	0.238
6.637	0.0106	0.228
6.638	0.1816	0.265
6.639	0.5234	0.203
6.64	0.5234	0.066
6.641	0.5234	0.010
6.642	0.5234	-0.100
6.643	0.5234	-0.216
6.644	0.5234	-0.220
6.645	0.5234	-0.234
6.646	0.5234	-0.258
6.647	0.5234	-0.147
6.648	0.5234	-0.077
6.649	0.5234	-0.021
6.65	0.5234	0.110
6.651	0.5234	0.187
6.652	0.5234	0.193
6.653	0.5234	0.247
6.654	0.5349	0.259
6.655	0.5578	0.208
6.656	0.5578	0.148
6.657	0.5578	0.070
6.658	0.5578	-0.100
6.659	0.5578	-0.165
6.66	0.5578	-0.207
6.661	0.5578	-0.299
6.662	0.5578	-0.297
6.663	0.5578	-0.183
6.664	0.5578	-0.147
6.665	0.5578	-0.099
6.666	0.5578	0.052
6.667	0.5578	0.091
6.668	0.5578	0.166
6.669	0.4035	0.291
6.67	0.0950	0.258
6.671	0.0950	0.196
6.672	0.2327	0.225
6.673	0.5081	0.121
6.674	0.5081	-0.033
6.675	0.5081	-0.063
6.676	0.5081	-0.142
6.677	0.5081	-0.283
6.678	0.5052	-0.264
6.679	0.4994	-0.278
6.68	0.4994	-0.248
6.681	0.4994	-0.095
6.682	0.4994	-0.021
6.683	0.4994	0.007
6.684	0.4994	0.126
6.685	0.4994	0.222
6.686	0.4994	0.216
6.687	0.5194	0.270
6.688	0.5594	0.261
6.689	0.5594	0.169
6.69	0.5594	0.083
6.691	0.5594	0.013
6.692	0.5594	-0.136
6.693	0.5594	-0.200
6.694	0.5594	-0.207
6.695	0.5594	-0.290
6.696	0.5594	-0.270
6.697	0.5594	-0.133
6.698	0.5594	-0.105
6.699	0.5594	-0.019
6.7	0.5594	0.131
6.701	0.5594	0.164
6.702	0.5594	0.180
6.703	0.5871	0.296
6.704	0.6425	0.258
6.705	0.6425	0.189
6.706	0.6425	0.175
6.707	0.6425	0.041
6.708	0.6425	-0.106
6.709	0.6425	-0.137
6.71	0.6425	-0.257
6.711	0.6425	-0.346
6.712	0.6425	-0.254
6.713	0.6425	-0.208
6.714	0.6425	-0.200
6.715	0.6425	-0.052
6.716	0.6425	0.043
6.717	0.6425	0.103
6.718	0.6425	0.208
6.719	0.4417	0.255
6.72	0.0400	0.215
6.721	0.2183	0.257
6.722	0.5750	0.241
6.723	0.5750	0.113
6.724	0.5750	0.014
6.725	0.5750	-0.044
6.726	0.5750	-0.198
6.727	0.5750	-0.257
6.728	0.5750	-0.263
6.729	0.5750	-0.318
6.73	0.5750	-0.246
6.731	0.5750	-0.127
6.732	0.5750	-0.053
6.733	0.5750	0.052
6.734	0.5750	0.185
6.735	0.5750	0.203
6.736	0.5750	0.198
6.737	0.5820	0.286
6.738	0.5959	0.215
6.739	0.5959	0.122
6.74	0.5959	0.122
6.741	0.5959	-0.024
6.742	0.5959	-0.151
6.743	0.5959	-0.161
6.744	0.5959	-0.242
6.745	0.5959	-0.310
6.746	0.5959	-0.227
6.747	0.5959	-0.157
6.748	0.5959	-0.127
6.749	0.5959	0.036
6.75	0.5959	0.098
6.751	0.5959	0.135
6.752	0.5959	0.251
6.753	0.5819	0.276
6.754	0.5537	0.217
6.755	0.5537	0.202
6.756	0.5537	0.173
6.757	0.5537	0.013
6.758	0.5537	-0.079
6.759	0.5537	-0.118
6.76	0.5537	-0.253
6.761	0.5537	-0.278
6.762	0.5537	-0.268
6.763	0.5537	-0.265
6.764	0.5537	-0.177
6.765	0.5537	-0.056
6.766	0.5537	0.009
6.767	0.5537	0.104
6.768	0.5537	0.225
6.769	0.5537	0.247
6.77	0.5537	0.244
6.771	0.5701	0.296
6.772	0.6028	0.226
6.773	0.6028	0.126
6.774	0.6028	0.058
6.775	0.6028	-0.076
6.776	0.6028	-0.203
6.777	0.6028	-0.211
6.778	0.6028	-0.257
6.779	0.6028	-0.307
6.78	0.6028	-0.195
6.781	0.6028	-0.116
6.782	0.6028	-0.070
6.783	0.6028	0.082
6.784	0.6028	0.128
6.785	0.6028	0.155
6.786	0.5924	0.265
6.787	0.5716	0.264
6.788	0.5716	0.180
6.789	0.5716	0.182
6.79	0.5716	0.128
6.791	0.5716	-0.062
6.792	0.5716	-0.124
6.793	0.5716	-0.201
6.794	0.5716	-0.306
6.795	0.5716	-0.289
6.796	0.5716	-0.197
6.797	0.5716	-0.179
6.798	0.5716	-0.129
6.799	0.5716	0.013
6.8	0.5716	0.071
6.801	0.5716	0.138
6.802	0.3960	0.270
6.803	0.0450	0.252
6.804	0.0450	0.225
6.805	0.2004	0.235
6.806	0.5113	0.142
6.807	0.5113	0.003
6.808	0.5113	-0.044
6.809	0.5113	-0.177
6.81	0.5113	-0.276
6.811	0.4869	-0.259
6.812	0.4381	-0.283
6.813	0.4381	-0.255
6.814	0.4381	-0.113
6.815	0.4381	-0.038
6.816	0.4381	0.007
6.817	0.4381	0.156
6.818	0.3147	0.234
6.819	0.0678	0.223
6.82	0.0678	0.291
6.821	0.2450	0.294
6.822	0.5994	0.174
6.823	0.5994	0.135
6.824	0.5994	0.035
6.825	0.5994	-0.121
6.826	0.5994	-0.180
6.827	0.5994	-0.239
6.828	0.5994	-0.305
6.829	0.5994	-0.269
6.83	0.5994	-0.186
6.831	0.5994	-0.173
6.832	0.5994	-0.041
6.833	0.5994	0.104
6.834	0.5994	0.123
6.835	0.5994	0.185
6.836	0.6011	0.292
6.837	0.6047	0.237
6.838	0.6047	0.232
6.839	0.6047	0.234
6.84	0.6047	0.088
6.841	0.6047	-0.062
6.842	0.6047	-0.101
6.843	0.6047	-0.207
6.844	0.6047	-0.313
6.845	0.6047	-0.254
6.846	0.6047	-0.220
6.847	0.6047	-0.213
6.848	0.6047	-0.045
6.849	0.6047	0.031
6.85	0.6047	0.063
6.851	0.6047	0.187
6.852	0.4165	0.245
6.853	0.0400	0.205
6.854	0.2256	0.281
6.855	0.5969	0.231
6.856	0.5969	0.117
6.857	0.5969	0.053
6.858	0.5969	-0.037
6.859	0.5969	-0.193
6.86	0.5969	-0.228
6.861	0.5969	-0.264
6.862	0.5969	-0.316
6.863	0.5969	-0.249
6.864	0.5969	-0.137
6.865	0.5969	-0.108
6.866	0.5969	0.008
6.867	0.5969	0.136
6.868	0.5969	0.158
6.869	0.5969	0.195
6.87	0.5978	0.280
6.871	0.5997	0.232
6.872	0.5997	0.181
6.873	0.5997	0.160
6.874	0.5997	0.008
6.875	0.5997	-0.120
6.876	0.5997	-0.137
6.877	0.5997	-0.238
6.878	0.5997	-0.319
6.879	0.5997	-0.236
6.88	0.5997	-0.218
6.881	0.5997	-0.184
6.882	0.5997	-0.014
6.883	0.5997	0.077
6.884	0.5997	0.103
6.885	0.5997	0.231
6.886	0.4135	0.235
6.887	0.0413	0.194
6.888	0.2027	0.241
6.889	0.5256	0.185
6.89	0.5256	0.024
6.891	0.5256	-0.027
6.892	0.5256	-0.108
6.893	0.5256	-0.236
6.894	0.5256	-0.258
6.895	0.5256	-0.259
6.896	0.5256	-0.285
6.897	0.5256	-0.211
6.898	0.5256	-0.073
6.899	0.5256	-0.007
6.9	0.5256	0.081
6.901	0.5256	0.188
6.902	0.5256	0.220
6.903	0.5256	0.230
6.904	0.5504	0.279
6.905	0.6000	0.210
6.906	0.6000	0.123
6.907	0.6000	0.092
6.908	0.6000	-0.052
6.909	0.6000	-0.165
6.91	0.6000	-0.180
6.911	0.6000	-0.268
6.912	0.6000	-0.321
6.913	0.6000	-0.183
6.914	0.6000	-0.158
6.915	0.6000	-0.116
6.916	0.6000	0.064
6.917	0.6000	0.124
6.918	0.6000	0.135
6.919	0.6000	0.270
6.92	0.4269	0.287
6.921	0.0806	0.206
6.922	0.2228	0.220
6.923	0.5072	0.147
6.924	0.5072	-0.003
6.925	0.5072	-0.086
6.926	0.5072	-0.152
6.927	0.5072	-0.288
6.928	0.5072	-0.285
6.929	0.5072	-0.244
6.93	0.5072	-0.236
6.931	0.5072	-0.115
6.932	0.5072	0.009
6.933	0.5072	0.057
6.934	0.5072	0.153
6.935	0.3460	0.262
6.936	0.0237	0.238
6.937	0.0237	0.250
6.938	0.1958	0.261
6.939	0.5400	0.168
6.94	0.5400	0.039
6.941	0.5400	-0.003
6.942	0.5400	-0.124
6.943	0.5400	-0.238
6.944	0.5400	-0.230
6.945	0.5400	-0.279
6.946	0.5400	-0.267
6.947	0.5400	-0.128
6.948	0.5400	-0.102
6.949	0.5400	-0.031
6.95	0.5400	0.134
6.951	0.5400	0.178
6.952	0.5400	0.196
6.953	0.5591	0.288
6.954	0.5972	0.259
6.955	0.5972	0.192
6.956	0.5972	0.196
6.957	0.5972	0.099
6.958	0.5972	-0.069
6.959	0.5972	-0.097
6.96	0.5972	-0.189
6.961	0.5972	-0.310
6.962	0.5972	-0.296
6.963	0.5972	-0.203
6.964	0.5972	-0.182
6.965	0.5972	-0.063
6.966	0.5972	0.069
6.967	0.5972	0.070
6.968	0.5972	0.185
6.969	0.4256	0.288
6.97	0.0825	0.229
6.971	0.0825	0.206
6.972	0.2351	0.219
6.973	0.5403	0.102
6.974	0.5403	-0.035
6.975	0.5403	-0.069
6.976	0.5403	-0.205
6.977	0.5403	-0.322
6.978	0.5403	-0.251
6.979	0.5403	-0.258
6.98	0.5403	-0.236
6.981	0.5403	-0.072
6.982	0.5403	-0.002
6.983	0.5403	0.038
6.984	0.5403	0.163
6.985	0.5403	0.215
6.986	0.5403	0.215
6.987	0.5574	0.288
6.988	0.5916	0.248
6.989	0.5916	0.142
6.99	0.5916	0.105
6.991	0.5916	-0.008
6.992	0.5916	-0.157
6.993	0.5916	-0.192
6.994	0.5916	-0.250
6.995	0.5916	-0.303
6.996	0.5916	-0.248
6.997	0.5916	-0.156
6.998	0.5916	-0.138
6.999	0.5916	-0.017
7	0.5916	0.125
7.001	0.5916	0.146
7.002	0.5916	0.219
7.003	0.5899	0.272
7.004	0.5866	0.203
7.005	0.5866	0.172
7.006	0.5866	0.169
7.007	0.5866	0.040
7.008	0.5866	-0.088
7.009	0.5866	-0.116
7.01	0.5866	-0.248
7.011	0.5866	-0.314
7.012	0.5866	-0.224
7.013	0.5866	-0.226
7.014	0.5866	-0.186
7.015	0.5866	-0.012
7.016	0.5866	0.058
7.017	0.5866	0.084
7.018	0.5866	0.212
7.019	0.4070	0.243
7.02	0.0478	0.195
7.021	0.2252	0.265
7.022	0.5800	0.225
7.023	0.5800	0.106
7.024	0.5800	0.029
7.025	0.5800	-0.078
7.026	0.5800	-0.212
7.027	0.5800	-0.216
7.028	0.5800	-0.264
7.029	0.5800	-0.315
7.03	0.5800	-0.218
7.031	0.5800	-0.098
7.032	0.5800	-0.083
7.033	0.5800	0.039
7.034	0.5800	0.177
7.035	0.5800	0.175
7.036	0.5800	0.217
7.037	0.5913	0.274
7.038	0.6137	0.179
7.039	0.6137	0.138
7.04	0.6137	0.109
7.041	0.6137	-0.060
7.042	0.6137	-0.157
7.043	0.6137	-0.170
7.044	0.6137	-0.280
7.045	0.6137	-0.333
7.046	0.6137	-0.224
7.047	0.6137	-0.190
7.048	0.6137	-0.136
7.049	0.6137	0.067
7.05	0.6137	0.130
7.051	0.6137	0.158
7.052	0.6137	0.281
7.053	0.4384	0.285
7.054	0.0878	0.197
7.055	0.2316	0.240
7.056	0.5191	0.168
7.057	0.5191	-0.002
7.058	0.5191	-0.019
7.059	0.5191	-0.136
7.06	0.5191	-0.279
7.061	0.5193	-0.251
7.062	0.5197	-0.266
7.063	0.5197	-0.272
7.064	0.5197	-0.168
7.065	0.5197	-0.049
7.066	0.5197	0.029
7.067	0.5197	0.107
7.068	0.5197	0.205
7.069	0.5197	0.195
7.07	0.5197	0.248
7.071	0.5409	0.284
7.072	0.5834	0.182
7.073	0.5834	0.100
7.074	0.5834	0.038
7.075	0.5834	-0.120
7.076	0.5834	-0.198
7.077	0.5834	-0.218
7.078	0.5834	-0.286
7.079	0.5834	-0.300
7.08	0.5834	-0.189
7.081	0.5834	-0.156
7.082	0.5834	-0.067
7.083	0.5834	0.096
7.084	0.5834	0.124
7.085	0.5834	0.144
7.086	0.5848	0.272
7.087	0.5875	0.261
7.088	0.5875	0.182
7.089	0.5875	0.176
7.09	0.5875	0.083
7.091	0.5875	-0.063
7.092	0.5875	-0.109
7.093	0.5875	-0.200
7.094	0.5875	-0.316
7.095	0.5875	-0.283
7.096	0.5875	-0.226
7.097	0.5875	-0.213
7.098	0.5875	-0.083
7.099	0.5875	0.051
7.1	0.5875	0.066
7.101	0.5875	0.189
7.102	0.4082	0.268
7.103	0.0497	0.218
7.104	0.0497	0.229
7.105	0.2074	0.239
7.106	0.5228	0.132
7.107	0.5228	0.032
7.108	0.5228	-0.048
7.109	0.5228	-0.194
7.11	0.5228	-0.284
7.111	0.5120	-0.248
7.112	0.4903	-0.310
7.113	0.4903	-0.274
7.114	0.4903	-0.136
7.115	0.4903	-0.092
7.116	0.4903	-0.003
7.117	0.4903	0.142
7.118	0.4903	0.180
7.119	0.4903	0.173
7.12	0.5223	0.277
7.121	0.5863	0.240
7.122	0.5863	0.179
7.123	0.5863	0.149
7.124	0.5863	0.048
7.125	0.5863	-0.084
7.126	0.5863	-0.132
7.127	0.5863	-0.246
7.128	0.5863	-0.309
7.129	0.5863	-0.250
7.13	0.5863	-0.187
7.131	0.5863	-0.164
7.132	0.5863	-0.019
7.133	0.5863	0.094
7.134	0.5863	0.118
7.135	0.5863	0.224
7.136	0.5777	0.286
7.137	0.5606	0.211
7.138	0.5606	0.216
7.139	0.5606	0.209
7.14	0.5606	0.079
7.141	0.5606	-0.034
7.142	0.5606	-0.076
7.143	0.5606	-0.187
7.144	0.5606	-0.275
7.145	0.5298	-0.249
7.146	0.4681	-0.273
7.147	0.4681	-0.216
7.148	0.4681	-0.083
7.149	0.4681	-0.018
7.15	0.4681	0.064
7.151	0.4681	0.196
7.152	0.3194	0.223
7.153	0.0219	0.201
7.154	0.2336	0.278
7.155	0.6572	0.224
7.156	0.6572	0.137
7.157	0.6572	0.089
7.158	0.6572	-0.037
7.159	0.6572	-0.192
7.16	0.6572	-0.215
7.161	0.6572	-0.287
7.162	0.6572	-0.380
7.163	0.6572	-0.249
7.164	0.6572	-0.166
7.165	0.6572	-0.116
7.166	0.6572	0.040
7.167	0.6572	0.152
7.168	0.6572	0.162
7.169	0.6572	0.232
7.17	0.6392	0.294
7.171	0.6031	0.213
7.172	0.6031	0.166
7.173	0.6031	0.126
7.174	0.6031	-0.020
7.175	0.6031	-0.122
7.176	0.6031	-0.138
7.177	0.6031	-0.266
7.178	0.6031	-0.309
7.179	0.6031	-0.237
7.18	0.6031	-0.214
7.181	0.6031	-0.165
7.182	0.6031	0.016
7.183	0.6031	0.064
7.184	0.6031	0.126
7.185	0.4111	0.254
7.186	0.0272	0.251
7.187	0.0272	0.227
7.188	0.2143	0.280
7.189	0.5884	0.196
7.19	0.5884	0.073
7.191	0.5884	0.013
7.192	0.5884	-0.098
7.193	0.5884	-0.247
7.194	0.5884	-0.257
7.195	0.5884	-0.289
7.196	0.5884	-0.308
7.197	0.5884	-0.188
7.198	0.5884	-0.076
7.199	0.5884	-0.018
7.2	0.5884	0.112
7.201	0.4139	0.218
7.202	0.0647	0.197
7.203	0.0647	0.262
7.204	0.2449	0.293
7.205	0.6053	0.177
7.206	0.6053	0.149
7.207	0.6053	0.104
7.208	0.6053	-0.080
7.209	0.6053	-0.144
7.21	0.6053	-0.178
7.211	0.6053	-0.292
7.212	0.6053	-0.312
7.213	0.6053	-0.209
7.214	0.6053	-0.159
7.215	0.6053	-0.100
7.216	0.6053	0.086
7.217	0.6053	0.117
7.218	0.6053	0.155
7.219	0.4354	0.282
7.22	0.0956	0.253
7.221	0.0956	0.186
7.222	0.2410	0.225
7.223	0.5319	0.133
7.224	0.5319	-0.032
7.225	0.5319	-0.068
7.226	0.5319	-0.177
7.227	0.5319	-0.307
7.228	0.5319	-0.268
7.229	0.5319	-0.255
7.23	0.5319	-0.225
7.231	0.5319	-0.096
7.232	0.5319	0.004
7.233	0.5319	0.050
7.234	0.5319	0.173
7.235	0.3654	0.250
7.236	0.0325	0.218
7.237	0.0325	0.239
7.238	0.2150	0.265
7.239	0.5800	0.178
7.24	0.5800	0.103
7.241	0.5800	-0.005
7.242	0.5800	-0.138
7.243	0.5800	-0.206
7.244	0.5800	-0.239
7.245	0.5800	-0.315
7.246	0.5800	-0.274
7.247	0.5800	-0.159
7.248	0.5800	-0.120
7.249	0.5800	-0.035
7.25	0.5800	0.108
7.251	0.5800	0.153
7.252	0.5800	0.185
7.253	0.4142	0.274
7.254	0.0825	0.270
7.255	0.0825	0.192
7.256	0.2245	0.208
7.257	0.5084	0.086
7.258	0.5084	-0.077
7.259	0.5084	-0.100
7.26	0.5084	-0.197
7.261	0.5084	-0.291
7.262	0.5084	-0.240
7.263	0.5084	-0.203
7.264	0.5084	-0.189
7.265	0.5084	-0.043
7.266	0.5084	0.066
7.267	0.5084	0.105
7.268	0.5084	0.217
7.269	0.3489	0.259
7.27	0.0297	0.229
7.271	0.1897	0.250
7.272	0.5097	0.239
7.273	0.5097	0.096
7.274	0.5097	-0.013
7.275	0.5097	-0.084
7.276	0.5097	-0.218
7.277	0.5097	-0.260
7.278	0.5053	-0.246
7.279	0.4966	-0.261
7.28	0.4966	-0.196
7.281	0.4966	-0.075
7.282	0.4966	-0.038
7.283	0.4966	0.035
7.284	0.4966	0.176
7.285	0.4966	0.222
7.286	0.4966	0.235
7.287	0.5361	0.288
7.288	0.6153	0.230
7.289	0.6153	0.162
7.29	0.6153	0.129
7.291	0.6153	-0.007
7.292	0.6153	-0.155
7.293	0.6153	-0.164
7.294	0.6153	-0.261
7.295	0.6153	-0.328
7.296	0.6153	-0.230
7.297	0.6153	-0.164
7.298	0.6153	-0.137
7.299	0.6153	0.016
7.3	0.6153	0.109
7.301	0.6153	0.115
7.302	0.6153	0.231
7.303	0.5960	0.281
7.304	0.5575	0.229
7.305	0.5575	0.210
7.306	0.5575	0.182
7.307	0.5575	0.028
7.308	0.5575	-0.074
7.309	0.5575	-0.106
7.31	0.5575	-0.233
7.311	0.5575	-0.276
7.312	0.5575	-0.229
7.313	0.5575	-0.239
7.314	0.5575	-0.157
7.315	0.5575	-0.031
7.316	0.5575	0.018
7.317	0.5575	0.100
7.318	0.5575	0.235
7.319	0.3785	0.244
7.32	0.0206	0.223
7.321	0.2001	0.280
7.322	0.5591	0.204
7.323	0.5591	0.081
7.324	0.5591	0.038
7.325	0.5591	-0.072
7.326	0.5591	-0.214
7.327	0.5591	-0.208
7.328	0.5591	-0.262
7.329	0.5591	-0.278
7.33	0.5591	-0.144
7.331	0.5591	-0.086
7.332	0.5591	-0.034
7.333	0.5591	0.096
7.334	0.5591	0.184
7.335	0.5591	0.203
7.336	0.5591	0.282
7.337	0.5671	0.296
7.338	0.5831	0.228
7.339	0.5831	0.216
7.34	0.5831	0.147
7.341	0.5831	-0.010
7.342	0.5831	-0.084
7.343	0.5831	-0.158
7.344	0.5831	-0.268
7.345	0.5831	-0.288
7.346	0.5831	-0.188
7.347	0.5831	-0.175
7.348	0.5831	-0.100
7.349	0.5831	0.049
7.35	0.5831	0.102
7.351	0.5831	0.177
7.352	0.4014	0.271
7.353	0.0378	0.254
7.354	0.0378	0.233
7.355	0.2154	0.277
7.356	0.5706	0.163
7.357	0.5706	0.010
7.358	0.5706	-0.059
7.359	0.5706	-0.165
7.36	0.5706	-0.293
7.361	0.5706	-0.275
7.362	0.5706	-0.269
7.363	0.5706	-0.256
7.364	0.5706	-0.133
7.365	0.5706	-0.039
7.366	0.5706	0.013
7.367	0.5706	0.148
7.368	0.3982	0.212
7.369	0.0534	0.198
7.37	0.0534	0.252
7.371	0.2259	0.267
7.372	0.5709	0.197
7.373	0.5709	0.163
7.374	0.5709	0.064
7.375	0.5709	-0.130
7.376	0.5709	-0.177
7.377	0.5709	-0.213
7.378	0.5709	-0.304
7.379	0.5709	-0.266
7.38	0.5709	-0.164
7.381	0.5709	-0.141
7.382	0.5709	-0.052
7.383	0.5709	0.104
7.384	0.5709	0.130
7.385	0.5709	0.194
7.386	0.4053	0.283
7.387	0.0741	0.259
7.388	0.0741	0.208
7.389	0.2237	0.223
7.39	0.5231	0.085
7.391	0.5231	-0.066
7.392	0.5231	-0.124
7.393	0.5231	-0.202
7.394	0.5231	-0.300
7.395	0.5231	-0.243
7.396	0.5231	-0.228
7.397	0.5231	-0.236
7.398	0.5231	-0.094
7.399	0.5231	0.009
7.4	0.5231	0.058
7.401	0.5231	0.169
7.402	0.3582	0.238
7.403	0.0284	0.209
7.404	0.2040	0.245
7.405	0.5550	0.191
7.406	0.5550	0.104
7.407	0.5550	0.047
7.408	0.5550	-0.016
7.409	0.5550	-0.177
7.41	0.5550	-0.241
7.411	0.5550	-0.253
7.412	0.5550	-0.310
7.413	0.5550	-0.239
7.414	0.5550	-0.125
7.415	0.5550	-0.086
7.416	0.5550	0.019
7.417	0.5550	0.169
7.418	0.5550	0.191
7.419	0.5550	0.220
7.42	0.5748	0.278
7.421	0.6144	0.231
7.422	0.6144	0.157
7.423	0.6144	0.155
7.424	0.6144	0.001
7.425	0.6144	-0.153
7.426	0.6144	-0.173
7.427	0.6144	-0.289
7.428	0.6144	-0.337
7.429	0.6144	-0.247
7.43	0.6144	-0.207
7.431	0.6144	-0.178
7.432	0.6144	-0.006
7.433	0.6144	0.084
7.434	0.6144	0.097
7.435	0.6144	0.204
7.436	0.5859	0.269
7.437	0.5291	0.250
7.438	0.5291	0.244
7.439	0.5291	0.216
7.44	0.5291	0.059
7.441	0.5291	-0.022
7.442	0.5291	-0.088
7.443	0.5291	-0.223
7.444	0.5291	-0.260
7.445	0.5291	-0.259
7.446	0.5291	-0.255
7.447	0.5291	-0.192
7.448	0.5291	-0.078
7.449	0.5291	-0.006
7.45	0.5291	0.068
7.451	0.5291	0.181
7.452	0.5291	0.182
7.453	0.5291	0.195
7.454	0.5567	0.288
7.455	0.6119	0.202
7.456	0.6119	0.107
7.457	0.6119	0.068
7.458	0.6119	-0.058
7.459	0.6119	-0.164
7.46	0.6119	-0.187
7.461	0.6119	-0.280
7.462	0.6119	-0.324
7.463	0.6119	-0.207
7.464	0.6119	-0.167
7.465	0.6119	-0.142
7.466	0.6119	0.037
7.467	0.6119	0.099
7.468	0.6119	0.125
7.469	0.6119	0.239
7.47	0.4377	0.273
7.471	0.0894	0.184
7.472	0.2304	0.212
7.473	0.5125	0.159
7.474	0.5125	-0.008
7.475	0.5125	-0.083
7.476	0.5125	-0.143
7.477	0.5125	-0.270
7.478	0.5125	-0.275
7.479	0.5125	-0.222
7.48	0.5125	-0.221
7.481	0.5125	-0.154
7.482	0.5125	0.023
7.483	0.5125	0.062
7.484	0.5125	0.137
7.485	0.5125	0.237
7.486	0.5125	0.235
7.487	0.5125	0.228
7.488	0.5322	0.284
7.489	0.5716	0.182
7.49	0.5716	0.059
7.491	0.5716	0.018
7.492	0.5716	-0.128
7.493	0.5716	-0.233
7.494	0.5716	-0.238
7.495	0.5716	-0.276
7.496	0.5716	-0.287
7.497	0.5716	-0.170
7.498	0.5716	-0.116
7.499	0.5716	-0.043
7.5	0.5716	0.121
7.501	0.5716	0.197
7.502	0.5716	0.207
7.503	0.5716	0.278
7.504	0.5828	0.281
7.505	0.6053	0.201
7.506	0.6053	0.172
7.507	0.6053	0.079
7.508	0.6053	-0.096
7.509	0.6053	-0.128
7.51	0.6053	-0.210
7.511	0.6053	-0.325
7.512	0.6053	-0.313
7.513	0.6053	-0.212
7.514	0.6053	-0.176
7.515	0.6053	-0.071
7.516	0.6053	0.069
7.517	0.6053	0.089
7.518	0.6053	0.147
7.519	0.4289	0.266
7.52	0.0759	0.235
7.521	0.0759	0.190
7.522	0.2218	0.218
7.523	0.5134	0.117
7.524	0.5134	0.009
7.525	0.5134	-0.025
7.526	0.5134	-0.190
7.527	0.5134	-0.296
7.528	0.5134	-0.253
7.529	0.5134	-0.259
7.53	0.5134	-0.236
7.531	0.5134	-0.098
7.532	0.5134	-0.016
7.533	0.5134	0.058
7.534	0.5134	0.182
7.535	0.3504	0.224
7.536	0.0244	0.199
7.537	0.2122	0.277
7.538	0.5878	0.254
7.539	0.5878	0.140
7.54	0.5878	0.079
7.541	0.5878	-0.004
7.542	0.5878	-0.130
7.543	0.5878	-0.199
7.544	0.5878	-0.235
7.545	0.5878	-0.311
7.546	0.5878	-0.253
7.547	0.5878	-0.154
7.548	0.5878	-0.118
7.549	0.5878	0.010
7.55	0.5878	0.126
7.551	0.5878	0.165
7.552	0.5878	0.209
7.553	0.5947	0.302
7.554	0.6084	0.241
7.555	0.6084	0.193
7.556	0.6084	0.192
7.557	0.6084	0.035
7.558	0.6084	-0.108
7.559	0.6084	-0.139
7.56	0.6084	-0.243
7.561	0.6084	-0.306
7.562	0.6084	-0.243
7.563	0.6084	-0.224
7.564	0.6084	-0.207
7.565	0.6084	-0.052
7.566	0.6084	0.052
7.567	0.6084	0.072
7.568	0.6084	0.211
7.569	0.4122	0.234
7.57	0.0197	0.214
7.571	0.1970	0.277
7.572	0.5516	0.198
7.573	0.5516	0.099
7.574	0.5516	0.031
7.575	0.5516	-0.060
7.576	0.5516	-0.200
7.577	0.5516	-0.232
7.578	0.5516	-0.261
7.579	0.5516	-0.275
7.58	0.5516	-0.192
7.581	0.5516	-0.103
7.582	0.5516	-0.079
7.583	0.5516	0.027
7.584	0.5516	0.139
7.585	0.5516	0.166
7.586	0.5516	0.210
7.587	0.5700	0.284
7.588	0.6069	0.198
7.589	0.6069	0.138
7.59	0.6069	0.126
7.591	0.6069	-0.034
7.592	0.6069	-0.155
7.593	0.6069	-0.173
7.594	0.6069	-0.262
7.595	0.6069	-0.323
7.596	0.6069	-0.210
7.597	0.6069	-0.202
7.598	0.6069	-0.148
7.599	0.6069	0.037
7.6	0.6069	0.104
7.601	0.6069	0.131
7.602	0.6069	0.262
7.603	0.4245	0.285
7.604	0.0597	0.226
7.605	0.2211	0.243
7.606	0.5441	0.155
7.607	0.5441	-0.004
7.608	0.5441	-0.066
7.609	0.5441	-0.132
7.61	0.5441	-0.262
7.611	0.5441	-0.259
7.612	0.5441	-0.263
7.613	0.5441	-0.301
7.614	0.5441	-0.190
7.615	0.5441	-0.052
7.616	0.5441	-0.015
7.617	0.5441	0.084
7.618	0.5441	0.212
7.619	0.5441	0.205
7.62	0.5441	0.233
7.621	0.5529	0.262
7.622	0.5706	0.166
7.623	0.5706	0.097
7.624	0.5706	0.048
7.625	0.5706	-0.107
7.626	0.5706	-0.214
7.627	0.5706	-0.219
7.628	0.5706	-0.288
7.629	0.5706	-0.277
7.63	0.5706	-0.168
7.631	0.5706	-0.115
7.632	0.5706	-0.065
7.633	0.5706	0.092
7.634	0.5706	0.156
7.635	0.5706	0.181
7.636	0.5706	0.283
7.637	0.5782	0.299
7.638	0.5934	0.238
7.639	0.5934	0.215
7.64	0.5934	0.131
7.641	0.5934	-0.053
7.642	0.5934	-0.104
7.643	0.5934	-0.177
7.644	0.5934	-0.295
7.645	0.5934	-0.283
7.646	0.5934	-0.242
7.647	0.5934	-0.244
7.648	0.5934	-0.122
7.649	0.5934	0.002
7.65	0.5934	0.032
7.651	0.5934	0.127
7.652	0.4006	0.253
7.653	0.0150	0.248
7.654	0.0150	0.238
7.655	0.1754	0.255
7.656	0.4962	0.145
7.657	0.4962	0.034
7.658	0.4962	-0.021
7.659	0.4962	-0.156
7.66	0.4962	-0.242
7.661	0.4908	-0.224
7.662	0.4800	-0.278
7.663	0.4800	-0.242
7.664	0.4800	-0.105
7.665	0.4800	-0.049
7.666	0.4800	0.025
7.667	0.4800	0.147
7.668	0.4800	0.183
7.669	0.4800	0.203
7.67	0.5263	0.298
7.671	0.6187	0.249
7.672	0.6187	0.152
7.673	0.6187	0.135
7.674	0.6187	0.000
7.675	0.6187	-0.141
7.676	0.6187	-0.163
7.677	0.6187	-0.228
7.678	0.6187	-0.321
7.679	0.6187	-0.258
7.68	0.6187	-0.182
7.681	0.6187	-0.173
7.682	0.6187	-0.050
7.683	0.6187	0.090
7.684	0.6187	0.121
7.685	0.6187	0.223
7.686	0.6062	0.279
7.687	0.5812	0.219
7.688	0.5812	0.212
7.689	0.5812	0.215
7.69	0.5812	0.045
7.691	0.5812	-0.040
7.692	0.5812	-0.079
7.693	0.5812	-0.222
7.694	0.5812	-0.302
7.695	0.5812	-0.252
7.696	0.5812	-0.253
7.697	0.5812	-0.216
7.698	0.5812	-0.059
7.699	0.5812	0.008
7.7	0.5812	0.074
7.701	0.5812	0.218
7.702	0.4037	0.248
7.703	0.0487	0.200
7.704	0.2272	0.272
7.705	0.5841	0.230
7.706	0.5841	0.108
7.707	0.5841	0.075
7.708	0.5841	-0.051
7.709	0.5841	-0.177
7.71	0.5841	-0.202
7.711	0.5841	-0.229
7.712	0.5841	-0.313
7.713	0.5841	-0.223
7.714	0.5841	-0.146
7.715	0.5841	-0.098
7.716	0.5841	0.028
7.717	0.5841	0.139
7.718	0.5841	0.163
7.719	0.5841	0.236
7.72	0.5910	0.284
7.721	0.6050	0.220
7.722	0.6050	0.192
7.723	0.6050	0.160
7.724	0.6050	-0.003
7.725	0.6050	-0.098
7.726	0.6050	-0.134
7.727	0.6050	-0.293
7.728	0.6050	-0.321
7.729	0.6050	-0.226
7.73	0.6050	-0.215
7.731	0.6050	-0.169
7.732	0.6050	0.001
7.733	0.6050	0.083
7.734	0.6050	0.138
7.735	0.4200	0.278
7.736	0.0500	0.269
7.737	0.0500	0.228
7.738	0.2328	0.275
7.739	0.5984	0.215
7.74	0.5984	0.091
7.741	0.5984	0.041
7.742	0.5984	-0.066
7.743	0.5984	-0.241
7.744	0.5984	-0.248
7.745	0.5984	-0.291
7.746	0.5984	-0.324
7.747	0.5984	-0.202
7.748	0.5984	-0.089
7.749	0.5984	-0.024
7.75	0.5984	0.112
7.751	0.5984	0.200
7.752	0.5984	0.199
7.753	0.5984	0.262
7.754	0.5985	0.273
7.755	0.5987	0.188
7.756	0.5987	0.137
7.757	0.5987	0.075
7.758	0.5987	-0.086
7.759	0.5987	-0.170
7.76	0.5987	-0.216
7.761	0.5987	-0.304
7.762	0.5987	-0.326
7.763	0.5987	-0.213
7.764	0.5987	-0.179
7.765	0.5987	-0.080
7.766	0.5987	0.068
7.767	0.5987	0.117
7.768	0.5987	0.146
7.769	0.4197	0.268
7.77	0.0616	0.248
7.771	0.0616	0.206
7.772	0.2272	0.241
7.773	0.5584	0.153
7.774	0.5584	-0.019
7.775	0.5584	-0.043
7.776	0.5584	-0.173
7.777	0.5584	-0.318
7.778	0.5584	-0.297
7.779	0.5584	-0.274
7.78	0.5584	-0.250
7.781	0.5584	-0.134
7.782	0.5584	-0.041
7.783	0.5584	0.032
7.784	0.5584	0.147
7.785	0.3840	0.239
7.786	0.0350	0.209
7.787	0.0350	0.244
7.788	0.2144	0.255
7.789	0.5731	0.154
7.79	0.5731	0.101
7.791	0.5731	0.031
7.792	0.5731	-0.126
7.793	0.5731	-0.218
7.794	0.5731	-0.232
7.795	0.5731	-0.318
7.796	0.5731	-0.290
7.797	0.5731	-0.160
7.798	0.5731	-0.106
7.799	0.5731	-0.007
7.8	0.5731	0.144
7.801	0.5731	0.174
7.802	0.5731	0.191
7.803	0.5834	0.285
7.804	0.6041	0.259
7.805	0.6041	0.185
7.806	0.6041	0.180
7.807	0.6041	0.053
7.808	0.6041	-0.119
7.809	0.6041	-0.150
7.81	0.6041	-0.234
7.811	0.6041	-0.319
7.812	0.6041	-0.247
7.813	0.6041	-0.205
7.814	0.6041	-0.188
7.815	0.6041	-0.042
7.816	0.6041	0.064
7.817	0.6041	0.070
7.818	0.6041	0.170
7.819	0.5829	0.259
7.82	0.5406	0.201
7.821	0.5406	0.209
7.822	0.5406	0.198
7.823	0.5406	0.076
7.824	0.5406	-0.008
7.825	0.5406	-0.075
7.826	0.5406	-0.215
7.827	0.5406	-0.282
7.828	0.5340	-0.265
7.829	0.5206	-0.318
7.83	0.5206	-0.261
7.831	0.5206	-0.132
7.832	0.5206	-0.091
7.833	0.5206	-0.003
7.834	0.5206	0.142
7.835	0.5206	0.167
7.836	0.5206	0.203
7.837	0.5506	0.275
7.838	0.6106	0.213
7.839	0.6106	0.137
7.84	0.6106	0.120
7.841	0.6106	-0.039
7.842	0.6106	-0.189
7.843	0.6106	-0.218
7.844	0.6106	-0.292
7.845	0.6106	-0.336
7.846	0.6106	-0.231
7.847	0.6106	-0.190
7.848	0.6106	-0.140
7.849	0.6106	0.025
7.85	0.6106	0.110
7.851	0.6106	0.125
7.852	0.6106	0.207
7.853	0.5952	0.242
7.854	0.5644	0.199
7.855	0.5644	0.193
7.856	0.5644	0.167
7.857	0.5644	0.008
7.858	0.5644	-0.096
7.859	0.5644	-0.146
7.86	0.5644	-0.269
7.861	0.5644	-0.323
7.862	0.5644	-0.266
7.863	0.5644	-0.246
7.864	0.5644	-0.171
7.865	0.5644	-0.046
7.866	0.5644	-0.003
7.867	0.5644	0.047
7.868	0.5644	0.197
7.869	0.5644	0.201
7.87	0.5644	0.221
7.871	0.5378	0.278
7.872	0.4847	0.205
7.873	0.4847	0.093
7.874	0.4847	0.049
7.875	0.4847	-0.080
7.876	0.4847	-0.207
7.877	0.5002	-0.194
7.878	0.5313	-0.257
7.879	0.5313	-0.276
7.88	0.5313	-0.164
7.881	0.5313	-0.107
7.882	0.5313	-0.024
7.883	0.5313	0.106
7.884	0.5313	0.163
7.885	0.5313	0.171
7.886	0.5313	0.255
7.887	0.5514	0.293
7.888	0.5916	0.211
7.889	0.5916	0.187
7.89	0.5916	0.128
7.891	0.5916	-0.042
7.892	0.5916	-0.130
7.893	0.5916	-0.178
7.894	0.5916	-0.274
7.895	0.5916	-0.299
7.896	0.5916	-0.198
7.897	0.5916	-0.183
7.898	0.5916	-0.112
7.899	0.5916	0.067
7.9	0.5916	0.115
7.901	0.5916	0.157
7.902	0.4057	0.284
7.903	0.0341	0.277
7.904	0.0341	0.250
7.905	0.1983	0.268
7.906	0.5269	0.175
7.907	0.5269	0.048
7.908	0.5269	0.004
7.909	0.5269	-0.121
7.91	0.5269	-0.259
7.911	0.5109	-0.237
7.912	0.4791	-0.259
7.913	0.4791	-0.266
7.914	0.4791	-0.146
7.915	0.4791	-0.028
7.916	0.4791	0.019
7.917	0.4791	0.128
7.918	0.4791	0.213
7.919	0.4791	0.207
7.92	0.5075	0.271
7.921	0.5644	0.264
7.922	0.5644	0.153
7.923	0.5644	0.141
7.924	0.5644	0.048
7.925	0.5644	-0.098
7.926	0.5644	-0.165
7.927	0.5644	-0.202
7.928	0.5644	-0.289
7.929	0.5644	-0.293
7.93	0.5644	-0.183
7.931	0.5644	-0.147
7.932	0.5644	-0.045
7.933	0.5644	0.097
7.934	0.5644	0.118
7.935	0.5644	0.201
7.936	0.4170	0.324
7.937	0.1222	0.266
7.938	0.1222	0.202
7.939	0.2540	0.249
7.94	0.5175	0.123
7.941	0.5175	-0.027
7.942	0.5175	-0.080
7.943	0.5175	-0.170
7.944	0.5175	-0.269
7.945	0.5175	-0.248
7.946	0.5175	-0.226
7.947	0.5175	-0.200
7.948	0.5175	-0.047
7.949	0.5175	0.063
7.95	0.5175	0.075
7.951	0.5175	0.214
7.952	0.3619	0.267
7.953	0.0506	0.216
7.954	0.2013	0.257
7.955	0.5025	0.232
7.956	0.5025	0.103
7.957	0.5025	0.048
7.958	0.5025	-0.056
7.959	0.5025	-0.162
7.96	0.5025	-0.193
7.961	0.5025	-0.203
7.962	0.5025	-0.246
7.963	0.5025	-0.209
7.964	0.5025	-0.110
7.965	0.5025	-0.076
7.966	0.5025	0.035
7.967	0.5025	0.171
7.968	0.5025	0.197
7.969	0.5025	0.242
7.97	0.5463	0.326
7.971	0.6338	0.262
7.972	0.6338	0.196
7.973	0.6338	0.170
7.974	0.6338	0.032
7.975	0.6338	-0.091
7.976	0.6338	-0.108
7.977	0.6338	-0.239
7.978	0.6338	-0.308
7.979	0.6338	-0.207
7.98	0.6338	-0.157
7.981	0.6338	-0.147
7.982	0.6338	0.018
7.983	0.6338	0.117
7.984	0.6338	0.135
7.985	0.6338	0.248
7.986	0.4330	0.279
7.987	0.0316	0.248
7.988	0.1973	0.259
7.989	0.5288	0.236
7.99	0.5288	0.076
7.991	0.5288	-0.013
7.992	0.5288	-0.083
7.993	0.5288	-0.230
7.994	0.5288	-0.269
7.995	0.5108	-0.237
7.996	0.4750	-0.258
7.997	0.4750	-0.183
7.998	0.4750	-0.059
7.999	0.4750	-0.003
8	0.4750	0.073
8.001	0.4750	0.190
8.002	0.4750	0.203
8.003	0.4750	0.218
8.004	0.5115	0.255
8.005	0.5844	0.216
8.006	0.5844	0.100
8.007	0.5844	0.055
8.008	0.5844	-0.057
8.009	0.5844	-0.179
8.01	0.5844	-0.207
8.011	0.5844	-0.289
8.012	0.5844	-0.320
8.013	0.5844	-0.191
8.014	0.5844	-0.136
8.015	0.5844	-0.114
8.016	0.5844	0.075
8.017	0.5844	0.146
8.018	0.5844	0.163
8.019	0.5844	0.265
8.02	0.4132	0.273
8.021	0.0709	0.202
8.022	0.2241	0.218
8.023	0.5303	0.166
8.024	0.5303	-0.010
8.025	0.5303	-0.070
8.026	0.5303	-0.148
8.027	0.5303	-0.277
8.028	0.5303	-0.285
8.029	0.5303	-0.230
8.03	0.5303	-0.226
8.031	0.5303	-0.134
8.032	0.5303	0.010
8.033	0.5303	0.068
8.034	0.5303	0.128
8.035	0.5303	0.245
8.036	0.5303	0.239
8.037	0.5303	0.238
8.038	0.5441	0.267
8.039	0.5716	0.175
8.04	0.5716	0.035
8.041	0.5716	-0.001
8.042	0.5716	-0.127
8.043	0.5716	-0.221
8.044	0.5716	-0.221
8.045	0.5716	-0.299
8.046	0.5716	-0.304
8.047	0.5716	-0.192
8.048	0.5716	-0.123
8.049	0.5716	-0.043
8.05	0.5716	0.097
8.051	0.5716	0.174
8.052	0.5716	0.177
8.053	0.5830	0.275
8.054	0.6059	0.262
8.055	0.6059	0.185
8.056	0.6059	0.173
8.057	0.6059	0.061
8.058	0.6059	-0.131
8.059	0.6059	-0.175
8.06	0.6059	-0.227
8.061	0.6059	-0.331
8.062	0.6059	-0.302
8.063	0.6059	-0.183
8.064	0.6059	-0.190
8.065	0.6059	-0.086
8.066	0.6059	0.068
8.067	0.6059	0.080
8.068	0.6059	0.159
8.069	0.5873	0.263
8.07	0.5500	0.219
8.071	0.5500	0.195
8.072	0.5500	0.205
8.073	0.5500	0.099
8.074	0.5500	-0.020
8.075	0.5500	-0.063
8.076	0.5500	-0.190
8.077	0.5500	-0.288
8.078	0.5500	-0.273
8.079	0.5500	-0.265
8.08	0.5500	-0.250
8.081	0.5500	-0.128
8.082	0.5500	-0.028
8.083	0.5500	0.013
8.084	0.5500	0.149
8.085	0.3720	0.219
8.086	0.0159	0.203
8.087	0.2034	0.255
8.088	0.5784	0.251
8.089	0.5784	0.157
8.09	0.5784	0.105
8.091	0.5784	0.004
8.092	0.5784	-0.163
8.093	0.5784	-0.215
8.094	0.5784	-0.248
8.095	0.5784	-0.323
8.096	0.5784	-0.242
8.097	0.5784	-0.141
8.098	0.5784	-0.130
8.099	0.5784	-0.013
8.1	0.5784	0.128
8.101	0.5784	0.160
8.102	0.5784	0.215
8.103	0.4205	0.280
8.104	0.1047	0.214
8.105	0.1047	0.175
8.106	0.2431	0.185
8.107	0.5200	0.019
8.108	0.5200	-0.123
8.109	0.5200	-0.146
8.11	0.5200	-0.233
8.111	0.5200	-0.311
8.112	0.5200	-0.252
8.113	0.5200	-0.218
8.114	0.5200	-0.187
8.115	0.5200	-0.029
8.116	0.5200	0.064
8.117	0.5200	0.071
8.118	0.5200	0.209
8.119	0.3628	0.261
8.12	0.0484	0.212
8.121	0.2220	0.263
8.122	0.5691	0.245
8.123	0.5691	0.118
8.124	0.5691	0.036
8.125	0.5691	-0.033
8.126	0.5691	-0.216
8.127	0.5691	-0.253
8.128	0.5691	-0.251
8.129	0.5691	-0.306
8.13	0.5691	-0.208
8.131	0.5691	-0.083
8.132	0.5691	-0.049
8.133	0.5691	0.064
8.134	0.5691	0.178
8.135	0.5691	0.206
8.136	0.5691	0.242
8.137	0.5871	0.307
8.138	0.6231	0.229
8.139	0.6231	0.164
8.14	0.6231	0.137
8.141	0.6231	-0.013
8.142	0.6231	-0.137
8.143	0.6231	-0.155
8.144	0.6231	-0.233
8.145	0.6231	-0.316
8.146	0.6231	-0.209
8.147	0.6231	-0.170
8.148	0.6231	-0.124
8.149	0.6231	0.057
8.15	0.6231	0.128
8.151	0.6231	0.131
8.152	0.6231	0.255
8.153	0.4352	0.273
8.154	0.0594	0.214
8.155	0.2193	0.240
8.156	0.5391	0.192
8.157	0.5391	0.010
8.158	0.5391	-0.062
8.159	0.5391	-0.138
8.16	0.5391	-0.265
8.161	0.5391	-0.299
8.162	0.5391	-0.271
8.163	0.5391	-0.271
8.164	0.5391	-0.168
8.165	0.5391	-0.051
8.166	0.5391	0.001
8.167	0.5391	0.107
8.168	0.5391	0.228
8.169	0.5391	0.233
8.17	0.5391	0.240
8.171	0.5359	0.285
8.172	0.5297	0.201
8.173	0.5297	0.115
8.174	0.5297	0.077
8.175	0.5297	-0.083
8.176	0.5297	-0.244
8.177	0.5446	-0.227
8.178	0.5744	-0.293
8.179	0.5744	-0.324
8.18	0.5744	-0.202
8.181	0.5744	-0.154
8.182	0.5744	-0.067
8.183	0.5744	0.102
8.184	0.5744	0.137
8.185	0.5744	0.138
8.186	0.5744	0.251
8.187	0.5642	0.267
8.188	0.5438	0.193
8.189	0.5438	0.198
8.19	0.5438	0.120
8.191	0.5438	-0.052
8.192	0.5438	-0.125
8.193	0.5438	-0.189
8.194	0.5438	-0.277
8.195	0.5438	-0.266
8.196	0.5438	-0.237
8.197	0.5438	-0.211
8.198	0.5438	-0.118
8.199	0.5438	0.011
8.2	0.5438	0.050
8.201	0.5438	0.140
8.202	0.3714	0.244
8.203	0.0266	0.217
8.204	0.0266	0.221
8.205	0.2090	0.251
8.206	0.5738	0.139
8.207	0.5738	0.007
8.208	0.5738	-0.030
8.209	0.5738	-0.159
8.21	0.5738	-0.245
8.211	0.5738	-0.253
8.212	0.5738	-0.297
8.213	0.5738	-0.254
8.214	0.5738	-0.126
8.215	0.5738	-0.077
8.216	0.5738	-0.016
8.217	0.5738	0.142
8.218	0.5738	0.201
8.219	0.5738	0.196
8.22	0.5738	0.277
8.221	0.5872	0.283
8.222	0.6141	0.173
8.223	0.6141	0.137
8.224	0.6141	0.032
8.225	0.6141	-0.120
8.226	0.6141	-0.172
8.227	0.6141	-0.238
8.228	0.6141	-0.332
8.229	0.6141	-0.284
8.23	0.6141	-0.208
8.231	0.6141	-0.188
8.232	0.6141	-0.040
8.233	0.6141	0.093
8.234	0.6141	0.115
8.235	0.6141	0.191
8.236	0.6040	0.285
8.237	0.5838	0.243
8.238	0.5838	0.214
8.239	0.5838	0.217
8.24	0.5838	0.087
8.241	0.5838	-0.014
8.242	0.5838	-0.077
8.243	0.5838	-0.216
8.244	0.5838	-0.299
8.245	0.5838	-0.258
8.246	0.5838	-0.242
8.247	0.5838	-0.199
8.248	0.5838	-0.048
8.249	0.5838	0.025
8.25	0.5838	0.072
8.251	0.5838	0.194
8.252	0.3940	0.224
8.253	0.0144	0.210
8.254	0.2034	0.258
8.255	0.5816	0.211
8.256	0.5816	0.108
8.257	0.5816	0.041
8.258	0.5816	-0.053
8.259	0.5816	-0.198
8.26	0.5816	-0.225
8.261	0.5816	-0.283
8.262	0.5816	-0.324
8.263	0.5816	-0.237
8.264	0.5816	-0.140
8.265	0.5816	-0.092
8.266	0.5816	0.055
8.267	0.5816	0.164
8.268	0.5816	0.170
8.269	0.5816	0.236
8.27	0.5834	0.269
8.271	0.5872	0.189
8.272	0.5872	0.164
8.273	0.5872	0.148
8.274	0.5872	-0.006
8.275	0.5872	-0.113
8.276	0.5872	-0.153
8.277	0.5872	-0.264
8.278	0.5872	-0.318
8.279	0.5872	-0.245
8.28	0.5872	-0.208
8.281	0.5872	-0.171
8.282	0.5872	0.003
8.283	0.5872	0.073
8.284	0.5872	0.105
8.285	0.5872	0.240
8.286	0.4029	0.257
8.287	0.0344	0.222
8.288	0.2025	0.250
8.289	0.5387	0.202
8.29	0.5387	0.067
8.291	0.5387	-0.014
8.292	0.5387	-0.106
8.293	0.5387	-0.252
8.294	0.5387	-0.260
8.295	0.5387	-0.282
8.296	0.5387	-0.289
8.297	0.5387	-0.156
8.298	0.5387	-0.064
8.299	0.5387	-0.020
8.3	0.5387	0.087
8.301	0.5387	0.203
8.302	0.5387	0.204
8.303	0.5387	0.235
8.304	0.5576	0.280
8.305	0.5953	0.184
8.306	0.5953	0.141
8.307	0.5953	0.083
8.308	0.5953	-0.072
8.309	0.5953	-0.165
8.31	0.5953	-0.198
8.311	0.5953	-0.304
8.312	0.5953	-0.315
8.313	0.5953	-0.191
8.314	0.5953	-0.164
8.315	0.5953	-0.130
8.316	0.5953	0.050
8.317	0.5953	0.111
8.318	0.5953	0.144
8.319	0.4201	0.274
8.32	0.0697	0.247
8.321	0.0697	0.205
8.322	0.2343	0.261
8.323	0.5634	0.157
8.324	0.5634	-0.036
8.325	0.5634	-0.063
8.326	0.5634	-0.172
8.327	0.5634	-0.302
8.328	0.5634	-0.291
8.329	0.5451	-0.262
8.33	0.5084	-0.275
8.331	0.5084	-0.142
8.332	0.5084	-0.007
8.333	0.5084	0.037
8.334	0.5084	0.150
8.335	0.5084	0.229
8.336	0.5084	0.233
8.337	0.5034	0.260
8.338	0.4934	0.254
8.339	0.4934	0.150
8.34	0.4934	0.084
8.341	0.4934	0.018
8.342	0.4934	-0.156
8.343	0.4934	-0.233
8.344	0.4756	-0.215
8.345	0.4400	-0.271
8.346	0.4400	-0.283
8.347	0.4400	-0.154
8.348	0.4400	-0.119
8.349	0.4400	-0.021
8.35	0.4400	0.124
8.351	0.4400	0.143
8.352	0.4400	0.158
8.353	0.4945	0.284
8.354	0.6034	0.247
8.355	0.6034	0.194
8.356	0.6034	0.190
8.357	0.6034	0.064
8.358	0.6034	-0.096
8.359	0.6034	-0.131
8.36	0.6034	-0.228
8.361	0.6034	-0.319
8.362	0.6034	-0.264
8.363	0.6034	-0.196
8.364	0.6034	-0.186
8.365	0.6034	-0.065
8.366	0.6034	0.052
8.367	0.6034	0.067
8.368	0.6034	0.171
8.369	0.4130	0.253
8.37	0.0322	0.220
8.371	0.0322	0.233
8.372	0.1885	0.235
8.373	0.5013	0.134
8.374	0.5013	0.041
8.375	0.5013	-0.032
8.376	0.5013	-0.196
8.377	0.5013	-0.266
8.378	0.4902	-0.251
8.379	0.4681	-0.278
8.38	0.4681	-0.233
8.381	0.4681	-0.097
8.382	0.4681	-0.028
8.383	0.4681	0.027
8.384	0.4681	0.190
8.385	0.3180	0.209
8.386	0.0178	0.192
8.387	0.2134	0.278
8.388	0.6047	0.233
8.389	0.6047	0.152
8.39	0.6047	0.122
8.391	0.6047	-0.019
8.392	0.6047	-0.165
8.393	0.6047	-0.194
8.394	0.6047	-0.264
8.395	0.6047	-0.327
8.396	0.6047	-0.248
8.397	0.6047	-0.158
8.398	0.6047	-0.131
8.399	0.6047	0.003
8.4	0.6047	0.092
8.401	0.6047	0.119
8.402	0.6047	0.224
8.403	0.5993	0.269
8.404	0.5884	0.234
8.405	0.5884	0.217
8.406	0.5884	0.210
8.407	0.5884	0.047
8.408	0.5884	-0.052
8.409	0.5884	-0.116
8.41	0.5884	-0.240
8.411	0.5884	-0.319
8.412	0.5884	-0.273
8.413	0.5884	-0.268
8.414	0.5884	-0.194
8.415	0.5884	-0.044
8.416	0.5884	0.019
8.417	0.5884	0.062
8.418	0.5884	0.203
8.419	0.5884	0.203
8.42	0.5884	0.215
8.421	0.5814	0.265
8.422	0.5672	0.175
8.423	0.5672	0.080
8.424	0.5672	0.038
8.425	0.5672	-0.083
8.426	0.5672	-0.221
8.427	0.5672	-0.237
8.428	0.5672	-0.273
8.429	0.5672	-0.302
8.43	0.5672	-0.190
8.431	0.5672	-0.115
8.432	0.5672	-0.075
8.433	0.5672	0.094
8.434	0.5672	0.170
8.435	0.5672	0.192
8.436	0.5672	0.239
8.437	0.5882	0.282
8.438	0.6303	0.191
8.439	0.6303	0.183
8.44	0.6303	0.111
8.441	0.6303	-0.056
8.442	0.6303	-0.151
8.443	0.6303	-0.191
8.444	0.6303	-0.322
8.445	0.6303	-0.348
8.446	0.6303	-0.241
8.447	0.6303	-0.218
8.448	0.6303	-0.149
8.449	0.6303	0.022
8.45	0.6303	0.091
8.451	0.6303	0.131
8.452	0.5879	0.246
8.453	0.5031	0.228
8.454	0.5031	0.199
8.455	0.5031	0.206
8.456	0.5031	0.140
8.457	0.5031	0.032
8.458	0.5031	0.005
8.459	0.5031	-0.095
8.46	0.5031	-0.258
8.461	0.4661	-0.228
8.462	0.3922	-0.249
8.463	0.3922	-0.246
8.464	0.3922	-0.107
8.465	0.3922	-0.018
8.466	0.3922	0.012
8.467	0.3922	0.143
8.468	0.2744	0.224
8.469	0.0388	0.201
8.47	0.0388	0.239
8.471	0.2093	0.251
8.472	0.5503	0.147
8.473	0.5503	0.121
8.474	0.5503	0.049
8.475	0.5503	-0.127
8.476	0.5503	-0.190
8.477	0.5503	-0.219
8.478	0.5503	-0.300
8.479	0.5503	-0.265
8.48	0.5503	-0.138
8.481	0.5503	-0.138
8.482	0.5503	-0.047
8.483	0.5503	0.122
8.484	0.5503	0.143
8.485	0.5503	0.189
8.486	0.3947	0.296
8.487	0.0834	0.261
8.488	0.0834	0.212
8.489	0.2423	0.232
8.49	0.5600	0.112
8.491	0.5600	-0.057
8.492	0.5600	-0.086
8.493	0.5600	-0.194
8.494	0.5600	-0.310
8.495	0.5600	-0.254
8.496	0.5600	-0.209
8.497	0.5600	-0.198
8.498	0.5600	-0.069
8.499	0.5600	0.041
8.5	0.5600	0.074
8.501	0.5600	0.186
8.502	0.5600	0.250
8.503	0.5600	0.247
8.504	0.5611	0.266
8.505	0.5634	0.250
8.506	0.5634	0.120
8.507	0.5634	0.051
8.508	0.5634	-0.024
8.509	0.5634	-0.163
8.51	0.5634	-0.231
8.511	0.5634	-0.239
8.512	0.5634	-0.298
8.513	0.5634	-0.244
8.514	0.5634	-0.142
8.515	0.5634	-0.082
8.516	0.5634	0.026
8.517	0.5634	0.156
8.518	0.5634	0.174
8.519	0.5634	0.233
8.52	0.5801	0.310
8.521	0.6134	0.257
8.522	0.6134	0.172
8.523	0.6134	0.170
8.524	0.6134	0.017
8.525	0.6134	-0.113
8.526	0.6134	-0.168
8.527	0.6134	-0.259
8.528	0.6134	-0.303
8.529	0.6134	-0.220
8.53	0.6134	-0.184
8.531	0.6134	-0.183
8.532	0.6134	-0.015
8.533	0.6134	0.087
8.534	0.6134	0.120
8.535	0.6134	0.246
8.536	0.4235	0.298
8.537	0.0438	0.255
8.538	0.2079	0.266
8.539	0.5362	0.221
8.54	0.5362	0.055
8.541	0.5362	-0.047
8.542	0.5362	-0.108
8.543	0.5362	-0.243
8.544	0.5362	-0.270
8.545	0.5362	-0.268
8.546	0.5362	-0.265
8.547	0.5362	-0.193
8.548	0.5362	-0.051
8.549	0.5362	-0.003
8.55	0.5362	0.080
8.551	0.5362	0.199
8.552	0.5362	0.234
8.553	0.5362	0.265
8.554	0.5675	0.327
8.555	0.6300	0.202
8.556	0.6300	0.134
8.557	0.6300	0.100
8.558	0.6300	-0.029
8.559	0.6300	-0.184
8.56	0.6300	-0.193
8.561	0.6300	-0.254
8.562	0.6300	-0.303
8.563	0.6300	-0.189
8.564	0.6300	-0.137
8.565	0.6300	-0.096
8.566	0.6300	0.054
8.567	0.6300	0.158
8.568	0.6300	0.176
8.569	0.6300	0.268
8.57	0.6105	0.288
8.571	0.5716	0.226
8.572	0.5716	0.223
8.573	0.5716	0.147
8.574	0.5716	-0.031
8.575	0.5716	-0.086
8.576	0.5716	-0.123
8.577	0.5716	-0.263
8.578	0.5716	-0.284
8.579	0.5716	-0.234
8.58	0.5716	-0.224
8.581	0.5716	-0.115
8.582	0.5716	0.028
8.583	0.5716	0.092
8.584	0.5716	0.149
8.585	0.3972	0.273
8.586	0.0484	0.254
8.587	0.0484	0.224
8.588	0.2254	0.262
8.589	0.5794	0.177
8.59	0.5794	0.093
8.591	0.5794	0.068
8.592	0.5794	-0.083
8.593	0.5794	-0.228
8.594	0.5794	-0.221
8.595	0.5794	-0.268
8.596	0.5794	-0.294
8.597	0.5794	-0.155
8.598	0.5794	-0.093
8.599	0.5794	-0.008
8.6	0.5794	0.128
8.601	0.5794	0.183
8.602	0.5794	0.180
8.603	0.5794	0.286
8.604	0.5831	0.298
8.605	0.5906	0.199
8.606	0.5906	0.182
8.607	0.5906	0.095
8.608	0.5906	-0.062
8.609	0.5906	-0.121
8.61	0.5906	-0.161
8.611	0.5906	-0.292
8.612	0.5906	-0.274
8.613	0.5906	-0.181
8.614	0.5906	-0.174
8.615	0.5906	-0.079
8.616	0.5906	0.089
8.617	0.5906	0.136
8.618	0.5906	0.198
8.619	0.4217	0.291
8.62	0.0838	0.262
8.621	0.0838	0.207
8.622	0.2317	0.253
8.623	0.5275	0.118
8.624	0.5275	-0.030
8.625	0.5275	-0.045
8.626	0.5275	-0.173
8.627	0.5275	-0.275
8.628	0.4995	-0.222
8.629	0.4434	-0.238
8.63	0.4434	-0.217
8.631	0.4434	-0.079
8.632	0.4434	0.008
8.633	0.4434	0.077
8.634	0.4434	0.206
8.635	0.3052	0.269
8.636	0.0288	0.241
8.637	0.2240	0.311
8.638	0.6144	0.289
8.639	0.6144	0.195
8.64	0.6144	0.144
8.641	0.6144	0.047
8.642	0.6144	-0.098
8.643	0.6144	-0.131
8.644	0.6144	-0.196
8.645	0.6144	-0.304
8.646	0.6144	-0.238
8.647	0.6144	-0.130
8.648	0.6144	-0.096
8.649	0.6144	0.018
8.65	0.6144	0.121
8.651	0.6144	0.143
8.652	0.6144	0.211
8.653	0.6125	0.282
8.654	0.6087	0.237
8.655	0.6087	0.172
8.656	0.6087	0.177
8.657	0.6087	0.027
8.658	0.6087	-0.113
8.659	0.6087	-0.145
8.66	0.6087	-0.240
8.661	0.6087	-0.327
8.662	0.6087	-0.298
8.663	0.6087	-0.248
8.664	0.6087	-0.212
8.665	0.6087	-0.067
8.666	0.6087	0.024
8.667	0.6087	0.049
8.668	0.6087	0.190
8.669	0.4130	0.234
8.67	0.0216	0.212
8.671	0.1959	0.248
8.672	0.5447	0.234
8.673	0.5447	0.083
8.674	0.5447	0.005
8.675	0.5447	-0.089
8.676	0.5447	-0.238
8.677	0.5447	-0.278
8.678	0.5447	-0.281
8.679	0.5447	-0.296
8.68	0.5447	-0.220
8.681	0.5447	-0.120
8.682	0.5447	-0.088
8.683	0.5447	0.019
8.684	0.5447	0.147
8.685	0.5447	0.175
8.686	0.5447	0.217
8.687	0.5688	0.291
8.688	0.6169	0.199
8.689	0.6169	0.160
8.69	0.6169	0.154
8.691	0.6169	-0.011
8.692	0.6169	-0.143
8.693	0.6169	-0.141
8.694	0.6169	-0.266
8.695	0.6169	-0.326
8.696	0.6169	-0.224
8.697	0.6169	-0.198
8.698	0.6169	-0.165
8.699	0.6169	0.008
8.7	0.6169	0.091
8.701	0.6169	0.107
8.702	0.6169	0.210
8.703	0.4243	0.215
8.704	0.0391	0.176
8.705	0.2055	0.201
8.706	0.5384	0.137
8.707	0.5384	-0.042
8.708	0.5384	-0.076
8.709	0.5384	-0.157
8.71	0.5384	-0.286
8.711	0.5384	-0.300
8.712	0.5384	-0.284
8.713	0.5384	-0.277
8.714	0.5384	-0.154
8.715	0.5384	-0.042
8.716	0.5384	0.002
8.717	0.5384	0.069
8.718	0.5384	0.198
8.719	0.5384	0.223
8.72	0.5384	0.239
8.721	0.5622	0.295
8.722	0.6097	0.201
8.723	0.6097	0.109
8.724	0.6097	0.069
8.725	0.6097	-0.110
8.726	0.6097	-0.231
8.727	0.6097	-0.235
8.728	0.6097	-0.292
8.729	0.6097	-0.314
8.73	0.6097	-0.198
8.731	0.6097	-0.153
8.732	0.6097	-0.082
8.733	0.6097	0.102
8.734	0.6097	0.148
8.735	0.6097	0.167
8.736	0.6097	0.280
8.737	0.6031	0.292
8.738	0.5900	0.207
8.739	0.5900	0.212
8.74	0.5900	0.111
8.741	0.5900	-0.059
8.742	0.5900	-0.109
8.743	0.5900	-0.184
8.744	0.5900	-0.298
8.745	0.5900	-0.262
8.746	0.5900	-0.198
8.747	0.5900	-0.203
8.748	0.5900	-0.122
8.749	0.5900	0.004
8.75	0.5900	0.066
8.751	0.5900	0.161
8.752	0.3995	0.248
8.753	0.0184	0.240
8.754	0.0184	0.230
8.755	0.1842	0.240
8.756	0.5156	0.139
8.757	0.5156	0.023
8.758	0.5156	-0.035
8.759	0.5156	-0.166
8.76	0.5156	-0.276
8.761	0.5091	-0.259
8.762	0.4959	-0.297
8.763	0.4959	-0.291
8.764	0.4959	-0.147
8.765	0.4959	-0.076
8.766	0.4959	-0.018
8.767	0.4959	0.121
8.768	0.4959	0.172
8.769	0.4959	0.198
8.77	0.5394	0.289
8.771	0.6263	0.270
8.772	0.6263	0.167
8.773	0.6263	0.164
8.774	0.6263	0.047
8.775	0.6263	-0.131
8.776	0.6263	-0.168
8.777	0.6263	-0.243
8.778	0.6263	-0.337
8.779	0.6263	-0.270
8.78	0.6263	-0.199
8.781	0.6263	-0.172
8.782	0.6263	-0.039
8.783	0.6263	0.091
8.784	0.6263	0.100
8.785	0.6263	0.180
8.786	0.6089	0.276
8.787	0.5741	0.242
8.788	0.5741	0.233
8.789	0.5741	0.214
8.79	0.5741	0.066
8.791	0.5741	-0.052
8.792	0.5741	-0.071
8.793	0.5741	-0.224
8.794	0.5741	-0.298
8.795	0.5741	-0.261
8.796	0.5741	-0.271
8.797	0.5741	-0.231
8.798	0.5741	-0.082
8.799	0.5741	0.007
8.8	0.5741	0.035
8.801	0.5741	0.180
8.802	0.3897	0.241
8.803	0.0209	0.220
8.804	0.2112	0.269
8.805	0.5919	0.226
8.806	0.5919	0.111
8.807	0.5919	0.072
8.808	0.5919	-0.053
8.809	0.5919	-0.187
8.81	0.5919	-0.226
8.811	0.5919	-0.263
8.812	0.5919	-0.323
8.813	0.5919	-0.223
8.814	0.5919	-0.123
8.815	0.5919	-0.114
8.816	0.5919	0.042
8.817	0.5919	0.157
8.818	0.5919	0.177
8.819	0.5919	0.246
8.82	0.6085	0.308
8.821	0.6419	0.224
8.822	0.6419	0.170
8.823	0.6419	0.156
8.824	0.6419	-0.003
8.825	0.6419	-0.104
8.826	0.6419	-0.125
8.827	0.6419	-0.268
8.828	0.6419	-0.333
8.829	0.6419	-0.241
8.83	0.6419	-0.204
8.831	0.6419	-0.171
8.832	0.6419	0.006
8.833	0.6419	0.068
8.834	0.6419	0.097
8.835	0.6419	0.242
8.836	0.4393	0.243
8.837	0.0341	0.209
8.838	0.2060	0.259
8.839	0.5500	0.184
8.84	0.5500	0.041
8.841	0.5500	-0.012
8.842	0.5500	-0.112
8.843	0.5500	-0.249
8.844	0.5500	-0.260
8.845	0.5500	-0.256
8.846	0.5500	-0.291
8.847	0.5500	-0.166
8.848	0.5500	-0.076
8.849	0.5500	-0.010
8.85	0.5500	0.113
8.851	0.3819	0.211
8.852	0.0456	0.200
8.853	0.0456	0.246
8.854	0.2215	0.285
8.855	0.5731	0.197
8.856	0.5731	0.159
8.857	0.5731	0.094
8.858	0.5731	-0.077
8.859	0.5731	-0.159
8.86	0.5731	-0.179
8.861	0.5731	-0.282
8.862	0.5731	-0.288
8.863	0.5731	-0.179
8.864	0.5731	-0.159
8.865	0.5731	-0.102
8.866	0.5731	0.062
8.867	0.5731	0.117
8.868	0.5731	0.151
8.869	0.4001	0.253
8.87	0.0541	0.241
8.871	0.0541	0.199
8.872	0.2076	0.227
8.873	0.5147	0.132
8.874	0.5147	-0.030
8.875	0.5147	-0.056
8.876	0.5147	-0.152
8.877	0.5147	-0.288
8.878	0.5147	-0.243
8.879	0.5147	-0.251
8.88	0.5147	-0.250
8.881	0.5147	-0.125
8.882	0.5147	0.003
8.883	0.5147	0.040
8.884	0.5147	0.155
8.885	0.5147	0.225
8.886	0.5147	0.223
8.887	0.5333	0.262
8.888	0.5706	0.228
8.889	0.5706	0.146
8.89	0.5706	0.103
8.891	0.5706	0.002
8.892	0.5706	-0.140
8.893	0.5706	-0.215
8.894	0.5706	-0.239
8.895	0.5706	-0.297
8.896	0.5706	-0.254
8.897	0.5706	-0.140
8.898	0.5706	-0.124
8.899	0.5706	-0.040
8.9	0.5706	0.128
8.901	0.5706	0.186
8.902	0.5706	0.202
8.903	0.5706	0.273
8.904	0.4102	0.274
8.905	0.0894	0.184
8.906	0.2269	0.197
8.907	0.5019	0.088
8.908	0.5019	-0.090
8.909	0.5019	-0.110
8.91	0.5019	-0.194
8.911	0.5019	-0.305
8.912	0.5019	-0.269
8.913	0.5019	-0.204
8.914	0.5019	-0.201
8.915	0.5019	-0.078
8.916	0.5019	0.043
8.917	0.5019	0.083
8.918	0.5019	0.196
8.919	0.3533	0.285
8.92	0.0563	0.229
8.921	0.2103	0.253
8.922	0.5184	0.249
8.923	0.5184	0.116
8.924	0.5184	0.009
8.925	0.5184	-0.041
8.926	0.5184	-0.174
8.927	0.5184	-0.253
8.928	0.5184	-0.245
8.929	0.5184	-0.265
8.93	0.5184	-0.248
8.931	0.5184	-0.129
8.932	0.5184	-0.074
8.933	0.5184	0.030
8.934	0.5184	0.162
8.935	0.5184	0.193
8.936	0.5184	0.209
8.937	0.5513	0.295
8.938	0.6169	0.250
8.939	0.6169	0.164
8.94	0.6169	0.156
8.941	0.6169	0.014
8.942	0.6169	-0.138
8.943	0.6169	-0.175
8.944	0.6169	-0.238
8.945	0.6169	-0.322
8.946	0.6169	-0.240
8.947	0.6169	-0.178
8.948	0.6169	-0.127
8.949	0.6169	0.022
8.95	0.6169	0.138
8.951	0.6169	0.130
8.952	0.6169	0.212
8.953	0.5949	0.267
8.954	0.5509	0.208
8.955	0.5509	0.214
8.956	0.5509	0.173
8.957	0.5509	0.030
8.958	0.5509	-0.044
8.959	0.5509	-0.088
8.96	0.5509	-0.231
8.961	0.5509	-0.284
8.962	0.5509	-0.240
8.963	0.5509	-0.234
8.964	0.5509	-0.189
8.965	0.5509	-0.048
8.966	0.5509	-0.007
8.967	0.5509	0.059
8.968	0.5509	0.202
8.969	0.3745	0.212
8.97	0.0216	0.191
8.971	0.2095	0.259
8.972	0.5853	0.217
8.973	0.5853	0.093
8.974	0.5853	0.022
8.975	0.5853	-0.077
8.976	0.5853	-0.223
8.977	0.5853	-0.247
8.978	0.5853	-0.262
8.979	0.5853	-0.327
8.98	0.5853	-0.204
8.981	0.5853	-0.109
8.982	0.5853	-0.062
8.983	0.5853	0.073
8.984	0.4214	0.171
8.985	0.0934	0.157
8.986	0.0934	0.250
8.987	0.2584	0.293
8.988	0.5884	0.203
8.989	0.5884	0.181
8.99	0.5884	0.120
8.991	0.5884	-0.052
8.992	0.5884	-0.155
8.993	0.5884	-0.192
8.994	0.5884	-0.292
8.995	0.5884	-0.295
8.996	0.5884	-0.211
8.997	0.5884	-0.191
8.998	0.5884	-0.144
8.999	0.5884	0.033
9	0.5884	0.068
9.001	0.5884	0.127
9.002	0.4048	0.272
9.003	0.0375	0.261
9.004	0.0375	0.235
9.005	0.2026	0.282
9.006	0.5328	0.172
9.007	0.5328	0.024
9.008	0.5328	-0.016
9.009	0.5328	-0.132
9.01	0.5328	-0.251
9.011	0.5123	-0.233
9.012	0.4712	-0.235
9.013	0.4712	-0.261
9.014	0.4712	-0.145
9.015	0.4712	-0.031
9.016	0.4712	0.013
9.017	0.4712	0.137
9.018	0.4712	0.209
9.019	0.4712	0.210
9.02	0.5038	0.260
9.021	0.5688	0.258
9.022	0.5688	0.165
9.023	0.5688	0.122
9.024	0.5688	0.041
9.025	0.5688	-0.117
9.026	0.5688	-0.189
9.027	0.5688	-0.215
9.028	0.5688	-0.301
9.029	0.5688	-0.309
9.03	0.5688	-0.165
9.031	0.5688	-0.126
9.032	0.5688	-0.049
9.033	0.5688	0.097
9.034	0.5688	0.120
9.035	0.5688	0.184
9.036	0.4108	0.293
9.037	0.0950	0.252
9.038	0.0950	0.198
9.039	0.2393	0.228
9.04	0.5278	0.117
9.041	0.5278	-0.062
9.042	0.5278	-0.106
9.043	0.5278	-0.205
9.044	0.5278	-0.300
9.045	0.5278	-0.275
9.046	0.5278	-0.238
9.047	0.5278	-0.212
9.048	0.5278	-0.076
9.049	0.5278	0.032
9.05	0.5278	0.062
9.051	0.5278	0.177
9.052	0.3606	0.248
9.053	0.0262	0.222
9.054	0.1984	0.255
9.055	0.5428	0.222
9.056	0.5428	0.101
9.057	0.5428	0.037
9.058	0.5428	-0.029
9.059	0.5428	-0.151
9.06	0.5428	-0.221
9.061	0.5428	-0.229
9.062	0.5428	-0.288
9.063	0.5428	-0.234
9.064	0.5428	-0.113
9.065	0.5428	-0.063
9.066	0.5428	0.021
9.067	0.5428	0.159
9.068	0.5428	0.211
9.069	0.5428	0.237
9.07	0.5770	0.314
9.071	0.6453	0.247
9.072	0.6453	0.171
9.073	0.6453	0.158
9.074	0.6453	0.010
9.075	0.6453	-0.137
9.076	0.6453	-0.153
9.077	0.6453	-0.255
9.078	0.6453	-0.331
9.079	0.6453	-0.252
9.08	0.6453	-0.205
9.081	0.6453	-0.186
9.082	0.6453	-0.037
9.083	0.6453	0.077
9.084	0.6453	0.093
9.085	0.6453	0.207
9.086	0.6103	0.245
9.087	0.5403	0.202
9.088	0.5403	0.206
9.089	0.5403	0.175
9.09	0.5403	0.031
9.091	0.5403	-0.037
9.092	0.5403	-0.107
9.093	0.5403	-0.246
9.094	0.5403	-0.295
9.095	0.5296	-0.278
9.096	0.5081	-0.288
9.097	0.5081	-0.188
9.098	0.5081	-0.055
9.099	0.5081	-0.007
9.1	0.5081	0.076
9.101	0.5081	0.202
9.102	0.5081	0.217
9.103	0.5081	0.220
9.104	0.5361	0.286
9.105	0.5922	0.215
9.106	0.5922	0.132
9.107	0.5922	0.107
9.108	0.5922	-0.042
9.109	0.5922	-0.183
9.11	0.5922	-0.184
9.111	0.5922	-0.260
9.112	0.5922	-0.306
9.113	0.5922	-0.202
9.114	0.5922	-0.144
9.115	0.5922	-0.093
9.116	0.5922	0.054
9.117	0.5922	0.137
9.118	0.5922	0.178
9.119	0.5922	0.241
9.12	0.5858	0.261
9.121	0.5731	0.193
9.122	0.5731	0.185
9.123	0.5731	0.153
9.124	0.5731	-0.030
9.125	0.5731	-0.109
9.126	0.5731	-0.141
9.127	0.5731	-0.268
9.128	0.5731	-0.313
9.129	0.5731	-0.277
9.13	0.5731	-0.261
9.131	0.5731	-0.191
9.132	0.5731	-0.044
9.133	0.5731	0.014
9.134	0.5731	0.101
9.135	0.5731	0.233
9.136	0.5731	0.227
9.137	0.5731	0.251
9.138	0.5757	0.277
9.139	0.5809	0.182
9.14	0.5809	0.087
9.141	0.5809	0.021
9.142	0.5809	-0.114
9.143	0.5809	-0.242
9.144	0.5809	-0.242
9.145	0.5809	-0.293
9.146	0.5809	-0.304
9.147	0.5809	-0.159
9.148	0.5809	-0.095
9.149	0.5809	-0.040
9.15	0.5809	0.118
9.151	0.5809	0.185
9.152	0.5809	0.183
9.153	0.5809	0.266
9.154	0.5777	0.273
9.155	0.5712	0.195
9.156	0.5712	0.199
9.157	0.5712	0.105
9.158	0.5712	-0.058
9.159	0.5712	-0.127
9.16	0.5712	-0.200
9.161	0.5712	-0.298
9.162	0.5712	-0.263
9.163	0.5712	-0.165
9.164	0.5712	-0.166
9.165	0.5712	-0.083
9.166	0.5712	0.077
9.167	0.5712	0.102
9.168	0.5712	0.157
9.169	0.4048	0.276
9.17	0.0719	0.229
9.171	0.0719	0.204
9.172	0.2299	0.245
9.173	0.5459	0.124
9.174	0.5459	-0.023
9.175	0.5459	-0.067
9.176	0.5459	-0.180
9.177	0.5459	-0.301
9.178	0.5459	-0.245
9.179	0.5459	-0.253
9.18	0.5459	-0.228
9.181	0.5459	-0.101
9.182	0.5459	-0.003
9.183	0.5459	0.032
9.184	0.5459	0.152
9.185	0.5459	0.223
9.186	0.5459	0.227
9.187	0.5615	0.279
9.188	0.5925	0.252
9.189	0.5925	0.122
9.19	0.5925	0.097
9.191	0.5925	-0.004
9.192	0.5925	-0.177
9.193	0.5925	-0.219
9.194	0.5925	-0.240
9.195	0.5925	-0.313
9.196	0.5925	-0.268
9.197	0.5925	-0.164
9.198	0.5925	-0.141
9.199	0.5925	-0.021
9.2	0.5925	0.141
9.201	0.5925	0.153
9.202	0.5925	0.200
9.203	0.5987	0.289
9.204	0.6112	0.250
9.205	0.6112	0.198
9.206	0.6112	0.189
9.207	0.6112	0.050
9.208	0.6112	-0.082
9.209	0.6112	-0.107
9.21	0.6112	-0.222
9.211	0.6112	-0.323
9.212	0.6112	-0.250
9.213	0.6112	-0.197
9.214	0.6112	-0.188
9.215	0.6112	-0.061
9.216	0.6112	0.028
9.217	0.6112	0.085
9.218	0.6112	0.231
9.219	0.4248	0.283
9.22	0.0519	0.231
9.221	0.2116	0.241
9.222	0.5309	0.201
9.223	0.5309	0.091
9.224	0.5309	0.021
9.225	0.5309	-0.040
9.226	0.5309	-0.197
9.227	0.5309	-0.252
9.228	0.5309	-0.256
9.229	0.5309	-0.290
9.23	0.5309	-0.205
9.231	0.5309	-0.089
9.232	0.5309	-0.032
9.233	0.5309	0.056
9.234	0.5309	0.176
9.235	0.5309	0.196
9.236	0.5309	0.237
9.237	0.5570	0.288
9.238	0.6091	0.230
9.239	0.6091	0.153
9.24	0.6091	0.137
9.241	0.6091	-0.035
9.242	0.6091	-0.143
9.243	0.6091	-0.163
9.244	0.6091	-0.260
9.245	0.6091	-0.321
9.246	0.6091	-0.223
9.247	0.6091	-0.153
9.248	0.6091	-0.123
9.249	0.6091	0.023
9.25	0.6091	0.129
9.251	0.6091	0.151
9.252	0.6091	0.259
9.253	0.5952	0.281
9.254	0.5675	0.234
9.255	0.5675	0.238
9.256	0.5675	0.192
9.257	0.5675	0.021
9.258	0.5675	-0.056
9.259	0.5675	-0.143
9.26	0.5675	-0.270
9.261	0.5675	-0.287
9.262	0.5675	-0.276
9.263	0.5675	-0.253
9.264	0.5675	-0.173
9.265	0.5675	-0.050
9.266	0.5675	0.022
9.267	0.5675	0.107
9.268	0.5675	0.218
9.269	0.5675	0.213
9.27	0.5675	0.253
9.271	0.5629	0.277
9.272	0.5537	0.187
9.273	0.5537	0.099
9.274	0.5537	0.083
9.275	0.5537	-0.069
9.276	0.5537	-0.209
9.277	0.5537	-0.205
9.278	0.5537	-0.268
9.279	0.5537	-0.277
9.28	0.5537	-0.159
9.281	0.5537	-0.132
9.282	0.5537	-0.079
9.283	0.5537	0.074
9.284	0.5537	0.155
9.285	0.5537	0.173
9.286	0.3954	0.266
9.287	0.0787	0.257
9.288	0.0787	0.187
9.289	0.2285	0.204
9.29	0.5281	0.118
9.291	0.5281	-0.055
9.292	0.5281	-0.112
9.293	0.5281	-0.178
9.294	0.5281	-0.324
9.295	0.5281	-0.314
9.296	0.5281	-0.242
9.297	0.5281	-0.236
9.298	0.5281	-0.122
9.299	0.5281	0.042
9.3	0.5281	0.065
9.301	0.5281	0.119
9.302	0.5246	0.258
9.303	0.5175	0.231
9.304	0.5175	0.230
9.305	0.5175	0.234
9.306	0.5175	0.147
9.307	0.5175	0.029
9.308	0.5175	-0.030
9.309	0.5175	-0.171
9.31	0.5175	-0.260
9.311	0.5347	-0.236
9.312	0.5691	-0.300
9.313	0.5691	-0.265
9.314	0.5691	-0.128
9.315	0.5691	-0.075
9.316	0.5691	-0.012
9.317	0.5691	0.127
9.318	0.5691	0.169
9.319	0.5691	0.173
9.32	0.5691	0.269
9.321	0.5817	0.276
9.322	0.6069	0.166
9.323	0.6069	0.157
9.324	0.6069	0.036
9.325	0.6069	-0.103
9.326	0.6069	-0.157
9.327	0.6069	-0.223
9.328	0.6069	-0.331
9.329	0.6069	-0.278
9.33	0.6069	-0.153
9.331	0.6069	-0.139
9.332	0.6069	-0.039
9.333	0.6069	0.131
9.334	0.6069	0.138
9.335	0.6069	0.216
9.336	0.5940	0.301
9.337	0.5681	0.267
9.338	0.5681	0.252
9.339	0.5681	0.248
9.34	0.5681	0.113
9.341	0.5681	-0.034
9.342	0.5681	-0.077
9.343	0.5681	-0.218
9.344	0.5681	-0.267
9.345	0.5332	-0.236
9.346	0.4634	-0.262
9.347	0.4634	-0.219
9.348	0.4634	-0.072
9.349	0.4634	-0.004
9.35	0.4634	0.048
9.351	0.4634	0.201
9.352	0.3147	0.228
9.353	0.0172	0.210
9.354	0.2124	0.290
9.355	0.6028	0.239
9.356	0.6028	0.135
9.357	0.6028	0.100
9.358	0.6028	-0.022
9.359	0.6028	-0.182
9.36	0.6028	-0.218
9.361	0.6028	-0.261
9.362	0.6028	-0.313
9.363	0.6028	-0.220
9.364	0.6028	-0.133
9.365	0.6028	-0.126
9.366	0.6028	0.005
9.367	0.6028	0.131
9.368	0.6028	0.151
9.369	0.6028	0.220
9.37	0.6054	0.311
9.371	0.6106	0.219
9.372	0.6106	0.160
9.373	0.6106	0.144
9.374	0.6106	-0.007
9.375	0.6106	-0.105
9.376	0.6106	-0.143
9.377	0.6106	-0.267
9.378	0.6106	-0.299
9.379	0.6106	-0.233
9.38	0.6106	-0.216
9.381	0.6106	-0.148
9.382	0.6106	0.003
9.383	0.6106	0.077
9.384	0.6106	0.116
9.385	0.6106	0.247
9.386	0.4230	0.265
9.387	0.0478	0.217
9.388	0.2189	0.259
9.389	0.5609	0.184
9.39	0.5609	0.044
9.391	0.5609	0.011
9.392	0.5609	-0.093
9.393	0.5609	-0.247
9.394	0.5609	-0.252
9.395	0.5609	-0.279
9.396	0.5609	-0.302
9.397	0.5609	-0.190
9.398	0.5609	-0.090
9.399	0.5609	-0.044
9.4	0.5609	0.103
9.401	0.5609	0.200
9.402	0.5609	0.204
9.403	0.5609	0.249
9.404	0.5639	0.269
9.405	0.5697	0.170
9.406	0.5697	0.138
9.407	0.5697	0.060
9.408	0.5697	-0.056
9.409	0.5697	-0.178
9.41	0.5697	-0.212
9.411	0.5697	-0.285
9.412	0.5697	-0.301
9.413	0.5697	-0.188
9.414	0.5697	-0.152
9.415	0.5697	-0.095
9.416	0.5697	0.055
9.417	0.5697	0.092
9.418	0.5697	0.126
9.419	0.5697	0.240
9.42	0.3904	0.242
9.421	0.0319	0.211
9.422	0.1919	0.224
9.423	0.5119	0.119
9.424	0.5119	-0.042
9.425	0.5119	-0.098
9.426	0.5119	-0.197
9.427	0.5119	-0.288
9.428	0.5119	-0.258
9.429	0.5119	-0.226
9.43	0.5119	-0.231
9.431	0.5119	-0.122
9.432	0.5119	0.012
9.433	0.5119	0.066
9.434	0.5119	0.158
9.435	0.3502	0.268
9.436	0.0269	0.241
9.437	0.1851	0.267
9.438	0.5016	0.266
9.439	0.5016	0.145
9.44	0.5016	0.092
9.441	0.5016	-0.006
9.442	0.5016	-0.139
9.443	0.5016	-0.235
9.444	0.4860	-0.224
9.445	0.4550	-0.289
9.446	0.4550	-0.282
9.447	0.4550	-0.170
9.448	0.4550	-0.119
9.449	0.4550	-0.040
9.45	0.4550	0.126
9.451	0.4550	0.165
9.452	0.4550	0.166
9.453	0.5019	0.288
9.454	0.5956	0.262
9.455	0.5956	0.165
9.456	0.5956	0.173
9.457	0.5956	0.074
9.458	0.5956	-0.071
9.459	0.5956	-0.115
9.46	0.5956	-0.204
9.461	0.5956	-0.308
9.462	0.5956	-0.271
9.463	0.5956	-0.210
9.464	0.5956	-0.206
9.465	0.5956	-0.067
9.466	0.5956	0.059
9.467	0.5956	0.077
9.468	0.5956	0.186
9.469	0.4101	0.260
9.47	0.0391	0.221
9.471	0.0391	0.248
9.472	0.2045	0.254
9.473	0.5353	0.114
9.474	0.5353	0.017
9.475	0.5353	-0.043
9.476	0.5353	-0.164
9.477	0.5353	-0.252
9.478	0.5353	-0.250
9.479	0.5353	-0.281
9.48	0.5353	-0.215
9.481	0.5353	-0.100
9.482	0.5353	-0.051
9.483	0.5353	0.030
9.484	0.5353	0.184
9.485	0.3614	0.209
9.486	0.0134	0.196
9.487	0.2077	0.267
9.488	0.5962	0.222
9.489	0.5962	0.150
9.49	0.5962	0.116
9.491	0.5962	0.004
9.492	0.5962	-0.162
9.493	0.5962	-0.161
9.494	0.5962	-0.247
9.495	0.5962	-0.329
9.496	0.5962	-0.232
9.497	0.5962	-0.161
9.498	0.5962	-0.127
9.499	0.5962	0.013
9.5	0.5962	0.123
9.501	0.5962	0.121
9.502	0.5962	0.214
9.503	0.4286	0.254
9.504	0.0934	0.161
9.505	0.0934	0.174
9.506	0.2346	0.202
9.507	0.5169	0.046
9.508	0.5169	-0.072
9.509	0.5169	-0.109
9.51	0.5169	-0.241
9.511	0.5169	-0.291
9.512	0.5169	-0.232
9.513	0.5169	-0.235
9.514	0.5169	-0.188
9.515	0.5169	-0.030
9.516	0.5169	0.035
9.517	0.5169	0.078
9.518	0.5169	0.213
9.519	0.5169	0.221
9.52	0.5169	0.226
9.521	0.5296	0.264
9.522	0.5550	0.212
9.523	0.5550	0.103
9.524	0.5550	0.046
9.525	0.5550	-0.097
9.526	0.5550	-0.207
9.527	0.5550	-0.202
9.528	0.5550	-0.242
9.529	0.5550	-0.291
9.53	0.5550	-0.184
9.531	0.5550	-0.107
9.532	0.5550	-0.061
9.533	0.5550	0.064
9.534	0.5550	0.158
9.535	0.5550	0.182
9.536	0.5550	0.260
9.537	0.5602	0.280
9.538	0.5706	0.192
9.539	0.5706	0.154
9.54	0.5706	0.122
9.541	0.5706	-0.027
9.542	0.5706	-0.102
9.543	0.5706	-0.125
9.544	0.5706	-0.246
9.545	0.5706	-0.291
9.546	0.4896	-0.185
9.547	0.3275	-0.195
9.548	0.3275	-0.121
9.549	0.3275	0.062
9.55	0.3275	0.102
9.551	0.3275	0.133
9.552	0.2355	0.262
9.553	0.0516	0.240
9.554	0.0516	0.210
9.555	0.2116	0.257
9.556	0.5316	0.163
9.557	0.5316	0.009
9.558	0.5316	-0.039
9.559	0.5316	-0.153
9.56	0.5316	-0.274
9.561	0.5316	-0.249
9.562	0.5133	-0.245
9.563	0.4769	-0.258
9.564	0.4769	-0.153
9.565	0.4769	-0.040
9.566	0.4769	0.002
9.567	0.4769	0.119
9.568	0.4769	0.194
9.569	0.4769	0.219
9.57	0.5160	0.283
9.571	0.5944	0.280
9.572	0.5944	0.164
9.573	0.5944	0.128
9.574	0.5944	0.037
9.575	0.5944	-0.128
9.576	0.5944	-0.207
9.577	0.5944	-0.227
9.578	0.5944	-0.312
9.579	0.5944	-0.297
9.58	0.5944	-0.185
9.581	0.5944	-0.143
9.582	0.5944	-0.065
9.583	0.5944	0.125
9.584	0.5944	0.147
9.585	0.5944	0.188
9.586	0.5809	0.281
9.587	0.5541	0.266
9.588	0.5541	0.222
9.589	0.5541	0.215
9.59	0.5541	0.100
9.591	0.5541	-0.087
9.592	0.5541	-0.102
9.593	0.5541	-0.202
9.594	0.5541	-0.273
9.595	0.5541	-0.249
9.596	0.5541	-0.228
9.597	0.5541	-0.210
9.598	0.5541	-0.073
9.599	0.5541	0.014
9.6	0.5541	0.057
9.601	0.5541	0.175
9.602	0.3760	0.249
9.603	0.0200	0.229
9.604	0.1943	0.257
9.605	0.5428	0.240
9.606	0.5428	0.121
9.607	0.5428	0.046
9.608	0.5428	-0.042
9.609	0.5428	-0.177
9.61	0.5428	-0.253
9.611	0.5428	-0.249
9.612	0.5428	-0.286
9.613	0.5428	-0.228
9.614	0.5428	-0.116
9.615	0.5428	-0.072
9.616	0.5428	0.009
9.617	0.5428	0.141
9.618	0.5428	0.167
9.619	0.5428	0.224
9.62	0.5687	0.304
9.621	0.6206	0.241
9.622	0.6206	0.179
9.623	0.6206	0.166
9.624	0.6206	0.035
9.625	0.6206	-0.127
9.626	0.6206	-0.161
9.627	0.6206	-0.246
9.628	0.6206	-0.316
9.629	0.6206	-0.245
9.63	0.6206	-0.178
9.631	0.6206	-0.164
9.632	0.6206	-0.031
9.633	0.6206	0.081
9.634	0.6206	0.102
9.635	0.6206	0.195
9.636	0.5929	0.251
9.637	0.5375	0.224
9.638	0.5375	0.220
9.639	0.5375	0.210
9.64	0.5375	0.058
9.641	0.5375	-0.047
9.642	0.5375	-0.123
9.643	0.5375	-0.234
9.644	0.5375	-0.286
9.645	0.5243	-0.244
9.646	0.4978	-0.262
9.647	0.4978	-0.217
9.648	0.4978	-0.062
9.649	0.4978	0.003
9.65	0.4978	0.090
9.651	0.4978	0.197
9.652	0.4978	0.220
9.653	0.4978	0.236
9.654	0.5509	0.312
9.655	0.6572	0.223
9.656	0.6572	0.113
9.657	0.6572	0.090
9.658	0.6572	-0.067
9.659	0.6572	-0.194
9.66	0.6572	-0.221
9.661	0.6572	-0.293
9.662	0.6572	-0.345
9.663	0.6572	-0.206
9.664	0.6572	-0.176
9.665	0.6572	-0.129
9.666	0.6572	0.052
9.667	0.6572	0.108
9.668	0.6572	0.152
9.669	0.6572	0.256
9.67	0.6310	0.285
9.671	0.5788	0.222
9.672	0.5788	0.221
9.673	0.5788	0.167
9.674	0.5788	-0.020
9.675	0.5788	-0.099
9.676	0.5788	-0.143
9.677	0.5788	-0.272
9.678	0.5788	-0.294
9.679	0.5788	-0.247
9.68	0.5788	-0.237
9.681	0.5788	-0.171
9.682	0.5788	0.015
9.683	0.5788	0.054
9.684	0.5788	0.102
9.685	0.5788	0.227
9.686	0.5788	0.233
9.687	0.5788	0.241
9.688	0.5812	0.254
9.689	0.5862	0.177
9.69	0.5862	0.066
9.691	0.5862	-0.007
9.692	0.5862	-0.132
9.693	0.5862	-0.249
9.694	0.5862	-0.247
9.695	0.5862	-0.284
9.696	0.5862	-0.317
9.697	0.5862	-0.193
9.698	0.5862	-0.126
9.699	0.5862	-0.039
9.7	0.5862	0.101
9.701	0.5862	0.181
9.702	0.5862	0.179
9.703	0.5862	0.269
9.704	0.5802	0.270
9.705	0.5681	0.179
9.706	0.5681	0.150
9.707	0.5681	0.091
9.708	0.5681	-0.075
9.709	0.5681	-0.123
9.71	0.5681	-0.182
9.711	0.5681	-0.298
9.712	0.5681	-0.280
9.713	0.5681	-0.192
9.714	0.5681	-0.186
9.715	0.5681	-0.093
9.716	0.5681	0.056
9.717	0.5681	0.110
9.718	0.5681	0.179
9.719	0.3977	0.282
9.72	0.0569	0.259
9.721	0.0569	0.225
9.722	0.2246	0.263
9.723	0.5600	0.132
9.724	0.5600	-0.013
9.725	0.5600	-0.073
9.726	0.5600	-0.164
9.727	0.5600	-0.297
9.728	0.5220	-0.257
9.729	0.4459	-0.274
9.73	0.4459	-0.232
9.731	0.4459	-0.124
9.732	0.4459	-0.013
9.733	0.4459	0.053
9.734	0.4459	0.172
9.735	0.3011	0.232
9.736	0.0116	0.220
9.737	0.2120	0.276
9.738	0.6128	0.245
9.739	0.6128	0.119
9.74	0.6128	0.101
9.741	0.6128	-0.012
9.742	0.6128	-0.194
9.743	0.6128	-0.230
9.744	0.6128	-0.259
9.745	0.6128	-0.337
9.746	0.6128	-0.294
9.747	0.6128	-0.160
9.748	0.6128	-0.132
9.749	0.6128	-0.009
9.75	0.6128	0.112
9.751	0.6128	0.154
9.752	0.6128	0.225
9.753	0.6131	0.308
9.754	0.6137	0.258
9.755	0.6137	0.193
9.756	0.6137	0.197
9.757	0.6137	0.050
9.758	0.6137	-0.092
9.759	0.6137	-0.106
9.76	0.6137	-0.234
9.761	0.6137	-0.306
9.762	0.6137	-0.231
9.763	0.6137	-0.238
9.764	0.6137	-0.218
9.765	0.6137	-0.062
9.766	0.6137	0.025
9.767	0.6137	0.062
9.768	0.6137	0.221
9.769	0.4221	0.278
9.77	0.0388	0.239
9.771	0.2127	0.256
9.772	0.5606	0.232
9.773	0.5606	0.119
9.774	0.5606	0.043
9.775	0.5606	-0.056
9.776	0.5606	-0.202
9.777	0.5606	-0.262
9.778	0.5606	-0.253
9.779	0.5606	-0.305
9.78	0.5606	-0.233
9.781	0.5606	-0.109
9.782	0.5606	-0.050
9.783	0.5606	0.075
9.784	0.5606	0.188
9.785	0.5606	0.187
9.786	0.5606	0.221
9.787	0.5724	0.278
9.788	0.5959	0.214
9.789	0.5959	0.167
9.79	0.5959	0.123
9.791	0.5959	-0.037
9.792	0.5959	-0.178
9.793	0.5959	-0.184
9.794	0.5959	-0.275
9.795	0.5959	-0.318
9.796	0.5959	-0.199
9.797	0.5959	-0.159
9.798	0.5959	-0.146
9.799	0.5959	0.021
9.8	0.5959	0.085
9.801	0.5959	0.126
9.802	0.5959	0.264
9.803	0.4195	0.293
9.804	0.0666	0.227
9.805	0.2189	0.236
9.806	0.5234	0.184
9.807	0.5234	0.024
9.808	0.5234	-0.067
9.809	0.5234	-0.139
9.81	0.5234	-0.263
9.811	0.5234	-0.287
9.812	0.5238	-0.254
9.813	0.5244	-0.275
9.814	0.5244	-0.183
9.815	0.5244	-0.033
9.816	0.5244	0.018
9.817	0.5244	0.109
9.818	0.5244	0.241
9.819	0.5244	0.243
9.82	0.5244	0.249
9.821	0.5427	0.292
9.822	0.5794	0.201
9.823	0.5794	0.126
9.824	0.5794	0.040
9.825	0.5794	-0.113
9.826	0.5794	-0.193
9.827	0.5794	-0.209
9.828	0.5794	-0.271
9.829	0.5794	-0.287
9.83	0.5794	-0.162
9.831	0.5794	-0.111
9.832	0.5794	-0.080
9.833	0.5794	0.079
9.834	0.5794	0.133
9.835	0.5794	0.165
9.836	0.5794	0.268
9.837	0.5776	0.284
9.838	0.5741	0.206
9.839	0.5741	0.202
9.84	0.5741	0.129
9.841	0.5741	-0.039
9.842	0.5741	-0.106
9.843	0.5741	-0.180
9.844	0.5741	-0.290
9.845	0.5741	-0.278
9.846	0.5741	-0.227
9.847	0.5741	-0.212
9.848	0.5741	-0.128
9.849	0.5741	0.025
9.85	0.5741	0.080
9.851	0.5741	0.146
9.852	0.3933	0.250
9.853	0.0319	0.224
9.854	0.0319	0.218
9.855	0.1988	0.243
9.856	0.5325	0.152
9.857	0.5325	0.038
9.858	0.5325	-0.029
9.859	0.5325	-0.142
9.86	0.5325	-0.248
9.861	0.5325	-0.248
9.862	0.5325	-0.289
9.863	0.5325	-0.283
9.864	0.5325	-0.145
9.865	0.5325	-0.070
9.866	0.5325	-0.007
9.867	0.5325	0.117
9.868	0.5325	0.176
9.869	0.5325	0.181
9.87	0.5516	0.267
9.871	0.5897	0.252
9.872	0.5897	0.164
9.873	0.5897	0.150
9.874	0.5897	0.024
9.875	0.5897	-0.134
9.876	0.5897	-0.179
9.877	0.5897	-0.243
9.878	0.5897	-0.323
9.879	0.5897	-0.277
9.88	0.5897	-0.220
9.881	0.5897	-0.186
9.882	0.5897	-0.053
9.883	0.5897	0.099
9.884	0.5897	0.130
9.885	0.5897	0.215
9.886	0.5793	0.268
9.887	0.5584	0.230
9.888	0.5584	0.216
9.889	0.5584	0.206
9.89	0.5584	0.070
9.891	0.5584	-0.069
9.892	0.5584	-0.080
9.893	0.5584	-0.217
9.894	0.5584	-0.291
9.895	0.5584	-0.270
9.896	0.5584	-0.276
9.897	0.5584	-0.198
9.898	0.5584	-0.043
9.899	0.5584	0.035
9.9	0.5584	0.081
9.901	0.5584	0.209
9.902	0.3765	0.252
9.903	0.0125	0.239
9.904	0.2007	0.296
9.905	0.5772	0.249
9.906	0.5772	0.121
9.907	0.5772	0.044
9.908	0.5772	-0.043
9.909	0.5772	-0.180
9.91	0.5772	-0.209
9.911	0.5772	-0.225
9.912	0.5772	-0.282
9.913	0.5772	-0.219
9.914	0.5772	-0.123
9.915	0.5772	-0.094
9.916	0.5772	0.017
9.917	0.5772	0.152
9.918	0.5772	0.176
9.919	0.5772	0.223
9.92	0.5776	0.273
9.921	0.5784	0.234
9.922	0.5784	0.193
9.923	0.5784	0.164
9.924	0.5784	0.006
9.925	0.5784	-0.125
9.926	0.5784	-0.145
9.927	0.5784	-0.233
9.928	0.5784	-0.305
9.929	0.5784	-0.247
9.93	0.5784	-0.196
9.931	0.5784	-0.167
9.932	0.5784	0.002
9.933	0.5784	0.067
9.934	0.5784	0.099
9.935	0.5784	0.241
9.936	0.4002	0.253
9.937	0.0438	0.209
9.938	0.2045	0.238
9.939	0.5259	0.196
9.94	0.5259	0.048
9.941	0.5259	-0.006
9.942	0.5259	-0.086
9.943	0.5259	-0.225
9.944	0.5259	-0.261
9.945	0.5259	-0.260
9.946	0.5259	-0.284
9.947	0.5259	-0.180
9.948	0.5259	-0.065
9.949	0.5259	-0.008
9.95	0.5259	0.096
9.951	0.5259	0.203
9.952	0.5259	0.196
9.953	0.5259	0.242
9.954	0.5610	0.322
9.955	0.6313	0.248
9.956	0.6313	0.138
9.957	0.6313	0.092
9.958	0.6313	-0.072
9.959	0.6313	-0.175
9.96	0.6313	-0.187
9.961	0.6313	-0.273
9.962	0.6313	-0.309
9.963	0.6313	-0.176
9.964	0.6313	-0.146
9.965	0.6313	-0.103
9.966	0.6313	0.048
9.967	0.6313	0.114
9.968	0.6313	0.131
9.969	0.6313	0.261
9.97	0.4496	0.274
9.971	0.0863	0.188
9.972	0.2276	0.215
9.973	0.5103	0.133
9.974	0.5103	-0.042
9.975	0.5103	-0.083
9.976	0.5103	-0.157
9.977	0.5103	-0.296
9.978	0.5103	-0.286
9.979	0.5103	-0.247
9.98	0.5103	-0.228
9.981	0.5103	-0.140
9.982	0.5103	0.002
9.983	0.5103	0.036
9.984	0.5103	0.132
9.985	0.3456	0.228
9.986	0.0163	0.214
9.987	0.0163	0.230
9.988	0.2023	0.266
9.989	0.5744	0.186
9.99	0.5744	0.068
9.991	0.5744	-0.002
9.992	0.5744	-0.151
9.993	0.5744	-0.246
9.994	0.5744	-0.267
9.995	0.5744	-0.308
9.996	0.5744	-0.280
9.997	0.5744	-0.176
9.998	0.5744	-0.130
9.999	0.5744	-0.044
10	0.5744	0.129
